genome,gene,confidence,level,pred_product,truth_product,correct
80alpha,gene_1eaf1038a78f,0.35,low,ATP/GTP binding protein,replication initiation protein,0
80alpha,gene_4d1da0f0e875,0.35,low,DNA-binding transcription regulator,DUF4393 domain-containing protein,0
80alpha,gene_7d5d63112bc1,0.35,low,ATP/GTP binding protein,DnaC-like helicase loader,0
80alpha,gene_c335d7b69340,0.35,low,ATP/GTP binding protein,terminase large subunit,0
80alpha,gene_c936e640799a,0.35,low,ATP/GTP binding protein,major capsid protein,0
80alpha,gene_3a6935073fea,0.35,low,ATP/GTP binding protein,baseplate upper protein,0
80alpha,gene_78a4fa3c6eb9,0.35,low,DNA-binding transcription regulator,tape measure protein,0
A118,gene_ca6a1ea06e16,0.35,low,Serine protease,terminase large subunit,0
A118,gene_3d4d08157e0e,0.35,low,DNA-binding transcription regulator,holin,0
A118,gene_15b94c9b2078,0.35,low,DNA-binding transcription regulator,tail tape measure protein,0
Felix01,gene_3e1a3b2485c3,0.35,low,DNA-binding transcription regulator,RIIA lysis inhibitor,0
Felix01,gene_b1149b4a7c65,0.35,low,DNA-binding transcription regulator,phosphatase,0
Felix01,gene_da45fb48e616,0.45,low,ATP/GTP binding protein,terminase large subunit,0
Felix01,gene_37612aabf7c2,0.35,low,Serine protease,tail fiber protein,0
Felix01,gene_d790697c1c63,0.35,low,ATP/GTP binding protein,Phage conserved protein,0
Felix01,gene_9124e88fefc4,0.35,low,ATP/GTP binding protein,DNA primase/helicase,0
Felix01,gene_081017355161,0.35,low,Lipoprotein,exodeoxyribonuclease,0
Felix01,gene_1619efaac657,0.35,low,Lipoprotein,anaerobic ribonucleotide reductase small subunit,0
Felix01,gene_41ab5e7632d6,0.35,low,ATP/GTP binding protein,DNA polymerase,0
Felix01,gene_58c351101a76,0.35,low,DNA-binding transcription regulator,nicotinamide phosphoribosyl transferase,0
HK022,gene_577cabbc5ddd,0.45,low,DNA-binding transcription regulator,tail length tape measure protein,0
HK022,gene_121eb489a557,0.35,low,DNA-binding transcription regulator,tail protein,0
HK022,gene_918921993ee6,0.35,low,Lipoprotein,minor tail protein,0
HK022,gene_e5256e83234f,0.35,low,ATP/GTP binding protein,terminase large subunit,0
HK022,gene_144839a27308,0.35,low,Lipoprotein,portal protein,0
HK022,gene_f56bdaf07104,0.35,low,ATP/GTP binding protein,DnaB-like replicative helicase,0
HK97,gene_2d19297e86df,0.35,low,Lipoprotein,minor tail protein,0
HK97,gene_3bf43662bfc6,0.35,low,ATP/GTP binding protein,replicative DNA helicase,0
HK97,gene_741d82d7fe48,0.35,low,ATP/GTP binding protein,terminase large subunit,0
HK97,gene_4d739728a8fe,0.35,low,DNA-binding transcription regulator,Gp48,0
HK97,gene_9fdcf52bb2ce,0.35,low,Lipoprotein,HNH endonuclease,0
HK97,gene_9bdbd94132fa,0.35,low,DNA-binding transcription regulator,tail protein,0
HK97,gene_dbbf834f7dcc,0.35,low,Lipoprotein,portal protein,0
Mu,gene_19b5315d2f9c,0.35,low,ATP/GTP binding protein,DNA transposition protein,0
Mu,gene_e3b56ab5a359,0.35,low,Lipoprotein,Mu transposase C-terminal domain-containing protein,0
Mu,gene_5d0e1a473638,0.35,low,DNA-binding transcription regulator,Mom-like DNA modification protein,0
Mu,gene_afa6fce6fc5e,0.35,low,Lipoprotein,tail sheath,0
N4,gene_041153a8c7d7,0.35,low,ATP/GTP binding protein,HNH endonuclease,0
N4,gene_62fa28a6beea,0.35,low,Lipoprotein,lipoprotein,1
N4,gene_fda93d7f329e,0.35,low,ATP/GTP binding protein,DNA helicase,0
N4,gene_31c1daa3c7f0,0.35,low,ATP/GTP binding protein,Sak4-like ssDNA annealing protein,0
N4,gene_35a42b7b5671,0.35,low,Lipoprotein,DNA primase,0
N4,gene_187ed1bb567c,0.35,low,ATP/GTP binding protein,virion RNA polymerase,0
N4,gene_afb41a88a805,0.35,low,ATP/GTP binding protein,major head protein,0
P22,gene_8afb7c452ccc,0.35,low,DNA-binding transcription regulator,superinfection exclusion SieA-like,0
P22,gene_443a7d9a3922,0.35,low,Lipoprotein,head closure Hc3,0
P22,gene_df44b0f102f6,0.35,low,DNA-binding transcription regulator,tail spike protein,0
P22,gene_7a8cf4604c39,0.35,low,ATP/GTP binding protein,head morphogenesis,0
P22,gene_5dca106da856,0.35,low,ATP/GTP binding protein,terminase large subunit,0
P22,gene_033525ddf6ac,0.35,low,Lipoprotein,EaF,0
P22,gene_bca3e3c3d51b,0.35,low,Lipoprotein,NinY,0
P22,gene_821bbb040c27,0.35,low,DNA-binding transcription regulator,holin/anti-holin,0
P22,gene_fcfedafeea92,0.35,low,Lipoprotein,anti-repressor,0
PRD1,gene_aaf577dfa4de,0.35,low,ATP/GTP binding protein,terminase large subunit,0
PRD1,gene_a93c81caa20d,0.45,low,Serine protease,transglycosylase,0
SP01,gene_e5e4116c10c1,0.35,low,Lipoprotein,polyprotein,0
SP6,gene_e3d26ae62708,0.35,low,DNA-binding transcription regulator,DNA polymerase,0
SP6,gene_09db975cd7da,0.45,low,Serine protease,internal virion protein,0
SP6,gene_7f7b2c1acbe8,0.35,low,ATP/GTP binding protein,internal virion protein with endolysin domain,0
SP6,gene_fe44f7f30b3e,0.35,low,Lipoprotein,o-spanin,0
SPP1,gene_bfb4a1bf1415,0.35,low,ATP/GTP binding protein,DnaB-like replicative helicase,0
SPP1,gene_e6ebeb4490d3,0.35,low,DNA-binding transcription regulator,tail spike protein,0
T3,gene_ea2025ed61af,0.35,low,DNA-binding transcription regulator,gene 6.3 protein,0
T3,gene_29a7a9947011,0.35,low,Lipoprotein,SAM-dependent methyltransferase,0
T3,gene_f1dc59c16139,0.35,low,Lipoprotein,exonuclease,0
T3,gene_cc6cbd500fce,0.35,low,Lipoprotein,Rz-like spanin,0
T3,gene_05d958a1a447,0.35,low,ATP/GTP binding protein,terminase large subunit,0
T3,gene_fc8529fde37b,0.45,low,Lipoprotein,tail protein,0
T4,gene_f30be3823dca,0.35,low,Serine protease,Mrh.1 hypothetical protein,0
T4,gene_9e988c4dd0ba,0.35,low,Serine protease,gp61.1 hypothetical protein,0
T4,gene_26946db7ac19,0.35,low,ATP/GTP binding protein,Dda-like helicase,0
T4,gene_2bd1b7682876,0.35,low,Lipoprotein,spackle periplasmic,0
T4,gene_15f23d00aca8,0.35,low,ATP/GTP binding protein,AAA family ATPase,0
T4,gene_8d20ecd50d78,0.35,low,Lipoprotein,iduronate sulfatase,0
T4,gene_26b0e6a7f2d7,0.35,low,ATP/GTP binding protein,SbcC-like subunit of palindrome specific endonuclease,0
T4,gene_6f0d53f24f5d,0.35,low,Lipoprotein,anaerobic ribonucleotide reductase small subunit,0
T4,gene_62918c2792f9,0.35,low,DNA-binding transcription regulator,gp55.6 conserved hypothetical protein,0
T4,gene_6a74868859cc,0.45,low,ATP/GTP binding protein,thymidine kinase,0
T4,gene_afbdfcd6da1f,0.35,low,Lipoprotein,baseplate hub,0
T4,gene_bd3203d63e0e,0.35,low,DNA-binding transcription regulator,head-tail adaptor Ad2,0
T4,gene_b69b6dd7b780,0.35,low,ATP/GTP binding protein,polynucleotide kinase,0
T4,gene_d4a58f43a2d6,0.35,low,Lipoprotein,Rz-like spanin,0
T4,gene_adb96e20ccdd,0.35,low,DNA-binding transcription regulator,gp30.8 conserved hypothetical protein,0
T4,gene_c1bfb1d0e24d,0.35,low,Lipoprotein,Alt-like RNA polymerase ADP-ribosyltransferase,0
T4,gene_940431047b7c,0.35,low,Lipoprotein,Ac acridine resistance protein,0
T4,gene_66b8f03ea0aa,0.45,low,DNA-binding transcription regulator,DNA ligase,0
T7,gene_48af76ab53b0,0.35,low,Lipoprotein,exonuclease,0
T7,gene_6c3ac4c64ef7,0.45,low,Lipoprotein,tail protein,0
T7,gene_e39005c4b36f,0.35,low,Lipoprotein,Rz-like spanin,0
T7,gene_e3321aaaf215,0.35,low,ATP/GTP binding protein,terminase large subunit,0
gh-1,gene_acb15d4411f1,0.35,low,Lipoprotein,exonuclease,0
gh-1,gene_73a2cc4bf276,0.35,low,ATP/GTP binding protein,internal virion protein,0
gh-1,gene_5e743998d37b,0.35,low,Lipoprotein,tail protein,0
gh-1,gene_89e1f4545f4f,0.45,low,DNA-binding transcription regulator,RNA polymerase,0
gh-1,gene_2f736e3691dd,0.35,low,ATP/GTP binding protein,terminase large subunit,0
lambda_phage,gene_1d5b2937c4f3,0.35,low,DNA-binding transcription regulator,ea47,0
lambda_phage,gene_12eabb5f800f,0.35,low,Lipoprotein,minor tail protein,0
lambda_phage,gene_546056e5dda1,0.35,low,Lipoprotein,CIII anti-termination,0
lambda_phage,gene_9651ee2f63a0,0.35,low,Lipoprotein,Bor-like outer membrane protein,0
lambda_phage,gene_3dc7b8ddbb8c,0.35,low,ATP/GTP binding protein,AAA family ATPase,0
phage_186,gene_68fc04c97432,0.35,low,DNA-binding transcription regulator,tail length tape measure protein,0
phage_P1,gene_74326d6086b6,0.35,low,ATP/GTP binding protein,transposase,0
phage_P1,gene_8a8b315f1e29,0.35,low,DNA-binding transcription regulator,DdrB,0
phage_P1,gene_2399deef50df,0.35,low,DNA-binding transcription regulator,transglycosylase SLT domain-containing protein,0
phage_P1,gene_a1c7ae3b4f0e,0.35,low,Lipoprotein,PmgF,0
phage_P1,gene_32115994a0b2,0.35,low,Lipoprotein,gp21,0
phage_P1,gene_d49a3c76b5cf,0.35,low,Serine protease,tail sheath,0
phage_P1,gene_b6ddfce89ac1,0.35,low,Lipoprotein,gp23,0
phage_P1,gene_3359919f8811,0.35,low,Lipoprotein,norphogenetic protein,0
phage_P1,gene_8954e36781a4,0.35,low,Lipoprotein,tail protein,0
phage_P1,gene_3e292897102b,0.35,low,ATP/GTP binding protein,terminase,0
phage_P1,gene_8d1340b65274,0.35,low,ATP/GTP binding protein,DnaB-like replicative helicase,0
phage_P2,gene_2d2e6a11bf02,0.35,low,ATP/GTP binding protein,Fun(Z),0
phage_P2,gene_263ffa9b3a30,0.35,low,DNA-binding transcription regulator,holin,0
phage_P2,gene_29696af5d6b1,0.35,low,DNA-binding transcription regulator,tail protein,0
phage_P2,gene_01da5be2a1b4,0.35,low,ATP/GTP binding protein,AAA family ATPase,0
phi105,gene_be6310230fa5,0.35,low,Lipoprotein,pre-neck appendage protein,0
phi105,gene_0e20de603b68,0.35,low,Serine protease,toxin-antitoxin system HicB-like,0
phi105,gene_d62dbbb1c54f,0.35,low,ATP/GTP binding protein,DNA primase,0
phi105,gene_95103d7e36ce,0.35,low,ATP/GTP binding protein,AAA family ATPase,0
phi29,gene_eb721a71ff56,0.35,low,ATP/GTP binding protein,terminase,0
phi29,gene_f4f9cfc55ec8,0.35,low,Lipoprotein,GP16.7-like replication protein,0
phi29,gene_a0e5f4e78748,0.35,low,DNA-binding transcription regulator,DNA polymerase,0
Bacillus_subtilis_168,gene_75990c5b22ae,0.35,low,ATP/GTP binding protein,deoxyguanosine kinase,0
Bacillus_subtilis_168,gene_1fa0f0ef7099,0.495,low,ATP/GTP binding protein,"RecA filament-DNA complex stabilisation, ssDNA and dsDNA binding, ATP binding",0
Bacillus_subtilis_168,gene_56b6ce80a110,0.35,low,ATP/GTP binding protein,methionyl-tRNA synthetase,0
Bacillus_subtilis_168,gene_33cda2dcd6d3,0.35,low,ATP/GTP binding protein,DNA polymerase III subunit tau subunit,0
Bacillus_subtilis_168,gene_816da88d972c,0.35,low,ATP/GTP binding protein,deoxyadenosine/deoxycytidine kinase,0
Bacillus_subtilis_168,gene_cd3958d87437,0.35,low,Lipoprotein,seryl-tRNA synthetase,0
Bacillus_subtilis_168,gene_938d1d614b93,0.35,low,ATP/GTP binding protein,thymidylate kinase,0
Bacillus_subtilis_168,gene_f68a8197d4b1,0.35,low,ATP/GTP binding protein,chromosomal replication initiator informational ATPase,0
Bacillus_subtilis_168,gene_9712e3831936,0.35,low,DNA-binding transcription regulator,hypoxanthine-guanine phosphoribosyltransferase,0
Bacillus_subtilis_168,gene_579852119ff4,0.35,low,DNA-binding transcription regulator,SpoIIAA-phosphate serine phosphatase,0
Bacillus_subtilis_168,gene_46d94f5ec519,0.35,low,ATP/GTP binding protein,ATP-dependent cytoplasmic membrane protease,0
Bacillus_subtilis_168,gene_af7da80eabba,0.35,low,ATP/GTP binding protein,4-amino-4-deoxychorismate synthase (para-aminobenzoate synthase),0
Bacillus_subtilis_168,gene_9210651ef8a3,0.35,low,Lipoprotein,activator of protein kinase McsB,0
Bacillus_subtilis_168,gene_f911936a2b13,0.35,low,Lipoprotein,protein arginine kinase,0
Bacillus_subtilis_168,gene_46b8e9245de1,0.35,low,ATP/GTP binding protein,DNA repair protein; 6-O-methylguanine-DNA methyltransferase,0
Bacillus_subtilis_168,gene_9f845f9416a5,0.45,low,ATP/GTP binding protein,elongation factor Tu,0
Bacillus_subtilis_168,gene_97c982e36dea,0.35,low,Lipoprotein,ribosomal protein L2 (BL2),0
Bacillus_subtilis_168,gene_f8a20d4cd317,0.35,low,DNA-binding transcription regulator,RNA polymerase (beta' subunit),0
Bacillus_subtilis_168,gene_c7b4f84d254c,0.35,low,ATP/GTP binding protein,energizing coupling factor of ABC influx transporter (ATP-binding protein),0
Bacillus_subtilis_168,gene_43f489b65167,0.35,low,Lipoprotein,lipoprotein factor mediating clustering of germination proteins,1
Bacillus_subtilis_168,gene_094d056b4f38,0.35,low,ATP/GTP binding protein,energizing coupling factor of ABC influx transporter (ATP-binding protein),0
Bacillus_subtilis_168,gene_371ffbd661cf,0.45,low,Lipoprotein,iron-uptake protein,0
Bacillus_subtilis_168,gene_3b5094bc3d56,0.35,low,Serine protease,transcriptional regulator MurR-N-acetylmuramic acid,0
Bacillus_subtilis_168,gene_e3b2cc7b1b7e,0.35,low,ATP/GTP binding protein,phosphorylation-dependent (Y327) transcriptional regulator,0
Bacillus_subtilis_168,gene_fd46cc1855ab,0.35,low,Lipoprotein,L-glutamine-D-fructose-6-phosphate amidotransferase,0
Bacillus_subtilis_168,gene_d34ddbe06768,0.35,low,DNA-binding transcription regulator,phosphoglucosamine mutase,0
Bacillus_subtilis_168,gene_6060a6cf47a4,0.45,low,ATP/GTP binding protein,"class III stress response-related ATPase, AAA+ superfamily",0
Bacillus_subtilis_168,gene_6eb6a20fa1b3,0.35,low,ATP/GTP binding protein,sporulation killing factor biosynthesis and export; ABC transporter (binding protein),0
Bacillus_subtilis_168,gene_78240e91d0ed,0.35,low,Serine protease,sporulation killing factor biosynthesis and export; ABC transporter (permease),0
Bacillus_subtilis_168,gene_3b894df170f3,0.45,low,ATP/GTP binding protein,elongation factor G,0
Bacillus_subtilis_168,gene_38ac463a0be1,0.35,low,Lipoprotein,phosphatidylserine decarboxylase; 32 kDa precursor processed into a 29 kDa protein,0
Bacillus_subtilis_168,gene_8628d6ce31a8,0.35,low,DNA-binding transcription regulator,phosphotransferase system (PTS) glucosamine-specific enzyme IICBA component,0
Bacillus_subtilis_168,gene_81cce28a6463,0.35,low,Lipoprotein,glutaminase,0
Bacillus_subtilis_168,gene_e1c2795b8d13,0.35,low,DNA-binding transcription regulator,flavonoid efflux transporter; drug-export protein,0
Bacillus_subtilis_168,gene_376970d6a600,0.35,low,Lipoprotein,transcriptional repressor of lmrAB and yxaGH operons (flavonoid and antibiotic resistance),0
Bacillus_subtilis_168,gene_2679762962eb,0.35,low,Serine protease,lipoprotein involved in swarming behaviour,0
Bacillus_subtilis_168,gene_978a0b8fef35,0.35,low,DNA-binding transcription regulator,glutamine transporter,0
Bacillus_subtilis_168,gene_0d743499a033,0.35,low,ATP/GTP binding protein,Na+ ABC efflux transporter (ATP-binding protein),0
Bacillus_subtilis_168,gene_ae183cd51cca,0.35,low,Lipoprotein,L-proline betaine and betonicine ABC transporter ABC transporter (glycine betaine-binding lipoprotein),1
Bacillus_subtilis_168,gene_5f3a739c0c60,0.35,low,DNA-binding transcription regulator,L-lactate dehydrogenase,0
Bacillus_subtilis_168,gene_9b89a7dfda92,0.35,low,ATP/GTP binding protein,shikimate kinase,0
Bacillus_subtilis_168,gene_841ee09f28c1,0.35,low,Lipoprotein,assimilatory nitrite reductase subunit,0
Bacillus_subtilis_168,gene_95a96c23a881,0.35,low,Lipoprotein,amino acid ABC transporter (binding lipoprotein subunit),1
Bacillus_subtilis_168,gene_3ed745a47cf1,0.35,low,DNA-binding transcription regulator,conserved integral membrane protein of unknown function,0
Bacillus_subtilis_168,gene_96f01144573a,0.35,low,ATP/GTP binding protein,multidrug-efflux transporter,0
Bacillus_subtilis_168,gene_b25303ac951a,0.45,low,DNA-binding transcription regulator,uroporphyrin-III C-methyltransferase,0
Bacillus_subtilis_168,gene_884a96d10719,0.35,low,DNA-binding transcription regulator,aryl-phospho-beta-d-glucosidase,0
Bacillus_subtilis_168,gene_da0742457f9d,0.35,low,Lipoprotein,cystine ABC transporter (substrate-binding lipoprotein),1
Bacillus_subtilis_168,gene_b9de2153cd28,0.35,low,ATP/GTP binding protein,cystine ABC transporter (ATP-binding protein),0
Bacillus_subtilis_168,gene_7842b011dd80,0.35,low,DNA-binding transcription regulator,"promiscuous phenolic acid decarboxylase subunit; 1,4-dihydroxy-2-naphtoate-heptaprenyl diphosphate decarboxylase",0
Bacillus_subtilis_168,gene_c915b3853c21,0.35,low,DNA-binding transcription regulator,spore germination receptor subunit,0
Bacillus_subtilis_168,gene_c00de01158ca,0.35,low,DNA-binding transcription regulator,surfactin exporter,0
Bacillus_subtilis_168,gene_b3061934b7a4,0.35,low,Lipoprotein,aspartate kinase III,0
Bacillus_subtilis_168,gene_9998b6ee55a4,0.35,low,ATP/GTP binding protein,petrobactin iron-siderophore ABC transporter (ATP-binding protein),0
Bacillus_subtilis_168,gene_61ec43ef88a7,0.35,low,Lipoprotein,petrobactin iron-siderophore ABC transporter (binding lipoprotein),1
Bacillus_subtilis_168,gene_6cf7cd68ed3c,0.35,low,ATP/GTP binding protein,zinc metallochaperone with NTPase activity,0
Bacillus_subtilis_168,gene_54c6d9459781,0.35,low,Serine protease,copper import permease subunit,0
Bacillus_subtilis_168,gene_fe5358e13b27,0.35,low,Serine protease,phosphotransferase system (PTS) mannitol-specific enzyme IICB component,0
Bacillus_subtilis_168,gene_25285b8045ee,0.35,low,DNA-binding transcription regulator,petrobactin iron-siderophore ABC transporter (permease),0
Bacillus_subtilis_168,gene_66bfbb6662c1,0.35,low,ATP/GTP binding protein,L-5-oxoprolinase (ATP-dependent) subunit B,0
Bacillus_subtilis_168,gene_19b9996264e5,0.45,low,Lipoprotein,mannitol-1-phosphate 5-dehydrogenase,0
Bacillus_subtilis_168,gene_dbe2ac344a7d,0.45,low,Lipoprotein,spore coat phospholipase B,0
Bacillus_subtilis_168,gene_f089831fd831,0.35,low,Serine protease,proton-coupled manganese transporter,0
Bacillus_subtilis_168,gene_78c2097d5a22,0.35,low,ATP/GTP binding protein,two-component sensor histidine kinase,0
Bacillus_subtilis_168,gene_6351d390d859,0.5,moderate,Protein with amp_binding motif,surfactin synthetase,0
Bacillus_subtilis_168,gene_638645f0842d,0.45,low,ATP/GTP binding protein,D-alanyl-D-alanine ligase A,0
Bacillus_subtilis_168,gene_46b2a66d1832,0.35,low,ATP/GTP binding protein,ATP-dependent RNA helicase; cold shock,0
Bacillus_subtilis_168,gene_815a282aaad0,0.35,low,DNA-binding transcription regulator,resistance to heterologous antibiotics,0
Bacillus_subtilis_168,gene_f482d825def4,0.35,low,ATP/GTP binding protein,C4-dicarboxylate transport protein,0
Bacillus_subtilis_168,gene_9c343bb21092,0.35,low,Lipoprotein,ICEBs1 mobile element: integrase,0
Bacillus_subtilis_168,gene_be16aeb4921a,0.35,low,ATP/GTP binding protein,ICEBs1 mobile element: DNA relaxase,0
Bacillus_subtilis_168,gene_de0df2ff2fd0,0.35,low,ATP/GTP binding protein,ICEBs1 mobile element: VirB4-like ATPase,0
Bacillus_subtilis_168,gene_17026babe00d,0.35,low,Lipoprotein,ICEBs1 mobile element: putative lipoprotein of unknown function,1
Bacillus_subtilis_168,gene_f4224234034d,0.395,low,ATP/GTP binding protein,ICEBs1 mobile element: coupling conjugation protein VirD4,0
Bacillus_subtilis_168,gene_aff2ffaedb82,0.35,low,DNA-binding transcription regulator,conserved phage protein of unknown function,0
Bacillus_subtilis_168,gene_98179547a226,0.35,low,DNA-binding transcription regulator,ICEBs1 mobile element: VirB6 subunit of the conjugation machinery,0
Bacillus_subtilis_168,gene_e7e843531586,0.35,low,ATP/GTP binding protein,ATP-binding cassette efflux transporter,0
Bacillus_subtilis_168,gene_b9a38e556e82,0.35,low,DNA-binding transcription regulator,oligo-alpha-mannoside phosphotransferase system enzyme IIC,0
Bacillus_subtilis_168,gene_43388ba7ebd1,0.35,low,ATP/GTP binding protein,tRNA(NNU) t(6)A37 threonylcarbamoyladenosine modification; ADP binding protein,0
Bacillus_subtilis_168,gene_baf7898d433d,0.35,low,DNA-binding transcription regulator,primary Mn(II) efflux pump,0
Bacillus_subtilis_168,gene_5385c37895fa,0.35,low,ATP/GTP binding protein,type-2 restriction enzyme BsuMI component BsuRB (YdiS); prophage region 3,0
Bacillus_subtilis_168,gene_8b4962745cfd,0.45,low,DNA-binding transcription regulator,H+-glucitol symporter; prophage region 3,0
Bacillus_subtilis_168,gene_0cecd4484302,0.35,low,DNA-binding transcription regulator,conserved hypothetical protein; prophage region 3,0
Bacillus_subtilis_168,gene_003833448a43,0.35,low,DNA-binding transcription regulator,hypoxanthine/guanine permease,0
Bacillus_subtilis_168,gene_b714c237317b,0.35,low,ATP/GTP binding protein,transcriptional regulator of the glucitol operon,0
Bacillus_subtilis_168,gene_fc440f32b01f,0.35,low,Serine protease,phosphoribosylaminoimidazole synthetase,0
Bacillus_subtilis_168,gene_69e26531a985,0.35,low,ATP/GTP binding protein,ATP-dependent DNA helicase,0
Bacillus_subtilis_168,gene_aa32765b052e,0.35,low,Serine protease,surfactin exporter involved in surfactin self-resistance,0
Bacillus_subtilis_168,gene_38a0b6f7088f,0.35,low,DNA-binding transcription regulator,rhamnogalacturonan permease,0
Bacillus_subtilis_168,gene_a88a6b8de442,0.35,low,Serine protease,two-component sensor histidine kinase [YesN],0
Bacillus_subtilis_168,gene_8702f01dca67,0.35,low,Lipoprotein,lipoprotein transporter binding protein for alpha-galacturonides,1
Bacillus_subtilis_168,gene_c8f1b4e9ccac,0.35,low,DNA-binding transcription regulator,ABC transporter (permease) for alpha-galacturonides,0
Bacillus_subtilis_168,gene_494ea022bc64,0.35,low,DNA-binding transcription regulator,bifunctional P-450/NADPH-P450 reductase 1,0
Bacillus_subtilis_168,gene_07fbbc8bae67,0.35,low,Lipoprotein,iron-dicitrate ABC transporter (binding lipoprotein),1
Bacillus_subtilis_168,gene_47a34e579256,0.35,low,ATP/GTP binding protein,iron-dicitrate ABC transporter (ATP-binding protein),0
Bacillus_subtilis_168,gene_72c07ec6102e,0.35,low,Lipoprotein,nitric-oxide synthase,0
Bacillus_subtilis_168,gene_d288ec283daf,0.45,low,DNA-binding transcription regulator,phosphotransferase system (PTS) N-acetylglucosamine-specific enzyme IICB component,0
Bacillus_subtilis_168,gene_25cc054fa263,0.35,low,DNA-binding transcription regulator,malate (2-oxoglutarate) transporter,0
Bacillus_subtilis_168,gene_9d47abcd9de8,0.35,low,DNA-binding transcription regulator,divalent cation (octahedral coordination) transporter,0
Bacillus_subtilis_168,gene_f3d3d1641c65,0.35,low,Lipoprotein,acetoin dehydrogenase E3 component (dihydrolipoamide dehydrogenase),0
Bacillus_subtilis_168,gene_7c2aa9c59578,0.35,low,Lipoprotein,ABC transporter (permease) biofilm formation,0
Bacillus_subtilis_168,gene_212726db8686,0.35,low,DNA-binding transcription regulator,phosphotransferase system (PTS) maltose-specific enzyme IICB component,0
Bacillus_subtilis_168,gene_52164d9fc78a,0.35,low,DNA-binding transcription regulator,ABC transporter (permease) biofilm formation,0
Bacillus_subtilis_168,gene_bf572c1ceee3,0.35,low,Lipoprotein,xenosiderophore schizokinen (dihydroxamate) transporter binding lipoprotein,1
Bacillus_subtilis_168,gene_7313936b3228,0.35,low,Lipoprotein,xenosiderophore schizokinen (dihydroxamate) transporter (permease),0
Bacillus_subtilis_168,gene_6d9b5f4d13e9,0.35,low,DNA-binding transcription regulator,phosphatidylglycerol lysyltransferase involved in tRNA-dependent lysinylation of phospholipids,0
Bacillus_subtilis_168,gene_76dce959e358,0.35,low,Lipoprotein,factor for peptide SdpC immunity,0
Bacillus_subtilis_168,gene_effde2aaa4a1,0.35,low,DNA-binding transcription regulator,xenosiderophore schizokinen (dihydroxamate) transporter (permease),0
Bacillus_subtilis_168,gene_b88121f722e0,0.35,low,Lipoprotein,aliphatic sulfonate ABC transporter (binding lipoprotein),1
Bacillus_subtilis_168,gene_8f36c121044c,0.35,low,ATPase,"glutamate-1-semialdehyde aminotransferase, class III aminotransferase",0
Bacillus_subtilis_168,gene_0751737ce2d1,0.35,low,Lipoprotein,conserved protein involved in sporulation,0
Bacillus_subtilis_168,gene_84d7162a3598,0.35,low,Serine protease,factor involved in shape determination,0
Bacillus_subtilis_168,gene_b2fe3337017e,0.35,low,ATP/GTP binding protein,serine protein kinase (involved in sporulation),0
Bacillus_subtilis_168,gene_b595dd60c823,0.35,low,DNA-binding transcription regulator,aliphatic sulfonate ABC transporter (permease),0
Bacillus_subtilis_168,gene_b0d316115f8e,0.35,low,DNA-binding transcription regulator,diguanylate cyclase,0
Bacillus_subtilis_168,gene_a24be4fc8ed8,0.45,low,ATP/GTP binding protein,aliphatic sulfonate ABC transporter (ATP-binding protein),0
Bacillus_subtilis_168,gene_c90955c97f3a,0.45,low,ATP/GTP binding protein,ABC transporter (ATP-binding protein) biofilm formation,0
Bacillus_subtilis_168,gene_eb58dbbbbb54,0.45,low,ATP/GTP binding protein,sn-glycerol-3-phosphate oxidase (FAD-dependent),0
Bacillus_subtilis_168,gene_19f765077db1,0.35,low,ATP/GTP binding protein,aldo/keto reductase specific for NADPH; protects against methylglyoxal,0
Bacillus_subtilis_168,gene_fbe4da60a74f,0.35,low,Lipoprotein,1-acylglycerol-phosphate (1-acyl-G3P) acyltransferase,0
Bacillus_subtilis_168,gene_709519372367,0.35,low,DNA-binding transcription regulator,subunit of fluoride efflux transporter,0
Bacillus_subtilis_168,gene_6b9707c70755,0.35,low,DNA-binding transcription regulator,small conductance mechano-sensitive channel,0
Bacillus_subtilis_168,gene_9e9386ac4329,0.35,low,ATP/GTP binding protein,negative regulator of the activity of sigma-M,0
Bacillus_subtilis_168,gene_5c0d0e82930f,0.35,low,DNA-binding transcription regulator,proton/potassium antiporter; methylglyoxal resistance,0
Bacillus_subtilis_168,gene_a4bfefc834e7,0.35,low,Serine protease,Na+-dependent exporter (ABC permease),0
Bacillus_subtilis_168,gene_7f4dcb429c1e,0.35,low,DNA-binding transcription regulator,branched-chain amino acid transporter or methylthioribose-degradation metabolite exporter,0
Bacillus_subtilis_168,gene_9dbdc3e8526a,0.35,low,ATP/GTP binding protein,efflux ABC transporter (ATP-binding protein),0
Bacillus_subtilis_168,gene_9255980048a5,0.35,low,Lipoprotein,molecular chaperone lipoprotein,1
Bacillus_subtilis_168,gene_4a6210b16289,0.35,low,DNA-binding transcription regulator,tryptophan transporter or sensor,0
Bacillus_subtilis_168,gene_230c57c90bbd,0.35,low,ATP/GTP binding protein,ABC transporter (ATP-binding protein),1
Bacillus_subtilis_168,gene_67bfa369bbd8,0.35,low,Lipoprotein,Na+/H+ antiporter,0
Bacillus_subtilis_168,gene_7e7a207b8374,0.35,low,ATP/GTP binding protein,Na+-dependent efflux ABC transporter (ATP-binding protein),0
Bacillus_subtilis_168,gene_5640ca613dc4,0.35,low,Lipoprotein,promiscuous protoporphyrinogen IX and coproporphyrinogen III oxidase,0
Bacillus_subtilis_168,gene_abe159abf8a1,0.35,low,DNA-binding transcription regulator,beta-ketoacyl-acyl carrier protein synthase III 2,0
Bacillus_subtilis_168,gene_800edc04bd01,0.35,low,ATPase,"spore coat associated protein, subunit C",0
Bacillus_subtilis_168,gene_950edfce07f2,0.35,low,DNA-binding transcription regulator,heme-based dioxygen sensor,0
Bacillus_subtilis_168,gene_0efcd55b2064,0.35,low,DNA-binding transcription regulator,glucose/mannose:H+ symporter (recent HGT island),0
Bacillus_subtilis_168,gene_a06274a1a52e,0.35,low,ATP/GTP binding protein,ATP-dependent deoxyribonuclease (subunit A),0
Bacillus_subtilis_168,gene_1f19f28cc5a6,0.35,low,ATP/GTP binding protein,DNA repair exonuclease,0
Bacillus_subtilis_168,gene_dad579ccd040,0.35,low,Serine protease,hydrolase/isomerase involved in remodelling the bacterial envelope,0
Bacillus_subtilis_168,gene_047458a988f4,0.395,low,ATP/GTP binding protein,DNA ATP-dependent repair enzyme,0
Bacillus_subtilis_168,gene_a6c59fd82736,0.35,low,Serine protease,fatty acid kinase fatty acid binding subunit B,0
Bacillus_subtilis_168,gene_9ccea765875d,0.35,low,Lipoprotein,intracellular proteinase inhibitor BsuPI,0
Bacillus_subtilis_168,gene_e30cdf0ac227,0.45,low,Serine protease,cell wall-associated protease,0
Bacillus_subtilis_168,gene_507cbbfd3b35,0.35,low,DNA-binding transcription regulator,positive regulator of comK,0
Bacillus_subtilis_168,gene_373054f45697,0.35,low,Lipoprotein,beta-ketoacyl-acyl carrier protein synthase II (involved in pimelate synthesis),0
Bacillus_subtilis_168,gene_63a1766357b3,0.35,low,ATP/GTP binding protein,oligopeptide ABC transporter (ATP-binding protein),0
Bacillus_subtilis_168,gene_3cab12f1b7dc,0.35,low,Lipoprotein,oligopeptide ABC transporter (binding lipoprotein),1
Bacillus_subtilis_168,gene_f1e720a2acbe,0.35,low,ATP/GTP binding protein,N-acetylornithine aminotransferase,0
Bacillus_subtilis_168,gene_f5f013d31a09,0.5,moderate,Protein with cpsase_1 motif,arginine-specific carbamoyl-phosphate synthetase (large subunit),0
Bacillus_subtilis_168,gene_e5e68f786f15,0.35,low,ATP/GTP binding protein,oligopeptide ABC transporter (ATP-binding protein),0
Bacillus_subtilis_168,gene_a4092d0163af,0.35,low,Lipoprotein,hydroxyethylthiazole phosphate synthetase (thiamine biosynthesis),0
Bacillus_subtilis_168,gene_a5d414ac83d6,0.35,low,Lipoprotein,adenylate transferase and sulfur transferase (thiamine biosynthesis),0
Bacillus_subtilis_168,gene_962acc5e8894,0.35,low,DNA-binding transcription regulator,"phosphomethylpyrimidine kinase, 4-amino-5-hydroxymethyl-2-methylpyrimidine and 4-amino-5-hydroxymethyl-2-methylpyrimidine pyrophosphate kinase",0
Bacillus_subtilis_168,gene_541c74e91a67,0.35,low,Lipoprotein,conserved hypothetical protein; phage island,0
Bacillus_subtilis_168,gene_ee70c13a6c90,0.35,low,DNA-binding transcription regulator,hexuronate transporter,0
Bacillus_subtilis_168,gene_524970566642,0.35,low,ATP/GTP binding protein,informational ATPase possibly involved in protein degradation,0
Bacillus_subtilis_168,gene_6544159c3176,0.35,low,ATP/GTP binding protein,phage PBSX; putative DNA binding protein,0
Bacillus_subtilis_168,gene_3c86183799f3,0.35,low,DNA-binding transcription regulator,phage PBSX; prophage terminase (large subunit),0
Bacillus_subtilis_168,gene_c91a42024ded,0.35,low,ATP/GTP binding protein,phage PBSX; phage capsid portal protein,0
Bacillus_subtilis_168,gene_54cf2a5bb0be,0.35,low,DNA-binding transcription regulator,phage PBSX; putative tape measure protein,0
Bacillus_subtilis_168,gene_7883ee37f45d,0.45,low,DNA-binding transcription regulator,serine / threonine exchanger,0
Bacillus_subtilis_168,gene_fa875f31000c,0.35,low,Serine protease,"membrane bound serine protease Do, quality control protease and chaperone (heat-shock protein)",1
Bacillus_subtilis_168,gene_1e31180d9989,0.35,low,Lipoprotein,formyltetrahydrofolate hydrolase,0
Bacillus_subtilis_168,gene_d2de2feb2f37,0.35,low,Serine protease,glutamate 5-kinase,0
Bacillus_subtilis_168,gene_ce3dcde88599,0.35,low,Serine protease,gamma-glutamyl phosphate reductase,0
Bacillus_subtilis_168,gene_ed9eb5ac4432,0.35,low,ATPase,component of the anxiosome (stressosome),0
Bacillus_subtilis_168,gene_8391a9206b6a,0.35,low,Serine protease,two-component response regulator [YkoH],0
Bacillus_subtilis_168,gene_4d86d23b65bc,0.35,low,DNA-binding transcription regulator,magnesium transporter,0
Bacillus_subtilis_168,gene_9d9fdce78714,0.35,low,Lipoprotein,ketoglutaramate omega-amidase,0
Bacillus_subtilis_168,gene_f47486468c91,0.35,low,DNA-binding transcription regulator,2-hydroxy-3-keto-5-methylthiopentenyl-1- phosphatephosphatase (HK-MTPenyl-1-P phosphatase),0
Bacillus_subtilis_168,gene_071f02d400fb,0.35,low,ATP/GTP binding protein,methylthioribulose-1-phosphate dehydratase (MTRu-1-P dehydratase),0
Bacillus_subtilis_168,gene_624235183115,0.45,low,ATP/GTP binding protein,ATP-dependent Clp protease (class III stress gene),0
Bacillus_subtilis_168,gene_edbdc95652b1,0.35,low,DNA-binding transcription regulator,phosphotransferase system (PTS) glucose-specific enzyme IICBA component,0
Bacillus_subtilis_168,gene_43655959f4bf,0.35,low,DNA-binding transcription regulator,spore photoproduct (thymine dimer) lyase,0
Bacillus_subtilis_168,gene_e65a2af685fd,0.35,low,ATP/GTP binding protein,beta-hydroxyacid dehydrogenase (acts on 3-hydroxypropionate with NADP),0
Bacillus_subtilis_168,gene_7fa952426061,0.35,low,DNA-binding transcription regulator,"N-acetyl-L,L-diaminopimelate aminotransferase",0
Bacillus_subtilis_168,gene_915b732cee41,0.35,low,ATP/GTP binding protein,molybdate to molybdopterin ligation enzyme,0
Bacillus_subtilis_168,gene_ecf04435f064,0.35,low,ATP/GTP binding protein,molybdopterin-guanine dinucleotide biosynthesis protein B,0
Bacillus_subtilis_168,gene_6f9716f8ee25,0.35,low,Lipoprotein,phosphotransferase system (PTS) fructose-specific enzyme IIABC component,0
Bacillus_subtilis_168,gene_72a2dee1f783,0.35,low,Lipoprotein,small peptidoglycan-associated lipoprotein,1
Bacillus_subtilis_168,gene_c2eb0a0bee7b,0.35,low,ATP/GTP binding protein,extracellular neutral metalloprotease,0
Bacillus_subtilis_168,gene_bce697a1979a,0.35,low,ATP/GTP binding protein,ribosome-associated GTPase,0
Bacillus_subtilis_168,gene_583a940aab9b,0.35,low,DNA-binding transcription regulator,heme-A synthase,0
Bacillus_subtilis_168,gene_6e78f4dbc554,0.35,low,DNA-binding transcription regulator,protoheme IX farnesyltransferase 2,0
Bacillus_subtilis_168,gene_6a1a3b84f6fe,0.35,low,Lipoprotein,cytochrome caa3 oxidase (subunit II),0
Bacillus_subtilis_168,gene_7a7a60d836b7,0.45,low,DNA-binding transcription regulator,cytochrome caa3 oxidase (subunit I),0
Bacillus_subtilis_168,gene_8a0876d10939,0.35,low,DNA-binding transcription regulator,dipicolinic acid transporter (to the spore),0
Bacillus_subtilis_168,gene_cfb6302dd773,0.35,low,ATP/GTP binding protein,transpeptidase penicillin-binding protein,0
Bacillus_subtilis_168,gene_6ee01c453965,0.35,low,ATP/GTP binding protein,penicillin-binding protein 2B,0
Bacillus_subtilis_168,gene_a831272dfdc1,0.35,low,Lipoprotein,"UDP-N-acetylmuramoylalanyl-D-glutamate-2, 6-diaminopimelate ligase",0
Bacillus_subtilis_168,gene_2da293b3f481,0.35,low,Serine protease,UDP-N-acetylenolpyruvoylglucosamine reductase,0
Bacillus_subtilis_168,gene_fe81123a14bc,0.35,low,DNA-binding transcription regulator,protease processing pro-sigma-E,0
Bacillus_subtilis_168,gene_f661e80642e4,0.45,low,ATP/GTP binding protein,bacillopeptidase F,0
Bacillus_subtilis_168,gene_ad47a6001585,0.35,low,DNA-binding transcription regulator,RNA polymerase sporulation-specific sigma-29 factor (sigma-E),0
Bacillus_subtilis_168,gene_f24258a72805,0.35,low,ATPase,conserved protein with laccase domain,0
Bacillus_subtilis_168,gene_a3562976d029,0.35,low,DNA-binding transcription regulator,uracil permease,0
Bacillus_subtilis_168,gene_835fe51c01ad,0.5,moderate,Protein with cpsase_1 motif,pyrimidine-specific carbamoyl-phosphate synthetase (large subunit),0
Bacillus_subtilis_168,gene_1795484779c1,0.35,low,Lipoprotein,sirohydrochlorin ferrochelatase,0
Bacillus_subtilis_168,gene_a80905cba30c,0.35,low,ATP/GTP binding protein,primosomal replication factor Y (primosomal protein N'),0
Bacillus_subtilis_168,gene_9aad9fe49597,0.35,low,ATP/GTP binding protein,GTPase involved in ribosome biogenesis,0
Bacillus_subtilis_168,gene_7dde76f3109c,0.35,low,ATP/GTP binding protein,L-serine dehydratase (alpha chain),0
Bacillus_subtilis_168,gene_4941941c1174,0.35,low,ATP/GTP binding protein,signal recognition particle (docking protein),0
Bacillus_subtilis_168,gene_9a15e5467be1,0.35,low,ATP/GTP binding protein,chromosome condensation and segregation SMC ATPase,0
Bacillus_subtilis_168,gene_eb66b7d6cc74,0.45,low,ATP/GTP binding protein,signal recognition particle-like (SRP) GTPase,0
Bacillus_subtilis_168,gene_e9758b5d60cf,0.35,low,Lipoprotein,16S rRNA processing protein,0
Bacillus_subtilis_168,gene_21b9bc86cb3b,0.35,low,ATP/GTP binding protein,ribosome biogenesis GTPase A,0
Bacillus_subtilis_168,gene_8e459e6f57b7,0.35,low,ATP/GTP binding protein,succinyl-CoA synthetase (beta subunit),0
Bacillus_subtilis_168,gene_47428c54cdcd,0.35,low,ATP/GTP binding protein,two-component ATP-dependent protease (ATPase and chaperone),0
Bacillus_subtilis_168,gene_ed178513fbfa,0.35,low,ATP/GTP binding protein,flagellar-specific ATPase subunit of export apparatus,0
Bacillus_subtilis_168,gene_44dfd5af0a12,0.35,low,Serine protease,component of the flagellar export machinery,0
Bacillus_subtilis_168,gene_bfa0c21e911e,0.35,low,ATP/GTP binding protein,GTPase involved in the export of flagella and number regulation,0
Bacillus_subtilis_168,gene_9bf66425b462,0.35,low,DNA-binding transcription regulator,component of the flagellar export machinery,0
Bacillus_subtilis_168,gene_86f94c7d0bb8,0.35,low,Lipoprotein,methyl-accepting chemotaxis proteins (MCP)-glutamate methylesterase,0
Bacillus_subtilis_168,gene_33f89ba6bef3,0.35,low,DNA-binding transcription regulator,coupling factor for flagellin transcription and translation,0
Bacillus_subtilis_168,gene_303a09dbb5dd,0.35,low,ATP/GTP binding protein,uridylate kinase,0
Bacillus_subtilis_168,gene_993b6ea7845b,0.35,low,ATP/GTP binding protein,phosphatidate cytidylyltransferase (CDP-diglyceride synthase),0
Bacillus_subtilis_168,gene_40e1ecb117c7,0.35,low,DNA-binding transcription regulator,inner membrane zinc metalloprotease required for the extracytoplasmic stress response mediated by sigma(W),0
Bacillus_subtilis_168,gene_01f2ea1a46fa,0.35,low,Lipoprotein,DNA polymerase III (alpha subunit),0
Bacillus_subtilis_168,gene_a0032e1667bb,0.45,low,ATP/GTP binding protein,initiation factor IF-2,0
Bacillus_subtilis_168,gene_dfdec8ad95bb,0.35,low,Serine protease,dual activity 5' exo-and endoribonuclease J2,0
Bacillus_subtilis_168,gene_fc8612d15fd0,0.35,low,ATP/GTP binding protein,spore DNA directional translocase (motor ATPase),0
Bacillus_subtilis_168,gene_e0442d92a995,0.35,low,Lipoprotein,bacillibactin exporter,0
Bacillus_subtilis_168,gene_c4bfe20fc36d,0.35,low,Serine protease,penicillin-binding endopeptidase X (lysozyme resistance),0
Bacillus_subtilis_168,gene_0348e4482ad3,0.495,low,ATP/GTP binding protein,multifunctional SOS repair factor,0
Bacillus_subtilis_168,gene_0498b1e1a5b2,0.35,low,Lipoprotein,threonine 3-dehydrogenase,0
Bacillus_subtilis_168,gene_b1986064a29c,0.35,low,DNA-binding transcription regulator,2-amino-3-ketobutyrate CoA ligase (glycine acetyl transferase),0
Bacillus_subtilis_168,gene_531743366a72,0.35,low,DNA-binding transcription regulator,enzyme involved in bacillaene synthesis,0
Bacillus_subtilis_168,gene_bc954bf92ba2,0.45,low,Protein with phosphopantetheine motif,trans AT polyketide synthase involved in nonribosomal synthesis of bacillaene,0
Bacillus_subtilis_168,gene_fae3bb473e54,0.5,moderate,Protein with amp_binding motif,polyketide synthase of type I involved in nonribosomal synthesis of bacillaene,0
Bacillus_subtilis_168,gene_1042c4a165c8,0.5,moderate,Serine protease,alkaline serine protease,1
Bacillus_subtilis_168,gene_fb92f0754b1d,0.35,low,DNA-binding transcription regulator,small toxic metabolite efflux transporter subunit,0
Bacillus_subtilis_168,gene_16688500f534,0.45,low,Lipoprotein,trans AT polyketide synthase of type I involved in bacillaene synthesis,0
Bacillus_subtilis_168,gene_2825b668b609,0.35,low,DNA-binding transcription regulator,inner spore coat protein; cell wall associated protein,0
Bacillus_subtilis_168,gene_d8f1d41a67d5,0.35,low,ATP/GTP binding protein,tRNA isopentenylpyrophosphate transferase,0
Bacillus_subtilis_168,gene_2353e9dbecea,0.35,low,Lipoprotein,ribonucleoside-diphosphate reductase (major subunit),0
Bacillus_subtilis_168,gene_2c07a22e665f,0.35,low,DNA-binding transcription regulator,ribonucleoside-diphosphate reductase (minor subunit),0
Bacillus_subtilis_168,gene_5243986863ce,0.395,low,ATP/GTP binding protein,mother cell sporulation ATPase,0
Bacillus_subtilis_168,gene_b53fcaedf782,0.45,low,ATP/GTP binding protein,xylulose kinase,0
Bacillus_subtilis_168,gene_5a15b648941f,0.35,low,Lipoprotein,"DNA nuclease, lipoprotein (phage origin)",1
Bacillus_subtilis_168,gene_180c69eca8fb,0.35,low,DNA-binding transcription regulator,spore germination receptor subunit,0
Bacillus_subtilis_168,gene_ea30211d7a81,0.45,low,DNA-binding transcription regulator,transketolase,0
Bacillus_subtilis_168,gene_fcba87517fcf,0.35,low,DNA-binding transcription regulator,cytochrome c-type biogenesis protein CcdA; thiol-disulfide oxido-reductase,0
Bacillus_subtilis_168,gene_7aa747c32c00,0.35,low,Lipoprotein,spore coat protein (outer),0
Bacillus_subtilis_168,gene_35eabe9ce22b,0.45,low,Lipoprotein,aconitate hydratase (bifunctional aconitase),0
Bacillus_subtilis_168,gene_c07ccf4c4f12,0.35,low,DNA-binding transcription regulator,acylphosphate:glycerol-3-phosphate O-acyltransferase,0
Bacillus_subtilis_168,gene_2daaaecf4e98,0.35,low,DNA-binding transcription regulator,H+/Na+:nitrogen-donor aminoacid symporter,0
Bacillus_subtilis_168,gene_875109f36686,0.45,low,DNA-binding transcription regulator,acetoacetyl-CoA synthetase,0
Bacillus_subtilis_168,gene_29babf78ab12,0.45,low,Protein with amp_binding motif,non-ribosomal plipastatin synthetase C involved in synthesis of plipastatin,0
Bacillus_subtilis_168,gene_9aaf1896cbf5,0.45,low,Protein with amp_binding motif,nonribosomal plipastatin synthetase B involved in synthesis of plipastatin,0
Bacillus_subtilis_168,gene_cf376917935e,0.45,low,Protein with amp_binding motif,nonribosomal plipastatin synthetase D involved in synthesis of plipastatin,0
Bacillus_subtilis_168,gene_d7c44b35ddc8,0.35,low,DNA-binding transcription regulator,membrane bound gamma-glutamyltranspeptidase,0
Bacillus_subtilis_168,gene_faef0c051863,0.35,low,DNA-binding transcription regulator,"glutamate synthase (small subunit, NADP-dependent)",0
Bacillus_subtilis_168,gene_a720805f487b,0.35,low,Serine protease,glutamate 5-kinase,0
Bacillus_subtilis_168,gene_2a666b071f07,0.35,low,DNA-binding transcription regulator,mother cell-specific membrane sporulation protein,0
Bacillus_subtilis_168,gene_2729c59444fd,0.35,low,DNA-binding transcription regulator,ATP-dependent helicase,0
Bacillus_subtilis_168,gene_3c25409335b8,0.35,low,Lipoprotein,superoxide dismutase (exported lipoprotein),1
Bacillus_subtilis_168,gene_a46cc008c90f,0.35,low,DNA-binding transcription regulator,Na+-driven efflux MatE family protein,0
Bacillus_subtilis_168,gene_25239cc1c1e3,0.35,low,Serine protease,"carboxy-terminal processing protease (Prc homolog, tail specific protease)",0
Bacillus_subtilis_168,gene_5c1950fa7890,0.35,low,DNA-binding transcription regulator,phosphatidylglycerol phosphate (PGP) phosphatase; undecaprenyl-pyrophosphate phosphatase (promiscuous activity),0
Bacillus_subtilis_168,gene_892b0437b244,0.35,low,DNA-binding transcription regulator,epsilon-amino-beta-lysine acetyl transferase,0
Bacillus_subtilis_168,gene_dae5680e72e4,0.35,low,Lipoprotein,protein involved in maturation of the outermost layer of the spore,0
Bacillus_subtilis_168,gene_8fd7dcba1b5c,0.35,low,DNA-binding transcription regulator,conserved protein of unknown function; phage SPbeta,0
Bacillus_subtilis_168,gene_7a665e85ecfe,0.35,low,ATP/GTP binding protein,superinfection exclusion protein B; phage SPbeta,0
Bacillus_subtilis_168,gene_338f01dba76e,0.35,low,DNA-binding transcription regulator,conserved membrane protein of unknown function; phage SPbeta,0
Bacillus_subtilis_168,gene_5987c9b4de68,0.35,low,DNA-binding transcription regulator,conserved protein of unknown function; phage SPbeta,0
Bacillus_subtilis_168,gene_9afb1c365859,0.35,low,Lipoprotein,conserved protein of unknown function; phage SPbeta,0
Bacillus_subtilis_168,gene_4dc6f12acd65,0.35,low,Lipoprotein,conserved protein of unknown function; phage SPbeta,0
Bacillus_subtilis_168,gene_eeae5c4661da,0.35,low,DNA-binding transcription regulator,conserved protein of unknown function; phage SPbeta,0
Bacillus_subtilis_168,gene_9e6312fc446e,0.35,low,DNA-binding transcription regulator,conserved phage protein of unknown function; phage SPbeta,0
Bacillus_subtilis_168,gene_b20075798e7b,0.35,low,DNA-binding transcription regulator,conserved protein of unknown function; phage SPbeta,0
Bacillus_subtilis_168,gene_a9a2580dc3a4,0.35,low,ATP/GTP binding protein,lesion bypass phage DNA polymerase; phage SPbeta,0
Bacillus_subtilis_168,gene_d5a40c9d45c2,0.35,low,DNA-binding transcription regulator,conserved protein of unknown function; phage SPbeta,0
Bacillus_subtilis_168,gene_25df94759d38,0.35,low,Lipoprotein,"calcium-dependent DNA nuclease, lipoprotein; phage SPbeta",1
Bacillus_subtilis_168,gene_40c2db3f8db3,0.45,low,ATP/GTP binding protein,dihydroxy-acid dehydratase,0
Bacillus_subtilis_168,gene_bbad60fef56a,0.35,low,Serine protease,promiscuous alkylpyrone synthase BpsA (polyketide synthesis),0
Bacillus_subtilis_168,gene_ef5610129c21,0.35,low,ATPase,xanthine phosphoribosyltransferase,0
Bacillus_subtilis_168,gene_5d05e3829a31,0.35,low,DNA-binding transcription regulator,2-keto-3-deoxygluconate permease,0
Bacillus_subtilis_168,gene_d0ec7e003266,0.35,low,Lipoprotein,transcriptional repressor of the Kdg operon (KdgR-galacturonate),0
Bacillus_subtilis_168,gene_20d164b2c0af,0.35,low,Lipoprotein,"4-deoxy-L-threo-5-hexosulose-uronate ketol-isomerase, 5-keto-4-deoxyuronate isomerase",0
Bacillus_subtilis_168,gene_87bcfbe8960c,0.35,low,ATP/GTP binding protein,2-keto-3-deoxygluconate oxidoreductase,0
Bacillus_subtilis_168,gene_00361b235193,0.35,low,ATP/GTP binding protein,peptidoglycan glycosyltransferase (penicillin-binding proteins 1A and 1B),0
Bacillus_subtilis_168,gene_2b3c1448330f,0.35,low,ATP/GTP binding protein,damage inducible ATP-dependent 3'->5' nuclease,0
Bacillus_subtilis_168,gene_a2a98b219131,0.35,low,DNA-binding transcription regulator,menaquinol:cytochrome c oxidoreductase (cytochrome b subunit),0
Bacillus_subtilis_168,gene_3d0c628adc68,0.35,low,Lipoprotein,tryptophan synthase (beta subunit),0
Bacillus_subtilis_168,gene_808a390505e8,0.35,low,Lipoprotein,phosphoribosylanthranilate isomerase,0
Bacillus_subtilis_168,gene_91b88ee8272f,0.35,low,ATP/GTP binding protein,morphogenetic stage IV sporulation protein,0
Bacillus_subtilis_168,gene_9abf1e29cd7e,0.35,low,ATP/GTP binding protein,GTPase essential for ribosome 50S subunit assembly (maturation of the 50S subunit central protoberance),0
Bacillus_subtilis_168,gene_b917fcc2152b,0.35,low,Serine protease,isopentenyl diphosphate isomerase (typeII),0
Bacillus_subtilis_168,gene_df1a7e5b4e4f,0.35,low,ATP/GTP binding protein,cytidylate kinase,0
Bacillus_subtilis_168,gene_7c2355109851,0.45,low,ATP/GTP binding protein,3-phosphoglycerate dehydrogenase,0
Bacillus_subtilis_168,gene_292a458849ea,0.35,low,DNA-binding transcription regulator,factor required for cytochrome c synthesis,0
Bacillus_subtilis_168,gene_dcc1e001bc01,0.35,low,DNA-binding transcription regulator,stage V sporulation protein AF,0
Bacillus_subtilis_168,gene_a4794b8ef48e,0.35,low,DNA-binding transcription regulator,spore germinant protein,0
Bacillus_subtilis_168,gene_8873a63ef8ca,0.35,low,DNA-binding transcription regulator,stage V sporulation protein AB,0
Bacillus_subtilis_168,gene_a3f44b7d7895,0.35,low,DNA-binding transcription regulator,autolysin component for dissolution of the septal cell wall (stage II sporulation),0
Bacillus_subtilis_168,gene_20490605b976,0.35,low,DNA-binding transcription regulator,malate-H+/Na+-lactate antiporter,0
Bacillus_subtilis_168,gene_2774d5c841ad,0.45,low,Lipoprotein,catabolic NAD-dependent malic enzyme (conversion of malate into pyruvate),0
Bacillus_subtilis_168,gene_4a61b15ec307,0.35,low,Lipoprotein,Y family DNA polymerase V bypassing lesions during replication,0
Bacillus_subtilis_168,gene_e3739f61525e,0.35,low,ATP/GTP binding protein,pantothenate kinase,0
Bacillus_subtilis_168,gene_6c729fdc57af,0.35,low,Lipoprotein,D-serine ammonia-lyase,0
Bacillus_subtilis_168,gene_a43c8043c82f,0.35,low,DNA-binding transcription regulator,"pyrroline-5-carboxylate reductase (NADP-dependent, weak activity)",0
Bacillus_subtilis_168,gene_3c2a66cd3fb1,0.35,low,DNA-binding transcription regulator,ribonuclease Z,0
Bacillus_subtilis_168,gene_3648786e3f85,0.35,low,DNA-binding transcription regulator,high affinity arginine ABC transporter (permease),0
Bacillus_subtilis_168,gene_73a5ef240b32,0.45,low,ATP/GTP binding protein,high affinity arginine ABC transporter (ATP-binding protein),0
Bacillus_subtilis_168,gene_279cfafab03b,0.45,low,Lipoprotein,high affinity arginine ABC transporter binding lipoprotein,1
Bacillus_subtilis_168,gene_f58ff83bf860,0.35,low,DNA-binding transcription regulator,multidrug-efflux transporter,0
Bacillus_subtilis_168,gene_b384dbbc41d6,0.35,low,Lipoprotein,branched-chain alpha-keto acid dehydrogenase E1 subunit,0
Bacillus_subtilis_168,gene_264987a282cc,0.35,low,ATP/GTP binding protein,branched-chain fatty-acid kinase,0
Bacillus_subtilis_168,gene_bdc518162b26,0.45,low,ATP/GTP binding protein,branched-chain alpha-keto acid dehydrogenase E3 subunit (dihydrolipoamide dehydrogenase),0
Bacillus_subtilis_168,gene_5afa73320069,0.45,low,Serine protease,transcriptional regulator,0
Bacillus_subtilis_168,gene_2dd0fb373e09,0.35,low,ATP/GTP binding protein,N-acetylmuramoyl-L-alanine amidase,0
Bacillus_subtilis_168,gene_4897bcaa69e0,0.35,low,DNA-binding transcription regulator,regulatory membrane-associated serine protease,0
Bacillus_subtilis_168,gene_43e2eba5ed07,0.45,low,ATP/GTP binding protein,factor for double strand breaks DNA repair and genetic recombination,0
Bacillus_subtilis_168,gene_ccf621bbcd11,0.35,low,ATP/GTP binding protein,membrane associated ATPase of the pilin platform for DNA competence,0
Bacillus_subtilis_168,gene_0dbc87c16501,0.35,low,DNA-binding transcription regulator,CorA-type divalent ion transporter,0
Bacillus_subtilis_168,gene_67c57cdafd78,0.35,low,ATP/GTP binding protein,glucose kinase,0
Bacillus_subtilis_168,gene_629f56732a8d,0.35,low,Lipoprotein,5-formyltetrahydrofolate cyclo-ligase,0
Bacillus_subtilis_168,gene_e55b753be947,0.35,low,ATP/GTP binding protein,phosphate ABC transporter (ATP-binding protein),0
Bacillus_subtilis_168,gene_6b5327c8a434,0.35,low,ATP/GTP binding protein,phosphate ABC transporter (ATP-binding protein),0
Bacillus_subtilis_168,gene_826548d6867e,0.35,low,Lipoprotein,phosphate ABC transporter (permease),0
Bacillus_subtilis_168,gene_39e0ef5391d0,0.35,low,Lipoprotein,cell wall protein,0
Bacillus_subtilis_168,gene_ff82525241a9,0.35,low,Lipoprotein,4-hydroxy-3-methylbut-2-en-1-yl diphosphate synthase (1-hydroxy-2-methyl-2-(E)-butenyl 4-diphosphate synthase),0
Bacillus_subtilis_168,gene_eaf30d7fda8d,0.35,low,ATP/GTP binding protein,negative regulator of gluconeogenesis,0
Bacillus_subtilis_168,gene_0ef8ba4693f3,0.35,low,ATP/GTP binding protein,maturation of 16S RNA and assembly of 30S ribosomal subunit GTPase,0
Bacillus_subtilis_168,gene_9c8238c9e1dd,0.35,low,Lipoprotein,undecaprenol kinase,0
Bacillus_subtilis_168,gene_e70a3d51f101,0.35,low,ATP/GTP binding protein,phosphate starvation-induced protein,0
Bacillus_subtilis_168,gene_7bafd0e679f2,0.35,low,DNA-binding transcription regulator,nucleotide exchange factor for DnaK activity,0
Bacillus_subtilis_168,gene_13d1651e37f9,0.35,low,DNA-binding transcription regulator,DNA channel for uptake in competent cells,0
Bacillus_subtilis_168,gene_310cfd4c56bb,0.35,low,DNA-binding transcription regulator,conserved membrane protein of unknown function,0
Bacillus_subtilis_168,gene_612a3af38b27,0.35,low,DNA-binding transcription regulator,arsenite efflux transporter; skin element,0
Bacillus_subtilis_168,gene_89f14ab4476d,0.35,low,DNA-binding transcription regulator,two-component sensor histidine kinase [YrkP],0
Bacillus_subtilis_168,gene_1757d11746e4,0.35,low,DNA-binding transcription regulator,"efflux transporter (promiscuous, acetylated polyamines efflux)",0
Bacillus_subtilis_168,gene_db2da541644a,0.35,low,Lipoprotein,transcriptional regulator (LysR family),0
Bacillus_subtilis_168,gene_fc919335f4cd,0.35,low,DNA-binding transcription regulator,aminoglycoside 6-adenylyltransferase,0
Bacillus_subtilis_168,gene_e2f2e5b94c17,0.35,low,Lipoprotein,glutamate racemase,0
Bacillus_subtilis_168,gene_c54af8a7abde,0.35,low,Lipoprotein,lipoprotein buffering protein for Zn2+ transport,1
Bacillus_subtilis_168,gene_a9939a3a8562,0.35,low,DNA-binding transcription regulator,phosphotransferase system (PTS) fructose-specific enzyme IID component,0
Bacillus_subtilis_168,gene_cbf961e988b7,0.35,low,Lipoprotein,phosphotransferase system (PTS) fructose-specific enzyme IIC component,0
Bacillus_subtilis_168,gene_9a9c04931dc2,0.45,low,ATP/GTP binding protein,transcriptional regulator (NifA/NtrC family),0
Bacillus_subtilis_168,gene_3cfcfc7e0300,0.35,low,DNA-binding transcription regulator,cytochrome P450 CYP102A3,0
Bacillus_subtilis_168,gene_22e9d2dfdeef,0.35,low,Serine protease,cystathionine beta-synthase for the reverse transsulfuration pathway,0
Bacillus_subtilis_168,gene_7f9c3414fe2e,0.35,low,Serine protease,penicillin-binding protein PBP4B,0
Bacillus_subtilis_168,gene_d7c08eda0ac9,0.35,low,ATP/GTP binding protein,uridine kinase,0
Bacillus_subtilis_168,gene_5acea355bfd4,0.35,low,ATP/GTP binding protein,conserved membrane associated protein,0
Bacillus_subtilis_168,gene_672ee698baaf,0.35,low,ATP/GTP binding protein,glutamine ABC transporter (ATP-binding protein),0
Bacillus_subtilis_168,gene_8d94c46bf331,0.35,low,Lipoprotein,glutamine ABC transporter (glutamine-binding lipoprotein),1
Bacillus_subtilis_168,gene_ca799b3d5df4,0.35,low,ATP/GTP binding protein,5'-3' helicase associated to SSB; exonuclease V,0
Bacillus_subtilis_168,gene_7f06e8c0a71d,0.35,low,ATP/GTP binding protein,DNA-dependent ATPase active at replication forks,0
Bacillus_subtilis_168,gene_38ce6371b019,0.35,low,Lipoprotein,adenine phosphoribosyltransferase,0
Bacillus_subtilis_168,gene_9cc8bba7b4a7,0.35,low,Serine protease,protein-export membrane protein,0
Bacillus_subtilis_168,gene_a5ca5ec52e39,0.35,low,Serine protease,involved in spore cortex synthesis (stage V sporulation); translocase with flippase function for peptidoglycan synthesis,0
Bacillus_subtilis_168,gene_29b2840fd829,0.35,low,ATP/GTP binding protein,"Holliday junction DNA helicase, ATP-dependent component",0
Bacillus_subtilis_168,gene_9a22618afba1,0.35,low,Lipoprotein,sodium/proton-dependent alanine transporter,0
Bacillus_subtilis_168,gene_60b6c9e4d3b0,0.35,low,Lipoprotein,spore germination protein,0
Bacillus_subtilis_168,gene_4c516b7876da,0.35,low,Lipoprotein,nicotinate-nucleotide pyrophosphorylase (quinolinate phosphoribosyltransferase),0
Bacillus_subtilis_168,gene_15703b2d8b19,0.35,low,Lipoprotein,desulfurase involved in iron-sulfur clusters for NAD biosynthesis,0
Bacillus_subtilis_168,gene_19d949c8da69,0.35,low,Lipoprotein,transcriptional repressor of de novo NAD biosynthesis,0
Bacillus_subtilis_168,gene_490ea157773c,0.45,low,Lipoprotein,prephenate dehydratase,0
Bacillus_subtilis_168,gene_e35787119e50,0.35,low,ATP/GTP binding protein,"ppGpp-binding GTPase involved in cell portioning, DNA repair and ribosome assembly",0
Bacillus_subtilis_168,gene_b8e84fb1bc67,0.35,low,Lipoprotein,regulator of SpoIVFB (stage IV sporulation),0
Bacillus_subtilis_168,gene_e4fd88c37aaa,0.35,low,ATP/GTP binding protein,ATPase activator of MinC,0
Bacillus_subtilis_168,gene_024e4edc6ac7,0.35,low,Lipoprotein,membrane prepilin peptidase,0
Bacillus_subtilis_168,gene_498d20540e2d,0.35,low,ATPase,"glutamate-1-semialdehyde 2,1-aminomutase",0
Bacillus_subtilis_168,gene_ae68d44dceea,0.35,low,DNA-binding transcription regulator,uroporphyrinogen III cosynthase,0
Bacillus_subtilis_168,gene_ed29e1dafc6e,0.35,low,Lipoprotein,porphobilinogen deaminase (hydroxymethylbilane synthase),0
Bacillus_subtilis_168,gene_ddf498dff855,0.35,low,ATP/GTP binding protein,GTPase involved in ribosome 50S subunit assembly (maturation of the central 50S protuberance),0
Bacillus_subtilis_168,gene_7d6513034eaa,0.35,low,ATP/GTP binding protein,class III heat-shock ATP-dependent LonA protease,0
Bacillus_subtilis_168,gene_de4c656a0829,0.35,low,ATP/GTP binding protein,spore-specific ATP-dependent protease LonB,0
Bacillus_subtilis_168,gene_532f3e3b7a7c,0.35,low,ATP/GTP binding protein,protein unfolding ATPase required for presentation of proteins to proteases; Maxwell's demon,0
Bacillus_subtilis_168,gene_334ac2dd5af8,0.35,low,ATP/GTP binding protein,3-isopropylmalate dehydratase (large subunit),0
Bacillus_subtilis_168,gene_1f60a91646ef,0.35,low,Lipoprotein,3-isopropylmalate dehydrogenase,0
Bacillus_subtilis_168,gene_826c8b7e8625,0.35,low,Lipoprotein,"germination (cortex hydrolysis) and sporulation (stage II, multiple polar septa) lytic enzyme",0
Bacillus_subtilis_168,gene_cda4c40394ee,0.45,low,Lipoprotein,glutamate racemase,0
Bacillus_subtilis_168,gene_68f64d0d2fe8,0.35,low,Lipoprotein,enoyl-CoA hydratase,0
Bacillus_subtilis_168,gene_c818e7305a50,0.35,low,Serine protease,DNA polymerase/3'-5' exonuclease X,0
Bacillus_subtilis_168,gene_cda5170bf2e8,0.495,low,ATP/GTP binding protein,homologous recombination factor,0
Bacillus_subtilis_168,gene_10be07e4f0f7,0.35,low,DNA-binding transcription regulator,phenylalanyl-tRNA synthetase (alpha subunit),0
Bacillus_subtilis_168,gene_6d9b68a69f2e,0.35,low,ATP/GTP binding protein,ribosomal RNA methylase,0
Bacillus_subtilis_168,gene_2b2a6c13c496,0.35,low,Lipoprotein,alpha-L-arabinofuranosidase,0
Bacillus_subtilis_168,gene_874a929b2183,0.35,low,DNA-binding transcription regulator,arabinose/arabinan permease,0
Bacillus_subtilis_168,gene_2017488079b2,0.35,low,Lipoprotein,sn-glycerol-1-phosphate dehydrogenase [NAD+] (catabolic),0
Bacillus_subtilis_168,gene_e29b7a4cf3a9,0.35,low,DNA-binding transcription regulator,glycolytic and pentose phosphate intermediates phosphatase,0
Bacillus_subtilis_168,gene_3d484430b97f,0.395,low,ATP/GTP binding protein,helicase loader,0
Bacillus_subtilis_168,gene_5780cf4a068e,0.35,low,ATP/GTP binding protein,dephosphocoenzyme A kinase,0
Bacillus_subtilis_168,gene_934084868c48,0.35,low,Lipoprotein,membrane calmodulin-like protein essential for stage III sporulation,0
Bacillus_subtilis_168,gene_a3aaf6d4661d,0.35,low,ATP/GTP binding protein,"NADP-dependent malic enzyme (conversion of malate into pyruvate, anabolic)",0
Bacillus_subtilis_168,gene_135fe2dfc058,0.35,low,ATP/GTP binding protein,sulfur-containing amino-acid ABC transporter (ATP-binding protein),0
Bacillus_subtilis_168,gene_d48c7176b3a0,0.35,low,Serine protease,sulfur-containing amino acid ABC transporter (permease),0
Bacillus_subtilis_168,gene_13fa55ef3da2,0.35,low,Lipoprotein,sulfur-containing amino acid ABC transporter binding lipoprotein,1
Bacillus_subtilis_168,gene_d1d0eeab4ca7,0.35,low,ATP/GTP binding protein,argininosuccinate lyase,0
Bacillus_subtilis_168,gene_d13bde721fae,0.45,low,Lipoprotein,argininosuccinate synthase,0
Bacillus_subtilis_168,gene_633bfc53710a,0.35,low,DNA-binding transcription regulator,negative regulator of FtsZ ring formation,0
Bacillus_subtilis_168,gene_22ba27c001c4,0.35,low,Lipoprotein,histidinol phosphate phosphatase,0
Bacillus_subtilis_168,gene_247e19bbeb47,0.35,low,Lipoprotein,UDP-N-acetyl muramate-alanine ligase,0
Bacillus_subtilis_168,gene_9f0870bfa6d0,0.35,low,ATP/GTP binding protein,DNA translocase,0
Bacillus_subtilis_168,gene_9adb0767325e,0.35,low,DNA-binding transcription regulator,lipid II flippase,0
Bacillus_subtilis_168,gene_fea2420f9a06,0.35,low,DNA-binding transcription regulator,permease for unsaturated rhamnogalacturonan,0
Bacillus_subtilis_168,gene_dd149b735554,0.35,low,ATP/GTP binding protein,dethiobiotin synthetase,0
Bacillus_subtilis_168,gene_008b74ac488f,0.35,low,DNA-binding transcription regulator,leucyl-tRNA synthetase,0
Bacillus_subtilis_168,gene_5b435739eb54,0.2344,speculative,Secreted/membrane protein,two-component sensor histidine kinase controlling resistance to antibiotics affecting the envelope [YtsA],0
Bacillus_subtilis_168,gene_303c058c0eb0,0.35,low,ATP/GTP binding protein,ABC transporter (ATP-binding protein) involved in resistance to cell wall inhibitors,0
Bacillus_subtilis_168,gene_b310e10adb06,0.35,low,DNA-binding transcription regulator,manganese ABC transporter (permease),0
Bacillus_subtilis_168,gene_d36d871deccb,0.35,low,ATP/GTP binding protein,manganese ABC transporter (ATP-binding protein),0
Bacillus_subtilis_168,gene_c92eb8060020,0.35,low,Lipoprotein,glycogen phosphorylase,0
Bacillus_subtilis_168,gene_5b25b424ff33,0.35,low,ATP/GTP binding protein,glycogen (starch) synthase,0
Bacillus_subtilis_168,gene_e26a37fe8a64,0.35,low,Lipoprotein,thiamin permease,0
Bacillus_subtilis_168,gene_d4518a0a2121,0.35,low,ATP/GTP binding protein,flotillin lipid rafts scaffold protein,0
Bacillus_subtilis_168,gene_1dd656dd483c,0.45,low,DNA-binding transcription regulator,"glycine betaine aldehyde dehydrogenase, NAD+-dependent",0
Bacillus_subtilis_168,gene_5abb5400d7fd,0.35,low,DNA-binding transcription regulator,scyllo-inositol dehydrogenase (NADP+-dependent); biofilm formation,0
Bacillus_subtilis_168,gene_895219282ede,0.35,low,ATP/GTP binding protein,bifunctional rhamnulose-1-phosphate aldolase/alcohol dehydrogenase,0
Bacillus_subtilis_168,gene_a9174e290e0d,0.35,low,DNA-binding transcription regulator,methyl-accepting chemotaxis protein,0
Bacillus_subtilis_168,gene_acfd7510c455,0.35,low,Lipoprotein,two-component sensor potassium-binding histidine kinase,0
Bacillus_subtilis_168,gene_a62fd4c8f9c2,0.35,low,Lipoprotein,factor required for KinB signal transduction and activation of the phosphorelay to sporulation,0
Bacillus_subtilis_168,gene_084ad37993e3,0.35,low,ATP/GTP binding protein,two-component sensor histidine kinase [MaeM],0
Bacillus_subtilis_168,gene_eae9d1280dc7,0.35,low,DNA-binding transcription regulator,proton transporter component of Na+/H+ antiporter,0
Bacillus_subtilis_168,gene_fe0f32a84110,0.35,low,DNA-binding transcription regulator,nicotinate phosphoribosyltransferase,0
Bacillus_subtilis_168,gene_d82763744838,0.35,low,Serine protease,ESX secretion system; calcium-dependent phage SPP1 attachment site,0
Bacillus_subtilis_168,gene_485714a7847a,0.45,low,ATP/GTP binding protein,ESX secretion system FtsK/SpoIIIE family ATPase,0
Bacillus_subtilis_168,gene_9d63b5b6859c,0.35,low,Lipoprotein,isochorismatase (siderophore specific),0
Bacillus_subtilis_168,gene_6e9f044fad10,0.35,low,Lipoprotein,sulfur carrier chaperone involved in Fe-S cluster assembly,0
Bacillus_subtilis_168,gene_467c4d553352,0.35,low,DNA-binding transcription regulator,lipoyl synthase (lipoic acid synthetase),0
Bacillus_subtilis_168,gene_2c66612ac726,0.45,low,Lipoprotein,allantoinase,0
Bacillus_subtilis_168,gene_42b761305fa0,0.35,low,DNA-binding transcription regulator,uric acid permease,0
Bacillus_subtilis_168,gene_fc3f4dc1ee44,0.35,low,DNA-binding transcription regulator,uric acid permease subunit,0
Bacillus_subtilis_168,gene_a333539d0f51,0.35,low,DNA-binding transcription regulator,"xanthine dehydrogenase, iron-sulfur subunit",0
Bacillus_subtilis_168,gene_9c49aacefa3d,0.35,low,DNA-binding transcription regulator,"xanthine dehydrogenase, substrate and molybdenum cofactor subunit",0
Bacillus_subtilis_168,gene_2b2024a74cf9,0.45,low,ATP/GTP binding protein,fructose-amino acid ABC transporter (ATP-binding subunit),0
Bacillus_subtilis_168,gene_90a759545704,0.35,low,DNA-binding transcription regulator,fructose-amino acid permease,0
Bacillus_subtilis_168,gene_56e91becbf9f,0.35,low,Lipoprotein,fructose amino acid-binding lipoprotein,1
Bacillus_subtilis_168,gene_3424ee0ff078,0.35,low,DNA-binding transcription regulator,FeS cluster formation scaffold protein,0
Bacillus_subtilis_168,gene_e99a0c1fc41d,0.35,low,ATPase,cysteine desulfurase,0
Bacillus_subtilis_168,gene_76b113748de5,0.35,low,ATP/GTP binding protein,"sulfur mobilizing ABC protein, ATPase",0
Bacillus_subtilis_168,gene_34366eb0f21a,0.45,low,Lipoprotein,acetyl-CoA C-acyltransferase,0
Bacillus_subtilis_168,gene_3aee2bb832f0,0.35,low,DNA-binding transcription regulator,multidrug-efflux transporter,0
Bacillus_subtilis_168,gene_14fbb58bcc37,0.35,low,ATP/GTP binding protein,iron(III)-siderophore transporter (ATP binding component),0
Bacillus_subtilis_168,gene_597330b97023,0.35,low,Lipoprotein,spore lipoprotein,1
Bacillus_subtilis_168,gene_47d26bb5cba8,0.35,low,Serine protease,protease-associated chaperone for the extracytoplasmic folding and quality control of exported proteins,0
Bacillus_subtilis_168,gene_43453e515d46,0.35,low,DNA-binding transcription regulator,component of the germination receptor GerA; putative transporter,0
Bacillus_subtilis_168,gene_972d8348ea28,0.35,low,Lipoprotein,component of the germination receptor GerA,0
Bacillus_subtilis_168,gene_f58b5337028b,0.35,low,Lipoprotein,regulator of sigma-O,0
Bacillus_subtilis_168,gene_eb3ad79232e4,0.35,low,ATP/GTP binding protein,ferrichrome ABC transporter (ATP-binding protein),0
Bacillus_subtilis_168,gene_af17848fae1b,0.35,low,DNA-binding transcription regulator,ferrichrome ABC transporter (permease),0
Bacillus_subtilis_168,gene_52d74a7d5cae,0.35,low,Lipoprotein,ferrichrome ABC transporter (ferrichrome-binding lipoprotein),1
Bacillus_subtilis_168,gene_3ed4468e5841,0.35,low,DNA-binding transcription regulator,lysine permease,0
Bacillus_subtilis_168,gene_0ffa59703cce,0.35,low,Lipoprotein,molybdate-binding lipoprotein,1
Bacillus_subtilis_168,gene_abde22a95a67,0.35,low,DNA-binding transcription regulator,Na+/H+ antiporter,0
Bacillus_subtilis_168,gene_f6d8ee7932c3,0.35,low,Lipoprotein,assimilatory sulfite reductase (hemoprotein beta-subunit),0
Bacillus_subtilis_168,gene_3f520e62037b,0.35,low,Serine protease,scyllo-inositol 2-dehydrogenase (NADP(+)-dependent),0
Bacillus_subtilis_168,gene_22a5ca92019e,0.45,low,Lipoprotein,"Cd(II), Zn(II) and Co(II) exporter (ATPase)",0
Bacillus_subtilis_168,gene_808f3e7e50c4,0.35,low,Lipoprotein,choline ABC transporter (choline-binding lipoprotein),1
Bacillus_subtilis_168,gene_0016dd56fb9f,0.35,low,ATP/GTP binding protein,choline ABC transporter (ATP-binding protein),0
Bacillus_subtilis_168,gene_33715ef1232f,0.35,low,DNA-binding transcription regulator,export step of killing factor SdpC,0
Bacillus_subtilis_168,gene_0d4c38fa09be,0.35,low,DNA-binding transcription regulator,integral membrane immunity regulator of autophagy,0
Bacillus_subtilis_168,gene_b42d92a6681d,0.45,low,ATP/GTP binding protein,glycine betaine/carnitine/choline/choline sulfate ABC transporter (ATP-binding protein),0
Bacillus_subtilis_168,gene_b60b7a4e22cf,0.45,low,Lipoprotein,component of an iron-sulfur oxidase linked to L-lactate utilization,0
Bacillus_subtilis_168,gene_7f3818f4442f,0.35,low,DNA-binding transcription regulator,galacto-oligosaccharides (galactan) oligomer permease,0
Bacillus_subtilis_168,gene_c4dfca448252,0.35,low,Lipoprotein,polygalactose / cyclodextrin-binding lipoprotein,1
Bacillus_subtilis_168,gene_ae36196a1287,0.35,low,DNA-binding transcription regulator,L-lactate permease,0
Bacillus_subtilis_168,gene_2100a48fbcda,0.35,low,DNA-binding transcription regulator,biofilm extracellular matrix formation chain-length determining factor,0
Bacillus_subtilis_168,gene_d5969549f9fa,0.45,low,Lipoprotein,"promiscuous aminoacid racemase (prefers arginine, lysine and ornithine)",0
Bacillus_subtilis_168,gene_d0e502fe59c2,0.45,low,DNA-binding transcription regulator,L-aspartate/L-glutamate / proton permease,0
Bacillus_subtilis_168,gene_7b70ca97529b,0.35,low,DNA-binding transcription regulator,maltodextrin ABC transport system (permease),0
Bacillus_subtilis_168,gene_55469e189094,0.35,low,Lipoprotein,maltose/maltodextrin-binding lipoprotein,1
Bacillus_subtilis_168,gene_0463d53c8947,0.35,low,Serine protease,maltogenic alpha-amylase,0
Bacillus_subtilis_168,gene_2b8c6adee4a4,0.35,low,ATP/GTP binding protein,lantibiotic ABC transporter (ATP-binding protein),0
Bacillus_subtilis_168,gene_8b6519226102,0.35,low,ATP/GTP binding protein,efflux transporter (ATP-binding and permease protein),0
Bacillus_subtilis_168,gene_159d0cda7edb,0.35,low,DNA-binding transcription regulator,phosphoribosylformimino-5-aminoimidazole carboxamide ribotide isomerase,0
Bacillus_subtilis_168,gene_83878ee72916,0.35,low,Lipoprotein,histidinol dehydrogenase,0
Bacillus_subtilis_168,gene_0ae47198dfa8,0.35,low,Lipoprotein,pulcherriminic acid efflux transporter,0
Bacillus_subtilis_168,gene_70b3516e0aef,0.35,low,ATP/GTP binding protein,excinuclease ABC (subunit B),0
Bacillus_subtilis_168,gene_da88fbc6e564,0.35,low,DNA-binding transcription regulator,conserved membrane protein of unknown function,0
Bacillus_subtilis_168,gene_4d37da6d9c17,0.35,low,ATP/GTP binding protein,cell-division signal transducer (ATP-binding protein),0
Bacillus_subtilis_168,gene_1c7f1b1d6639,0.35,low,Lipoprotein,cytochrome c551,0
Bacillus_subtilis_168,gene_b8f25787fd32,0.35,low,ATP/GTP binding protein,flagellar hook-filament junction,0
Bacillus_subtilis_168,gene_ee28e04fa62b,0.35,low,Lipoprotein,factor required for flagellar based motility,0
Bacillus_subtilis_168,gene_42d3887dc682,0.35,low,ATPase,component of the DNA transport apparatus,0
Bacillus_subtilis_168,gene_f68620a2a1ce,0.35,low,ATP/GTP binding protein,ATP-dependent helicase competence protein,0
Bacillus_subtilis_168,gene_5f393e9897df,0.35,low,Serine protease,fatty acid kinase fatty acid binding subunit A,0
Bacillus_subtilis_168,gene_9a23a1579d92,0.45,low,DNA-binding transcription regulator,UDP-N-acetylglucosamine:undecaprenyl-P N-acetylglucosaminyl-1-P transferase,0
Bacillus_subtilis_168,gene_4d940b55b134,0.35,low,Lipoprotein,membrane bound lipoprotein,1
Bacillus_subtilis_168,gene_d0527ff6ceec,0.495,low,ATP/GTP binding protein,ATP-binding teichoic acid precursor transporter component,0
Bacillus_subtilis_168,gene_24589d64ae01,0.35,low,ATP/GTP binding protein,exported N-acetylglucosaminidase (major autolysin) (CWBP90),0
Bacillus_subtilis_168,gene_5aa9be1abff8,0.35,low,Lipoprotein,ribose ABC transporter (ribose-binding lipoprotein),1
Bacillus_subtilis_168,gene_bb8d4fec1474,0.45,low,DNA-binding transcription regulator,ribose ABC transporter (permease),0
Bacillus_subtilis_168,gene_97eb4808306f,0.35,low,Lipoprotein,oxamate amidohydrolase,0
Bacillus_subtilis_168,gene_d6a3d48064e8,0.35,low,ATP/GTP binding protein,maintenance protein tyrosine kinase involved in biofilm formation,0
Bacillus_subtilis_168,gene_b784c4d39915,0.35,low,ATP/GTP binding protein,"ATP synthase (subunit beta, component F1)",0
Bacillus_subtilis_168,gene_66a5c91fb132,0.35,low,ATP/GTP binding protein,"ATP synthase (subunit alpha, component F1)",0
Bacillus_subtilis_168,gene_d1fb50e21c5d,0.35,low,Lipoprotein,peptide chain release factor 1,0
Bacillus_subtilis_168,gene_08266ee84ae0,0.35,low,ATP/GTP binding protein,thymidine kinase,0
Bacillus_subtilis_168,gene_8db896c2209e,0.35,low,ATP/GTP binding protein,transcriptional terminator Rho,0
Bacillus_subtilis_168,gene_db8086b8c9de,0.35,low,ATP/GTP binding protein,UDP-N-acetylglucosamine 1-carboxyvinyltransferase,0
Bacillus_subtilis_168,gene_71a8e45e4087,0.35,low,Lipoprotein,nitrate reductase (gamma subunit),0
Bacillus_subtilis_168,gene_66f89c9af611,0.35,low,Lipoprotein,nitrate reductase (beta subunit),0
Bacillus_subtilis_168,gene_52905089d4dc,0.35,low,DNA-binding transcription regulator,integral membrane protein involved in subtilosin production and immunity,0
Bacillus_subtilis_168,gene_243a809fa53f,0.35,low,DNA-binding transcription regulator,toxic compound efflux transporter (may export homoserine),0
Bacillus_subtilis_168,gene_40c0aba9e720,0.35,low,DNA-binding transcription regulator,iron-coproporphyrin (coproheme) decarboxylase,0
Bacillus_subtilis_168,gene_f0a651915c7d,0.35,low,Serine protease,dihydroanticapsin 7-dehydrogenase,0
Bacillus_subtilis_168,gene_5f0c6ef7a253,0.35,low,DNA-binding transcription regulator,"pyridoxine, pyridoxal, and pyridoxamine kinase",0
Bacillus_subtilis_168,gene_9213a8ebf9e5,0.35,low,Serine protease,sucrose-6-phosphate hydrolase,0
Bacillus_subtilis_168,gene_e265034bca65,0.35,low,DNA-binding transcription regulator,nitrite transporter,0
Bacillus_subtilis_168,gene_898d2dcee9db,0.45,low,Serine protease,extracellular serine protease,1
Bacillus_subtilis_168,gene_aa21fb1e2459,0.35,low,DNA-binding transcription regulator,cytochrome aa3-600 quinol oxidase (subunit I),0
Bacillus_subtilis_168,gene_09dc3b782418,0.45,low,DNA-binding transcription regulator,galactokinase,0
Bacillus_subtilis_168,gene_3658b3fc3495,0.35,low,DNA-binding transcription regulator,acetate Na+-dependent symporter subunit involved in volatile signal for biofilm formation,0
Bacillus_subtilis_168,gene_b0c23c13a6f1,0.35,low,Serine protease,peroxidase converting ferric iron into ferrous iron,0
Bacillus_subtilis_168,gene_ac3fcdba241e,0.35,low,ATP/GTP binding protein,5-(2-hydroxyethyl)-4-methylthiazole kinase,0
Bacillus_subtilis_168,gene_ad51226d97ec,0.35,low,DNA-binding transcription regulator,"transcriptional regulator (LysR family, cidAB expression)",0
Bacillus_subtilis_168,gene_0d966b109d17,0.35,low,Lipoprotein,negative regulator of SacY,0
Bacillus_subtilis_168,gene_91c476460cbf,0.35,low,DNA-binding transcription regulator,6-phospho-beta-glucosidase,0
Bacillus_subtilis_168,gene_d7000887e880,0.35,low,Lipoprotein,negative regulator of sigma-Y activity,0
Bacillus_subtilis_168,gene_091e54f80537,0.35,low,ATP/GTP binding protein,ABC membrane transporter (ATP-binding protein) required for cytochrome bb' function (reductant efflux pump),0
Bacillus_subtilis_168,gene_fbd6bb2278f2,0.35,low,DNA-binding transcription regulator,cytochrome bb' ubiquinol oxidase (subunit II),0
Bacillus_subtilis_168,gene_4d280d48d11c,0.35,low,ATP/GTP binding protein,multiple sugar (maltodextrins) transporter ATP-binding protein,0
Bacillus_subtilis_168,gene_7f71731d916e,0.35,low,DNA-binding transcription regulator,acetoacetyl CoA-transferase (subunit B),0
Bacillus_subtilis_168,gene_45db098f18af,0.35,low,DNA-binding transcription regulator,23S rRNA m(1)G748 methyltransferase (class II),0
Bacillus_subtilis_168,gene_4f48bb9ad1d9,0.35,low,ATP/GTP binding protein,ATP-dependent RNA helicase for 23S ribosomal RNA maturation,0
Bacillus_subtilis_168,gene_f74db643a3a2,0.35,low,Serine protease,penicillin V amidase,0
Bacillus_subtilis_168,gene_d149075cdbb3,0.35,low,Lipoprotein,lipocalin-like lipoprotein,1
Bacillus_subtilis_168,gene_f7f5f8f12495,0.35,low,Lipoprotein,desferrioxamine-and ferrichrome-binding transporter lipoprotein (shuttle system),1
Bacillus_subtilis_168,gene_e3bdb055c14c,0.35,low,Lipoprotein,ABC transporter (permease); efflux of cationic peptides,0
Bacillus_subtilis_168,gene_595885153814,0.45,low,ATP/GTP binding protein,ABC transporter (ATP-binding protein); efflux of cationic peptides,0
Bacillus_subtilis_168,gene_cdc989d06f4b,0.35,low,DNA-binding transcription regulator,two-component sensor histidine kinase [YxdJ],0
Bacillus_subtilis_168,gene_08b667f4b8e6,0.45,low,Serine protease,2-deoxy-5-keto-D-gluconic acid 6-phosphate aldolase,0
Bacillus_subtilis_168,gene_2a0fff8bde13,0.35,low,DNA-binding transcription regulator,integral inner membrane protein involved in response to flavonoids,0
Bacillus_subtilis_168,gene_02d48315c349,0.35,low,DNA-binding transcription regulator,gluconate/proton permease,0
Bacillus_subtilis_168,gene_4db5a4ec58a4,0.35,low,Serine protease,alkyl hydroperoxide reductase (large subunit),0
Bacillus_subtilis_168,gene_52166e18e379,0.35,low,ATP/GTP binding protein,ABC transporter for regulatory peptide LiaD* (ATP-binding protein),0
Bacillus_subtilis_168,gene_16847e43e398,0.35,low,Serine protease,conserved exported protein,0
Bacillus_subtilis_168,gene_84ea2055431c,0.35,low,Lipoprotein,arginase,0
Bacillus_subtilis_168,gene_183e72f44f8e,0.35,low,Serine protease,sporulation membrane serine protease,1
Bacillus_subtilis_168,gene_c36ca9d8aeef,0.35,low,Serine protease,regulator of WalRK(YycFG),0
Bacillus_subtilis_168,gene_b8eeea4f67d1,0.35,low,ATP/GTP binding protein,replicative DNA helicase,0
Bacillus_subtilis_168,gene_693d579cfd4d,0.35,low,Lipoprotein,phosphodiesterase acting on cyclic dinucleotides,0
Bacillus_subtilis_168,gene_cfca0026f8b3,0.35,low,DNA-binding transcription regulator,inorganic pyrophosphatase (Mn2+-dependent),0
Bacillus_subtilis_168,gene_b29444f0c575,0.45,low,Lipoprotein,transcriptional repressor of carbon supply (LacI family),0
Bacillus_subtilis_168,gene_31f7b33e6859,0.35,low,Serine protease,single-strand DNA-binding protein,0
Bacillus_subtilis_168,gene_8a094690a1db,0.35,low,ATP/GTP binding protein,potassium-dependent informational ATPase interacting with 70S ribosome; ROS stress regulator,0
Bacillus_subtilis_168,gene_55d1233592bd,0.35,low,ATP/GTP binding protein,tRNA modification GTPase and tRNA-U34 5-formylation enzyme,0
Bacillus_subtilis_168,gene_45b2d61067d7,0.35,low,ATP/GTP binding protein,SpoIIIJ-associated RNA/ssDNA-binding protein,0
Bacillus_subtilis_168,gene_3556adb7b166,0.35,low,Lipoprotein,Sec-independent factor for membrane protein insertion (YidC/SpoIIIJ family),0
Caulobacter_vibrioides_NA1000,gene_67f8c49a69d9,0.35,low,ATP/GTP binding protein,dephospho-CoA kinase,0
Caulobacter_vibrioides_NA1000,gene_47f6e2cd4fc2,0.45,low,ATP/GTP binding protein,DNA mismatch repair protein MutS,0
Caulobacter_vibrioides_NA1000,gene_db76a0e71624,0.35,low,Serine protease,alkylated DNA repair protein AlkB,0
Caulobacter_vibrioides_NA1000,gene_c0f161c871bd,0.35,low,ATP/GTP binding protein,chromosome replication initiator protein DnaA,0
Caulobacter_vibrioides_NA1000,gene_98d44b48e92f,0.35,low,Lipoprotein,mliC-family lysozyme inhibitor protein,0
Caulobacter_vibrioides_NA1000,gene_a9b8052cf029,0.35,low,DNA-binding transcription regulator,TonB-dependent receptor,0
Caulobacter_vibrioides_NA1000,gene_ecdc846b4a10,0.35,low,Lipoprotein,YcxB-like membrane protein,0
Caulobacter_vibrioides_NA1000,gene_529709eeae32,0.35,low,ATPase,inorganic pyrophosphatase,0
Caulobacter_vibrioides_NA1000,gene_82ead3df51b8,0.35,low,ATP/GTP binding protein,polyribonucleotide nucleotidyltransferase,0
Caulobacter_vibrioides_NA1000,gene_5c34e63c7bd4,0.35,low,ATP/GTP binding protein,phosphate starvation-inducible protein PhoH,0
Caulobacter_vibrioides_NA1000,gene_e63a18912325,0.35,low,Lipoprotein,tRNA 2-methylthioadenosine synthase,0
Caulobacter_vibrioides_NA1000,gene_8703d07a2f8d,0.35,low,Serine protease,Dienelactone hydrolase-family protein,0
Caulobacter_vibrioides_NA1000,gene_a0792a56e616,0.35,low,ATP/GTP binding protein,phosphoglucomutase/phosphomannomutase,0
Caulobacter_vibrioides_NA1000,gene_1e219e6b854f,0.35,low,ATP/GTP binding protein,class 1 lysyl-tRNA synthetase,0
Caulobacter_vibrioides_NA1000,gene_4558b06314d7,0.35,low,Lipoprotein,FtsZ-binding protein FzlC,0
Caulobacter_vibrioides_NA1000,gene_cdbe8947fa06,0.35,low,DNA-binding transcription regulator,gamma-glutamyltranspeptidase,0
Caulobacter_vibrioides_NA1000,gene_7c595ce1be21,0.35,low,Serine protease,TolB protein,0
Caulobacter_vibrioides_NA1000,gene_0a5a09e87a81,0.35,low,DNA-binding transcription regulator,Kup system potassium uptake protein,0
Caulobacter_vibrioides_NA1000,gene_3d5f203b5fe2,0.35,low,ATP/GTP binding protein,magnesium chelatase subunit ChlI-like ATPase,0
Caulobacter_vibrioides_NA1000,gene_44002abbfb8d,0.35,low,DNA-binding transcription regulator,AmpG-family major facilitator transporter,0
Caulobacter_vibrioides_NA1000,gene_98945a50c4e7,0.35,low,DNA-binding transcription regulator,glutathione synthetase,0
Caulobacter_vibrioides_NA1000,gene_d37f1a757e18,0.35,low,Lipoprotein,"glucosamine-fructose-6-phosphate aminotransferase, isomerizing",0
Caulobacter_vibrioides_NA1000,gene_c076f061b054,0.35,low,Lipoprotein,methyl-accepting chemotaxis protein,0
Caulobacter_vibrioides_NA1000,gene_295d6a9c09e7,0.35,low,DNA-binding transcription regulator,ribonuclease PH,0
Caulobacter_vibrioides_NA1000,gene_a846de80c38c,0.35,low,Serine protease,3-hydroxyacyl CoA dehydrogenase,0
Caulobacter_vibrioides_NA1000,gene_5eb3422bb839,0.35,low,Lipoprotein,ribosomal RNA small subunit methyltransferase I,0
Caulobacter_vibrioides_NA1000,gene_9db25bf894af,0.35,low,ATP/GTP binding protein,type II secretion pathway protein E,0
Caulobacter_vibrioides_NA1000,gene_9af2279022a6,0.545,moderate,ATP/GTP binding protein,DNA replication and repair protein recF,0
Caulobacter_vibrioides_NA1000,gene_e1fefe215b4c,0.35,low,Lipoprotein,type II secretion pathway protein N,0
Caulobacter_vibrioides_NA1000,gene_c3d23f4dd96f,0.35,low,Lipoprotein,N-acetylglutamate synthase domain protein,0
Caulobacter_vibrioides_NA1000,gene_456958363d06,0.35,low,Lipoprotein,beta-barrel type 2 porin,0
Caulobacter_vibrioides_NA1000,gene_72e2777db20d,0.35,low,Lipoprotein,outer membrane protein,0
Caulobacter_vibrioides_NA1000,gene_80ebbb4686ba,0.35,low,DNA-binding transcription regulator,type II secretion pathway protein M,0
Caulobacter_vibrioides_NA1000,gene_ad83d14a3a51,0.35,low,DNA-binding transcription regulator,succinyl-CoA:3-ketoacid-coenzyme A transferase subunit B,0
Caulobacter_vibrioides_NA1000,gene_11ade323264f,0.35,low,Serine protease,TonB-dependent receptor,0
Caulobacter_vibrioides_NA1000,gene_f01a19c167c3,0.35,low,ATP/GTP binding protein,thiol-disulfide isomerase and thioredoxin,0
Caulobacter_vibrioides_NA1000,gene_d9b648f0f28f,0.35,low,DNA-binding transcription regulator,thiol:disulfide interchange protein DsbD,0
Caulobacter_vibrioides_NA1000,gene_116f3ae0c7a6,0.35,low,DNA-binding transcription regulator,conserved membrane spanning protein,0
Caulobacter_vibrioides_NA1000,gene_6564d18089f3,0.35,low,Serine protease,two-component response regulator chvI,0
Caulobacter_vibrioides_NA1000,gene_8c83ea4d5080,0.35,low,ATP/GTP binding protein,serine kinase/phosphatase HprK,0
Caulobacter_vibrioides_NA1000,gene_899e3c04c764,0.35,low,ATP/GTP binding protein,DNA polymerase III subunit gamma/tau,0
Caulobacter_vibrioides_NA1000,gene_2c2e130f40ab,0.35,low,Lipoprotein,conserved hypothetical lipoprotein,1
Caulobacter_vibrioides_NA1000,gene_e02050c7fd8b,0.35,low,Lipoprotein,methionyl-tRNA formyltransferase,0
Caulobacter_vibrioides_NA1000,gene_46236ee7aabe,0.35,low,Lipoprotein,phosphate transport system permease protein pstC,0
Caulobacter_vibrioides_NA1000,gene_36ceac3894e8,0.35,low,ATP/GTP binding protein,phosphate transport ATP-binding protein pstB,0
Caulobacter_vibrioides_NA1000,gene_15ec34598e50,0.35,low,ATP/GTP binding protein,phospholipid-lipopolysaccharide ABC transporter,0
Caulobacter_vibrioides_NA1000,gene_2c4f598b639b,0.35,low,DNA-binding transcription regulator,"peptidase, M14 family",0
Caulobacter_vibrioides_NA1000,gene_3d41ea6402a2,0.35,low,ATP/GTP binding protein,CobW-family GTP binding protein ZrpX,1
Caulobacter_vibrioides_NA1000,gene_307804a3f018,0.35,low,DNA-binding transcription regulator,LytTr DNA-binding domain protein,1
Caulobacter_vibrioides_NA1000,gene_5959573c9b13,0.35,low,Serine protease,vegetatible incompatibility protein HET-E-1,0
Caulobacter_vibrioides_NA1000,gene_f439582d36e8,0.35,low,ATP/GTP binding protein,GTP-binding protein CgtA,1
Caulobacter_vibrioides_NA1000,gene_c1cc7abb7226,0.35,low,Lipoprotein,"delta 3,5-delta2,4-dienoyl-CoA isomerase precursor",0
Caulobacter_vibrioides_NA1000,gene_be7ba912f453,0.35,low,Lipoprotein,PAP2 bacterial acid phosphatase,0
Caulobacter_vibrioides_NA1000,gene_aafdf4020196,0.35,low,Lipoprotein,secretory tripeptidyl aminopeptidase,0
Caulobacter_vibrioides_NA1000,gene_d0253ad17a92,0.35,low,ATP/GTP binding protein,primosomal protein N',0
Caulobacter_vibrioides_NA1000,gene_972cea7b6838,0.35,low,Lipoprotein,phosphonates-binding protein,0
Caulobacter_vibrioides_NA1000,gene_fff785cb8a8d,0.35,low,DNA-binding transcription regulator,ATP synthase A chain,0
Caulobacter_vibrioides_NA1000,gene_43151768cc99,0.35,low,Lipoprotein,thiol:disulfide interchange protein dsbA,0
Caulobacter_vibrioides_NA1000,gene_4b4dc064bf79,0.35,low,DNA-binding transcription regulator,"transporter, major facilitator superfamily",0
Caulobacter_vibrioides_NA1000,gene_f4dbaf97d6c0,0.35,low,Lipoprotein,DNA-3-methyladenine glycosylase,0
Caulobacter_vibrioides_NA1000,gene_02a6ca5d42f4,0.35,low,DNA-binding transcription regulator,magnesium and cobalt efflux protein corC-like protein,0
Caulobacter_vibrioides_NA1000,gene_f403dcc41679,0.35,low,ATP/GTP binding protein,chromosome partition protein Smc,0
Caulobacter_vibrioides_NA1000,gene_a98a96ba37cb,0.35,low,Serine protease,esterase lipase Family protein,0
Caulobacter_vibrioides_NA1000,gene_2e1807c02c44,0.35,low,ATP/GTP binding protein,DNA transformation protein tfoX,0
Caulobacter_vibrioides_NA1000,gene_3fd185716b91,0.35,low,Lipoprotein,poly(A) polymerase/tRNA-nucleotidyltransferase,0
Caulobacter_vibrioides_NA1000,gene_8b3e1c6ebe8b,0.35,low,Lipoprotein,acetolactate synthase,0
Caulobacter_vibrioides_NA1000,gene_be4522805493,0.35,low,DNA-binding transcription regulator,aldehyde dehydrogenase,0
Caulobacter_vibrioides_NA1000,gene_439d8f9ade9c,0.35,low,DNA-binding transcription regulator,type 1 capsular polysaccharide biosynthesis protein J,0
Caulobacter_vibrioides_NA1000,gene_e937c3e880eb,0.35,low,DNA-binding transcription regulator,antiporter protein,0
Caulobacter_vibrioides_NA1000,gene_f42a91415170,0.35,low,Lipoprotein,chemotaxis protein cheD,0
Caulobacter_vibrioides_NA1000,gene_13b372b1a9ef,0.35,low,DNA-binding transcription regulator,"PTS system, N-acetylglucosamine-specific IIBC component",0
Caulobacter_vibrioides_NA1000,gene_785924731ac3,0.35,low,ATP/GTP binding protein,glucosamine-6-phosphate deaminase,0
Caulobacter_vibrioides_NA1000,gene_04bea875075d,0.35,low,DNA-binding transcription regulator,amino acid transporter,0
Caulobacter_vibrioides_NA1000,gene_0aa83b4660dd,0.35,low,DNA-binding transcription regulator,GT4 PimA-like glycosyltransferase,0
Caulobacter_vibrioides_NA1000,gene_ca63d69b1260,0.35,low,ATP/GTP binding protein,"bacterial conjugation protein, ATP binding domain trwB",0
Caulobacter_vibrioides_NA1000,gene_7c5c3dcc02e0,0.35,low,Serine protease,methyl-accepting chemotaxis protein,0
Caulobacter_vibrioides_NA1000,gene_2074e6d75e97,0.35,low,Lipoprotein,toxin protein module HipA,0
Caulobacter_vibrioides_NA1000,gene_0e605e66c268,0.35,low,DNA-binding transcription regulator,O-antigen polymerase,0
Caulobacter_vibrioides_NA1000,gene_05efe0307a34,0.35,low,Serine protease,GDP-L-fucose synthase Fcl,0
Caulobacter_vibrioides_NA1000,gene_93657b84b134,0.45,low,DNA-binding transcription regulator,Na+/H+ antiporter nhaA,0
Caulobacter_vibrioides_NA1000,gene_a8d388338bb7,0.35,low,DNA-binding transcription regulator,amino acid efflux permease,0
Caulobacter_vibrioides_NA1000,gene_977741b3cd3a,0.35,low,Lipoprotein,alkaline phosphatase,0
Caulobacter_vibrioides_NA1000,gene_8b03db093e10,0.35,low,Serine protease,TonB-dependent receptor,0
Caulobacter_vibrioides_NA1000,gene_7cad018b4daa,0.35,low,Lipoprotein,NifU/IscU-family protein,0
Caulobacter_vibrioides_NA1000,gene_68109b9f9dce,0.35,low,Lipoprotein,carboxymethylenebutenolidase,0
Caulobacter_vibrioides_NA1000,gene_9ef128443964,0.35,low,DNA-binding transcription regulator,Abi superfamily/CAAX amino terminal protease,0
Caulobacter_vibrioides_NA1000,gene_b3eea3ef3e45,0.35,low,Lipoprotein,secreted polysaccharide polymerase hfsI,0
Caulobacter_vibrioides_NA1000,gene_a17d5c47844b,0.35,low,Lipoprotein,cytochrome b,0
Caulobacter_vibrioides_NA1000,gene_43631973c86c,0.35,low,ATP/GTP binding protein,"GTP-binding protein, probable translation factor",1
Caulobacter_vibrioides_NA1000,gene_5af913496c35,0.35,low,DNA-binding transcription regulator,5-methyltetrahydropteroyltriglutamate-- homocysteine methyltransferase,0
Caulobacter_vibrioides_NA1000,gene_7ba6b632a4ae,0.35,low,Lipoprotein,cupin superfamily protein,0
Caulobacter_vibrioides_NA1000,gene_3a46be8a8bda,0.45,low,Serine protease,nitrogen regulatory protein P-II,0
Caulobacter_vibrioides_NA1000,gene_6d10f32d4add,0.35,low,DNA-binding transcription regulator,SNARE-associated family membrane protein,0
Caulobacter_vibrioides_NA1000,gene_ddaa53491e29,0.35,low,Serine protease,gamma-glutamyltranspeptidase,0
Caulobacter_vibrioides_NA1000,gene_61900f7c5b0b,0.35,low,DNA-binding transcription regulator,"PTS system, N-acetylglucosamine-specific IIBC component",0
Caulobacter_vibrioides_NA1000,gene_19b12c0688ff,0.35,low,ATP/GTP binding protein,alpha-N-acetylglucosaminidase,0
Caulobacter_vibrioides_NA1000,gene_3e8a62e834e2,0.35,low,ATP/GTP binding protein,glucosamine-6-phosphate deaminase,0
Caulobacter_vibrioides_NA1000,gene_95668f298061,0.35,low,Lipoprotein,methionine biosynthesis protein MetW,0
Caulobacter_vibrioides_NA1000,gene_448f2f6520ca,0.35,low,DNA-binding transcription regulator,acyltransferase family protein,0
Caulobacter_vibrioides_NA1000,gene_c833ce9d5092,0.35,low,ATP/GTP binding protein,"alpha-1,2-mannosidase",0
Caulobacter_vibrioides_NA1000,gene_cc54bb594037,0.35,low,ATP/GTP binding protein,family 67 glycosyl hydrolase protein,0
Caulobacter_vibrioides_NA1000,gene_e8e6d4a40f5f,0.35,low,ATP/GTP binding protein,"DNA/RNA endonuclease G, NUC1",0
Caulobacter_vibrioides_NA1000,gene_95b7341849c4,0.35,low,Lipoprotein,FecR family protein,0
Caulobacter_vibrioides_NA1000,gene_f27c840bffee,0.35,low,DNA-binding transcription regulator,SpoIIM-family membrane protein,0
Caulobacter_vibrioides_NA1000,gene_25410c25672f,0.35,low,Lipoprotein,L-asparaginase,0
Caulobacter_vibrioides_NA1000,gene_5e86e464a499,0.35,low,ATP/GTP binding protein,AAA ATPase domain protein,0
Caulobacter_vibrioides_NA1000,gene_fec8d935ca81,0.35,low,DNA-binding transcription regulator,short-chain fatty acids transporter,0
Caulobacter_vibrioides_NA1000,gene_a9e66ff0a5ae,0.35,low,Serine protease,"alpha-1,2-mannosidase",0
Caulobacter_vibrioides_NA1000,gene_fe1149981eec,0.35,low,DNA-binding transcription regulator,chemotaxis histidine kinase protein cheAII,0
Caulobacter_vibrioides_NA1000,gene_ac4c6acc07cc,0.35,low,DNA-binding transcription regulator,FhaB-family exoprotein,0
Caulobacter_vibrioides_NA1000,gene_f73e62e4b301,0.35,low,DNA-binding transcription regulator,receiver domain-glutamate methylesterase CheBII,0
Caulobacter_vibrioides_NA1000,gene_1d1472dfd646,0.35,low,ATP/GTP binding protein,alginate export beta-barrel protein,0
Caulobacter_vibrioides_NA1000,gene_4ec8ce1177fb,0.45,low,ATP/GTP binding protein,nitrate transport ATP-binding protein nrtD,0
Caulobacter_vibrioides_NA1000,gene_4b7d4e31810d,0.35,low,DNA-binding transcription regulator,transposase,0
Caulobacter_vibrioides_NA1000,gene_e54995d72aba,0.35,low,Lipoprotein,type I restriction-modification system specificity subunit,0
Caulobacter_vibrioides_NA1000,gene_4d61379d80c3,0.35,low,DNA-binding transcription regulator,methyl-accepting chemotaxis protein McpK,0
Caulobacter_vibrioides_NA1000,gene_934b5444d6b6,0.35,low,ATP/GTP binding protein,"ABC-type polysaccharide/polyol phosphate transport system, ATPase component",0
Caulobacter_vibrioides_NA1000,gene_9f4e202602ac,0.35,low,Serine protease,C4-dicarboxylate transport protein,0
Caulobacter_vibrioides_NA1000,gene_70beed88d4cb,0.35,low,ATP/GTP binding protein,DEXQ-box helicase domain protein,0
Caulobacter_vibrioides_NA1000,gene_4e3f0b0caf5e,0.35,low,DNA-binding transcription regulator,TonB-dependent receptor,0
Caulobacter_vibrioides_NA1000,gene_eaf29f1c4398,0.35,low,Lipoprotein,beta-barrel assembly machine (BAM) protein BamF,0
Caulobacter_vibrioides_NA1000,gene_8808162ac622,0.35,low,ATPase,lipoprotein signal peptidase,0
Caulobacter_vibrioides_NA1000,gene_aba9ad7c3eff,0.35,low,Serine protease,GumN superfamily protein,0
Caulobacter_vibrioides_NA1000,gene_d79a446aec01,0.35,low,Serine protease,DegQ-family trypsin-like serine prototease,0
Caulobacter_vibrioides_NA1000,gene_4c3966264a2a,0.35,low,Lipoprotein,ADA regulatory protein/O6-methylguanine-DNA,0
Caulobacter_vibrioides_NA1000,gene_e3b38e18b376,0.35,low,Lipoprotein,tetratricopeptide repeat family protein,0
Caulobacter_vibrioides_NA1000,gene_fecba243d5d3,0.35,low,Lipoprotein,tellurium resistance protein terB,0
Caulobacter_vibrioides_NA1000,gene_7017fa159f3b,0.35,low,ATP/GTP binding protein,ferrous iron transport protein B,0
Caulobacter_vibrioides_NA1000,gene_3cf096cb0019,0.35,low,Lipoprotein,TonB-dependent receptor,0
Caulobacter_vibrioides_NA1000,gene_cc91313118cb,0.45,low,ATP/GTP binding protein,GTP-binding protein TypA/BipA,1
Caulobacter_vibrioides_NA1000,gene_cfa98d9863fd,0.35,low,Lipoprotein,tRNA methyltransferase/FAD-dependent oxidoreductase MnmC,0
Caulobacter_vibrioides_NA1000,gene_971c6ff7b9e8,0.35,low,DNA-binding transcription regulator,sphingolipid glycosyltransferase,0
Caulobacter_vibrioides_NA1000,gene_c0fc509f3487,0.35,low,ATP/GTP binding protein,"ABC transporter, ATP-binding protein cydD",0
Caulobacter_vibrioides_NA1000,gene_c97f5c7800e8,0.35,low,DNA-binding transcription regulator,"cytochrome bd-type quinol oxidase, subunit 2 cydB",0
Caulobacter_vibrioides_NA1000,gene_05eb2cc1aec7,0.35,low,ATP/GTP binding protein,GTP-binding protein YihA,1
Caulobacter_vibrioides_NA1000,gene_c765d81b779a,0.35,low,DNA-binding transcription regulator,conserved membrane spanning protein,0
Caulobacter_vibrioides_NA1000,gene_9925c07dd77e,0.35,low,ATP/GTP binding protein,"ABC transporter, ATP-binding protein cydC",0
Caulobacter_vibrioides_NA1000,gene_55670f46a7eb,0.45,low,DNA-binding transcription regulator,"transporter, major facilitator superfamily",0
Caulobacter_vibrioides_NA1000,gene_599837021841,0.35,low,DNA-binding transcription regulator,"lignostilbene-alpha,beta-dioxygenase",0
Caulobacter_vibrioides_NA1000,gene_e4453a42bfaf,0.35,low,Lipoprotein,flavin-binding monooxygenase-related protein,0
Caulobacter_vibrioides_NA1000,gene_fc4aaa56fa53,0.35,low,Serine protease,2-dehydro-3-deoxygalactonokinase,0
Caulobacter_vibrioides_NA1000,gene_b77c3da79764,0.35,low,Lipoprotein,"glucan 1,4-beta-glucosidase",0
Caulobacter_vibrioides_NA1000,gene_9826fe3b02f9,0.35,low,Lipoprotein,L-sorbosone dehydrogenase,0
Caulobacter_vibrioides_NA1000,gene_eb8d025c0b21,0.35,low,ATP/GTP binding protein,cation/multidrug efflux pump acrB2,0
Caulobacter_vibrioides_NA1000,gene_fb6ea636eaec,0.35,low,Lipoprotein,xylonate dehydratase xylD,0
Caulobacter_vibrioides_NA1000,gene_65397bc803d1,0.35,low,ATPase,amidophosphoribosyltransferase family protein,0
Caulobacter_vibrioides_NA1000,gene_41d15ec4bf72,0.35,low,ATP/GTP binding protein,ATP-dependent RNA helicase,0
Caulobacter_vibrioides_NA1000,gene_a352509f343f,0.35,low,ATP/GTP binding protein,ABC transporter ATP-binding protein,1
Caulobacter_vibrioides_NA1000,gene_090f94abccf3,0.35,low,Lipoprotein,MazE-like antitoxin protein,0
Caulobacter_vibrioides_NA1000,gene_e548734bb7c2,0.35,low,Serine protease,poly(3-hydroxyalkanoate) depolymerase,0
Caulobacter_vibrioides_NA1000,gene_eea79a3b715e,0.35,low,Lipoprotein,1-hydroxy-2-methyl-2-(E)-butenyl 4-diphosphate synthase,0
Caulobacter_vibrioides_NA1000,gene_e7f42cdfe8ed,0.35,low,DNA-binding transcription regulator,CHASE4-family GGDEF/EAL protein,0
Caulobacter_vibrioides_NA1000,gene_2d9a41fc37ac,0.35,low,ATP/GTP binding protein,inositol transport ATP-binding protein IatA,0
Caulobacter_vibrioides_NA1000,gene_ea2c20c8b1ad,0.35,low,DNA-binding transcription regulator,"inositol ABC transport system, permease protein IatP",0
Caulobacter_vibrioides_NA1000,gene_509e610730f4,0.35,low,ATP/GTP binding protein,AAA domain ATPase,0
Caulobacter_vibrioides_NA1000,gene_104005b76fe9,0.45,low,ATP/GTP binding protein,ClpB protein,0
Caulobacter_vibrioides_NA1000,gene_6aa9d4ad8b0f,0.35,low,Lipoprotein,sensory box GGDEF/EAL protein,0
Caulobacter_vibrioides_NA1000,gene_11776c919474,0.45,low,DNA-binding transcription regulator,flagellar biosynthesis protein FlhA,0
Caulobacter_vibrioides_NA1000,gene_f612ab32d19a,0.35,low,Serine protease,signal peptide peptidase A,0
Caulobacter_vibrioides_NA1000,gene_4adcf3a12069,0.35,low,Lipoprotein,TonB-dependent outer membrane receptor,0
Caulobacter_vibrioides_NA1000,gene_0abf250c5417,0.35,low,Lipoprotein,"ABC-type transport system involved in lipoprotein release, permease component LolE",1
Caulobacter_vibrioides_NA1000,gene_0981ead94cc1,0.35,low,ATP/GTP binding protein,"ABC-type transport system involved in lipoprotein release, ATPase component LolD",0
Caulobacter_vibrioides_NA1000,gene_d866b3ab3d6b,0.35,low,Lipoprotein,hybrid sensor histidine kinase/receiver protein,0
Caulobacter_vibrioides_NA1000,gene_6f7a0721c1eb,0.35,low,Lipoprotein,phosphinothricin N-acetyltransferase,0
Caulobacter_vibrioides_NA1000,gene_9a99ed28705e,0.35,low,Lipoprotein,protease II PtrB,0
Caulobacter_vibrioides_NA1000,gene_e9b85de4e176,0.35,low,Serine protease,general stress protein 17O,0
Caulobacter_vibrioides_NA1000,gene_22f573936463,0.35,low,Lipoprotein,Selenocysteine lyase/Cysteine desulfurase,0
Caulobacter_vibrioides_NA1000,gene_4d448a8003ce,0.35,low,Lipoprotein,general stress protein 17O,0
Caulobacter_vibrioides_NA1000,gene_e97fb0ebf8b9,0.35,low,Serine protease,"oxidoreductase, GMC family",0
Caulobacter_vibrioides_NA1000,gene_b9936aedc886,0.35,low,Serine protease,histidine ammonia-lyase,0
Caulobacter_vibrioides_NA1000,gene_a00e4cd69d3f,0.35,low,Lipoprotein,imidazolonepropionase,0
Caulobacter_vibrioides_NA1000,gene_eba23fe7072d,0.35,low,ATP/GTP binding protein,cysteinyl-tRNA(Pro) deacylase,0
Caulobacter_vibrioides_NA1000,gene_89a8a9aa58d4,0.35,low,ATP/GTP binding protein,TonB-dependent receptor,0
Caulobacter_vibrioides_NA1000,gene_c37d81b6dbf6,0.35,low,DNA-binding transcription regulator,gamma-glutamyltranspeptidase,0
Caulobacter_vibrioides_NA1000,gene_2ec1a98ce37c,0.35,low,ATP/GTP binding protein,M14 peptidase-family protein,0
Caulobacter_vibrioides_NA1000,gene_d2ed5560689b,0.35,low,DNA-binding transcription regulator,beta-xylosidase/alpha-L-arabinofuranosidase,0
Caulobacter_vibrioides_NA1000,gene_07fc77e182e6,0.35,low,Serine protease,tryptophan halogenase,0
Caulobacter_vibrioides_NA1000,gene_217b460e6ce0,0.35,low,Serine protease,GT1 family glyscosyl transferase,0
Caulobacter_vibrioides_NA1000,gene_593bd7119b39,0.45,low,Serine protease,S-layer protein rsaA,0
Caulobacter_vibrioides_NA1000,gene_f82a49a5dc41,0.45,low,Protein with sugar_transport_1 motif,alpha-ketoglutarate permease,0
Caulobacter_vibrioides_NA1000,gene_b5535acd2938,0.35,low,Lipoprotein,entericidin B-like protein,0
Caulobacter_vibrioides_NA1000,gene_91dfce2b2cf1,0.35,low,Lipoprotein,ACT domain protein,0
Caulobacter_vibrioides_NA1000,gene_ee3fe9fb74be,0.35,low,DNA-binding transcription regulator,phenylalanyl-tRNA synthetase beta chain,0
Caulobacter_vibrioides_NA1000,gene_de3731600893,0.35,low,DNA-binding transcription regulator,phenylalanyl-tRNA synthetase alpha chain,0
Caulobacter_vibrioides_NA1000,gene_8b9a3d6cd753,0.35,low,ATP/GTP binding protein,acylamino-acid-releasing enzyme,0
Caulobacter_vibrioides_NA1000,gene_04623dcb6a73,0.35,low,Serine protease,alpha/beta hydrolase family protein,0
Caulobacter_vibrioides_NA1000,gene_2df38fd2d8ab,0.35,low,DNA-binding transcription regulator,histidine protein kinase DivJ,0
Caulobacter_vibrioides_NA1000,gene_c182e296ea1a,0.35,low,Serine protease,MA superfamily peptidase,0
Caulobacter_vibrioides_NA1000,gene_bbc9814872c5,0.35,low,ATP/GTP binding protein,peptide chain release factor RF-3,0
Caulobacter_vibrioides_NA1000,gene_c256d28c6f7e,0.35,low,DNA-binding transcription regulator,histidinol-phosphate aminotransferase,0
Caulobacter_vibrioides_NA1000,gene_ddc7ddde14d0,0.35,low,DNA-binding transcription regulator,PAS-containing EAL phosphodiesterase,0
Caulobacter_vibrioides_NA1000,gene_86290d77ce15,0.495,low,ATP/GTP binding protein,RecA protein,0
Caulobacter_vibrioides_NA1000,gene_86c9d1331d0b,0.35,low,Lipoprotein,endoribonuclease L-PSP,0
Caulobacter_vibrioides_NA1000,gene_a010112a05b6,0.35,low,Lipoprotein,acetyltransferase,0
Caulobacter_vibrioides_NA1000,gene_9223d6759a17,0.35,low,Serine protease,TonB-dependent outer membrane receptor,0
Caulobacter_vibrioides_NA1000,gene_9943e460fb7b,0.35,low,DNA-binding transcription regulator,AIM24 family protein,0
Caulobacter_vibrioides_NA1000,gene_5a5a4e7fc718,0.35,low,Lipoprotein,uroporphyrin-III C-methyltransferase,0
Caulobacter_vibrioides_NA1000,gene_f10980fecad1,0.35,low,Lipoprotein,"sulfite reductase, beta subunit",0
Caulobacter_vibrioides_NA1000,gene_6a3a7c5fd73a,0.35,low,ATP/GTP binding protein,TonB-dependent receptor,0
Caulobacter_vibrioides_NA1000,gene_ef6f3e10ae15,0.45,low,DNA-binding transcription regulator,"transporter, major facilitator superfamily SucD",0
Caulobacter_vibrioides_NA1000,gene_c011706d6bee,0.35,low,ATP/GTP binding protein,ABC transporter ATP-binding protein,1
Caulobacter_vibrioides_NA1000,gene_5af94ec6fe17,0.35,low,ATP/GTP binding protein,nucleotidyltransferase family protein,0
Caulobacter_vibrioides_NA1000,gene_2c19345bcd2f,0.35,low,Serine protease,YjgP/YjgQ family membrane permease,0
Caulobacter_vibrioides_NA1000,gene_5a64897667d3,0.35,low,Lipoprotein,YjgP/YjgQ family membrane permease,0
Caulobacter_vibrioides_NA1000,gene_a47906a6f29e,0.35,low,Lipoprotein,phosphatidylglycerophosphate synthase,0
Caulobacter_vibrioides_NA1000,gene_e110c0e4e325,0.35,low,ATP/GTP binding protein,sphingosine kinase/diacylglycerol kinase-related protein,0
Caulobacter_vibrioides_NA1000,gene_0b21a7bd9c9a,0.35,low,DNA-binding transcription regulator,NADH-ubiquinone oxidoreductase,0
Caulobacter_vibrioides_NA1000,gene_d74ba3341392,0.35,low,Lipoprotein,pyrimidine utilization protein A,0
Caulobacter_vibrioides_NA1000,gene_12c005e0092f,0.35,low,Lipoprotein,Sulfatase-modifying factor enzyme 1,0
Caulobacter_vibrioides_NA1000,gene_2297a6d7f407,0.35,low,Lipoprotein,amino acid permease,0
Caulobacter_vibrioides_NA1000,gene_e05b7ab865dd,0.35,low,Lipoprotein,23S rRNA methyltransferase,0
Caulobacter_vibrioides_NA1000,gene_6cad19aa47b8,0.35,low,ATP/GTP binding protein,FepC-type transporter protein,0
Caulobacter_vibrioides_NA1000,gene_3a0fdbf1c9b3,0.35,low,Lipoprotein,dihydrodipicolinate synthase,0
Caulobacter_vibrioides_NA1000,gene_ed83c7eb71f6,0.35,low,Lipoprotein,cytochrome c,0
Caulobacter_vibrioides_NA1000,gene_a986bc4347ab,0.35,low,Lipoprotein,piperideine-6-carboxylate dehydrogenase,0
Caulobacter_vibrioides_NA1000,gene_30ea98330339,0.35,low,Lipoprotein,cytochrome c5,0
Caulobacter_vibrioides_NA1000,gene_b9d95bc43a54,0.35,low,ATP/GTP binding protein,glycerol kinase,0
Caulobacter_vibrioides_NA1000,gene_30531ace058f,0.35,low,Lipoprotein,NADP-dependent aldose oxidoreductase,0
Caulobacter_vibrioides_NA1000,gene_3fd1d0cdb456,0.35,low,DNA-binding transcription regulator,"multidrug resistance transporter, Bcr family",0
Caulobacter_vibrioides_NA1000,gene_fa0c22a76421,0.35,low,Lipoprotein,stalk-specific protein X,0
Caulobacter_vibrioides_NA1000,gene_3f20241f9dfd,0.35,low,ATP/GTP binding protein,translation elongation factor Tu (EF-TU),0
Caulobacter_vibrioides_NA1000,gene_88e5444f1f9e,0.35,low,Lipoprotein,acetyltransferase domain protein,0
Caulobacter_vibrioides_NA1000,gene_9acfa143a883,0.35,low,ATP/GTP binding protein,"ABC-type multidrug transport system, ATPase component",0
Caulobacter_vibrioides_NA1000,gene_9710bc33172d,0.45,low,Lipoprotein,ABC2-family membrane transporter,0
Caulobacter_vibrioides_NA1000,gene_891ba700f34c,0.35,low,ATP/GTP binding protein,recombination factor protein RarA,0
Caulobacter_vibrioides_NA1000,gene_8fb9bde2f998,0.45,low,Serine protease,5-dehydro-2-deoxygluconokinase IolC,0
Caulobacter_vibrioides_NA1000,gene_79630c0ffdb0,0.35,low,ATP/GTP binding protein,"Fe-S cluster assembly ABC-type transport system, permease and ATPase components",0
Caulobacter_vibrioides_NA1000,gene_62d21bc262a6,0.35,low,Lipoprotein,electron transfer flavoprotein-ubiquinone oxidoreductase FzeA,0
Caulobacter_vibrioides_NA1000,gene_d70fb2f3b335,0.35,low,Lipoprotein,tetratricopeptide repeat family protein TtpA,0
Caulobacter_vibrioides_NA1000,gene_753509a1b627,0.35,low,DNA-binding transcription regulator,ammonium transporter/methylammonium transporter,0
Caulobacter_vibrioides_NA1000,gene_ba903b4d6365,0.45,low,DNA-binding transcription regulator,CzcO-family flavin monooxygenase,0
Caulobacter_vibrioides_NA1000,gene_b875d5e2147a,0.45,low,Lipoprotein,"acyl-CoA dehydrogenase, short-chain specific",0
Caulobacter_vibrioides_NA1000,gene_46a05fafffe9,0.35,low,Lipoprotein,methyltransferase,0
Caulobacter_vibrioides_NA1000,gene_42c9d64e6e4c,0.35,low,ATP/GTP binding protein,3-oxoacyl-(acyl-carrier-protein) synthase III,0
Caulobacter_vibrioides_NA1000,gene_a6c841051b3e,0.35,low,DNA-binding transcription regulator,LL-diaminopimelate aminotransferase,0
Caulobacter_vibrioides_NA1000,gene_4b753b8d0b91,0.35,low,ATP/GTP binding protein,"fructose-1,6-bisphosphatase, FIG superfamily",0
Caulobacter_vibrioides_NA1000,gene_041a41ebc01a,0.35,low,Serine protease,3-deoxy-7-phosphoheptulonate synthase,0
Caulobacter_vibrioides_NA1000,gene_0a77097e4ac7,0.35,low,Lipoprotein,methyl-accepting chemotaxis protein,0
Caulobacter_vibrioides_NA1000,gene_d90c444aab22,0.35,low,Lipoprotein,CRP-family transcription regulator FtrB,0
Caulobacter_vibrioides_NA1000,gene_71a6ed887b85,0.35,low,DNA-binding transcription regulator,dihydroxyacid dehydratase,0
Caulobacter_vibrioides_NA1000,gene_a2c729375b5d,0.35,low,Lipoprotein,FAD-dependent dehydrogenase,0
Caulobacter_vibrioides_NA1000,gene_46fcf3722844,0.35,low,ATP/GTP binding protein,cystine transport ATP-binding protein,1
Caulobacter_vibrioides_NA1000,gene_dde1607e106c,0.35,low,Lipoprotein,cystine-binding protein,0
Caulobacter_vibrioides_NA1000,gene_01d69934d648,0.35,low,Lipoprotein,C4-dicarboxylate-binding protein,0
Caulobacter_vibrioides_NA1000,gene_8795b7696a13,0.35,low,DNA-binding transcription regulator,C4-dicarboxylate transporter large subunit,0
Caulobacter_vibrioides_NA1000,gene_571fc71f7428,0.35,low,ATPase,universal stress protein family,0
Caulobacter_vibrioides_NA1000,gene_5f424e50a683,0.35,low,ATP/GTP binding protein,ATP-dependent protease subunit,0
Caulobacter_vibrioides_NA1000,gene_41f679d19e59,0.35,low,ATPase,flagellar biosynthesis repressor flbT,0
Caulobacter_vibrioides_NA1000,gene_b5678b896a0f,0.35,low,Serine protease,ice nucleation protein,0
Caulobacter_vibrioides_NA1000,gene_41a7e3dc036c,0.45,low,ATP/GTP binding protein,DEAD-box RNA helicase-like protein,0
Caulobacter_vibrioides_NA1000,gene_631b8c24f228,0.35,low,DNA-binding transcription regulator,"transporter, major facilitator superfamily",0
Caulobacter_vibrioides_NA1000,gene_85ad080e8992,0.35,low,Lipoprotein,D-mannonate oxidoreductase,0
Caulobacter_vibrioides_NA1000,gene_46a2599b81de,0.35,low,DNA-binding transcription regulator,D-galactarate dehydratase/Altronate hydrolase,0
Caulobacter_vibrioides_NA1000,gene_d451341a1310,0.35,low,DNA-binding transcription regulator,2-deoxy-D-gluconate 3-dehydrogenase,0
Caulobacter_vibrioides_NA1000,gene_dafa137a7928,0.35,low,DNA-binding transcription regulator,2-dehydro-3-deoxygluconokinase,0
Caulobacter_vibrioides_NA1000,gene_2a2a5ca60065,0.45,low,ATP/GTP binding protein,phosphoenolpyruvate carboxylase,0
Caulobacter_vibrioides_NA1000,gene_43fbac8ef4a5,0.35,low,Lipoprotein,Helix-turn-helix DNA-binding protein,0
Caulobacter_vibrioides_NA1000,gene_ec9c89d44397,0.35,low,DNA-binding transcription regulator,major facilitator superfamily transporter,0
Caulobacter_vibrioides_NA1000,gene_13963d81a6c6,0.35,low,Lipoprotein,glucose / sorbosone dehydrogenase,0
Caulobacter_vibrioides_NA1000,gene_e21ebbf2377f,0.35,low,Lipoprotein,2-keto-4-pentenoate hydratase family protein,0
Caulobacter_vibrioides_NA1000,gene_762f5a2582ee,0.35,low,ATP/GTP binding protein,"ABC transporter, ATP-binding protein",1
Caulobacter_vibrioides_NA1000,gene_b6b3b7d45667,0.35,low,Serine protease,ABC type-2 transporter,0
Caulobacter_vibrioides_NA1000,gene_88fffc23e878,0.35,low,ATP/GTP binding protein,DNA helicase II,0
Caulobacter_vibrioides_NA1000,gene_429d7194f879,0.35,low,DNA-binding transcription regulator,aspartate aminotransferase,0
Caulobacter_vibrioides_NA1000,gene_ce29db1f450f,0.35,low,Lipoprotein,NADPH-dependent FMN reductase family protein,0
Caulobacter_vibrioides_NA1000,gene_90baa7b45c1d,0.35,low,Serine protease,"cell elongation specific D,D-transpeptidase",0
Caulobacter_vibrioides_NA1000,gene_9879c1f66897,0.35,low,ATP/GTP binding protein,GTP-binding protein Era,1
Caulobacter_vibrioides_NA1000,gene_ef77e4fe46b3,0.35,low,Lipoprotein,alkaline phosphatase,0
Caulobacter_vibrioides_NA1000,gene_3daf8ead30db,0.35,low,Serine protease,topoisomerase IV subunit A,0
Caulobacter_vibrioides_NA1000,gene_e4ea848b2ae6,0.35,low,Lipoprotein,arginine-tRNA-protein transferase,0
Caulobacter_vibrioides_NA1000,gene_7a98626d8a24,0.35,low,Lipoprotein,"transporter, drug/metabolite exporter family",0
Caulobacter_vibrioides_NA1000,gene_b91b1c9c59ed,0.35,low,Lipoprotein,cyclophilin-type peptidylprolyl cis-trans isomerase,0
Caulobacter_vibrioides_NA1000,gene_084a26cc00f8,0.35,low,DNA-binding transcription regulator,endonuclease/exonuclease/phosphatase family protein,0
Caulobacter_vibrioides_NA1000,gene_d802b9fd5158,0.35,low,Serine protease,S-adenosylmethionine:tRNA ribosyltransferase-isomerase,0
Caulobacter_vibrioides_NA1000,gene_87c0ffffc1d2,0.35,low,DNA-binding transcription regulator,queuine tRNA-ribosyltransferase,0
Caulobacter_vibrioides_NA1000,gene_a799a6658e1d,0.35,low,DNA-binding transcription regulator,osmosensitive K+ channel histidine kinase kdpD,0
Caulobacter_vibrioides_NA1000,gene_e9941b7cc3bd,0.35,low,Serine protease,sulfate transport system permease protein cysW,0
Caulobacter_vibrioides_NA1000,gene_6dcf122b572d,0.35,low,ATP/GTP binding protein,sulfate transport ATP-binding protein cysA,0
Caulobacter_vibrioides_NA1000,gene_dfca3f7f2812,0.35,low,DNA-binding transcription regulator,circularly permuted ATP-grasp type 2 protein,0
Caulobacter_vibrioides_NA1000,gene_b5cf6ea0beb4,0.45,low,ATP/GTP binding protein,succinylglutamic semialdehyde dehydrogenase,0
Caulobacter_vibrioides_NA1000,gene_e42ccecb18e6,0.35,low,Lipoprotein,LytT-family response regulator,0
Caulobacter_vibrioides_NA1000,gene_3badb84591c8,0.35,low,DNA-binding transcription regulator,acetyltransferase family protein,0
Caulobacter_vibrioides_NA1000,gene_42491454cb7a,0.35,low,Lipoprotein,exopolyphosphatase GppA,0
Caulobacter_vibrioides_NA1000,gene_802dc9d68003,0.35,low,Serine protease,GMP synthase GuaA,0
Caulobacter_vibrioides_NA1000,gene_eddc225f8b18,0.35,low,DNA-binding transcription regulator,TonB-dependent outer membrane receptor,0
Caulobacter_vibrioides_NA1000,gene_194ba3e84177,0.35,low,DNA-binding transcription regulator,aminobenzoyl-glutamate transport protein,0
Caulobacter_vibrioides_NA1000,gene_d29ce7856249,0.35,low,Lipoprotein,MecR antirepressor / ankyrin repeat family protein,0
Caulobacter_vibrioides_NA1000,gene_a16ff7192eec,0.35,low,ATPase,3-methyl-2-oxobutanoate hydroxymethyltransferase,0
Caulobacter_vibrioides_NA1000,gene_bf16b6e02e54,0.35,low,Lipoprotein,beta-barrel assembly machine (BAM) protein BamB,0
Caulobacter_vibrioides_NA1000,gene_d7c1cede6542,0.35,low,ATP/GTP binding protein,EngA-subfamily GTPase protein,0
Caulobacter_vibrioides_NA1000,gene_acc6f7987fe8,0.35,low,Lipoprotein,"transporter, sodium/bile acid symporter family",0
Caulobacter_vibrioides_NA1000,gene_76f8130c040b,0.35,low,ATP/GTP binding protein,DNA repair protein RadA,0
Caulobacter_vibrioides_NA1000,gene_93b4b6497d10,0.35,low,ATP/GTP binding protein,replicative DNA helicase,0
Caulobacter_vibrioides_NA1000,gene_d33c8aceaf73,0.35,low,DNA-binding transcription regulator,sterol desaturase family protein,0
Caulobacter_vibrioides_NA1000,gene_d224d3302c65,0.35,low,ATP/GTP binding protein,guanylate kinase,0
Caulobacter_vibrioides_NA1000,gene_4648aacbe939,0.35,low,Lipoprotein,peptidyl-prolyl cis-trans isomerase,0
Caulobacter_vibrioides_NA1000,gene_210f7ada094d,0.35,low,Lipoprotein,"peptidase inhibitor, I78 family",0
Caulobacter_vibrioides_NA1000,gene_142793ace47d,0.45,low,ATP/GTP binding protein,ABC transporter ATP-binding protein,1
Caulobacter_vibrioides_NA1000,gene_3eee31afa5f6,0.35,low,DNA-binding transcription regulator,SNARE-associated family membrane protein,0
Caulobacter_vibrioides_NA1000,gene_3d2a8dee0c6d,0.35,low,Serine protease,phosphoribosylformylglycinamidine cyclo-ligase,0
Caulobacter_vibrioides_NA1000,gene_6c99f34613c8,0.35,low,ATP/GTP binding protein,chromosome replication regulator protein HdaA,0
Caulobacter_vibrioides_NA1000,gene_a79f75cea148,0.35,low,Lipoprotein,lysophospholipase L2,0
Caulobacter_vibrioides_NA1000,gene_6393f7272d5f,0.35,low,Lipoprotein,type II toxin-antitoxin system RatA family toxin,0
Caulobacter_vibrioides_NA1000,gene_8f699f361d7c,0.45,low,Serine protease,nitrogen assimilation regulatory protein NtrC,0
Caulobacter_vibrioides_NA1000,gene_536a01a4f956,0.35,low,ATP/GTP binding protein,GTP-binding protein hflX,1
Caulobacter_vibrioides_NA1000,gene_c230c9b9061a,0.35,low,ATP/GTP binding protein,melibiose carrier protein,0
Caulobacter_vibrioides_NA1000,gene_e3b895294e25,0.45,low,ATP/GTP binding protein,vitamin B12 transporter BtuB,0
Caulobacter_vibrioides_NA1000,gene_4421c8689f1d,0.35,low,Lipoprotein,cobyric acid synthase CobQ,0
Caulobacter_vibrioides_NA1000,gene_42c090360b10,0.35,low,Serine protease,TonB-dependent receptor,0
Caulobacter_vibrioides_NA1000,gene_ff94588c37cc,0.35,low,ATP/GTP binding protein,ABC transporter ATP-binding protein,1
Caulobacter_vibrioides_NA1000,gene_ab5f9dbdc5d9,0.35,low,DNA-binding transcription regulator,ABC-type transport permease involved in lysophospholipase L1 biosynthesis,0
Caulobacter_vibrioides_NA1000,gene_63426175dcb9,0.35,low,DNA-binding transcription regulator,quinol cytochrome oxidase polypeptide III,0
Caulobacter_vibrioides_NA1000,gene_bd6f036fade1,0.35,low,DNA-binding transcription regulator,quinol cytochrome oxidase polypeptide I,0
Caulobacter_vibrioides_NA1000,gene_44542b7b55da,0.35,low,Lipoprotein,major facilitator superfamily transporter,0
Caulobacter_vibrioides_NA1000,gene_286b44a94ffc,0.45,low,DNA-binding transcription regulator,TonB-dependent receptor,0
Caulobacter_vibrioides_NA1000,gene_0670c2630f7f,0.35,low,Lipoprotein,outer membrane efflux protein,0
Caulobacter_vibrioides_NA1000,gene_fa3968b1b416,0.35,low,Lipoprotein,periplasmic multidrug efflux lipoprotein precursor,1
Caulobacter_vibrioides_NA1000,gene_b339190eb13f,0.35,low,ATP/GTP binding protein,MFS sugar transporter,0
Caulobacter_vibrioides_NA1000,gene_98e87089d67e,0.35,low,ATP/GTP binding protein,TonB-dependent receptor,0
Caulobacter_vibrioides_NA1000,gene_a1847bc330dd,0.35,low,ATPase,TonB-dependent receptor,0
Caulobacter_vibrioides_NA1000,gene_a7d7fe6869dd,0.35,low,Lipoprotein,enoyl-CoA hydratase/carnithine racemase,0
Caulobacter_vibrioides_NA1000,gene_e535a025417d,0.35,low,Protein with adh_short motif,short chain dehydrogenase,0
Caulobacter_vibrioides_NA1000,gene_8003d7e070a6,0.35,low,Serine protease,FAD-NAD(P)-binding protein,0
Caulobacter_vibrioides_NA1000,gene_0d43009fb2ca,0.35,low,Serine protease,metal-dependent hydrolase,0
Caulobacter_vibrioides_NA1000,gene_ec4dfcc40324,0.35,low,Lipoprotein,RipA-family peptidoglycan hydrolase,0
Caulobacter_vibrioides_NA1000,gene_121b5b657fc3,0.35,low,ATP/GTP binding protein,thymidylate kinase,0
Caulobacter_vibrioides_NA1000,gene_a7596f8fa46a,0.35,low,DNA-binding transcription regulator,"ABC-type transporter, permease component",0
Caulobacter_vibrioides_NA1000,gene_3fc516a2b1f8,0.35,low,Lipoprotein,ABC transporter substrate-binding protein,0
Caulobacter_vibrioides_NA1000,gene_58568e281535,0.45,low,ATP/GTP binding protein,ABC transporter ATP-binding protein,1
Caulobacter_vibrioides_NA1000,gene_3a6a4430e5ca,0.35,low,Lipoprotein,cyclic di-GMP effector protein PopA,0
Caulobacter_vibrioides_NA1000,gene_81be547df8e5,0.35,low,ATP/GTP binding protein,transcription-repair coupling factor Mfd,0
Caulobacter_vibrioides_NA1000,gene_dd9040bf2bcc,0.35,low,Lipoprotein,SAM-dependent methyltransferase,0
Caulobacter_vibrioides_NA1000,gene_fd4e9091d51b,0.35,low,Serine protease,capsular polysaccharide biosynthesis protein,0
Caulobacter_vibrioides_NA1000,gene_dba1232933f4,0.35,low,ATP/GTP binding protein,ATP-dependent RNA helicase RhlB,0
Caulobacter_vibrioides_NA1000,gene_bdadf35c2a9e,0.35,low,ATP/GTP binding protein,coniferyl aldehyde dehydrogenase,0
Caulobacter_vibrioides_NA1000,gene_96696068a9db,0.35,low,ATP/GTP binding protein,enoyl-CoA hydratase,0
Caulobacter_vibrioides_NA1000,gene_6a3dbf47e68a,0.35,low,ATPase,cysteine desulfurase/selenocysteine lyase,0
Caulobacter_vibrioides_NA1000,gene_1825a9fad151,0.35,low,ATP/GTP binding protein,ATP-dependent transporter SufC,0
Caulobacter_vibrioides_NA1000,gene_8388892abc23,0.35,low,ATP/GTP binding protein,cysteine desulfhydrase/Selenocysteine lyase,0
Caulobacter_vibrioides_NA1000,gene_e54ddee623e3,0.35,low,ATP/GTP binding protein,alpha/beta hydrolase family protein,0
Caulobacter_vibrioides_NA1000,gene_3c7ff5041dbc,0.35,low,ATP/GTP binding protein,multimodular transpeptidase-transglycosylase PbpY,0
Caulobacter_vibrioides_NA1000,gene_089fdf3de535,0.35,low,Lipoprotein,leucyl/phenylalanyl-tRNA--protein transferase,0
Caulobacter_vibrioides_NA1000,gene_d27a257e9fd3,0.35,low,ATP/GTP binding protein,triosephosphate isomerase,0
Caulobacter_vibrioides_NA1000,gene_448756ad506a,0.35,low,Lipoprotein,anthranilate phosphoribosyltransferase,0
Caulobacter_vibrioides_NA1000,gene_afa91ae8d4bc,0.35,low,DNA-binding transcription regulator,methyltransferase,0
Caulobacter_vibrioides_NA1000,gene_71bbadd57654,0.35,low,Serine protease,beta-barrel assembly machine (BAM) protein BamA,0
Caulobacter_vibrioides_NA1000,gene_1e69e91ef737,0.45,low,Lipoprotein,HAD/PGPPase-family phosphohydrolase,0
Caulobacter_vibrioides_NA1000,gene_9a56876010f9,0.35,low,ATP/GTP binding protein,lipoprotein releasing system ATP-binding protein lolD,0
Caulobacter_vibrioides_NA1000,gene_598acac0aebc,0.35,low,DNA-binding transcription regulator,Biotin-(acetyl-CoA carboxylase) ligase,0
Caulobacter_vibrioides_NA1000,gene_07e7d1209f15,0.35,low,DNA-binding transcription regulator,NADH-quinone oxidoreductase chain N,0
Caulobacter_vibrioides_NA1000,gene_f5e723f90de6,0.35,low,Protein with 4fe4s_fer_1 motif,NADH-quinone oxidoreductase chain I,0
Caulobacter_vibrioides_NA1000,gene_0f5488c04d8f,0.35,low,Serine protease,NADH-quinone oxidoreductase chain B,0
Caulobacter_vibrioides_NA1000,gene_4dd1f5289db5,0.35,low,Lipoprotein,glycosyltransferase,0
Caulobacter_vibrioides_NA1000,gene_912e10f22262,0.35,low,ATP/GTP binding protein,ATP-dependent endopeptidase Lon,0
Caulobacter_vibrioides_NA1000,gene_c14527c8854c,0.35,low,ATP/GTP binding protein,"ATP-dependent endopeptidase clp, ATP-binding subunit ClpX",0
Caulobacter_vibrioides_NA1000,gene_55387cc53aa7,0.35,low,Serine protease,acetyl-coenzyme A synthetase,0
Caulobacter_vibrioides_NA1000,gene_7b143ef74227,0.35,low,Lipoprotein,imidazolonepropionase related amidohydrolase,0
Caulobacter_vibrioides_NA1000,gene_624861cb7b9a,0.35,low,Serine protease,imidazolonepropionase related amidohydrolase,0
Caulobacter_vibrioides_NA1000,gene_771fa876a782,0.35,low,DNA-binding transcription regulator,"methylmalonyl-CoA carboxylase, carboxyltransferase subunit",0
Caulobacter_vibrioides_NA1000,gene_41f12e2f9d26,0.35,low,ATP/GTP binding protein,ribosomal large subunit pseudouridine synthase C,0
Caulobacter_vibrioides_NA1000,gene_1d737657aaee,0.45,low,ATP/GTP binding protein,DNA repair protein recN,0
Caulobacter_vibrioides_NA1000,gene_49e103a80052,0.35,low,Lipoprotein,beta-barrel assembly machine (BAM) protein BamD,0
Caulobacter_vibrioides_NA1000,gene_5640e1b2e194,0.35,low,ATP/GTP binding protein,acylamino-acid-releasing enzyme,0
Caulobacter_vibrioides_NA1000,gene_29b234196f50,0.35,low,DNA-binding transcription regulator,conserved membrane spanning protein,0
Caulobacter_vibrioides_NA1000,gene_177557e52372,0.35,low,ATP/GTP binding protein,ATP-dependent protease subunit,0
Caulobacter_vibrioides_NA1000,gene_98254e6b3ef1,0.35,low,ATP/GTP binding protein,cell division protein FtsN,0
Caulobacter_vibrioides_NA1000,gene_e99e334abdd5,0.35,low,Lipoprotein,CusF-family protein,0
Caulobacter_vibrioides_NA1000,gene_5de59c0e983e,0.35,low,Lipoprotein,secreted pectate lyase-family protein,0
Caulobacter_vibrioides_NA1000,gene_99cfea2089a9,0.45,low,Lipoprotein,aspartate racemase,0
Caulobacter_vibrioides_NA1000,gene_fb6475e2dfc3,0.35,low,ATP/GTP binding protein,"ATP-dependent helicase, dinG family",0
Caulobacter_vibrioides_NA1000,gene_ca88c149abc9,0.35,low,ATP/GTP binding protein,ligase-associated DNA damage response DEXH box helicase,0
Caulobacter_vibrioides_NA1000,gene_a9a9179a6f1b,0.35,low,Lipoprotein,flagellar L-ring protein flgH,0
Caulobacter_vibrioides_NA1000,gene_24b2053845c6,0.35,low,Serine protease,calcium-binding RTX toxin-related protein,0
Caulobacter_vibrioides_NA1000,gene_db19cdc21438,0.35,low,DNA-binding transcription regulator,glutamate dehydrogenase/leucine dehydrogenase,0
Caulobacter_vibrioides_NA1000,gene_6b2775cc4c27,0.35,low,Lipoprotein,lysophospholipase,0
Caulobacter_vibrioides_NA1000,gene_a39712a24632,0.35,low,Lipoprotein,uracil DNA glycosylase superfamily protein,0
Caulobacter_vibrioides_NA1000,gene_cf7ecf7df3d9,0.35,low,DNA-binding transcription regulator,"ABC-type transporter, permease component",0
Caulobacter_vibrioides_NA1000,gene_fc03310bb61a,0.35,low,ATP/GTP binding protein,ABC transporter ATP-binding protein,1
Caulobacter_vibrioides_NA1000,gene_e156853321ee,0.35,low,ATP/GTP binding protein,iron-sulfur cluster assembly/repair protein ApbC,0
Caulobacter_vibrioides_NA1000,gene_5f006b7cf37a,0.35,low,ATP/GTP binding protein,tRNA delta(2)-isopentenylpyrophosphate transferase,0
Caulobacter_vibrioides_NA1000,gene_1443f28e2634,0.35,low,Lipoprotein,"peptidase, C13 family",0
Caulobacter_vibrioides_NA1000,gene_5aa4608a8984,0.35,low,ATP/GTP binding protein,penicillin-binding protein,0
Caulobacter_vibrioides_NA1000,gene_47b2421199c3,0.45,low,DNA-binding transcription regulator,YccF-family membrane protein,0
Caulobacter_vibrioides_NA1000,gene_93249c28e5df,0.35,low,DNA-binding transcription regulator,RcnB family protein,0
Caulobacter_vibrioides_NA1000,gene_38720964f54c,0.35,low,DNA-binding transcription regulator,zinc ribbon domain protein,0
Caulobacter_vibrioides_NA1000,gene_268f6e7f645b,0.35,low,Lipoprotein,beta-glucosidase,0
Caulobacter_vibrioides_NA1000,gene_a209c9e2df99,0.35,low,Lipoprotein,methylenetetrahydrofolate reductase,0
Caulobacter_vibrioides_NA1000,gene_ad70491f2d04,0.35,low,Lipoprotein,ArsR family/SAM-dependent transcriptional regulator,0
Caulobacter_vibrioides_NA1000,gene_fa4e3121600c,0.35,low,Lipoprotein,Hydroxy(phenyl)pyruvate reductase,0
Caulobacter_vibrioides_NA1000,gene_bbe62cfdb58e,0.45,low,ATP/GTP binding protein,ABC transporter ATP-binding protein,1
Caulobacter_vibrioides_NA1000,gene_8b9dbea09347,0.35,low,ATP/GTP binding protein,Dipeptidyl aminopeptidase,0
Caulobacter_vibrioides_NA1000,gene_b0193082d972,0.35,low,DNA-binding transcription regulator,aminotransferase class I family protein,0
Caulobacter_vibrioides_NA1000,gene_4b5afff54d79,0.35,low,Lipoprotein,pantoate-beta-alanine ligase,0
Caulobacter_vibrioides_NA1000,gene_72b73b7bb8cd,0.35,low,Lipoprotein,DUF1489 family protein,0
Caulobacter_vibrioides_NA1000,gene_2e58d8c74811,0.35,low,Lipoprotein,methylglutaconyl-CoA hydratase,0
Caulobacter_vibrioides_NA1000,gene_f8dc48d3fa32,0.45,low,Lipoprotein,propionyl-CoA carboxylase biotin-containing subunit,0
Caulobacter_vibrioides_NA1000,gene_4adf1f9f384c,0.35,low,ATP/GTP binding protein,laminin G domain protein,0
Caulobacter_vibrioides_NA1000,gene_c52081a92645,0.35,low,Protein with ef_hand_1 motif,EF-Hand domain protein,1
Caulobacter_vibrioides_NA1000,gene_fe08079dbe36,0.35,low,DNA-binding transcription regulator,DedA family protein,0
Caulobacter_vibrioides_NA1000,gene_b6e86204a13f,0.35,low,Lipoprotein,M1 family metallopeptidase,0
Caulobacter_vibrioides_NA1000,gene_f804f8a475b2,0.35,low,Lipoprotein,HNH endonuclease family protein,0
Caulobacter_vibrioides_NA1000,gene_940e549ce37f,0.35,low,DNA-binding transcription regulator,Acyltransferase 3 family protein,0
Caulobacter_vibrioides_NA1000,gene_6f6241f43671,0.45,low,ATP/GTP binding protein,diaminopimelate decarboxylase,0
Caulobacter_vibrioides_NA1000,gene_37ca194ecab1,0.35,low,ATP/GTP binding protein,hypoxanthine-guanine phosphoribosyltransferase,0
Caulobacter_vibrioides_NA1000,gene_7c1b998e7f7c,0.35,low,Lipoprotein,prephenate/arogenate dehydrogenase family protein,0
Caulobacter_vibrioides_NA1000,gene_b7421c646d42,0.35,low,Protein with ef_hand_1 motif,EF hand domain protein,1
Caulobacter_vibrioides_NA1000,gene_7bb10139724d,0.35,low,Serine protease,alpha/beta hydrolase family protein,0
Caulobacter_vibrioides_NA1000,gene_34afc85d51bc,0.35,low,Serine protease,M23 family peptidoglycan-specific endopeptidase LdpB,0
Caulobacter_vibrioides_NA1000,gene_295fbc0cfd60,0.35,low,Lipoprotein,lysophospholipase L2,0
Caulobacter_vibrioides_NA1000,gene_194f5e22f7e2,0.35,low,Lipoprotein,class I SAM-dependent methyltransferase,0
Caulobacter_vibrioides_NA1000,gene_dc9272f27409,0.35,low,Lipoprotein,pentapeptide repeat-containing protein,0
Caulobacter_vibrioides_NA1000,gene_9bee4015ed58,0.35,low,Lipoprotein,phosphomannomutase/phosphoglucomutase,0
Caulobacter_vibrioides_NA1000,gene_a80bbd3d394b,0.35,low,ATP/GTP binding protein,xanthine dehydrogenase family protein molybdopterin-binding subunit,0
Caulobacter_vibrioides_NA1000,gene_ce18c917c5d7,0.35,low,Lipoprotein,endonuclease III,0
Caulobacter_vibrioides_NA1000,gene_231c18770313,0.35,low,ATP/GTP binding protein,holdfast glycosyl transferase family 2 protein HfsL,0
Caulobacter_vibrioides_NA1000,gene_ab192a143887,0.35,low,DNA-binding transcription regulator,cytoplasmic membrane maltose transporter malY,0
Caulobacter_vibrioides_NA1000,gene_0bad11422fda,0.35,low,ATP/GTP binding protein,glucoamylase,0
Caulobacter_vibrioides_NA1000,gene_b1fe2ed0ffd9,0.35,low,Serine protease,TonB-dependent maltose outer membrane transporter malA,0
Caulobacter_vibrioides_NA1000,gene_03b0c594fedf,0.35,low,Lipoprotein,M23 family membrane peptidase LdpC,0
Caulobacter_vibrioides_NA1000,gene_cb1d81d861a8,0.35,low,ATP/GTP binding protein,very-long-chain acyl-CoA synthetase,0
Caulobacter_vibrioides_NA1000,gene_e48b9b972b94,0.35,low,DNA-binding transcription regulator,O-antigen ligase related enzyme,0
Caulobacter_vibrioides_NA1000,gene_43b650e6489a,0.35,low,Lipoprotein,phosphoglycolate phosphatase,0
Caulobacter_vibrioides_NA1000,gene_a0f8a91aa9b5,0.35,low,DNA-binding transcription regulator,"transporter, major facilitator superfamily",0
Caulobacter_vibrioides_NA1000,gene_f2321c68752b,0.35,low,ATP/GTP binding protein,ABC transporter ATP-binding protein,1
Caulobacter_vibrioides_NA1000,gene_b1ea5b4bf809,0.35,low,Lipoprotein,membrane integrity-associated transporter subunit PqiC,0
Caulobacter_vibrioides_NA1000,gene_b650e35c2487,0.35,low,DNA-binding transcription regulator,hybrid sensor histidine kinase/receiver protein,0
Caulobacter_vibrioides_NA1000,gene_33e5ca3ef952,0.35,low,Lipoprotein,DadA-related amino acid oxidase,0
Caulobacter_vibrioides_NA1000,gene_80b17fa4b6b4,0.35,low,Lipoprotein,uracil DNA glycosylase superfamily protein,0
Caulobacter_vibrioides_NA1000,gene_185bc38c4251,0.35,low,Lipoprotein,NCS1 family nucleobase:cation symporter-1,0
Caulobacter_vibrioides_NA1000,gene_119f577d4af3,0.35,low,Serine protease,NAD(P)-dependent alcohol dehydrogenase,0
Caulobacter_vibrioides_NA1000,gene_6b579bbedc43,0.35,low,Serine protease,cellulase family glycosylhydrolase,0
Caulobacter_vibrioides_NA1000,gene_7186485648d3,0.35,low,Serine protease,PspA/IM30 family regulatory protein,0
Caulobacter_vibrioides_NA1000,gene_08ae43607283,0.35,low,Lipoprotein,DUF1190 domain-containing protein,0
Caulobacter_vibrioides_NA1000,gene_ff523fc3e108,0.35,low,DNA-binding transcription regulator,DUF4112 domain-containing protein,0
Caulobacter_vibrioides_NA1000,gene_0a161b78235c,0.35,low,Lipoprotein,cobalt-zinc-cadmium resistance protein czcB,0
Caulobacter_vibrioides_NA1000,gene_54b9a08a0d2e,0.35,low,DNA-binding transcription regulator,cobalt-zinc-cadmium resistance protein czcA,0
Caulobacter_vibrioides_NA1000,gene_1aa557abd969,0.35,low,Serine protease,TonB-dependent receptor,0
Caulobacter_vibrioides_NA1000,gene_ddb7e81b5ee0,0.35,low,Lipoprotein,4-hydroxybenzoate 3-monooxygenase,0
Caulobacter_vibrioides_NA1000,gene_b1e611b61146,0.35,low,ATP/GTP binding protein,"type IV secretory pathway, VirB4 ATPase",0
Caulobacter_vibrioides_NA1000,gene_892cba1655d3,0.35,low,ATP/GTP binding protein,"type IV secretory pathway, VirB11 ATPase",0
Caulobacter_vibrioides_NA1000,gene_9387cdeaccc9,0.35,low,ATPase,glycosyltransferase hfsG,0
Caulobacter_vibrioides_NA1000,gene_496182ba4b3b,0.35,low,Serine protease,aspartyl/glutamyl-tRNA(Asn/Gln) amidotransferase subunit A,0
Caulobacter_vibrioides_NA1000,gene_bf7fd5efd180,0.45,low,ATP/GTP binding protein,ATP-dependent clp protease ATP-binding subunit ClpA,0
Caulobacter_vibrioides_NA1000,gene_056b99d4c1e0,0.35,low,Lipoprotein,stalk cross-band protein StpC,0
Caulobacter_vibrioides_NA1000,gene_593281051af4,0.35,low,Lipoprotein,stalk cross-band protein StpA,0
Caulobacter_vibrioides_NA1000,gene_a32b90377fa8,0.35,low,Lipoprotein,"acyl-CoA dehydrogenase, short-chain specific",0
Caulobacter_vibrioides_NA1000,gene_6f86ccec019c,0.35,low,ATP/GTP binding protein,methylmalonyl Co-A mutase-associated GTPase,0
Caulobacter_vibrioides_NA1000,gene_557c05e8429c,0.35,low,DNA-binding transcription regulator,major facilitator superfamily transporter,0
Caulobacter_vibrioides_NA1000,gene_cca104bd25a8,0.35,low,Lipoprotein,stomatin/prohibitin-related protein,0
Caulobacter_vibrioides_NA1000,gene_449474086e9c,0.45,low,Lipoprotein,AsnC-family transcriptional regulator,0
Caulobacter_vibrioides_NA1000,gene_60e3b5e682ff,0.35,low,Lipoprotein,CAAX amino terminal protease family,0
Caulobacter_vibrioides_NA1000,gene_4582d7bca9c8,0.35,low,Serine protease,M61 glycyl aminopeptidase,0
Caulobacter_vibrioides_NA1000,gene_1778b6daaae0,0.45,low,DNA-binding transcription regulator,D-alanine--D-alanine ligase,0
Caulobacter_vibrioides_NA1000,gene_9caa4a4b07ab,0.35,low,Serine protease,undecaprenyldiphospho-muramoylpentapeptide beta-N-acetylglucosaminyltransferase,0
Caulobacter_vibrioides_NA1000,gene_d05000c2547b,0.35,low,Lipoprotein,membrane-bound glycosyl hydrolase,0
Caulobacter_vibrioides_NA1000,gene_1be050fdad36,0.35,low,DNA-binding transcription regulator,CLC voltage-gated chloride channel,0
Caulobacter_vibrioides_NA1000,gene_ab244aa17fd7,0.35,low,ATP/GTP binding protein,penicillin-binding protein FtsI,0
Caulobacter_vibrioides_NA1000,gene_cb028beafa74,0.35,low,Lipoprotein,alpha/beta hydrolase family protein,0
Caulobacter_vibrioides_NA1000,gene_87b32a8ea70c,0.35,low,DNA-binding transcription regulator,drug/metabolite transporter (DMT) family protein,0
Caulobacter_vibrioides_NA1000,gene_8339c9f3648f,0.35,low,Serine protease,NAD(P)/FAD-dependent oxidoreductase,0
Caulobacter_vibrioides_NA1000,gene_406a20ea3abf,0.35,low,Serine protease,flagellar P-ring protein FlgI,0
Caulobacter_vibrioides_NA1000,gene_f589931b48ae,0.35,low,DNA-binding transcription regulator,methyltransferase,0
Caulobacter_vibrioides_NA1000,gene_4d6cf922d148,0.45,low,ATP/GTP binding protein,ABC transporter ATP-binding protein,1
Caulobacter_vibrioides_NA1000,gene_e82fa0f9bb39,0.35,low,DNA-binding transcription regulator,conserved transmembrane protein,0
Caulobacter_vibrioides_NA1000,gene_734bd4fd5649,0.35,low,Lipoprotein,serine-pyruvate aminotransferase,0
Caulobacter_vibrioides_NA1000,gene_39372bbf8772,0.35,low,DNA-binding transcription regulator,urate hydroxylase,0
Caulobacter_vibrioides_NA1000,gene_8701636cd2e8,0.35,low,Lipoprotein,YceI-family polyisoprenoid-binding protein,0
Caulobacter_vibrioides_NA1000,gene_a0810fc7fdad,0.35,low,Serine protease,AtzE family amidohydrolase,0
Caulobacter_vibrioides_NA1000,gene_83ca6348ce72,0.5,moderate,Protein with hemolysin_calcium motif,M10 peptidase-related protein,0
Caulobacter_vibrioides_NA1000,gene_f3999a6ab63f,0.35,low,Lipoprotein,nucleoside hydrolase,0
Caulobacter_vibrioides_NA1000,gene_bb544e779bda,0.35,low,Lipoprotein,guanine deaminase,0
Caulobacter_vibrioides_NA1000,gene_d4646fcccd92,0.35,low,DNA-binding transcription regulator,xanthine dehydrogenase large subunit,0
Caulobacter_vibrioides_NA1000,gene_e763f5242155,0.35,low,Lipoprotein,CBS domain containing protein,0
Caulobacter_vibrioides_NA1000,gene_fc80f355225f,0.35,low,DNA-binding transcription regulator,rhomboid family intramembrane serine protease,0
Caulobacter_vibrioides_NA1000,gene_032ea5f1390e,0.35,low,Lipoprotein,holdfast attachment protein HfaB,0
Caulobacter_vibrioides_NA1000,gene_f793bb5b9e47,0.35,low,Serine protease,holdfast attachment protein HfaA,0
Caulobacter_vibrioides_NA1000,gene_4760738e1d12,0.35,low,Lipoprotein,ABC transporter substrate-binding protein,0
Caulobacter_vibrioides_NA1000,gene_5a813a33493d,0.35,low,ATP/GTP binding protein,ABC transporter ATP-binding protein,1
Caulobacter_vibrioides_NA1000,gene_1196466cf10c,0.45,low,ATP/GTP binding protein,ABC-F family ATP-binding cassette domain-containing protein,1
Caulobacter_vibrioides_NA1000,gene_935ebdca82df,0.35,low,Lipoprotein,ABC transporter ATP-binding protein,0
Caulobacter_vibrioides_NA1000,gene_14952e76a9e0,0.35,low,Lipoprotein,holdfast attachment protein HfaE,0
Caulobacter_vibrioides_NA1000,gene_087f40b507bd,0.45,low,Lipoprotein,"peptidase, M16 family",0
Caulobacter_vibrioides_NA1000,gene_441b3c0b6132,0.35,low,ATP/GTP binding protein,choline dehydrogenase,0
Caulobacter_vibrioides_NA1000,gene_7f91eca8ed2b,0.35,low,ATP/GTP binding protein,PhoH family protein,0
Caulobacter_vibrioides_NA1000,gene_35ee41b8f1c6,0.35,low,Lipoprotein,glutathione S-transferase,0
Caulobacter_vibrioides_NA1000,gene_807d525c7de2,0.35,low,DNA-binding transcription regulator,oligopeptide transporter,0
Caulobacter_vibrioides_NA1000,gene_f9d099b456a0,0.35,low,DNA-binding transcription regulator,Rve-family integrase core domain protein,0
Caulobacter_vibrioides_NA1000,gene_9093c99199fa,0.35,low,Lipoprotein,ABC transporter substrate-binding protein,0
Caulobacter_vibrioides_NA1000,gene_137823531057,0.35,low,Lipoprotein,GAF/PAS-family histidine kinase/receiver protein,0
Caulobacter_vibrioides_NA1000,gene_4959f6980532,0.45,low,ATP/GTP binding protein,ABC transporter ATP-binding protein,1
Caulobacter_vibrioides_NA1000,gene_6c2c2bab7286,0.35,low,DNA-binding transcription regulator,conjugal transfer protein TrbI,0
Caulobacter_vibrioides_NA1000,gene_681640ce386b,0.35,low,Lipoprotein,conjugal transfer protein TrbG,0
Caulobacter_vibrioides_NA1000,gene_511c10ede52a,0.35,low,ATP/GTP binding protein,methyl-accepting chemotaxis protein,0
Caulobacter_vibrioides_NA1000,gene_68505b465e3a,0.35,low,Lipoprotein,cobyric acid synthase CobQ,0
Caulobacter_vibrioides_NA1000,gene_84cc5962c26e,0.35,low,Serine protease,TonB-dependent outer membrane receptor,0
Caulobacter_vibrioides_NA1000,gene_ee4001f96260,0.35,low,Lipoprotein,HTH transcriptional regulator,0
Caulobacter_vibrioides_NA1000,gene_af2b0a86db8b,0.35,low,DNA-binding transcription regulator,CusA/CzcA family heavy metal efflux RND transporter,0
Caulobacter_vibrioides_NA1000,gene_89651d461236,0.45,low,DNA-binding transcription regulator,heavy metal translocating P-type ATPase,0
Caulobacter_vibrioides_NA1000,gene_28d3eab26bf7,0.35,low,DNA-binding transcription regulator,transposase,0
Caulobacter_vibrioides_NA1000,gene_08794bd212f1,0.45,low,Protein with ef_hand_1 motif,EF hand domain protein,1
Caulobacter_vibrioides_NA1000,gene_1b4dc7175fd7,0.35,low,Lipoprotein,MecR1 antirepressor protein,0
Caulobacter_vibrioides_NA1000,gene_192b17f74038,0.35,low,Serine protease,DegP/HtrA-family serine protease,1
Caulobacter_vibrioides_NA1000,gene_bec3098058e0,0.35,low,DNA-binding transcription regulator,heme chaperone-apocytochrome heme-lyase,0
Caulobacter_vibrioides_NA1000,gene_7a7ab017440b,0.35,low,Lipoprotein,phage-derived conserved hypothetical protein,0
Caulobacter_vibrioides_NA1000,gene_797fab6743ca,0.35,low,Lipoprotein,GTA-gp10 phage tail tube protein,0
Caulobacter_vibrioides_NA1000,gene_02c62633021f,0.35,low,ATP/GTP binding protein,terminase-like family protein,0
Caulobacter_vibrioides_NA1000,gene_dbf5cd416370,0.45,low,Lipoprotein,oxoglutarate semialdehyde dehydrogenase,0
Caulobacter_vibrioides_NA1000,gene_9d2f1b1418fa,0.35,low,Serine protease,tryptophan halogenase,0
Caulobacter_vibrioides_NA1000,gene_cae67baefd4d,0.35,low,Serine protease,tryptophan halogenase,0
Caulobacter_vibrioides_NA1000,gene_38dd2494f2ca,0.35,low,Lipoprotein,methyl-accepting chemotaxis protein,0
Caulobacter_vibrioides_NA1000,gene_e0be4f8c577e,0.35,low,DNA-binding transcription regulator,acyltransferase family protein,0
Caulobacter_vibrioides_NA1000,gene_6f56e256754d,0.35,low,Lipoprotein,TldD/PmbA family protein,0
Caulobacter_vibrioides_NA1000,gene_3e645f49c0f1,0.45,low,Serine protease,SDR family oxidoreductase,0
Caulobacter_vibrioides_NA1000,gene_0159d7096736,0.35,low,Lipoprotein,alcohol dehydrogenase catalytic domain-containing protein,0
Caulobacter_vibrioides_NA1000,gene_f09afedfa867,0.35,low,DNA-binding transcription regulator,DUF998 domain-containing protein,0
Caulobacter_vibrioides_NA1000,gene_d410b9869678,0.35,low,ATP/GTP binding protein,glutathione S-transferase,0
Caulobacter_vibrioides_NA1000,gene_83472196a1c5,0.35,low,Lipoprotein,outer membrane protein A,0
Caulobacter_vibrioides_NA1000,gene_7696efdb6376,0.35,low,ATP/GTP binding protein,mitochondrial fission ELM1 family protein,0
Caulobacter_vibrioides_NA1000,gene_0f4a3c430f39,0.45,low,Serine protease,SDR family NAD(P)-dependent oxidoreductase,0
Caulobacter_vibrioides_NA1000,gene_0307904909ec,0.35,low,DNA-binding transcription regulator,rhodanese-related sulfurtransferase,0
Caulobacter_vibrioides_NA1000,gene_d27845b75eac,0.35,low,Lipoprotein,thioredoxin-disulfide reductase,0
Caulobacter_vibrioides_NA1000,gene_3d067f855726,0.35,low,Serine protease,PAS-family sensor histidine kinase,0
Caulobacter_vibrioides_NA1000,gene_10ad89a71ba5,0.35,low,Lipoprotein,two-component sensor histidine kinase,0
Caulobacter_vibrioides_NA1000,gene_f676bf599155,0.35,low,DNA-binding transcription regulator,GtrA family protein,0
Caulobacter_vibrioides_NA1000,gene_d42f0aef91b6,0.35,low,DNA-binding transcription regulator,glycosyltransferase family 2 protein,0
Caulobacter_vibrioides_NA1000,gene_db9c60db1b60,0.35,low,Protein with cpsase_2 motif,carbamoyl-phosphate synthase large chain,0
Caulobacter_vibrioides_NA1000,gene_1e06cbd06ff6,0.35,low,Lipoprotein,patatin family phospholipase domain protein,0
Caulobacter_vibrioides_NA1000,gene_bbce3fa3a478,0.35,low,DNA-binding transcription regulator,two component sensor histidine kinase,0
Caulobacter_vibrioides_NA1000,gene_df227dc978ce,0.35,low,ATP/GTP binding protein,nucleoside/nucleotide kinase,0
Caulobacter_vibrioides_NA1000,gene_12813ef385df,0.35,low,Lipoprotein,nicotinate-nucleotide pyrophosphorylase,0
Caulobacter_vibrioides_NA1000,gene_e21c472dd853,0.35,low,Serine protease,alkyl hydroperoxide reductase subunit F,0
Caulobacter_vibrioides_NA1000,gene_82ae6bca31e7,0.35,low,ATP/GTP binding protein,PiuB-family transmembrane transporter,0
Caulobacter_vibrioides_NA1000,gene_3d8b44af4872,0.35,low,DNA-binding transcription regulator,cytochrome c2,0
Caulobacter_vibrioides_NA1000,gene_53992d2a13ad,0.35,low,DNA-binding transcription regulator,TadC-related pilus assembly protein CpaH,0
Caulobacter_vibrioides_NA1000,gene_2d0c0c7989d1,0.35,low,Lipoprotein,TadB-related pilus assembly protein CpaG,0
Caulobacter_vibrioides_NA1000,gene_2d30c33affc3,0.35,low,ATP/GTP binding protein,pilus assembly ATPase CpaF,0
Caulobacter_vibrioides_NA1000,gene_4ab86155f234,0.35,low,Lipoprotein,pilus assembly protein CpaD,0
Caulobacter_vibrioides_NA1000,gene_baeff7d16455,0.35,low,DNA-binding transcription regulator,MFS transporter,0
Caulobacter_vibrioides_NA1000,gene_74d62e2571d1,0.35,low,Lipoprotein,"SDR family dehydrogenase, group 9",0
Caulobacter_vibrioides_NA1000,gene_89e27822a36f,0.35,low,Lipoprotein,DUF3429 domain-containing protein,0
Caulobacter_vibrioides_NA1000,gene_ef998a541be8,0.35,low,Serine protease,SDR family oxidoreductase,0
Caulobacter_vibrioides_NA1000,gene_b27808ac501d,0.35,low,ATP/GTP binding protein,excinuclease ABC subunit B,0
Caulobacter_vibrioides_NA1000,gene_bd70e13b1879,0.45,low,Lipoprotein,two-component sensor histidine kinase,0
Caulobacter_vibrioides_NA1000,gene_02b9e7f4449d,0.35,low,Lipoprotein,OsmC family protein,0
Caulobacter_vibrioides_NA1000,gene_8ca1ab799690,0.35,low,DNA-binding transcription regulator,citrate lyase beta subunit,0
Caulobacter_vibrioides_NA1000,gene_442bdcd9c339,0.35,low,Serine protease,small-conductance mechanosensitive channel,0
Caulobacter_vibrioides_NA1000,gene_6b6d9287ea70,0.35,low,DNA-binding transcription regulator,aldo/keto reductase family protein,0
Caulobacter_vibrioides_NA1000,gene_0b7f5dd4c132,0.35,low,Serine protease,TonB-dependent receptor,0
Caulobacter_vibrioides_NA1000,gene_3e404e437512,0.35,low,DNA-binding transcription regulator,membrane-associated phospholipid phosphatase,0
Caulobacter_vibrioides_NA1000,gene_f00b9157db87,0.35,low,ATP/GTP binding protein,cobaltochelatase cobS subunit,0
Caulobacter_vibrioides_NA1000,gene_bbb3cc31cca6,0.35,low,Lipoprotein,SdpI family protein,0
Caulobacter_vibrioides_NA1000,gene_485d6aeb7877,0.45,low,Lipoprotein,Zn-dependent alcohol dehydrogenase,0
Caulobacter_vibrioides_NA1000,gene_2463973bf863,0.35,low,DNA-binding transcription regulator,MFS transporter,0
Caulobacter_vibrioides_NA1000,gene_248544e6d035,0.35,low,Lipoprotein,"transporter, drug/metabolite exporter family",0
Caulobacter_vibrioides_NA1000,gene_20dc25649537,0.35,low,DNA-binding transcription regulator,cell cycle response regulator CtrA,0
Caulobacter_vibrioides_NA1000,gene_49858abe8813,0.35,low,ATP/GTP binding protein,flagellar protein export ATPase FliL,0
Caulobacter_vibrioides_NA1000,gene_3699f206f7f5,0.35,low,Lipoprotein,"endo-1,4-beta-xylanase",0
Caulobacter_vibrioides_NA1000,gene_24362586f53b,0.45,low,DNA-binding transcription regulator,dihydroxy-acid dehydratase,0
Caulobacter_vibrioides_NA1000,gene_8b2568196544,0.35,low,Lipoprotein,DNA primase,0
Caulobacter_vibrioides_NA1000,gene_6ff68c569599,0.35,low,DNA-binding transcription regulator,2OG-Fe dioxygenase,0
Caulobacter_vibrioides_NA1000,gene_fc8d6fa2b77b,0.35,low,Lipoprotein,peptidyl-prolyl cis-trans isomerase,0
Caulobacter_vibrioides_NA1000,gene_d92c177e8cc6,0.35,low,Lipoprotein,major facilitator superfamily transporter,0
Caulobacter_vibrioides_NA1000,gene_59e23482279f,0.35,low,Lipoprotein,SH3 domain protein,0
Caulobacter_vibrioides_NA1000,gene_3d3e360b0950,0.35,low,Serine protease,hybrid sensor histidine kinase/receiver domain protein,0
Caulobacter_vibrioides_NA1000,gene_7cf2c14d2799,0.35,low,Serine protease,crotonyl-CoA carboxylase/reductase,0
Caulobacter_vibrioides_NA1000,gene_21532bdb5648,0.35,low,ATP/GTP binding protein,acyl-CoA dehydrogenase,0
Caulobacter_vibrioides_NA1000,gene_a535d525a04b,0.35,low,ATPase,DUF2855 family protein,0
Caulobacter_vibrioides_NA1000,gene_d2627eec11e2,0.35,low,Lipoprotein,PAS-family GGDEF/EAL family protein,0
Caulobacter_vibrioides_NA1000,gene_cf2c80b1a1ad,0.35,low,Serine protease,two-component receiver protein CleD,0
Caulobacter_vibrioides_NA1000,gene_2e23c574bf52,0.45,low,DNA-binding transcription regulator,L-Ala-D/L-Glu racemase,0
Caulobacter_vibrioides_NA1000,gene_a1c688349091,0.35,low,Lipoprotein,ARO8 family aminotransferase/HTH DNA-binding protein,0
Caulobacter_vibrioides_NA1000,gene_e0cdc3fa855b,0.45,low,Lipoprotein,periplasmic multidrug efflux lipoprotein precursor,1
Caulobacter_vibrioides_NA1000,gene_60cc83d3a1d8,0.35,low,Lipoprotein,efflux RND transporter permease subunit,0
Caulobacter_vibrioides_NA1000,gene_add3f5130c30,0.35,low,ATP/GTP binding protein,Metallo-dependent hydrolase,0
Caulobacter_vibrioides_NA1000,gene_20d3777bfe86,0.35,low,ATP/GTP binding protein,TPR repeat sulfotransferase family protein,0
Caulobacter_vibrioides_NA1000,gene_8ff43cfec2d9,0.35,low,ATP/GTP binding protein,spermidine/putrescine transport ATP-binding protein potA,0
Caulobacter_vibrioides_NA1000,gene_d0e98db828e0,0.35,low,Lipoprotein,glutamine synthetase,0
Caulobacter_vibrioides_NA1000,gene_f88cc85a3c9f,0.45,low,DNA-binding transcription regulator,NAD-dependent succinate-semialdehyde dehydrogenase,0
Caulobacter_vibrioides_NA1000,gene_6226cd63643c,0.45,low,Lipoprotein,NADP+-dependent gamma-glutamyl-gamma-aminobutyraldehyde dehydrogenase,0
Caulobacter_vibrioides_NA1000,gene_be43d0cd6503,0.35,low,Serine protease,DUF2332 family protein,0
Caulobacter_vibrioides_NA1000,gene_2bf2cfcbb052,0.35,low,ATPase,beta alanine-pyruvate transaminase,0
Caulobacter_vibrioides_NA1000,gene_b70174d7b03a,0.35,low,Serine protease,TonB-dependent receptor,0
Caulobacter_vibrioides_NA1000,gene_54d7e2971e50,0.35,low,ATPase,WecE-family pyridoxal phosphate-dependent enzyme,0
Caulobacter_vibrioides_NA1000,gene_38e53f9b6151,0.35,low,Lipoprotein,TolC-family outer membrane protein,0
Caulobacter_vibrioides_NA1000,gene_5003cbe5f95b,0.35,low,Lipoprotein,efflux RND transporter periplasmic adaptor subunit,0
Caulobacter_vibrioides_NA1000,gene_c6028af7cafa,0.35,low,ATP/GTP binding protein,translation elongation factor Tu (EF-TU),0
Caulobacter_vibrioides_NA1000,gene_8f23cb8a86da,0.35,low,ATP/GTP binding protein,translation elongation factor G (EF-G),0
Caulobacter_vibrioides_NA1000,gene_f55c72ae381a,0.35,low,Lipoprotein,DNA polymerase III alpha subunit DnaE2/ImuC,0
Caulobacter_vibrioides_NA1000,gene_07b015d0da4c,0.35,low,Lipoprotein,two-component sensor histidine kinase,0
Caulobacter_vibrioides_NA1000,gene_b12e5cce1d4f,0.45,low,ATP/GTP binding protein,cell division protein FtsH,0
Caulobacter_vibrioides_NA1000,gene_7a441e4ef23a,0.35,low,Lipoprotein,peptidoglycan-associated lipoprotein pal,1
Caulobacter_vibrioides_NA1000,gene_7901135c3410,0.35,low,ATP/GTP binding protein,Holliday junction DNA helicase RuvB,0
Caulobacter_vibrioides_NA1000,gene_3807dfacaa8c,0.35,low,Serine protease,N-acyl-L-amino acid amidohydrolase,0
Caulobacter_vibrioides_NA1000,gene_6a8c9dd0b5f4,0.35,low,Lipoprotein,Dipeptidyl aminopeptidase/acylaminoacyl peptidase,0
Caulobacter_vibrioides_NA1000,gene_a0a0beb6a688,0.35,low,Lipoprotein,DUF1109 domain-containing protein,0
Caulobacter_vibrioides_NA1000,gene_cd2757aa0ee3,0.35,low,DNA-binding transcription regulator,Anti-sigmaF factor NrsF,0
Caulobacter_vibrioides_NA1000,gene_2b322a4a7631,0.5,moderate,Serine protease,fructose-bisphosphate aldolase class II,0
Caulobacter_vibrioides_NA1000,gene_b5f93a946848,0.45,low,ATP/GTP binding protein,ABC transporter ATP-binding protein/permease,0
Caulobacter_vibrioides_NA1000,gene_1c3d667aeca2,0.35,low,ATP/GTP binding protein,multimodular transpeptidase-transglycosylase PbpC,0
Caulobacter_vibrioides_NA1000,gene_c5f98444a94f,0.35,low,ATP/GTP binding protein,ABC transporter ATP-binding cassette domain protein,0
Caulobacter_vibrioides_NA1000,gene_bfd16f4ef19c,0.35,low,ATP/GTP binding protein,RNA polymerase-associated protein TrcR,0
Caulobacter_vibrioides_NA1000,gene_6ace845bc85d,0.35,low,DNA-binding transcription regulator,ABC transporter permease,0
Caulobacter_vibrioides_NA1000,gene_1166990a4d0c,0.35,low,ATP/GTP binding protein,ABC transporter ATP-binding protein,1
Caulobacter_vibrioides_NA1000,gene_0259ad1ca30a,0.35,low,Serine protease,NAD(P)(+) transhydrogenase (Re/Si-specific) subunit beta,0
Caulobacter_vibrioides_NA1000,gene_237c48a0bb9d,0.35,low,DNA-binding transcription regulator,NAD(P) transhydrogenase subunit alpha,0
Caulobacter_vibrioides_NA1000,gene_819c84f432da,0.35,low,Lipoprotein,glycosyltransferase family 9 protein,0
Caulobacter_vibrioides_NA1000,gene_e0a8fbe5fd9f,0.35,low,DNA-binding transcription regulator,M3 family oligoendopeptidase,0
Caulobacter_vibrioides_NA1000,gene_af4231071637,0.45,low,Serine protease,AAA-family response regulator tacA,0
Caulobacter_vibrioides_NA1000,gene_d557fab9f84e,0.35,low,Lipoprotein,membrane-bound lytic murein transglycosylase B,0
Caulobacter_vibrioides_NA1000,gene_b3ba0c88b169,0.35,low,Lipoprotein,YdiU family protein,0
Caulobacter_vibrioides_NA1000,gene_b76d167065fe,0.35,low,Lipoprotein,feruloyl-CoA synthetase,0
Caulobacter_vibrioides_NA1000,gene_2575e9d7b4b9,0.35,low,DNA-binding transcription regulator,horizontally transferred transmembrane domain (HTTM) protein,0
Caulobacter_vibrioides_NA1000,gene_8f8f0a0c543e,0.35,low,DNA-binding transcription regulator,4-hydroxy-3-methylbut-2-enyl diphosphate reductase,0
Caulobacter_vibrioides_NA1000,gene_6ecba42ae98d,0.35,low,DNA-binding transcription regulator,"SpoVT-AbrB family transcription factor, phd antitoxin",0
Caulobacter_vibrioides_NA1000,gene_a5fb429c9dd8,0.35,low,DNA-binding transcription regulator,homoserine kinase,0
Caulobacter_vibrioides_NA1000,gene_2db15d03ec3f,0.35,low,Protein with hth_arac_family_1 motif,transcriptional regulator FtrA,0
Caulobacter_vibrioides_NA1000,gene_1ab80f72036a,0.35,low,ATP/GTP binding protein,ABC transporter ATP-binding protein,1
Caulobacter_vibrioides_NA1000,gene_c3b848aeec25,0.35,low,DNA-binding transcription regulator,cytochrome c oxidase polypeptide I coxA,0
Caulobacter_vibrioides_NA1000,gene_0ea9cdfffb3d,0.35,low,ATP/GTP binding protein,Zn-dependent protease TldD,0
Caulobacter_vibrioides_NA1000,gene_81a5d9f46ae4,0.35,low,Lipoprotein,4-hydroxybenzoate polyprenyltransferase,0
Caulobacter_vibrioides_NA1000,gene_53b884b50b4b,0.35,low,DNA-binding transcription regulator,fatty acid desaturase,0
Caulobacter_vibrioides_NA1000,gene_1ce05dba5acc,0.35,low,Lipoprotein,rRNA large subunit methyltransferase,0
Caulobacter_vibrioides_NA1000,gene_3b613b619a77,0.35,low,ATP/GTP binding protein,S41 family peptidase,0
Caulobacter_vibrioides_NA1000,gene_2394c58b5be4,0.35,low,ATP/GTP binding protein,ATP synthase beta chain,0
Caulobacter_vibrioides_NA1000,gene_8e14d71b261f,0.35,low,ATP/GTP binding protein,ATP synthase alpha chain,0
Caulobacter_vibrioides_NA1000,gene_32f9f6a9abc2,0.35,low,Lipoprotein,LemA family protein,0
Caulobacter_vibrioides_NA1000,gene_db6005799c8a,0.35,low,Lipoprotein,CAAX amino terminal protease family,0
Caulobacter_vibrioides_NA1000,gene_626f341d5830,0.45,low,Lipoprotein,acetyl-CoA C-acyltransferase,0
Caulobacter_vibrioides_NA1000,gene_7c3d587c1f77,0.35,low,Lipoprotein,entericidin A/B family lipoprotein,1
Caulobacter_vibrioides_NA1000,gene_c8271831afa8,0.35,low,Serine protease,anti-anti sigma factor/receiver protein PhyR,0
Caulobacter_vibrioides_NA1000,gene_ad84e59eb399,0.35,low,Lipoprotein,cation:proton antiporter,0
Caulobacter_vibrioides_NA1000,gene_42ab8e0e3999,0.35,low,Lipoprotein,PiuB-related membrane protein,0
Caulobacter_vibrioides_NA1000,gene_8deb24e3f163,0.35,low,Lipoprotein,SCO1/SenC family protein,0
Caulobacter_vibrioides_NA1000,gene_27bbfd65fea4,0.35,low,Lipoprotein,AraC-family transcriptional regulator,0
Caulobacter_vibrioides_NA1000,gene_16c951d1ef14,0.35,low,Lipoprotein,MecR1 antirepressor protein,0
Caulobacter_vibrioides_NA1000,gene_d5e5103380d1,0.35,low,Lipoprotein,phenylpropionate dioxygenase ferredoxin reductase subunit,0
Caulobacter_vibrioides_NA1000,gene_30bcb80b0498,0.35,low,DNA-binding transcription regulator,succinate dehydrogenase cytochrome b556 subunit,0
Caulobacter_vibrioides_NA1000,gene_463fb5fedcd2,0.35,low,ATP/GTP binding protein,cell division protein ZapE,0
Caulobacter_vibrioides_NA1000,gene_bf339b4d66aa,0.35,low,ATP/GTP binding protein,tRNA A37 threonylcarbamoyladenosine biosynthesis protein,0
Caulobacter_vibrioides_NA1000,gene_23211faa79fe,0.35,low,Lipoprotein,tryptophan synthase beta chain,0
Caulobacter_vibrioides_NA1000,gene_02466cfd7a83,0.35,low,Lipoprotein,PAS-family sensor histidine kinase SkaH,0
Caulobacter_vibrioides_NA1000,gene_16e2f0e15a44,0.35,low,Lipoprotein,DUF4142 domain-containing protein,0
Caulobacter_vibrioides_NA1000,gene_fd8bfe144b3a,0.45,low,ATP/GTP binding protein,ABC transporter ATP-binding protein,1
Caulobacter_vibrioides_NA1000,gene_5d0d31cc1e7a,0.35,low,Lipoprotein,maleylpyruvate isomerase,0
Caulobacter_vibrioides_NA1000,gene_44b53b6281a5,0.45,low,Lipoprotein,carbonic anhydrase,0
Caulobacter_vibrioides_NA1000,gene_c4254ac567c8,0.45,low,ATP/GTP binding protein,"peptidase, M16 family",0
Caulobacter_vibrioides_NA1000,gene_f5598f6c2f54,0.35,low,DNA-binding transcription regulator,Hsp20 family protein,0
Caulobacter_vibrioides_NA1000,gene_2101860401cb,0.35,low,ATP/GTP binding protein,LPS export ABC transporter ATP-binding protein,0
Caulobacter_vibrioides_NA1000,gene_f32642220d71,0.35,low,Serine protease,OstA-like protein,0
Caulobacter_vibrioides_NA1000,gene_a7b78d91a54a,0.35,low,DNA-binding transcription regulator,ribonuclease D,0
Caulobacter_vibrioides_NA1000,gene_76322c94a7cc,0.35,low,ATP/GTP binding protein,"dTDP-4-amino-4,6-dideoxygalactose transaminase, WecE family",0
Caulobacter_vibrioides_NA1000,gene_37990946e334,0.35,low,Lipoprotein,fructose-6-phosphate aldolase,0
Caulobacter_vibrioides_NA1000,gene_cfac5e06b03d,0.35,low,ATP/GTP binding protein,glutamine-dependent NAD synthetase,0
Caulobacter_vibrioides_NA1000,gene_b3a019a4ac6a,0.35,low,DNA-binding transcription regulator,transketolase,0
Caulobacter_vibrioides_NA1000,gene_b5daf71723a7,0.35,low,Lipoprotein,alpha/beta hydrolase,0
Caulobacter_vibrioides_NA1000,gene_494a3c136b36,0.35,low,Lipoprotein,threonine dehydratase,0
Caulobacter_vibrioides_NA1000,gene_fbb48682a5ab,0.35,low,Lipoprotein,peptidyl-prolyl cis-trans isomerase,0
Caulobacter_vibrioides_NA1000,gene_6e71586928a2,0.35,low,Lipoprotein,bifunctional D-glycero-D-manno-heptose-7-phosphate 1-kinase/D-glycero-D-manno-heptose-1-phosphate adenylyltransferase,0
Caulobacter_vibrioides_NA1000,gene_591755cb9250,0.35,low,ATP/GTP binding protein,"signal recognition particle GTPase, SRP",0
Caulobacter_vibrioides_NA1000,gene_c16792c1194c,0.45,low,ATP/GTP binding protein,cytochrome c biogenesis ATP-binding export protein CcmA,0
Caulobacter_vibrioides_NA1000,gene_92cb1fe43efc,0.35,low,DNA-binding transcription regulator,DMT family transporter,0
Caulobacter_vibrioides_NA1000,gene_3ce75a838383,0.5,moderate,Lipoprotein,aconitate hydratase,0
Caulobacter_vibrioides_NA1000,gene_bb27b8ec0529,0.45,low,ATP/GTP binding protein,cell division protein FtsY,0
Caulobacter_vibrioides_NA1000,gene_63f985043f63,0.35,low,Lipoprotein,tRNA 2-methylthioadenosine synthase-like protein,0
Caulobacter_vibrioides_NA1000,gene_f2456e9a6c0e,0.35,low,Serine protease,"serine protease, peptidase family S9A",1
Caulobacter_vibrioides_NA1000,gene_381bb05c34bf,0.35,low,ATP/GTP binding protein,organic solvent resistance transport system ATP-binding protein,0
Caulobacter_vibrioides_NA1000,gene_6301de100ffd,0.35,low,Lipoprotein,LysR-family transcriptional regulator OxyR,0
Caulobacter_vibrioides_NA1000,gene_f9ed7707d307,0.35,low,Serine protease,LolA-family outer membrane lipoprotein carrier protein,0
Caulobacter_vibrioides_NA1000,gene_5fef1002288f,0.35,low,Lipoprotein,pyocin large subunit family protein,0
Caulobacter_vibrioides_NA1000,gene_dc300c4efaa6,0.35,low,Lipoprotein,major facilitator superfamily transporter,0
Caulobacter_vibrioides_NA1000,gene_190647f4e002,0.35,low,Lipoprotein,enoyl-(acyl-carrier protein) reductase FabI,0
Caulobacter_vibrioides_NA1000,gene_15a7c290c03a,0.45,low,ATP/GTP binding protein,S9 family peptidase,0
Caulobacter_vibrioides_NA1000,gene_256d1ae5aed7,0.35,low,ATP/GTP binding protein,ATP-dependent endopeptidase hsl ATP-binding subunit HslU,0
Caulobacter_vibrioides_NA1000,gene_d21c0ed38208,0.35,low,DNA-binding transcription regulator,"imidazole glycerol phosphate synthase, glutamine amidotransferase subunit",0
Caulobacter_vibrioides_NA1000,gene_178616d8f782,0.35,low,ATP/GTP binding protein,"imidazole glycerol phosphate synthase, cyclase subunit",0
Caulobacter_vibrioides_NA1000,gene_7a1eca56ce58,0.35,low,Lipoprotein,membrane-bound lytic murein transglycosylase A,0
Caulobacter_vibrioides_NA1000,gene_d92e40297365,0.35,low,Lipoprotein,DUF3576 domain-containing protein,0
Caulobacter_vibrioides_NA1000,gene_36199273d54c,0.35,low,DNA-binding transcription regulator,leucyl-tRNA synthetase,0
Caulobacter_vibrioides_NA1000,gene_5271080f4fdd,0.35,low,Lipoprotein,LptE superfamily protein,0
Caulobacter_vibrioides_NA1000,gene_9e968b352bcd,0.35,low,Lipoprotein,chromosome partitioning protein ParA,0
Caulobacter_vibrioides_NA1000,gene_c8c3f010ff6f,0.35,low,ATP/GTP binding protein,tRNA (5-carboxymethylaminomethyl-2-thiouridylate) synthase,0
Caulobacter_vibrioides_NA1000,gene_42bd0b869a8a,0.35,low,ATP/GTP binding protein,transcription termination factor rho,0
Listeria_monocytogenes_EGDe,gene_0ebf918ae74c,0.35,low,DNA-binding transcription regulator,phospho-beta-galactosidase,0
Listeria_monocytogenes_EGDe,gene_a7308cc67fcd,0.35,low,Serine protease,cell surface protein,0
Listeria_monocytogenes_EGDe,gene_ba7a51600002,0.35,low,Lipoprotein,ABC transporter substrate-binding protein,0
Listeria_monocytogenes_EGDe,gene_2e0a945e831d,0.35,low,DNA-binding transcription regulator,PTS beta-glucoside transporter subunit IIB,0
Listeria_monocytogenes_EGDe,gene_dd142ba44ffb,0.35,low,DNA-binding transcription regulator,penicillin-binding protein,0
Listeria_monocytogenes_EGDe,gene_72d0ab444269,0.35,low,DNA-binding transcription regulator,PTS beta-glucoside transporter subunit IIC,0
Listeria_monocytogenes_EGDe,gene_ab238ab98077,0.35,low,Lipoprotein,transcriptional regulator,0
Listeria_monocytogenes_EGDe,gene_8aca8916f753,0.35,low,ATP/GTP binding protein,hydantoinase,0
Listeria_monocytogenes_EGDe,gene_79c4b2fd9894,0.35,low,ATP/GTP binding protein,LysR family transcriptional regulator,0
Listeria_monocytogenes_EGDe,gene_ae1444fc91a9,0.35,low,ATP/GTP binding protein,transcriptional regulator,0
Listeria_monocytogenes_EGDe,gene_f6bf40cb549f,0.35,low,Serine protease,heat-shock protein htrA serine protease,1
Listeria_monocytogenes_EGDe,gene_5fcca354f5d7,0.35,low,Lipoprotein,PTS fructose transporter subunit IIB,0
Listeria_monocytogenes_EGDe,gene_2d0deb451abb,0.35,low,Lipoprotein,thiamine-phosphate pyrophosphorylase,0
Listeria_monocytogenes_EGDe,gene_51c480340be5,0.35,low,Lipoprotein,PTS mannose transporter subunit IIC,0
Listeria_monocytogenes_EGDe,gene_5c089c7a6400,0.35,low,DNA-binding transcription regulator,phosphomethylpyrimidine kinase,0
Listeria_monocytogenes_EGDe,gene_7804d86bd3f0,0.35,low,ATP/GTP binding protein,DNA repair protein RadA,0
Listeria_monocytogenes_EGDe,gene_28a49fd759b7,0.35,low,DNA-binding transcription regulator,PTS mannose transporter subunit IID,0
Listeria_monocytogenes_EGDe,gene_ad5c8a82f260,0.45,low,ATP/GTP binding protein,endopeptidase Clp ATP-binding chain C,0
Listeria_monocytogenes_EGDe,gene_7b6eb77ead3b,0.35,low,ATP/GTP binding protein,amidase,0
Listeria_monocytogenes_EGDe,gene_2e63004c8fb2,0.35,low,ATP/GTP binding protein,ATP synthase F0F1 subunit beta,0
Listeria_monocytogenes_EGDe,gene_66051f82efb4,0.35,low,ATP/GTP binding protein,amino acid ABC transporter ATP-binding protein,0
Listeria_monocytogenes_EGDe,gene_4c21aa585522,0.35,low,ATP/GTP binding protein,ATP synthase F0F1 subunit alpha,0
Listeria_monocytogenes_EGDe,gene_3eac3bc66b31,0.35,low,Lipoprotein,excinuclease ABC subunit C,0
Listeria_monocytogenes_EGDe,gene_e58134e95305,0.35,low,ATP/GTP binding protein,ABC transporter ATP-binding protein,1
Listeria_monocytogenes_EGDe,gene_3150d211a93d,0.35,low,Lipoprotein,ATP synthase subunit C,0
Listeria_monocytogenes_EGDe,gene_2e4af9177e62,0.35,low,ATP/GTP binding protein,ABC transporter ATP-binding protein,1
Listeria_monocytogenes_EGDe,gene_102979103910,0.35,low,Serine protease,transcriptional regulator,0
Listeria_monocytogenes_EGDe,gene_98b12e3be949,0.35,low,DNA-binding transcription regulator,multidrug resistance protein,0
Listeria_monocytogenes_EGDe,gene_ce994b1cbd5b,0.35,low,Lipoprotein,phosphoglycerate mutase,0
Listeria_monocytogenes_EGDe,gene_01645392c917,0.35,low,Lipoprotein,encapsulation protein CapA,0
Listeria_monocytogenes_EGDe,gene_fd42c9cf7d01,0.35,low,Lipoprotein,LacI family transcription regulator,0
Listeria_monocytogenes_EGDe,gene_9e2f65c96e75,0.35,low,ATP/GTP binding protein,phosphoglycerate dehydrogenase,0
Listeria_monocytogenes_EGDe,gene_c7811716dd3f,0.35,low,DNA-binding transcription regulator,phospho-beta-glucosidase,0
Listeria_monocytogenes_EGDe,gene_0e2c7e25eaed,0.35,low,Lipoprotein,lipoprotein,1
Listeria_monocytogenes_EGDe,gene_cba55b6ab753,0.35,low,ATP/GTP binding protein,ABC transporter ATP-binding protein,1
Listeria_monocytogenes_EGDe,gene_c0f418562ee4,0.35,low,DNA-binding transcription regulator,ribosomal RNA large subunit methyltransferase N,0
Listeria_monocytogenes_EGDe,gene_990a46717a5e,0.35,low,Lipoprotein,transporter,0
Listeria_monocytogenes_EGDe,gene_37381dae52bf,0.35,low,Lipoprotein,anaerobic ribonucleotide reductase activator protein,0
Listeria_monocytogenes_EGDe,gene_59d289c3fc94,0.35,low,Lipoprotein,PTS fructose transporter subunit IIC,0
Listeria_monocytogenes_EGDe,gene_e24d931b4b9f,0.45,low,ATP/GTP binding protein,sugar ABC transporter ATP-binding protein,0
Listeria_monocytogenes_EGDe,gene_6ed441c4fa58,0.35,low,ATP/GTP binding protein,LacI family transcriptional regulator,0
Listeria_monocytogenes_EGDe,gene_6375f56d7c70,0.35,low,Lipoprotein,oxidoreductase,0
Listeria_monocytogenes_EGDe,gene_e2cdca42b28e,0.35,low,DNA-binding transcription regulator,PTS beta-glucoside transporter subunit IIABC,0
Listeria_monocytogenes_EGDe,gene_01bc803340b8,0.35,low,Lipoprotein,sugar ABC transporter substrate-binding protein,0
Listeria_monocytogenes_EGDe,gene_f1accd783a4f,0.35,low,DNA-binding transcription regulator,DNA-directed RNA polymerase subunit beta',0
Listeria_monocytogenes_EGDe,gene_07e24b225a38,0.35,low,DNA-binding transcription regulator,rod shape-determining protein RodA,0
Listeria_monocytogenes_EGDe,gene_c6fb61d8fcb1,0.35,low,Lipoprotein,sugar ABC transporter substrate-binding protein,0
Listeria_monocytogenes_EGDe,gene_a05b4ba07b23,0.35,low,Lipoprotein,beta-glucosidase,0
Listeria_monocytogenes_EGDe,gene_194d5dd43ff6,0.35,low,ATPase,carboxylesterase,0
Listeria_monocytogenes_EGDe,gene_a7a9a09373e3,0.35,low,ATP/GTP binding protein,flagellum-specific ATP synthase,0
Listeria_monocytogenes_EGDe,gene_70b3ce2f639c,0.35,low,ATP/GTP binding protein,ABC transporter ATP-binding protein,1
Listeria_monocytogenes_EGDe,gene_e38caf104a90,0.35,low,DNA-binding transcription regulator,flagellar MS-ring protein FliF,0
Listeria_monocytogenes_EGDe,gene_5fe0b7de614a,0.35,low,DNA-binding transcription regulator,glycerophosphoryl diester phosphodiesterase,0
Listeria_monocytogenes_EGDe,gene_76dbca597374,0.35,low,Lipoprotein,glucosamine--fructose-6-phosphate aminotransferase,0
Listeria_monocytogenes_EGDe,gene_8303cee34418,0.45,low,Lipoprotein,glutamate dehydrogenase,0
Listeria_monocytogenes_EGDe,gene_55e3c654ce9e,0.35,low,ATP/GTP binding protein,ABC transporter ATP-binding protein,1
Listeria_monocytogenes_EGDe,gene_6c3986e35e20,0.35,low,ATP/GTP binding protein,oxidoreductase,0
Listeria_monocytogenes_EGDe,gene_a1ccb502838a,0.35,low,Lipoprotein,ATP:guanido phosphotransferase,0
Listeria_monocytogenes_EGDe,gene_cf31166f53f5,0.35,low,ATP/GTP binding protein,spermidine/putrescine ABC transporter ATP-binding protein,0
Listeria_monocytogenes_EGDe,gene_a23f8bb10bbb,0.45,low,DNA-binding transcription regulator,phage tail protein,0
Listeria_monocytogenes_EGDe,gene_4a7dbcff4d49,0.35,low,DNA-binding transcription regulator,di-tripeptide transporter,0
Listeria_monocytogenes_EGDe,gene_22bbafb5c604,0.35,low,DNA-binding transcription regulator,NADH-dependent butanol dehydrogenase,0
Listeria_monocytogenes_EGDe,gene_ef9baeda82d7,0.495,low,ATP/GTP binding protein,recombination protein F,0
Listeria_monocytogenes_EGDe,gene_e3c0f465fc47,0.45,low,DNA-binding transcription regulator,cation-transporting ATPase,0
Listeria_monocytogenes_EGDe,gene_bc3fcd09572a,0.35,low,DNA-binding transcription regulator,Na+/H+ antiporter,0
Listeria_monocytogenes_EGDe,gene_e89295d148fb,0.45,low,Lipoprotein,phosphoribosyl pyrophosphate synthetase,0
Listeria_monocytogenes_EGDe,gene_7540a05fd39e,0.35,low,ATP/GTP binding protein,transposase,0
Listeria_monocytogenes_EGDe,gene_7274efc67898,0.35,low,DNA-binding transcription regulator,PTS galactitol transporter subunit IIC,0
Listeria_monocytogenes_EGDe,gene_ee694cebc376,0.35,low,DNA-binding transcription regulator,dihydroxyacetone kinase,0
Listeria_monocytogenes_EGDe,gene_34f0ef2a4b6f,0.45,low,Lipoprotein,fructokinase,0
Listeria_monocytogenes_EGDe,gene_7761bd680fd6,0.35,low,ATP/GTP binding protein,dihydroxyacetone kinase,0
Listeria_monocytogenes_EGDe,gene_493ef590cf4a,0.35,low,Serine protease,lysine-specific permease,0
Listeria_monocytogenes_EGDe,gene_c35c60fe2ef8,0.35,low,Lipoprotein,zinc ABC transporter substrate-binding protein,0
Listeria_monocytogenes_EGDe,gene_6d3ccdd2112e,0.35,low,Lipoprotein,short chain dehydrogenase,0
Listeria_monocytogenes_EGDe,gene_f03d37a539ae,0.35,low,Lipoprotein,sugar-phosphate isomerase,0
Listeria_monocytogenes_EGDe,gene_cd15ebf286ef,0.35,low,Lipoprotein,peptide ABC transporter substrate-binding protein,0
Listeria_monocytogenes_EGDe,gene_ad6e294ca3c0,0.35,low,ATP/GTP binding protein,chromosome replication initiator DnaA,0
Listeria_monocytogenes_EGDe,gene_115616361e1b,0.35,low,DNA-binding transcription regulator,transcripitonal regulator,0
Listeria_monocytogenes_EGDe,gene_caf8a0cfce28,0.35,low,ATP/GTP binding protein,cell division protein FtsH,0
Listeria_monocytogenes_EGDe,gene_c07147f4fc30,0.45,low,DNA-binding transcription regulator,AA3-600 quinol oxidase subunit I,0
Listeria_monocytogenes_EGDe,gene_12369ca6efe5,0.35,low,Lipoprotein,AA3-600 quinol oxidase subunit II,0
Listeria_monocytogenes_EGDe,gene_44b7edc4ae34,0.35,low,Lipoprotein,mevalonate kinase,0
Listeria_monocytogenes_EGDe,gene_6b41d57787de,0.35,low,DNA-binding transcription regulator,amino acid antiporter,0
Listeria_monocytogenes_EGDe,gene_48c3b9de785d,0.35,low,Serine protease,penicillin acylase,0
Listeria_monocytogenes_EGDe,gene_7f35733035d4,0.35,low,Protein with 4fe4s_fer_1 motif,pyruvate-flavodoxin oxidoreductase,0
Listeria_monocytogenes_EGDe,gene_6fbae6b4cb59,0.35,low,ATP/GTP binding protein,transcription-repair coupling factor,0
Listeria_monocytogenes_EGDe,gene_484b61f17f88,0.35,low,DNA-binding transcription regulator,transposase,0
Listeria_monocytogenes_EGDe,gene_2dba30d5309f,0.35,low,Lipoprotein,PTS fructose transporter subunit IIB,0
Listeria_monocytogenes_EGDe,gene_20c7d3dd85d1,0.35,low,ATP/GTP binding protein,LytR family transcriptional regulator,0
Listeria_monocytogenes_EGDe,gene_c7e9421a5be5,0.45,low,DNA-binding transcription regulator,mevalonate kinase,0
Listeria_monocytogenes_EGDe,gene_dce2635b905f,0.35,low,DNA-binding transcription regulator,transcriptional antiterminator BglG,0
Listeria_monocytogenes_EGDe,gene_463b78a7988b,0.35,low,Serine protease,DNA gyrase subunit A,0
Listeria_monocytogenes_EGDe,gene_26a14507a839,0.35,low,ATP/GTP binding protein,flagellar biosynthesis regulator FlhF,0
Listeria_monocytogenes_EGDe,gene_4d666c52cee9,0.45,low,DNA-binding transcription regulator,transketolase,0
Listeria_monocytogenes_EGDe,gene_257a89bb1e20,0.35,low,ATP/GTP binding protein,replicative DNA helicase,0
Listeria_monocytogenes_EGDe,gene_1a5a342f3870,0.35,low,Lipoprotein,peptide ABC transporter substrate-binding protein,0
Listeria_monocytogenes_EGDe,gene_9673295a5cda,0.35,low,DNA-binding transcription regulator,flagellar biosynthesis protein FlhA,0
Listeria_monocytogenes_EGDe,gene_9976adc50158,0.35,low,Lipoprotein,Crp/Fnr family transcriptional regulator,0
Listeria_monocytogenes_EGDe,gene_c6dd694ee865,0.35,low,Lipoprotein,glucose transporter,0
Listeria_monocytogenes_EGDe,gene_0153d73294ee,0.35,low,DNA-binding transcription regulator,histidine kinase,0
Listeria_monocytogenes_EGDe,gene_751243dc0e10,0.35,low,DNA-binding transcription regulator,N-acetylmuramoyl-L-alanine amidase,0
Listeria_monocytogenes_EGDe,gene_abe8e7de5e4d,0.35,low,DNA-binding transcription regulator,amino acid transporter,0
Listeria_monocytogenes_EGDe,gene_e471e9cd656e,0.35,low,Lipoprotein,internalin,0
Listeria_monocytogenes_EGDe,gene_39cd96913045,0.35,low,Serine protease,oxidoreductase,0
Listeria_monocytogenes_EGDe,gene_b232062699ee,0.45,low,Lipoprotein,heavy metal-transporting ATPase,0
Listeria_monocytogenes_EGDe,gene_7bf368665f8c,0.35,low,DNA-binding transcription regulator,transposase,0
Listeria_monocytogenes_EGDe,gene_e6a3d8a0eea9,0.35,low,Lipoprotein,"putaive secreted, lysin rich protein",0
Listeria_monocytogenes_EGDe,gene_b49d6dd8d0ce,0.45,low,ATP/GTP binding protein,ABC transporter ATP-binding protein,1
Listeria_monocytogenes_EGDe,gene_fe13f6e81dbe,0.45,low,ATP/GTP binding protein,ABC transporter ATP-binding protein,1
Listeria_monocytogenes_EGDe,gene_e3fb0fa9ba8a,0.35,low,DNA-binding transcription regulator,carbamate kinase,0
Listeria_monocytogenes_EGDe,gene_1089881b453c,0.35,low,Lipoprotein,lipoate-protein ligase,0
Listeria_monocytogenes_EGDe,gene_ec553995a5f9,0.35,low,Lipoprotein,amino acid transporter,0
Listeria_monocytogenes_EGDe,gene_406046a25bb5,0.35,low,ATP/GTP binding protein,ATP/GTP-binding protein,1
Listeria_monocytogenes_EGDe,gene_bd2e055f9f32,0.35,low,DNA-binding transcription regulator,antibiotic resistance protein,0
Listeria_monocytogenes_EGDe,gene_9819934646dc,0.35,low,Serine protease,oxidoreductase,0
Listeria_monocytogenes_EGDe,gene_a108ce0bdee6,0.35,low,ATP/GTP binding protein,acylase,0
Listeria_monocytogenes_EGDe,gene_d7661041246c,0.35,low,Lipoprotein,sugar hydrolase,0
Listeria_monocytogenes_EGDe,gene_c8a0ff223dba,0.35,low,ATP/GTP binding protein,bifunctional N-acetylglucosamine-1-phosphate uridyltransferase/glucosamine-1-phosphate acetyltransferase,0
Listeria_monocytogenes_EGDe,gene_37ff883c61f2,0.35,low,DNA-binding transcription regulator,PTS mannose transporter subunit IID,0
Listeria_monocytogenes_EGDe,gene_07e2398ca9b8,0.35,low,Serine protease,alpha-glucosidase,0
Listeria_monocytogenes_EGDe,gene_92d9ee3f9a73,0.35,low,ATP/GTP binding protein,ABC transporter ATP-binding protein,1
Listeria_monocytogenes_EGDe,gene_ff0b877caf43,0.35,low,Lipoprotein,PTS fructose transporter subunit IIB,0
Listeria_monocytogenes_EGDe,gene_58b1904f7b1b,0.35,low,Lipoprotein,PTS mannose transporter subunit IIC,0
Listeria_monocytogenes_EGDe,gene_22e37e0bbc22,0.35,low,DNA-binding transcription regulator,alpha-glucosidase,0
Listeria_monocytogenes_EGDe,gene_43b678000d09,0.35,low,DNA-binding transcription regulator,PTS mannose transporter subunit IIAB,0
Listeria_monocytogenes_EGDe,gene_819c3d1213da,0.35,low,Lipoprotein,sugar ABC transporter substrate-binding protein,0
Listeria_monocytogenes_EGDe,gene_aa14c93e534e,0.45,low,ATP/GTP binding protein,adenylosuccinate synthetase,0
Listeria_monocytogenes_EGDe,gene_327a2ccdac16,0.35,low,ATP/GTP binding protein,ATP-dependent RNA helicase,0
Listeria_monocytogenes_EGDe,gene_63cbda0be70e,0.35,low,DNA-binding transcription regulator,NADH:flavin oxidoreductase,0
Listeria_monocytogenes_EGDe,gene_4225169df59e,0.35,low,ATP/GTP binding protein,"ABC transporter, ATP-binding protein",1
Listeria_monocytogenes_EGDe,gene_ec0687de2c9e,0.35,low,DNA-binding transcription regulator,glucosamine-6-phosphate isomerase,0
Listeria_monocytogenes_EGDe,gene_55b1d74f1ae1,0.35,low,Serine protease,protoporphyrinogen oxidase,0
Listeria_monocytogenes_EGDe,gene_0ff0155ec539,0.35,low,Lipoprotein,positive regulator of sigma-B activity,0
Listeria_monocytogenes_EGDe,gene_f33e6e4a2baa,0.35,low,DNA-binding transcription regulator,positive regulation of sigma-B activity,0
Listeria_monocytogenes_EGDe,gene_ea4cbd8aa4c5,0.35,low,DNA-binding transcription regulator,PTS cellbiose transporter subunit IIC,0
Listeria_monocytogenes_EGDe,gene_592b6543a334,0.45,low,DNA-binding transcription regulator,formate transporter,0
Listeria_monocytogenes_EGDe,gene_17b83807f28b,0.35,low,Lipoprotein,PTS sugar transporter subunit IIC,0
Listeria_monocytogenes_EGDe,gene_3687004bfb8b,0.35,low,Lipoprotein,beta-glucosidase,0
Listeria_monocytogenes_EGDe,gene_7b1874807065,0.45,low,ATP/GTP binding protein,antibiotic ABC transporter ATP-binding protein,0
Listeria_monocytogenes_EGDe,gene_9e1348a06ae9,0.35,low,ATP/GTP binding protein,pantothenate kinase,0
Listeria_monocytogenes_EGDe,gene_e248cf30912d,0.35,low,ATP/GTP binding protein,ABC transporter ATP-binding protein,1
Listeria_monocytogenes_EGDe,gene_c69e03053b9d,0.35,low,Lipoprotein,competence protein ComEC,0
Listeria_monocytogenes_EGDe,gene_a25be4deaae6,0.35,low,DNA-binding transcription regulator,inorganic polyphosphate/ATP-NAD kinase,0
Listeria_monocytogenes_EGDe,gene_1e4c92cd0129,0.35,low,DNA-binding transcription regulator,DltB protein for D-alanine esterification of lipoteichoic acid and wall teichoic acid,0
Listeria_monocytogenes_EGDe,gene_7741a951b910,0.35,low,Lipoprotein,D-alanine--poly(phosphoribitol) ligase subunit 1,0
Listeria_monocytogenes_EGDe,gene_8242ab629c0b,0.35,low,ATP/GTP binding protein,daunorubicin resistance ATP-binding protein,1
Listeria_monocytogenes_EGDe,gene_4d267ba6ed3e,0.35,low,DNA-binding transcription regulator,ABC transporter permease,0
Listeria_monocytogenes_EGDe,gene_00234058e185,0.35,low,DNA-binding transcription regulator,transporter,0
Listeria_monocytogenes_EGDe,gene_d879edd785b6,0.35,low,ATP/GTP binding protein,Na+-transporting ATP synthase subunit J,0
Listeria_monocytogenes_EGDe,gene_c8801e6660ee,0.45,low,ATP/GTP binding protein,antibiotic ABC transporter ATP-binding protein,0
Listeria_monocytogenes_EGDe,gene_672b240b37c9,0.45,low,ATP/GTP binding protein,ATP-dependent protease,0
Listeria_monocytogenes_EGDe,gene_de02c62e573a,0.35,low,ATP/GTP binding protein,phytoene dehydrogenase,0
Listeria_monocytogenes_EGDe,gene_51ad372a72c5,0.35,low,DNA-binding transcription regulator,aminotransferase,0
Listeria_monocytogenes_EGDe,gene_b8f8cd71a242,0.35,low,Lipoprotein,glycine/betaine ABC transporter substrate-binding protein,0
Listeria_monocytogenes_EGDe,gene_a832aaf56245,0.35,low,ATP/GTP binding protein,transketolase,0
Listeria_monocytogenes_EGDe,gene_0ad15c0ea97f,0.35,low,DNA-binding transcription regulator,LacI family transcriptional regulator,0
Listeria_monocytogenes_EGDe,gene_b764b7a07fa8,0.35,low,DNA-binding transcription regulator,glycerol kinase,0
Listeria_monocytogenes_EGDe,gene_eb3481f97a4c,0.35,low,DNA-binding transcription regulator,PTS beta-glucoside transporter subunit IIABC,0
Listeria_monocytogenes_EGDe,gene_f0f7137fd408,0.35,low,ATP/GTP binding protein,ABC transporter ATP-binding protein,1
Listeria_monocytogenes_EGDe,gene_123b9e614928,0.35,low,ATP/GTP binding protein,molybdenum ABC transporter permease,0
Listeria_monocytogenes_EGDe,gene_3d83bdf5a137,0.35,low,ATP/GTP binding protein,molybdopterin-guanine dinucleotide biosynthesis MobB,0
Listeria_monocytogenes_EGDe,gene_676e9e840b6c,0.35,low,Protein with lipoyl motif,dihydrolipoamide acetyltransferase,0
Listeria_monocytogenes_EGDe,gene_e5bba13d0ad8,0.35,low,DNA-binding transcription regulator,ABC transporters permease,0
Listeria_monocytogenes_EGDe,gene_e7c9b85ab61c,0.35,low,ATP/GTP binding protein,ABC transporter ATP binding protein,1
Listeria_monocytogenes_EGDe,gene_65c239ea7ff7,0.35,low,ATP/GTP binding protein,GTP-binding elongation factor,1
Listeria_monocytogenes_EGDe,gene_9d80a70ab46a,0.35,low,Lipoprotein,metal ABC transporter substrate-binding protein,0
Listeria_monocytogenes_EGDe,gene_8fb850a8fa4a,0.495,low,ATP/GTP binding protein,teichoic acid ABC transporter ATP-binding protein,0
Listeria_monocytogenes_EGDe,gene_ba070e95045a,0.35,low,DNA-binding transcription regulator,glycosyltransferase,0
Listeria_monocytogenes_EGDe,gene_5c88fbb803f2,0.35,low,DNA-binding transcription regulator,nicotinate phosphoribosyltransferase,0
Listeria_monocytogenes_EGDe,gene_15612849887c,0.35,low,Lipoprotein,regulatory protein,0
Listeria_monocytogenes_EGDe,gene_48809190911e,0.35,low,ATP/GTP binding protein,ABC transporter ATP-binding protein,1
Listeria_monocytogenes_EGDe,gene_3bf15821927e,0.45,low,Lipoprotein,PduS protein,0
Listeria_monocytogenes_EGDe,gene_cbdd24af0eb1,0.35,low,ATP/GTP binding protein,PduT protein,0
Listeria_monocytogenes_EGDe,gene_481c1435f653,0.35,low,ATP/GTP binding protein,PduV protein,0
Listeria_monocytogenes_EGDe,gene_55ddee9280a1,0.35,low,ATP/GTP binding protein,cobalamin biosynthesis protein CopB,0
Listeria_monocytogenes_EGDe,gene_accd6d0e41d2,0.35,low,Serine protease,PduB protein,0
Listeria_monocytogenes_EGDe,gene_06d330104cac,0.35,low,Lipoprotein,NADPH-dependent butanol dehydrogenase,0
Listeria_monocytogenes_EGDe,gene_98edb18ccfb3,0.35,low,DNA-binding transcription regulator,glycerol uptake facilitator protein,0
Listeria_monocytogenes_EGDe,gene_68a910d29694,0.35,low,DNA-binding transcription regulator,threonine-phosphate decarboxylase,0
Listeria_monocytogenes_EGDe,gene_4656385be0a9,0.35,low,Serine protease,ethanolamine ammonia-lyase small subunit,0
Listeria_monocytogenes_EGDe,gene_aad11f59feb5,0.35,low,DNA-binding transcription regulator,ethanolamine utilization protein EutH,0
Listeria_monocytogenes_EGDe,gene_689a7a8d602b,0.35,low,ATP/GTP binding protein,"cobyrinic acid a,c-diamide synthase",0
Listeria_monocytogenes_EGDe,gene_ea1c96855ba7,0.35,low,DNA-binding transcription regulator,cobalamin biosynthesis protein,0
Listeria_monocytogenes_EGDe,gene_6fe67995aac0,0.35,low,Lipoprotein,cobalt-precorrin-6Y C(15)-methyltransferase,0
Listeria_monocytogenes_EGDe,gene_5a46e674bb3c,0.35,low,ATP/GTP binding protein,cobalt transporter ATP-binding protein CbiO,0
Listeria_monocytogenes_EGDe,gene_a70046147386,0.35,low,ATP/GTP binding protein,N-acetylmuramoyl-L-alanine amidase,0
Listeria_monocytogenes_EGDe,gene_31281e617600,0.35,low,ATP/GTP binding protein,ABC transporter ATP-binding proteins,0
Listeria_monocytogenes_EGDe,gene_4b8b7a642ab5,0.495,low,ATP/GTP binding protein,recombination and DNA strand exchange inhibitor protein,0
Listeria_monocytogenes_EGDe,gene_9bcdf0111b1c,0.35,low,DNA-binding transcription regulator,antibiotic resistance protein,0
Listeria_monocytogenes_EGDe,gene_7069e39c88b1,0.45,low,Lipoprotein,glutamate racemase,0
Listeria_monocytogenes_EGDe,gene_ba484ba23785,0.35,low,ATP/GTP binding protein,gamma-glutamyl phosphate reductase,0
Listeria_monocytogenes_EGDe,gene_ef21d9fc164f,0.35,low,ATP/GTP binding protein,ATP-dependent protease ATP-binding subunit ClpX,0
Listeria_monocytogenes_EGDe,gene_2e5f9fb78859,0.35,low,ATP/GTP binding protein,ribosomal biogenesis GTPase,0
Listeria_monocytogenes_EGDe,gene_46a7cc138adc,0.35,low,Lipoprotein,polypeptide deformylase,0
Listeria_monocytogenes_EGDe,gene_fd5b615a59f2,0.35,low,ATP/GTP binding protein,ATP-dependent protease ATP-binding subunit HslU,0
Listeria_monocytogenes_EGDe,gene_fd0142428b17,0.35,low,ATP/GTP binding protein,DNA topoisomerase IV subunit B,0
Listeria_monocytogenes_EGDe,gene_bb0444c2c9fa,0.35,low,Lipoprotein,acyltransferase,0
Listeria_monocytogenes_EGDe,gene_b0dbdd5dfbcc,0.35,low,Serine protease,glycerophosphodiester phosphodiesterase,0
Listeria_monocytogenes_EGDe,gene_fee78063854c,0.45,low,DNA-binding transcription regulator,transketolase,0
Listeria_monocytogenes_EGDe,gene_ce62fb871b3b,0.35,low,DNA-binding transcription regulator,phosphatidate cytidylyltransferase,0
Listeria_monocytogenes_EGDe,gene_8ac535af29c4,0.35,low,Lipoprotein,DNA polymerase III PolC,0
Listeria_monocytogenes_EGDe,gene_5a832a23d554,0.35,low,ATP/GTP binding protein,tRNA pseudouridine synthase B,0
Listeria_monocytogenes_EGDe,gene_517ad033414f,0.35,low,ATP/GTP binding protein,glucose kinase,0
Listeria_monocytogenes_EGDe,gene_1823cbeb03f7,0.35,low,ATP/GTP binding protein,competence protein ComGA,0
Listeria_monocytogenes_EGDe,gene_ee78951cdee7,0.35,low,DNA-binding transcription regulator,glycine cleavage system aminomethyltransferase T,0
Listeria_monocytogenes_EGDe,gene_ca4c8d0006a8,0.35,low,ATP/GTP binding protein,glycine dehydrogenase subunit 1,0
Listeria_monocytogenes_EGDe,gene_36335c113b5f,0.35,low,DNA-binding transcription regulator,competence protein ComGB,0
Listeria_monocytogenes_EGDe,gene_428b25e1571a,0.35,low,Lipoprotein,sporulation protein SpoJ,0
Listeria_monocytogenes_EGDe,gene_1c258be77d56,0.45,low,ATP/GTP binding protein,DNA repair protein,0
Listeria_monocytogenes_EGDe,gene_8d86f0f4b8b0,0.35,low,ATP/GTP binding protein,sugar ABC transporter ATP-binding protein,0
Listeria_monocytogenes_EGDe,gene_844839ee8aa0,0.35,low,DNA-binding transcription regulator,ABC transporter permease,0
Listeria_monocytogenes_EGDe,gene_2f706bfe57be,0.495,low,ATP/GTP binding protein,recombinase A,0
Listeria_monocytogenes_EGDe,gene_dd5d5a24fef9,0.35,low,ATP/GTP binding protein,DNA mismatch repair protein MutS,0
Listeria_monocytogenes_EGDe,gene_ef92e2d40cc8,0.35,low,DNA-binding transcription regulator,multidrug transporter,0
Listeria_monocytogenes_EGDe,gene_0e20e3293576,0.35,low,ATP/GTP binding protein,modulates DNA topology,0
Listeria_monocytogenes_EGDe,gene_4a389096cbf3,0.35,low,ATP/GTP binding protein,glycine/betaine ABC transporter ATP-binding protein,0
Listeria_monocytogenes_EGDe,gene_e2d0ce826526,0.35,low,DNA-binding transcription regulator,glycine/betaine ABC transporter permease,0
Listeria_monocytogenes_EGDe,gene_db3a7727395d,0.35,low,DNA-binding transcription regulator,manganese transporter,0
Listeria_monocytogenes_EGDe,gene_2e718b2f4ee5,0.35,low,Lipoprotein,glycine/betaine ABC transporter substrate-binding protein,0
Listeria_monocytogenes_EGDe,gene_2d095546f820,0.35,low,ATP/GTP binding protein,glycine/betaine ABC transporter ATP-binding protein,0
Listeria_monocytogenes_EGDe,gene_e0c670021655,0.35,low,ATP/GTP binding protein,ABC transporter ATP-binding protein,1
Listeria_monocytogenes_EGDe,gene_da33cc43384d,0.35,low,Serine protease,glutathione reductase,0
Listeria_monocytogenes_EGDe,gene_f12ac958feae,0.35,low,Lipoprotein,4-hydroxy-3-methylbut-2-en-1-yl diphosphate synthase,0
Listeria_monocytogenes_EGDe,gene_227bca8c7b23,0.35,low,Lipoprotein,transporter,0
Listeria_monocytogenes_EGDe,gene_0671b93672be,0.35,low,Lipoprotein,foldase,0
Listeria_monocytogenes_EGDe,gene_6498e5b54520,0.45,low,ATP/GTP binding protein,"metal (zinc) transport protein(ABC transporter, ATP-binding protein)",0
Listeria_monocytogenes_EGDe,gene_48c18bf67998,0.35,low,DNA-binding transcription regulator,"metal (zinc) transport protein (ABC transporter, permease)",0
Listeria_monocytogenes_EGDe,gene_db2544e11032,0.35,low,ATP/GTP binding protein,GTP-binding protein Era,1
Listeria_monocytogenes_EGDe,gene_2ccbbe612fab,0.35,low,ATP/GTP binding protein,phosphate starvation-induced protein PhoH,0
Listeria_monocytogenes_EGDe,gene_16eaa4dd94f8,0.35,low,Lipoprotein,competence protein ComEC,0
Listeria_monocytogenes_EGDe,gene_7c58e77c6a32,0.35,low,ATP/GTP binding protein,uridine kinase,0
Listeria_monocytogenes_EGDe,gene_4aef671ca956,0.35,low,Lipoprotein,histidine kinase,0
Listeria_monocytogenes_EGDe,gene_252264615dc4,0.35,low,ATP/GTP binding protein,exodeoxyribonuclease V,0
Listeria_monocytogenes_EGDe,gene_f303e204fee7,0.35,low,ATP/GTP binding protein,recombination factor protein RarA,0
Listeria_monocytogenes_EGDe,gene_b3947221f068,0.35,low,Lipoprotein,adenine phosphoribosyltransferase,0
Listeria_monocytogenes_EGDe,gene_00c4f4d63a9e,0.35,low,DNA-binding transcription regulator,preprotein translocase SecDF,0
Listeria_monocytogenes_EGDe,gene_9a70e3072113,0.35,low,ATP/GTP binding protein,Holliday junction DNA helicase RuvB,0
Listeria_monocytogenes_EGDe,gene_c72df9155e12,0.35,low,ATP/GTP binding protein,GTPase ObgE,0
Listeria_monocytogenes_EGDe,gene_d439c259500d,0.35,low,ATP/GTP binding protein,septum formation inhibitor MinD,0
Listeria_monocytogenes_EGDe,gene_4a409168137f,0.35,low,DNA-binding transcription regulator,valyl-tRNA synthetase,0
Listeria_monocytogenes_EGDe,gene_88ba21f0526d,0.35,low,DNA-binding transcription regulator,competence protein ComC,0
Listeria_monocytogenes_EGDe,gene_ae27a54aedef,0.35,low,DNA-binding transcription regulator,uroporphyrinogen-III synthase,0
Listeria_monocytogenes_EGDe,gene_d9797f159d14,0.35,low,ATPase,glutamate-1-semialdehyde aminotransferase,0
Listeria_monocytogenes_EGDe,gene_6c874d2624fc,0.35,low,ATP/GTP binding protein,GTP-binding protein EngB,1
Listeria_monocytogenes_EGDe,gene_e78cc1aba0d1,0.395,low,ATP/GTP binding protein,primosomal protein DnaI,0
Listeria_monocytogenes_EGDe,gene_79f8d0966492,0.35,low,ATP/GTP binding protein,dephospho-CoA kinase,0
Listeria_monocytogenes_EGDe,gene_8c1f8c1a28a3,0.35,low,ATP/GTP binding protein,pyruvate kinase,0
Listeria_monocytogenes_EGDe,gene_f3dbbb088f6c,0.35,low,DNA-binding transcription regulator,acetylornithine aminotransferase,0
Listeria_monocytogenes_EGDe,gene_aa792059c5b4,0.35,low,ATP/GTP binding protein,DNA translocase,0
Listeria_monocytogenes_EGDe,gene_8da58b896a80,0.35,low,ATP/GTP binding protein,thioredoxin,0
Listeria_monocytogenes_EGDe,gene_b1d85ccb2f9b,0.35,low,Lipoprotein,multidrug transporter,0
Listeria_monocytogenes_EGDe,gene_7ed00d7db291,0.35,low,Lipoprotein,tryptophan synthase subunit beta,0
Listeria_monocytogenes_EGDe,gene_3de5b2fdb57d,0.35,low,ATP/GTP binding protein,ABC transporter ATP-binding protein,1
Listeria_monocytogenes_EGDe,gene_e7627a558692,0.35,low,DNA-binding transcription regulator,DNA-3-methyladenine glycosidase,0
Listeria_monocytogenes_EGDe,gene_4ece5045acd6,0.45,low,Lipoprotein,aconitate hydratase,0
Listeria_monocytogenes_EGDe,gene_ea247a89e3a6,0.35,low,ATP/GTP binding protein,ATP-dependent dsDNA exonuclease SbcC,0
Listeria_monocytogenes_EGDe,gene_bf5cdc8642a8,0.35,low,ATP/GTP binding protein,ABC transporter ATP-binding protein,1
Listeria_monocytogenes_EGDe,gene_70b611b512b7,0.495,low,ATP/GTP binding protein,ABC transporter ATP-binding protein,1
Listeria_monocytogenes_EGDe,gene_ed3fe8b047c4,0.35,low,DNA-binding transcription regulator,leucyl-tRNA synthetase,0
Listeria_monocytogenes_EGDe,gene_b33998294d28,0.35,low,Serine protease,peptidoglycan-linked protein,0
Listeria_monocytogenes_EGDe,gene_855db74963d0,0.35,low,DNA-binding transcription regulator,L-lactate dehydrogenase,0
Listeria_monocytogenes_EGDe,gene_83ac0874c3c1,0.35,low,Lipoprotein,ABC transporter,0
Listeria_monocytogenes_EGDe,gene_387a847af004,0.35,low,Lipoprotein,"1,4-dihydroxy-2-naphthoate octaprenyltransferase",0
Listeria_monocytogenes_EGDe,gene_9c6ae76b1ad2,0.35,low,ATP/GTP binding protein,"bifunctional homocysteine S-methyltransferase/5,10-methylenetetrahydrofolate reductase",0
Listeria_monocytogenes_EGDe,gene_9b3d8fce1cfa,0.35,low,DNA-binding transcription regulator,transporter,0
Listeria_monocytogenes_EGDe,gene_679fb66f95d6,0.35,low,ATPase,glutamate-1-semialdehyde aminotransferase,0
Listeria_monocytogenes_EGDe,gene_b36e55bd5d96,0.35,low,ATP/GTP binding protein,CDP-abequose synthase,0
Listeria_monocytogenes_EGDe,gene_f7187420103e,0.35,low,ATP/GTP binding protein,deoxyguanosine kinase/deoxyadenosine kinase,0
Listeria_monocytogenes_EGDe,gene_b75ad41d7523,0.35,low,ATP/GTP binding protein,rod shape-determining protein MreB,0
Listeria_monocytogenes_EGDe,gene_8b980e5ae951,0.35,low,ATP/GTP binding protein,ABC transporter ATP-binding protein,1
Listeria_monocytogenes_EGDe,gene_f8fb53dc39d1,0.45,low,Lipoprotein,LacI family transcriptional regulator,0
Listeria_monocytogenes_EGDe,gene_7bfd60219546,0.35,low,Lipoprotein,glutamate synthase subunit beta,0
Listeria_monocytogenes_EGDe,gene_bcb9421419e0,0.35,low,Serine protease,glutamate synthase large subunit,0
Listeria_monocytogenes_EGDe,gene_f11309529e81,0.35,low,ATP/GTP binding protein,amino acid ABC transporter ATP-binding protein,0
Listeria_monocytogenes_EGDe,gene_e1881e42d8c7,0.35,low,ATP/GTP binding protein,ABC transporter ATP-binding protein,1
Listeria_monocytogenes_EGDe,gene_ee846d00737e,0.35,low,DNA-binding transcription regulator,aspartyl/glutamyl-tRNA amidotransferase subunit A,0
Listeria_monocytogenes_EGDe,gene_82b161a9fb8a,0.35,low,DNA-binding transcription regulator,sodium-dependent transporter,0
Listeria_monocytogenes_EGDe,gene_b7fa53fce539,0.35,low,Serine protease,phosphoribosylaminoimidazole carboxylase catalytic subunit,0
Listeria_monocytogenes_EGDe,gene_437d02a8fd4d,0.35,low,ATP/GTP binding protein,ABC transporter ATP-binding protein,1
Listeria_monocytogenes_EGDe,gene_2ff83aff80e7,0.35,low,Lipoprotein,16S rRNA-processing protein RimM,0
Listeria_monocytogenes_EGDe,gene_ec6a9d49e051,0.35,low,ATP/GTP binding protein,signal recognition particle protein Ffh,0
Listeria_monocytogenes_EGDe,gene_8fd162bf83a1,0.35,low,ATP/GTP binding protein,cell division protein FtsY,0
Listeria_monocytogenes_EGDe,gene_4124d530a2cf,0.45,low,ATP/GTP binding protein,chromosome condensation protein Smc,0
Listeria_monocytogenes_EGDe,gene_1c8586e1eacf,0.35,low,ATP/GTP binding protein,ATP-dependent DNA helicase RecG,0
Listeria_monocytogenes_EGDe,gene_db5211c032bc,0.45,low,ATP/GTP binding protein,ribosome-associated GTPase,0
Listeria_monocytogenes_EGDe,gene_7a36566faf9a,0.35,low,Serine protease,short-chain dehydrogenase,0
Listeria_monocytogenes_EGDe,gene_51b6702ac680,0.5,moderate,Protein with cpsase_1 motif,carbamoyl-phosphate synthetase,0
Listeria_monocytogenes_EGDe,gene_40c31869583f,0.35,low,Lipoprotein,multidrug transporter,0
Listeria_monocytogenes_EGDe,gene_5567b4a1cc08,0.35,low,Lipoprotein,metal ABC transporter,0
Listeria_monocytogenes_EGDe,gene_7c9b2b3cb8fc,0.35,low,ATP/GTP binding protein,metal ABC transporter ATP-binding protein,0
Listeria_monocytogenes_EGDe,gene_6bc7a8bdc5c3,0.35,low,Lipoprotein,pyruvate phosphate dikinase,0
Listeria_monocytogenes_EGDe,gene_8f5eb27cdeda,0.35,low,ATPase,xanthine phosphoribosyltransferase,0
Listeria_monocytogenes_EGDe,gene_e087467bd7e6,0.45,low,Lipoprotein,xanthine permease,0
Listeria_monocytogenes_EGDe,gene_e516ef26ebec,0.35,low,ATP/GTP binding protein,penicillin-binding protein 2A,0
Listeria_monocytogenes_EGDe,gene_63cebb50e18d,0.35,low,DNA-binding transcription regulator,aspartate aminotransferase,0
Listeria_monocytogenes_EGDe,gene_dd091d6bd516,0.35,low,ATP/GTP binding protein,bifunctional ATP-dependent DNA helicase/DNA polymerase III subunit epsilon,0
Listeria_monocytogenes_EGDe,gene_4166b0f9c1e8,0.35,low,Lipoprotein,malate dehydrogenase,0
Listeria_monocytogenes_EGDe,gene_35f9baf1faab,0.35,low,ATP/GTP binding protein,pyruvate formate-lyase,0
Listeria_monocytogenes_EGDe,gene_16d4ede750e5,0.45,low,ATP/GTP binding protein,chorismate synthase,0
Listeria_monocytogenes_EGDe,gene_6d152d1d80a3,0.35,low,ATP/GTP binding protein,nucleoside diphosphate kinase,0
Listeria_monocytogenes_EGDe,gene_2243e55c840c,0.45,low,ATP/GTP binding protein,3-phosphoshikimate 1-carboxyvinyltransferase,0
Listeria_monocytogenes_EGDe,gene_af99f897bef3,0.35,low,ATP/GTP binding protein,GTP-binding protein EngA,1
Listeria_monocytogenes_EGDe,gene_da79e9710fc9,0.35,low,ATP/GTP binding protein,cytidylate kinase,0
Listeria_monocytogenes_EGDe,gene_fef7d0b29991,0.35,low,DNA-binding transcription regulator,two-component sensor histidine kinas,0
Listeria_monocytogenes_EGDe,gene_9b41f4e8588a,0.35,low,Lipoprotein,ferrichrome-binding protein,0
Listeria_monocytogenes_EGDe,gene_9b0533abdc6c,0.35,low,ATP/GTP binding protein,ABC transporter ATP-binding protein,1
Listeria_monocytogenes_EGDe,gene_41ef1e621d64,0.45,low,ATP/GTP binding protein,ferrichrome ABC transporter ATP-binding protein,0
Listeria_monocytogenes_EGDe,gene_64c983fb37ae,0.35,low,DNA-binding transcription regulator,PTS ascorbate transporter subunit IIC,0
Listeria_monocytogenes_EGDe,gene_c608ae96ae4b,0.45,low,Serine protease,acetolactate synthase,0
Listeria_monocytogenes_EGDe,gene_a147223ccda5,0.35,low,Lipoprotein,sugar hydrolase,0
Listeria_monocytogenes_EGDe,gene_0cc26d78cf7f,0.35,low,Lipoprotein,L-aspartate oxidase,0
Listeria_monocytogenes_EGDe,gene_9b3f2e512fc4,0.35,low,ATP/GTP binding protein,cell division protein FtsA,0
Listeria_monocytogenes_EGDe,gene_960362a2f7b0,0.35,low,Lipoprotein,"UDP-N-acetylmuramoylalanyl-D-glutamate--2, 6-diaminopimelate ligase",0
Listeria_monocytogenes_EGDe,gene_19392be3f043,0.35,low,ATP/GTP binding protein,penicillin-binding protein 2B,0
Listeria_monocytogenes_EGDe,gene_9668594ef234,0.35,low,DNA-binding transcription regulator,phospho-N-acetylmuramoyl-pentapeptide- transferase,0
Listeria_monocytogenes_EGDe,gene_dac1fbc27163,0.45,low,DNA-binding transcription regulator,protoheme IX farnesyltransferase,0
Listeria_monocytogenes_EGDe,gene_3a9aacae3eda,0.35,low,DNA-binding transcription regulator,copper transporter,0
Listeria_monocytogenes_EGDe,gene_aa6e236092c5,0.35,low,Lipoprotein,camphor resistance protein CrcB,0
Listeria_monocytogenes_EGDe,gene_34968b1dc9eb,0.45,low,ATP/GTP binding protein,argininosuccinate lyase,0
Listeria_monocytogenes_EGDe,gene_7c057672b7fd,0.45,low,Lipoprotein,argininosuccinate synthase,0
Listeria_monocytogenes_EGDe,gene_507aa643913e,0.35,low,Lipoprotein,PTS galacticol transporter subunit IIB,0
Listeria_monocytogenes_EGDe,gene_a6171750dbca,0.35,low,ATP/GTP binding protein,nitroreductase,0
Listeria_monocytogenes_EGDe,gene_0fd02c2238a2,0.35,low,ATP/GTP binding protein,ABC transporter ATP-binding protein,1
Listeria_monocytogenes_EGDe,gene_069a850742be,0.35,low,DNA-binding transcription regulator,ABC transporter permease,0
Listeria_monocytogenes_EGDe,gene_b5bdaee92385,0.45,low,DNA-binding transcription regulator,phosphoglucosamine mutase,0
Listeria_monocytogenes_EGDe,gene_03bc69af02f6,0.35,low,Lipoprotein,maltodextrose utilization protein MalA,0
Listeria_monocytogenes_EGDe,gene_ccf23d20b0e7,0.35,low,Lipoprotein,sugar ABC transporter substrate-binding protein,0
Listeria_monocytogenes_EGDe,gene_632923d36b84,0.35,low,Lipoprotein,PTS fructose transporter subunit IIC,0
Listeria_monocytogenes_EGDe,gene_63a677c6e001,0.35,low,Lipoprotein,PTS fructose transporter subunit IIB,0
Listeria_monocytogenes_EGDe,gene_bd8cdf2997e3,0.35,low,ATP/GTP binding protein,ABC transporter ATP-binding protein,1
Listeria_monocytogenes_EGDe,gene_7b20373127ba,0.35,low,Lipoprotein,ribonucleotide-diphosphate reductase subunit alpha,0
Listeria_monocytogenes_EGDe,gene_366996db9cb6,0.35,low,DNA-binding transcription regulator,ribonucleotide-diphosphate reductase subunit beta,0
Listeria_monocytogenes_EGDe,gene_7c03ad0ce6f6,0.35,low,Lipoprotein,oxidoreductase,0
Listeria_monocytogenes_EGDe,gene_9ec6df349b57,0.35,low,Lipoprotein,MFS transporter,0
Listeria_monocytogenes_EGDe,gene_3c0394c40408,0.35,low,Lipoprotein,propionate CoA-transferase,0
Listeria_monocytogenes_EGDe,gene_00ec650f9282,0.45,low,Serine protease,sigma-54-dependent transcriptional regulator,0
Listeria_monocytogenes_EGDe,gene_fad07dc67567,0.35,low,ATP/GTP binding protein,ferrichrome ABC transporter ATP-binding protein,0
Listeria_monocytogenes_EGDe,gene_bd3d1e57a297,0.35,low,Lipoprotein,ferrichrome ABC transporter substrate-binding protein,0
Listeria_monocytogenes_EGDe,gene_bc03470d5368,0.35,low,ATP/GTP binding protein,peptide ABC transporter ATP-binding protein,0
Listeria_monocytogenes_EGDe,gene_8808c43199c3,0.35,low,Lipoprotein,3-oxoacyl-ACP synthase,0
Listeria_monocytogenes_EGDe,gene_68d478f23aeb,0.45,low,ATP/GTP binding protein,Clp protease subunit B,0
Listeria_monocytogenes_EGDe,gene_4eb1d7b7c3bc,0.45,low,ATP/GTP binding protein,ferrochelatase,0
Listeria_monocytogenes_EGDe,gene_02c0606f18c8,0.35,low,ATP/GTP binding protein,ABC transporter ATP-binding protein,1
Listeria_monocytogenes_EGDe,gene_c0c4613b2319,0.35,low,Lipoprotein,foldase,0
Listeria_monocytogenes_EGDe,gene_7285ca5129fc,0.35,low,ATP/GTP binding protein,ABC transporter ATP-binding protein,1
Listeria_monocytogenes_EGDe,gene_c7b7f8b4f7fa,0.35,low,ATP/GTP binding protein,penicillin-binding protein,0
Listeria_monocytogenes_EGDe,gene_b3065acc1239,0.35,low,DNA-binding transcription regulator,MFS transporter,0
Listeria_monocytogenes_EGDe,gene_51b1cf44d11b,0.35,low,Lipoprotein,amino acid ABC transporter permease,0
Listeria_monocytogenes_EGDe,gene_7dd1f91366e4,0.35,low,ATP/GTP binding protein,amino acid ABC transporter ATP-binding protein,0
Listeria_monocytogenes_EGDe,gene_ef6511605600,0.35,low,DNA-binding transcription regulator,aspartate aminotransferase,0
Listeria_monocytogenes_EGDe,gene_d6c8b24c9ff8,0.35,low,ATP/GTP binding protein,ATP-dependent deoxyribonuclease subunit A,0
Listeria_monocytogenes_EGDe,gene_11a8e445110a,0.35,low,DNA-binding transcription regulator,protein gp28,0
Listeria_monocytogenes_EGDe,gene_ce6420cd230b,0.35,low,ATP/GTP binding protein,protein gp17,0
Listeria_monocytogenes_EGDe,gene_a31c435ee63e,0.35,low,Serine protease,terminase large subunit from bacteriophage A118,0
Listeria_monocytogenes_EGDe,gene_402056d21286,0.45,low,Lipoprotein,PTS fructose transporter subunit IIABC,0
Listeria_monocytogenes_EGDe,gene_951c568cc278,0.35,low,Lipoprotein,sugar kinase,0
Listeria_monocytogenes_EGDe,gene_c9c6b16156e7,0.35,low,Serine protease,nitrilotriacetate monooxygenase,0
Listeria_monocytogenes_EGDe,gene_153044f8b9c6,0.35,low,ATP/GTP binding protein,amino acid ABC transporter ATP-binding protein,0
Listeria_monocytogenes_EGDe,gene_8d4d36cf52ff,0.35,low,Lipoprotein,amino acid ABC transporter substrate-binding protein,0
Listeria_monocytogenes_EGDe,gene_2ab6c3030d40,0.35,low,DNA-binding transcription regulator,Na+/H+ antiporter,0
Listeria_monocytogenes_EGDe,gene_3642c3e8cc2d,0.35,low,DNA-binding transcription regulator,multidrug resistance protein,0
Listeria_monocytogenes_EGDe,gene_f86c01b361b7,0.35,low,ATPase,N-acetylglucosamine-6-phosphate isomerase,0
Listeria_monocytogenes_EGDe,gene_96726c2152fa,0.35,low,DNA-binding transcription regulator,amino acid antiporter,0
Listeria_monocytogenes_EGDe,gene_7888bd4d40ae,0.35,low,DNA-binding transcription regulator,RofA family transcriptional regulator,0
Listeria_monocytogenes_EGDe,gene_9a1be6dc8cf6,0.35,low,DNA-binding transcription regulator,ABC transporter permease,0
Listeria_monocytogenes_EGDe,gene_c0cf77f413de,0.45,low,ATP/GTP binding protein,ABC transporter ATP-binding protein,1
Listeria_monocytogenes_EGDe,gene_eb087f63c16f,0.35,low,DNA-binding transcription regulator,monovalent cation/H+ antiporter subunit D,0
Listeria_monocytogenes_EGDe,gene_d689f787ab0b,0.35,low,ATP/GTP binding protein,ABC transporter ATP-binding protein,1
Listeria_monocytogenes_EGDe,gene_46bc28722add,0.35,low,Lipoprotein,ABC transporter substrate-binding protein,0
Listeria_monocytogenes_EGDe,gene_4a9e24c371ef,0.35,low,ATP/GTP binding protein,ABC transporter ATP-binding protein,1
Listeria_monocytogenes_EGDe,gene_11d3cbe4b32a,0.35,low,Lipoprotein,two-component sensor histidine kinase,0
Listeria_monocytogenes_EGDe,gene_a1c7d11c31dd,0.35,low,ATP/GTP binding protein,ferrichrome ABC transporter ATP-binding protein,0
Listeria_monocytogenes_EGDe,gene_f7ce13e663ae,0.35,low,Lipoprotein,ferrichrome ABC transporter permease,0
Listeria_monocytogenes_EGDe,gene_7832d565aeda,0.35,low,Lipoprotein,ferrichrome ABC transporter substrate-binding protein,0
Listeria_monocytogenes_EGDe,gene_d6239ef25e68,0.35,low,DNA-binding transcription regulator,transcriptional regulator,0
Listeria_monocytogenes_EGDe,gene_793a1f9160e0,0.35,low,Serine protease,glyceraldehyde-3-phosphate dehydrogenase,0
Listeria_monocytogenes_EGDe,gene_ddbf9910c546,0.35,low,DNA-binding transcription regulator,amino acid transporter,0
Listeria_monocytogenes_EGDe,gene_3403eb9bd00f,0.35,low,ATP/GTP binding protein,excinuclease ABC subunit B,0
Listeria_monocytogenes_EGDe,gene_8ad595118168,0.35,low,ATP/GTP binding protein,phosphate ABC transporter ATP-binding protein,0
Listeria_monocytogenes_EGDe,gene_4ce62bd4a6f5,0.35,low,ATP/GTP binding protein,phosphate ABC transporter ATP-binding protein,0
Listeria_monocytogenes_EGDe,gene_f3f17259bff3,0.35,low,Serine protease,cell wall-binding protein,0
Listeria_monocytogenes_EGDe,gene_9c685aeeba3d,0.35,low,ATP/GTP binding protein,cell division protein FtsE,0
Listeria_monocytogenes_EGDe,gene_6de62ec5eeff,0.35,low,ATPase,competence protein ComFC,0
Listeria_monocytogenes_EGDe,gene_101906c6bdaa,0.35,low,ATP/GTP binding protein,competence protein comFA,0
Listeria_monocytogenes_EGDe,gene_e9228c713e90,0.35,low,ATP/GTP binding protein,ATP synthase F0F1 subunit alpha,0
Listeria_monocytogenes_EGDe,gene_ab5530f3b472,0.35,low,ATP/GTP binding protein,ATP synthase F0F1 subunit beta,0
Listeria_monocytogenes_EGDe,gene_217b7fcb3201,0.35,low,DNA-binding transcription regulator,ATP synthase F0F1 subunit A,0
Listeria_monocytogenes_EGDe,gene_b994a9f57673,0.35,low,DNA-binding transcription regulator,ATP synthase subunit I,0
Listeria_monocytogenes_EGDe,gene_bf70b6773c6f,0.35,low,Lipoprotein,protoporphyrinogen oxidase,0
Listeria_monocytogenes_EGDe,gene_51ee8e1a1855,0.35,low,ATP/GTP binding protein,thymidine kinase,0
Listeria_monocytogenes_EGDe,gene_d88ef8cd5cfb,0.35,low,ATP/GTP binding protein,transcription termination factor Rho,0
Listeria_monocytogenes_EGDe,gene_373b36689646,0.35,low,ATP/GTP binding protein,UDP-N-acetylglucosamine 1-carboxyvinyltransferase,0
Listeria_monocytogenes_EGDe,gene_66ef5766d64a,0.35,low,DNA-binding transcription regulator,galactosyltransferase,0
Listeria_monocytogenes_EGDe,gene_f800241da2bb,0.35,low,Serine protease,colossin A,0
Listeria_monocytogenes_EGDe,gene_878de3eb3fa3,0.35,low,ATP/GTP binding protein,ABC transporter ATP-binding protein,1
Listeria_monocytogenes_EGDe,gene_ea26d33b561d,0.35,low,Lipoprotein,formate dehydrogenase accessory protein,0
Listeria_monocytogenes_EGDe,gene_a2a66bc50eb0,0.45,low,Lipoprotein,formate dehydrogenase subunit alpha,0
Listeria_monocytogenes_EGDe,gene_68dc4d4f869a,0.35,low,ATP/GTP binding protein,ATP-binding protein,1
Listeria_monocytogenes_EGDe,gene_addd145a3ece,0.35,low,ATP/GTP binding protein,cobalt ABC transporter ATP-binding subunit,0
Listeria_monocytogenes_EGDe,gene_206ebfb8bb39,0.35,low,ATP/GTP binding protein,cobalt ABC transporter ATP-binding protein,0
Listeria_monocytogenes_EGDe,gene_2091ab40d7f4,0.35,low,DNA-binding transcription regulator,"1,4-dihydroxy-2-naphthoate octaprenyltransferase",0
Listeria_monocytogenes_EGDe,gene_12a4ba794ebc,0.35,low,DNA-binding transcription regulator,NADH dehydrogenase,0
Listeria_monocytogenes_EGDe,gene_99592aed73c0,0.35,low,DNA-binding transcription regulator,PTS system ascorbate transporter subunit IIC,0
Listeria_monocytogenes_EGDe,gene_42806108251a,0.35,low,ATP/GTP binding protein,elongation factor Tu,0
Listeria_monocytogenes_EGDe,gene_1be644b91220,0.45,low,ATP/GTP binding protein,elongation factor G,0
Listeria_monocytogenes_EGDe,gene_8245b6080973,0.35,low,DNA-binding transcription regulator,sorbitol dehydrogenase,0
Listeria_monocytogenes_EGDe,gene_97c972f571f4,0.35,low,Lipoprotein,PTS galacticol transporter subunit IIB,0
Listeria_monocytogenes_EGDe,gene_690b12c4905a,0.45,low,DNA-binding transcription regulator,transketolase,0
Listeria_monocytogenes_EGDe,gene_6c6c8023a8ec,0.35,low,ATP/GTP binding protein,potassium-transporting ATPase subunit A,0
Listeria_monocytogenes_EGDe,gene_1bd7a660c9ab,0.35,low,DNA-binding transcription regulator,histidine kinase,0
Listeria_monocytogenes_EGDe,gene_dba41bdfc4d3,0.35,low,DNA-binding transcription regulator,cell division protein FtsW,0
Listeria_monocytogenes_EGDe,gene_33f1222ed94d,0.35,low,ATP/GTP binding protein,thymidylate kinase,0
Listeria_monocytogenes_EGDe,gene_f78b1a647a17,0.35,low,ATP/GTP binding protein,dihydroxyacetone kinase,0
Listeria_monocytogenes_EGDe,gene_c7ef3f0dcc5a,0.35,low,ATP/GTP binding protein,DNA polymerase III subunit gamma/tau,0
Listeria_monocytogenes_EGDe,gene_25087c711a22,0.35,low,DNA-binding transcription regulator,PTS cellbiose transporter subunit IIC,0
Listeria_monocytogenes_EGDe,gene_8109c4acaf3c,0.35,low,ATP/GTP binding protein,pepdidoglycan bound protein,0
Listeria_monocytogenes_EGDe,gene_f26dbe0f0781,0.35,low,ATP/GTP binding protein,ABC transporter,0
Listeria_monocytogenes_EGDe,gene_c319167cf659,0.35,low,DNA-binding transcription regulator,acetate-CoA ligase,0
Listeria_monocytogenes_EGDe,gene_846e537513f2,0.35,low,Lipoprotein,PTS fructose transporter subunit IIABC,0
Listeria_monocytogenes_EGDe,gene_8a99e4a62cc6,0.35,low,Lipoprotein,LacI family transcriptional regulator,0
Listeria_monocytogenes_EGDe,gene_f5c830b58c6d,0.35,low,ATP/GTP binding protein,ABC transporter ATP-binding protein,1
Listeria_monocytogenes_EGDe,gene_148cf3957969,0.35,low,Lipoprotein,seryl-tRNA synthetase,0
Listeria_monocytogenes_EGDe,gene_e6ff337e64a0,0.35,low,ATP/GTP binding protein,ABC transporter ATP-binding protein,1
Listeria_monocytogenes_EGDe,gene_6ffead0fa3ae,0.35,low,ATP/GTP binding protein,ABC transporter ATP-binding protein,1
Listeria_monocytogenes_EGDe,gene_66df3ab795ad,0.35,low,DNA-binding transcription regulator,D-alanyl-D-alanine carboxypeptidase,0
Listeria_monocytogenes_EGDe,gene_dbd6a8522a3e,0.35,low,Lipoprotein,DNA topoisomerase III,0
Listeria_monocytogenes_EGDe,gene_a47ab197b53b,0.35,low,DNA-binding transcription regulator,beta-glucosidase,0
Listeria_monocytogenes_EGDe,gene_d1e0acffc35c,0.35,low,DNA-binding transcription regulator,PTS cellbiose transporter subunit IIC,0
Listeria_monocytogenes_EGDe,gene_16649d4397a6,0.45,low,ATP/GTP binding protein,ABC transporter ATP-binding protein,1
Listeria_monocytogenes_EGDe,gene_ae31217db062,0.35,low,ATP/GTP binding protein,ABC transporter ATP-binding protein,1
Listeria_monocytogenes_EGDe,gene_132bfb3b8efd,0.35,low,ATP/GTP binding protein,beta-glucosidase,0
Listeria_monocytogenes_EGDe,gene_77ff5687b06f,0.35,low,ATP/GTP binding protein,PTS beta-glucoside transporter subunit IIABC,0
Listeria_monocytogenes_EGDe,gene_d3e051b61b0d,0.35,low,ATP/GTP binding protein,GTP-binding protein EngD,1
Listeria_monocytogenes_EGDe,gene_68b196745b62,0.35,low,Lipoprotein,N-acetylmannosamine-6-phosphate 2-epimerase,0
Listeria_monocytogenes_EGDe,gene_76d22f76f867,0.35,low,ATP/GTP binding protein,tRNA modification GTPase TrmE,0
Listeria_monocytogenes_EGDe,gene_c8ca120bcc3b,0.35,low,DNA-binding transcription regulator,MFS transporter,0
Listeria_monocytogenes_EGDe,gene_d97d79af77a8,0.45,low,Lipoprotein,thioredoxin,0
Listeria_monocytogenes_EGDe,gene_3270b5ee6e87,0.35,low,DNA-binding transcription regulator,sugar ABC transporter permease,0
Listeria_monocytogenes_EGDe,gene_d019094a705f,0.35,low,Lipoprotein,sugar ABC transporter substrate-binding protein,0
Listeria_monocytogenes_EGDe,gene_9b8cc5d5da75,0.35,low,DNA-binding transcription regulator,MFS transporter,0
Listeria_monocytogenes_EGDe,gene_af9f25507c90,0.35,low,Lipoprotein,sporulation protein SpoJ,0
Mycoplasma_genitalium_G37,gene_398205ec3ee5,0.45,low,DNA-binding transcription regulator,molecular chaperone DnaJ,0
Mycoplasma_genitalium_G37,gene_9100643a0f17,0.35,low,Serine protease,DNA topoisomerase (ATP-hydrolyzing) subunit A,0
Mycoplasma_genitalium_G37,gene_0bebdf51555f,0.35,low,ATP/GTP binding protein,tRNA uridine-5-carboxymethylaminomethyl(34) synthesis GTPase MnmE,0
Mycoplasma_genitalium_G37,gene_1d8b57331306,0.35,low,ATP/GTP binding protein,dTMP kinase,0
Mycoplasma_genitalium_G37,gene_ff0c550d0bab,0.35,low,Lipoprotein,serine--tRNA ligase,0
Mycoplasma_genitalium_G37,gene_ad80d9fb6789,0.35,low,ATP/GTP binding protein,ABC transporter ATP-binding protein,1
Mycoplasma_genitalium_G37,gene_fdc2e87973b6,0.35,low,Lipoprotein,"bifunctional 5,10-methylenetetrahydrofolate dehydrogenase/5,10-methenyltetrahydrofolate cyclohydrolase",0
Mycoplasma_genitalium_G37,gene_cf5334c68739,0.35,low,ATP/GTP binding protein,redox-regulated ATPase YchF,0
Mycoplasma_genitalium_G37,gene_9837b4a1c1fe,0.35,low,DNA-binding transcription regulator,DUF5453 family protein,0
Mycoplasma_genitalium_G37,gene_f8bde15eb660,0.35,low,ATP/GTP binding protein,thymidine kinase,0
Mycoplasma_genitalium_G37,gene_bbf19f36c622,0.35,low,ATP/GTP binding protein,ATP-binding cassette domain-containing protein,1
Mycoplasma_genitalium_G37,gene_53715f3b3e2f,0.35,low,Lipoprotein,tRNA (adenosine(37)-N6)-threonylcarbamoyltransferase complex transferase subunit TsaD,0
Mycoplasma_genitalium_G37,gene_43a9a674ff65,0.35,low,ATP/GTP binding protein,signal recognition particle protein,0
Mycoplasma_genitalium_G37,gene_df91aaf49c54,0.35,low,Lipoprotein,type 2 periplasmic-binding domain-containing protein,0
Mycoplasma_genitalium_G37,gene_8ca6256436c1,0.35,low,ATP/GTP binding protein,ABC transporter ATP-binding protein,1
Mycoplasma_genitalium_G37,gene_ec38befcedad,0.35,low,Lipoprotein,DUF31 family protein,0
Mycoplasma_genitalium_G37,gene_5e83a26099d6,0.35,low,DNA-binding transcription regulator,transketolase,0
Mycoplasma_genitalium_G37,gene_6814e9252a4f,0.35,low,Lipoprotein,DUF31 family protein,0
Mycoplasma_genitalium_G37,gene_946148ecef09,0.35,low,ATP/GTP binding protein,excinuclease ABC subunit UvrB,0
Mycoplasma_genitalium_G37,gene_aa0081f87b3d,0.35,low,Lipoprotein,fructose-specific PTS transporter subunit EIIC,0
Mycoplasma_genitalium_G37,gene_cbaf71d16dee,0.35,low,DNA-binding transcription regulator,cation-translocating P-type ATPase,0
Mycoplasma_genitalium_G37,gene_09e3f3e8f019,0.35,low,ATP/GTP binding protein,ABC transporter ATP-binding protein,1
Mycoplasma_genitalium_G37,gene_474f8eaa77f3,0.35,low,ATP/GTP binding protein,elongation factor G,0
Mycoplasma_genitalium_G37,gene_2a1b9ca5776f,0.35,low,Lipoprotein,MG095/MPN233 family lipoprotein,1
Mycoplasma_genitalium_G37,gene_7038ce03de26,0.35,low,Serine protease,Asp-tRNA(Asn)/Glu-tRNA(Gln) amidotransferase subunit GatA,0
Mycoplasma_genitalium_G37,gene_d6bef6be286c,0.35,low,Lipoprotein,DNA polymerase III subunit alpha,0
Mycoplasma_genitalium_G37,gene_e7601bd71ede,0.35,low,ATP/GTP binding protein,ATP-binding cassette domain-containing protein,1
Mycoplasma_genitalium_G37,gene_7e220a6d929b,0.2344,speculative,Secreted/membrane protein,diadenylate cyclase CdaM,0
Mycoplasma_genitalium_G37,gene_9d5e2ad88484,0.35,low,ATP/GTP binding protein,guanylate kinase,0
Mycoplasma_genitalium_G37,gene_fe507576a96d,0.35,low,ATP/GTP binding protein,ribosome small subunit-dependent GTPase A,0
Mycoplasma_genitalium_G37,gene_d3567cccbb63,0.35,low,ATP/GTP binding protein,thioredoxin-disulfide reductase,0
Mycoplasma_genitalium_G37,gene_231b21b3ed7a,0.35,low,ATP/GTP binding protein,ABC transporter ATP-binding protein,1
Mycoplasma_genitalium_G37,gene_73dd88642bd1,0.35,low,DNA-binding transcription regulator,CDP-diacylglycerol--glycerol-3-phosphate 3-phosphatidyltransferase,0
Mycoplasma_genitalium_G37,gene_481297147a19,0.3488,low,Membrane protein,Asp-tRNA(Asn)/Glu-tRNA(Gln) amidotransferase subunit GatC,0
Mycoplasma_genitalium_G37,gene_d6df2596aa10,0.35,low,Lipoprotein,PTS sugar transporter subunit IIB,0
Mycoplasma_genitalium_G37,gene_32f5c68a06d5,0.35,low,DNA-binding transcription regulator,lysine--tRNA ligase,0
Mycoplasma_genitalium_G37,gene_731178b6788f,0.35,low,DNA-binding transcription regulator,UDP-galactopyranose mutase,0
Mycoplasma_genitalium_G37,gene_98d6b3b5398b,0.35,low,Lipoprotein,MPN157 family protein,0
Mycoplasma_genitalium_G37,gene_9cb0c9276833,0.35,low,Lipoprotein,MPN162 family protein,0
Mycoplasma_genitalium_G37,gene_fd73a9616a9e,0.45,low,DNA-binding transcription regulator,MIP/aquaporin family protein,0
Mycoplasma_genitalium_G37,gene_9fb60bcb212f,0.35,low,Serine protease,30S ribosomal protein S13,0
Mycoplasma_genitalium_G37,gene_71241ea8d514,0.35,low,Lipoprotein,tRNA pseudouridine(38-40) synthase TruA,0
Mycoplasma_genitalium_G37,gene_e585f2f6ea95,0.35,low,Lipoprotein,50S ribosomal protein L5,0
Mycoplasma_genitalium_G37,gene_ccb58d5266e4,0.35,low,DNA-binding transcription regulator,carbohydrate ABC transporter permease,0
Mycoplasma_genitalium_G37,gene_2add869ea468,0.35,low,ATP/GTP binding protein,translation initiation factor IF-2,0
Mycoplasma_genitalium_G37,gene_936d4326d0b4,0.45,low,ATP/GTP binding protein,ATP-binding cassette domain-containing protein,1
Mycoplasma_genitalium_G37,gene_59eea1fd926d,0.35,low,DNA-binding transcription regulator,adhesin,0
Mycoplasma_genitalium_G37,gene_475bf67784c2,0.45,low,ATP/GTP binding protein,energy-coupling factor transporter ATPase,0
Mycoplasma_genitalium_G37,gene_3a898be52b87,0.35,low,Lipoprotein,RluA family pseudouridine synthase,0
Mycoplasma_genitalium_G37,gene_a47b65d4e860,0.35,low,Lipoprotein,excinuclease ABC subunit UvrC,0
Mycoplasma_genitalium_G37,gene_dc99197d6ad7,0.35,low,Serine protease,DNA topoisomerase IV subunit A,0
Mycoplasma_genitalium_G37,gene_bb585af8edd3,0.35,low,Serine protease,adhesin P110,0
Mycoplasma_genitalium_G37,gene_5140752d548a,0.35,low,DNA-binding transcription regulator,ATP-dependent 6-phosphofructokinase,0
Mycoplasma_genitalium_G37,gene_781ccb70d301,0.35,low,ATP/GTP binding protein,endopeptidase La,0
Mycoplasma_genitalium_G37,gene_02c8d591289c,0.35,low,Lipoprotein,5-formyltetrahydrofolate cyclo-ligase,0
Mycoplasma_genitalium_G37,gene_6be0b81d5014,0.35,low,Lipoprotein,class 1b ribonucleoside-diphosphate reductase subunit alpha,0
Mycoplasma_genitalium_G37,gene_3b9e976d4b05,0.35,low,ATP/GTP binding protein,dephospho-CoA kinase,0
Mycoplasma_genitalium_G37,gene_e9c71bc8db37,0.35,low,ATP/GTP binding protein,deoxynucleoside kinase,0
Mycoplasma_genitalium_G37,gene_71f3de0b208a,0.35,low,ATP/GTP binding protein,glycine--tRNA ligase,0
Mycoplasma_genitalium_G37,gene_c4cd4696204a,0.35,low,DNA-binding transcription regulator,MPN316 family protein,0
Mycoplasma_genitalium_G37,gene_efb360dfde18,0.35,low,Lipoprotein,FAD-dependent oxidoreductase,0
Mycoplasma_genitalium_G37,gene_c758cf8e38ee,0.35,low,Lipoprotein,peptide chain release factor 1,0
Mycoplasma_genitalium_G37,gene_49ad3e52ff5a,0.35,low,DNA-binding transcription regulator,MPN396 family protein,0
Mycoplasma_genitalium_G37,gene_ff14d3f2d0a7,0.35,low,Serine protease,tRNA 2-thiouridine(34) synthase MnmA,0
Mycoplasma_genitalium_G37,gene_2503eb947299,0.35,low,Serine protease,phosphate acetyltransferase,0
Mycoplasma_genitalium_G37,gene_b541b4e7b5d0,0.35,low,ATP/GTP binding protein,signal recognition particle-docking protein FtsY,0
Mycoplasma_genitalium_G37,gene_768f6cc4fc6f,0.35,low,ATP/GTP binding protein,DEAD/DEAH box helicase,0
Mycoplasma_genitalium_G37,gene_9e9e22fb389d,0.35,low,Lipoprotein,DUF3713 domain-containing protein,0
Mycoplasma_genitalium_G37,gene_8d078ba80552,0.45,low,ATP/GTP binding protein,chromosome segregation protein SMC,0
Mycoplasma_genitalium_G37,gene_55f4aaa542a5,0.35,low,DNA-binding transcription regulator,phosphoglycerate kinase,0
Mycoplasma_genitalium_G37,gene_fcba0435312e,0.35,low,DNA-binding transcription regulator,MG319/MPN454 family protein,0
Mycoplasma_genitalium_G37,gene_920bec6eed9e,0.495,low,ATP/GTP binding protein,energy-coupling factor ABC transporter ATP-binding protein,0
Mycoplasma_genitalium_G37,gene_a8876dca1e40,0.35,low,Lipoprotein,ABC transporter thiamine pyrophosphate-binding lipoprotein p37/Cypl,1
Mycoplasma_genitalium_G37,gene_b48d344583e6,0.35,low,Lipoprotein,MG321/MPN456 family lipoprotein,1
Mycoplasma_genitalium_G37,gene_f49801d75b09,0.35,low,Serine protease,DegV family protein,0
Mycoplasma_genitalium_G37,gene_3f4cf9c071b2,0.45,low,DNA-binding transcription regulator,aminopeptidase P family protein,0
Mycoplasma_genitalium_G37,gene_36ddf8c2e463,0.35,low,DNA-binding transcription regulator,potassium transporter TrkG,0
Mycoplasma_genitalium_G37,gene_009f70fef84a,0.35,low,DNA-binding transcription regulator,YneF family protein,0
Mycoplasma_genitalium_G37,gene_3e60d38f3b0c,0.35,low,ATP/GTP binding protein,ribosome biogenesis GTPase Der,0
Mycoplasma_genitalium_G37,gene_8b76380e8a6b,0.35,low,ATP/GTP binding protein,terminal organelle protein HMW1,0
Mycoplasma_genitalium_G37,gene_e3ce6f4a48c0,0.35,low,Serine protease,cysteine desulfurase,0
Mycoplasma_genitalium_G37,gene_9d642d03d676,0.35,low,ATP/GTP binding protein,(d)CMP kinase,0
Mycoplasma_genitalium_G37,gene_cc2842086521,0.35,low,ATP/GTP binding protein,NADPH-dependent FMN reductase,0
Mycoplasma_genitalium_G37,gene_dbec9e574343,0.35,low,Lipoprotein,alanine--tRNA ligase,0
Mycoplasma_genitalium_G37,gene_5d30ef81d300,0.35,low,ATP/GTP binding protein,ribosome biogenesis GTP-binding protein YihA/YsxC,0
Mycoplasma_genitalium_G37,gene_405509b0a07e,0.35,low,Lipoprotein,DUF3713 domain-containing protein,0
Mycoplasma_genitalium_G37,gene_39813d869f96,0.35,low,ATP/GTP binding protein,Holliday junction branch migration DNA helicase RuvB,0
Mycoplasma_genitalium_G37,gene_c29dad2af59c,0.35,low,Lipoprotein,DUF6856 family protein,0
Mycoplasma_genitalium_G37,gene_51b2a7eb7414,0.35,low,Serine protease,DAK2 domain-containing protein,0
Mycoplasma_genitalium_G37,gene_76f660c9e4b9,0.35,low,Lipoprotein,MPN527 family putative ECF transporter permease subunit,0
Mycoplasma_genitalium_G37,gene_05bf6cff9b3d,0.35,low,ATP/GTP binding protein,MPN552 family protein,0
Mycoplasma_genitalium_G37,gene_9acbe7fde209,0.35,low,Serine protease,NAD(+) synthase,0
Mycoplasma_genitalium_G37,gene_5fd74b7948a2,0.35,low,ATP/GTP binding protein,GTPase Era,0
Mycoplasma_genitalium_G37,gene_6c0cf9feaaca,0.35,low,DNA-binding transcription regulator,methionyl-tRNA formyltransferase,0
Mycoplasma_genitalium_G37,gene_cd44dc953bf5,0.35,low,ATP/GTP binding protein,uridine kinase,0
Mycoplasma_genitalium_G37,gene_d6dda4f7dff5,0.35,low,ATP/GTP binding protein,co-chaperone GroES,0
Mycoplasma_genitalium_G37,gene_4227d3f7bc12,0.35,low,ATP/GTP binding protein,GTPase ObgE,0
Mycoplasma_genitalium_G37,gene_60504d1c2c3c,0.35,low,ATP/GTP binding protein,F0F1 ATP synthase subunit beta,0
Mycoplasma_genitalium_G37,gene_f978ecb1bea1,0.35,low,Lipoprotein,F0F1 ATP synthase subunit B,0
Mycoplasma_genitalium_G37,gene_3abfea490108,0.35,low,ATP/GTP binding protein,F0F1 ATP synthase subunit alpha,0
Mycoplasma_genitalium_G37,gene_534940774e52,0.35,low,ATP/GTP binding protein,phosphate ABC transporter ATP-binding protein PstB,0
Mycoplasma_genitalium_G37,gene_b7baefe9bf5e,0.35,low,ATP/GTP binding protein,DNA polymerase III subunit gamma/tau,0
Mycoplasma_genitalium_G37,gene_44593aa63c32,0.35,low,Lipoprotein,hydroperoxide reductase,0
Mycoplasma_genitalium_G37,gene_98711987c1f6,0.35,low,DNA-binding transcription regulator,F0F1 ATP synthase subunit A,0
Mycoplasma_genitalium_G37,gene_c7fe99a332bf,0.35,low,Lipoprotein,DUF31 family protein,0
Mycoplasma_genitalium_G37,gene_27584e5559bd,0.35,low,DNA-binding transcription regulator,phosphatidate cytidylyltransferase,0
Mycoplasma_genitalium_G37,gene_ca8440b51b91,0.35,low,Lipoprotein,lipoprotein,1
Mycoplasma_genitalium_G37,gene_f0591ed5b5d4,0.35,low,ATP/GTP binding protein,ribosome biogenesis GTPase YlqF,0
Mycoplasma_genitalium_G37,gene_1783546a5c50,0.35,low,DNA-binding transcription regulator,threonine--tRNA ligase,0
Mycoplasma_genitalium_G37,gene_243ee9f56b96,0.35,low,DNA-binding transcription regulator,hypoxanthine phosphoribosyltransferase,0
Mycoplasma_genitalium_G37,gene_a842c45d8767,0.35,low,ATP/GTP binding protein,ATP-dependent zinc metalloprotease FtsH,0
Mycoplasma_genitalium_G37,gene_ab38df59c619,0.35,low,DNA-binding transcription regulator,membrane protein insertase YidC,0
Mycoplasma_genitalium_G37,gene_4dbd22e3cb57,0.35,low,ATP/GTP binding protein,elongation factor Tu,0
Mycoplasma_genitalium_G37,gene_d476e5e00389,0.35,low,ATP/GTP binding protein,chromosomal replication initiator protein DnaA,0
Mycoplasma_pneumoniae_M129,gene_110054795123,0.35,low,ATP/GTP binding protein,dTMP kinase,0
Mycoplasma_pneumoniae_M129,gene_781145823996,0.35,low,ATP/GTP binding protein,ABC transporter ATP-binding protein,1
Mycoplasma_pneumoniae_M129,gene_e5ab80094374,0.35,low,Lipoprotein,serine--tRNA ligase,0
Mycoplasma_pneumoniae_M129,gene_681f5518a25d,0.35,low,Lipoprotein,lipoprotein,1
Mycoplasma_pneumoniae_M129,gene_3c7262a8ddf9,0.35,low,Lipoprotein,"bifunctional 5,10-methylenetetrahydrofolate dehydrogenase/5,10-methenyltetrahydrofolate cyclohydrolase",0
Mycoplasma_pneumoniae_M129,gene_9994618890ea,0.35,low,ATP/GTP binding protein,prolyl aminopeptidase,0
Mycoplasma_pneumoniae_M129,gene_f0987c294ffc,0.35,low,ATP/GTP binding protein,tRNA uridine-5-carboxymethylaminomethyl(34) synthesis GTPase MnmE,0
Mycoplasma_pneumoniae_M129,gene_a5875cb6ee40,0.35,low,Serine protease,DNA topoisomerase (ATP-hydrolyzing) subunit A,0
Mycoplasma_pneumoniae_M129,gene_e21e438a68bf,0.35,low,Lipoprotein,DNA polymerase III subunit alpha,0
Mycoplasma_pneumoniae_M129,gene_a7461f99d242,0.35,low,DNA-binding transcription regulator,MIP/aquaporin family protein,0
Mycoplasma_pneumoniae_M129,gene_e499fd98ca52,0.35,low,DNA-binding transcription regulator,aspartate--tRNA ligase,0
Mycoplasma_pneumoniae_M129,gene_d560c25eb201,0.35,low,Lipoprotein,type 2 glycerol-3-phosphate oxidase,0
Mycoplasma_pneumoniae_M129,gene_e5e9a563b4f8,0.35,low,ATP/GTP binding protein,ATP-binding cassette domain-containing protein,1
Mycoplasma_pneumoniae_M129,gene_8ac717b5d73a,0.35,low,Lipoprotein,type 2 periplasmic-binding domain-containing protein,0
Mycoplasma_pneumoniae_M129,gene_ad4e2ee973c4,0.35,low,DNA-binding transcription regulator,MFS transporter,0
Mycoplasma_pneumoniae_M129,gene_b16753014512,0.35,low,ATP/GTP binding protein,signal recognition particle protein,0
Mycoplasma_pneumoniae_M129,gene_bac00eef8db3,0.35,low,DNA-binding transcription regulator,transketolase,0
Mycoplasma_pneumoniae_M129,gene_8aacacec48a0,0.35,low,Lipoprotein,fructose-specific PTS transporter subunit EIIC,0
Mycoplasma_pneumoniae_M129,gene_b9f3ceb238c7,0.35,low,ATP/GTP binding protein,ABC transporter ATP-binding protein,1
Mycoplasma_pneumoniae_M129,gene_a2c0a5262cee,0.35,low,DNA-binding transcription regulator,MFS transporter,0
Mycoplasma_pneumoniae_M129,gene_549862df8269,0.35,low,DNA-binding transcription regulator,carbohydrate ABC transporter permease,0
Mycoplasma_pneumoniae_M129,gene_618f3479e162,0.35,low,DNA-binding transcription regulator,carbohydrate ABC transporter permease,0
Mycoplasma_pneumoniae_M129,gene_0eaff8d9a735,0.35,low,Lipoprotein,thermonuclease family protein,0
Mycoplasma_pneumoniae_M129,gene_18dbe4238328,0.35,low,Lipoprotein,YlxR family protein,0
Mycoplasma_pneumoniae_M129,gene_2d74f6fb688d,0.35,low,Lipoprotein,MPN157 family protein,0
Mycoplasma_pneumoniae_M129,gene_a9f22e391624,0.308,low,Membrane protein,CNNM domain-containing protein,0
Mycoplasma_pneumoniae_M129,gene_3a6b1e639089,0.35,low,Lipoprotein,MPN162 family protein,0
Mycoplasma_pneumoniae_M129,gene_6faeb0600eca,0.35,low,ATP/GTP binding protein,translation initiation factor IF-2,0
Mycoplasma_pneumoniae_M129,gene_b82beb17d6da,0.35,low,Lipoprotein,50S ribosomal protein L5,0
Mycoplasma_pneumoniae_M129,gene_4b64fa1a5095,0.45,low,ATP/GTP binding protein,energy-coupling factor transporter ATPase,0
Mycoplasma_pneumoniae_M129,gene_1ba91c65aad4,0.35,low,Lipoprotein,P80 family lipoprotein,1
Mycoplasma_pneumoniae_M129,gene_16e9008a9df7,0.35,low,Lipoprotein,DUF5426 family protein,0
Mycoplasma_pneumoniae_M129,gene_8ec37942cee2,0.35,low,Lipoprotein,P68 family surface lipoprotein,1
Mycoplasma_pneumoniae_M129,gene_7f28a5e6e20c,0.35,low,DNA-binding transcription regulator,P116 family lipid acquisition surface protein,0
Mycoplasma_pneumoniae_M129,gene_1176712f2d24,0.35,low,ATP/GTP binding protein,excinuclease ABC subunit UvrB,0
Mycoplasma_pneumoniae_M129,gene_9dce80e64711,0.35,low,ATP/GTP binding protein,ABC transporter ATP-binding protein,1
Mycoplasma_pneumoniae_M129,gene_168bbb259e9f,0.35,low,ATP/GTP binding protein,ATP-binding cassette domain-containing protein,1
Mycoplasma_pneumoniae_M129,gene_e2ad9a57a187,0.35,low,ATP/GTP binding protein,ABC transporter ATP-binding protein,1
Mycoplasma_pneumoniae_M129,gene_d3998db87f3b,0.35,low,ATP/GTP binding protein,guanylate kinase,0
Mycoplasma_pneumoniae_M129,gene_750147d692ba,0.35,low,Serine protease,Asp-tRNA(Asn)/Glu-tRNA(Gln) amidotransferase subunit GatA,0
Mycoplasma_pneumoniae_M129,gene_530c9e4a1078,0.35,low,ATP/GTP binding protein,ribosome small subunit-dependent GTPase A,0
Mycoplasma_pneumoniae_M129,gene_cff3c08e5ce5,0.35,low,DNA-binding transcription regulator,CDP-diacylglycerol--glycerol-3-phosphate 3-phosphatidyltransferase,0
Mycoplasma_pneumoniae_M129,gene_a4ad47d459c5,0.35,low,ATP/GTP binding protein,ABC transporter ATP-binding protein,1
Mycoplasma_pneumoniae_M129,gene_17ffb712226e,0.35,low,Lipoprotein,PTS transporter subunit IIBC,0
Mycoplasma_pneumoniae_M129,gene_d991ecc11c6f,0.45,low,ATP/GTP binding protein,glucose-6-phosphate isomerase,0
Mycoplasma_pneumoniae_M129,gene_600114c0a8d7,0.35,low,Lipoprotein,lipoprotein,1
Mycoplasma_pneumoniae_M129,gene_30cb0e6ddb9a,0.35,low,DNA-binding transcription regulator,ribonuclease Y,0
Mycoplasma_pneumoniae_M129,gene_d35cbd65fde9,0.35,low,DNA-binding transcription regulator,lysine--tRNA ligase,0
Mycoplasma_pneumoniae_M129,gene_0a576dd5d878,0.35,low,Lipoprotein,UDP-galactopyranose mutase,0
Mycoplasma_pneumoniae_M129,gene_57d600df8e18,0.35,low,ATP/GTP binding protein,replicative DNA helicase,0
Mycoplasma_pneumoniae_M129,gene_c3456c88fe29,0.35,low,Lipoprotein,DJ-1/PfpI family protein,0
Mycoplasma_pneumoniae_M129,gene_5060ff7d2271,0.35,low,Lipoprotein,ABC transporter permease,0
Mycoplasma_pneumoniae_M129,gene_1893f1a743a6,0.35,low,Lipoprotein,P68 family surface lipoprotein,1
Mycoplasma_pneumoniae_M129,gene_2c895c239a22,0.35,low,DNA-binding transcription regulator,APC family permease,0
Mycoplasma_pneumoniae_M129,gene_fe0bbf31fb82,0.35,low,ATP/GTP binding protein,nicotinate-nucleotide adenylyltransferase,0
Mycoplasma_pneumoniae_M129,gene_612ef96fd30b,0.35,low,ATP/GTP binding protein,endopeptidase La,0
Mycoplasma_pneumoniae_M129,gene_2a33b99c9ceb,0.35,low,Serine protease,MPN338 family protein,0
Mycoplasma_pneumoniae_M129,gene_7e6691128715,0.35,low,DNA-binding transcription regulator,ABC transporter permease,0
Mycoplasma_pneumoniae_M129,gene_2b5e6abb9cf4,0.35,low,Lipoprotein,class 1b ribonucleoside-diphosphate reductase subunit alpha,0
Mycoplasma_pneumoniae_M129,gene_a5b1ce749b6e,0.35,low,DNA-binding transcription regulator,APC family permease,0
Mycoplasma_pneumoniae_M129,gene_e6ce1459bfd1,0.45,low,DNA-binding transcription regulator,ABC transporter permease,0
Mycoplasma_pneumoniae_M129,gene_e2465f3e2502,0.35,low,Lipoprotein,peptide chain release factor 1,0
Mycoplasma_pneumoniae_M129,gene_6985efdc5979,0.35,low,ATP/GTP binding protein,glycine--tRNA ligase,0
Mycoplasma_pneumoniae_M129,gene_5c5bab8b2205,0.35,low,Lipoprotein,lipoprotein,1
Mycoplasma_pneumoniae_M129,gene_f3154dede6f3,0.35,low,ATP/GTP binding protein,dephospho-CoA kinase,0
Mycoplasma_pneumoniae_M129,gene_863166fe0bbb,0.35,low,Lipoprotein,FAD-dependent oxidoreductase,0
Mycoplasma_pneumoniae_M129,gene_fbc0862a4dcb,0.35,low,Lipoprotein,lipoprotein,1
Mycoplasma_pneumoniae_M129,gene_be45fff67c02,0.495,low,ATP/GTP binding protein,ABC transporter ATP-binding protein,1
Mycoplasma_pneumoniae_M129,gene_01340ff1f215,0.45,low,ATP/GTP binding protein,molecular chaperone DnaK,0
Mycoplasma_pneumoniae_M129,gene_e32e8e55f119,0.45,low,DNA-binding transcription regulator,MPN396 family protein,0
Mycoplasma_pneumoniae_M129,gene_4c97727f98b9,0.35,low,ATP/GTP binding protein,energy-coupling factor ABC transporter ATP-binding protein,0
Mycoplasma_pneumoniae_M129,gene_b0558d2213fa,0.35,low,Lipoprotein,DUF3713 domain-containing protein,0
Mycoplasma_pneumoniae_M129,gene_2fe8bf3bbba7,0.35,low,ATP/GTP binding protein,DEAD/DEAH box helicase,0
Mycoplasma_pneumoniae_M129,gene_afb9cda00c54,0.35,low,Lipoprotein,DUF3713 domain-containing protein,0
Mycoplasma_pneumoniae_M129,gene_3d52a9724d8a,0.35,low,Lipoprotein,ComEC/Rec2 family competence protein,0
Mycoplasma_pneumoniae_M129,gene_eef52ec94ea6,0.35,low,DNA-binding transcription regulator,MG319/MPN454 family protein,0
Mycoplasma_pneumoniae_M129,gene_c2b36741b70c,0.35,low,Lipoprotein,adhesin P30,0
Mycoplasma_pneumoniae_M129,gene_3e397c96a21c,0.35,low,ATP/GTP binding protein,phosphoglycerate kinase,0
Mycoplasma_pneumoniae_M129,gene_067109e6e56e,0.45,low,ATP/GTP binding protein,AAA family ATPase,0
Mycoplasma_pneumoniae_M129,gene_1df15328e0f5,0.35,low,DNA-binding transcription regulator,potassium transporter TrkG,0
Mycoplasma_pneumoniae_M129,gene_4114a36facdc,0.35,low,Serine protease,DegV family protein,0
Mycoplasma_pneumoniae_M129,gene_f2329aca9d44,0.35,low,ATP/GTP binding protein,signal recognition particle-docking protein FtsY,0
Mycoplasma_pneumoniae_M129,gene_ee4fa3aeebff,0.35,low,ATP/GTP binding protein,(d)CMP kinase,0
Mycoplasma_pneumoniae_M129,gene_44c6b3e1ddc2,0.35,low,ATP/GTP binding protein,ribosome biogenesis GTPase Der,0
Mycoplasma_pneumoniae_M129,gene_549e3f46c3d1,0.35,low,Serine protease,FMN-dependent NADH-azoreductase,0
Mycoplasma_pneumoniae_M129,gene_9ec2abe94c50,0.35,low,DNA-binding transcription regulator,YneF family protein,0
Mycoplasma_pneumoniae_M129,gene_9acf67627de3,0.35,low,Lipoprotein,DUF3713 domain-containing protein,0
Mycoplasma_pneumoniae_M129,gene_ec54da480ca0,0.35,low,ATP/GTP binding protein,ribosome biogenesis GTP-binding protein YihA/YsxC,0
Mycoplasma_pneumoniae_M129,gene_74f7300a3de0,0.35,low,Lipoprotein,PTS sugar transporter subunit IIB,0
Mycoplasma_pneumoniae_M129,gene_92f2f2f03636,0.35,low,Lipoprotein,P68 family surface lipoprotein,1
Mycoplasma_pneumoniae_M129,gene_641b0451f0bd,0.35,low,ATP/GTP binding protein,NAD(P)H-dependent oxidoreductase,0
Mycoplasma_pneumoniae_M129,gene_6370e097a683,0.35,low,Lipoprotein,DUF6856 family protein,0
Mycoplasma_pneumoniae_M129,gene_3a978cd8d7dc,0.35,low,Lipoprotein,MPN527 family putative ECF transporter permease subunit,0
Mycoplasma_pneumoniae_M129,gene_4442993fb2f9,0.45,low,ATP/GTP binding protein,chaperone protein ClpB,0
Mycoplasma_pneumoniae_M129,gene_be0f2c9a420e,0.45,low,Serine protease,acetate/propionate family kinase,0
Mycoplasma_pneumoniae_M129,gene_378170aeb3ce,0.45,low,Lipoprotein,DNA-directed RNA polymerase subunit beta,0
Mycoplasma_pneumoniae_M129,gene_5d6098583782,0.35,low,DNA-binding transcription regulator,threonine--tRNA ligase,0
Mycoplasma_pneumoniae_M129,gene_8cb94f6bcb1d,0.35,low,Serine protease,NAD(+) synthase,0
Mycoplasma_pneumoniae_M129,gene_854d8afff214,0.35,low,DNA-binding transcription regulator,MPN565 family protein,0
Mycoplasma_pneumoniae_M129,gene_7b1a4d48ce31,0.35,low,ATP/GTP binding protein,GTPase ObgE,0
Mycoplasma_pneumoniae_M129,gene_8d450db63e9a,0.35,low,ATP/GTP binding protein,GTPase Era,0
Mycoplasma_pneumoniae_M129,gene_bac0fa1177de,0.35,low,DNA-binding transcription regulator,arginine--tRNA ligase,0
Mycoplasma_pneumoniae_M129,gene_51d2ebe6b271,0.35,low,Serine protease,DUF31 family putative serine protease,1
Mycoplasma_pneumoniae_M129,gene_8a67b749aed5,0.35,low,Serine protease,DAK2 domain-containing protein,0
Mycoplasma_pneumoniae_M129,gene_945fba4e7930,0.35,low,Lipoprotein,DUF31 family protein,0
Mycoplasma_pneumoniae_M129,gene_dd7ba50d6b6c,0.35,low,Serine protease,DUF31 family putative serine protease,1
Mycoplasma_pneumoniae_M129,gene_4fd7eb380b97,0.35,low,Serine protease,DUF31 family putative serine protease,1
Mycoplasma_pneumoniae_M129,gene_48736b4bc4b0,0.35,low,Lipoprotein,DUF31 family protein,0
Mycoplasma_pneumoniae_M129,gene_9294f5305f80,0.35,low,Lipoprotein,DUF31 family protein,0
Mycoplasma_pneumoniae_M129,gene_e70b58201ac6,0.35,low,ATP/GTP binding protein,uridine kinase,0
Mycoplasma_pneumoniae_M129,gene_e47d7e9963ad,0.35,low,DNA-binding transcription regulator,DUF31 family putative serine protease,0
Mycoplasma_pneumoniae_M129,gene_0921a0a9aebd,0.35,low,Lipoprotein,F0F1 ATP synthase subunit B,0
Mycoplasma_pneumoniae_M129,gene_dd4d260950bf,0.35,low,ATP/GTP binding protein,co-chaperone GroES,0
Mycoplasma_pneumoniae_M129,gene_281bc90f3b83,0.35,low,ATP/GTP binding protein,F0F1 ATP synthase subunit beta,0
Mycoplasma_pneumoniae_M129,gene_18f2cd377e29,0.35,low,ATP/GTP binding protein,phosphate ABC transporter ATP-binding protein PstB,0
Mycoplasma_pneumoniae_M129,gene_5588fdc1fda2,0.35,low,Serine protease,substrate-binding domain-containing protein,0
Mycoplasma_pneumoniae_M129,gene_48190a7b4bf1,0.35,low,Lipoprotein,DUF31 family putative serine protease,0
Mycoplasma_pneumoniae_M129,gene_d4dd696fde41,0.35,low,ATP/GTP binding protein,DNA polymerase III subunit gamma/tau,0
Mycoplasma_pneumoniae_M129,gene_cf211a031e5d,0.35,low,DNA-binding transcription regulator,phosphate ABC transporter permease PstA,0
Mycoplasma_pneumoniae_M129,gene_e8ae64887106,0.35,low,Lipoprotein,phosphopyruvate hydratase,0
Mycoplasma_pneumoniae_M129,gene_c5c76fb7f8b6,0.35,low,DNA-binding transcription regulator,phosphatidate cytidylyltransferase,0
Mycoplasma_pneumoniae_M129,gene_e95a6af7580a,0.35,low,Lipoprotein,lipoprotein,1
Mycoplasma_pneumoniae_M129,gene_119ec9c9f50c,0.35,low,Lipoprotein,lipoprotein,1
Mycoplasma_pneumoniae_M129,gene_03e4d108a8d8,0.35,low,Lipoprotein,lipoprotein,1
Mycoplasma_pneumoniae_M129,gene_5cd4e287f199,0.35,low,Lipoprotein,lipoprotein,1
Mycoplasma_pneumoniae_M129,gene_4bffc82f699d,0.35,low,Lipoprotein,lipoprotein,1
Mycoplasma_pneumoniae_M129,gene_adcd79420851,0.35,low,Lipoprotein,lipoprotein,1
Mycoplasma_pneumoniae_M129,gene_3a63123dccbd,0.35,low,DNA-binding transcription regulator,DUF5426 family protein,0
Mycoplasma_pneumoniae_M129,gene_d4faca22e995,0.35,low,Lipoprotein,lipoprotein,1
Mycoplasma_pneumoniae_M129,gene_94f9242edcc3,0.35,low,Lipoprotein,hydroperoxide reductase,0
Mycoplasma_pneumoniae_M129,gene_92450e96cf78,0.35,low,Lipoprotein,lipoprotein,1
Mycoplasma_pneumoniae_M129,gene_2555eb6e5260,0.35,low,ATP/GTP binding protein,F0F1 ATP synthase subunit alpha,0
Mycoplasma_pneumoniae_M129,gene_241d2726c6ba,0.35,low,ATP/GTP binding protein,ATP-dependent zinc metalloprotease FtsH,0
Mycoplasma_pneumoniae_M129,gene_066f819e662c,0.35,low,DNA-binding transcription regulator,hypoxanthine phosphoribosyltransferase,0
Mycoplasma_pneumoniae_M129,gene_b2badf180511,0.35,low,ATP/GTP binding protein,ribosome biogenesis GTPase YlqF,0
Mycoplasma_pneumoniae_M129,gene_1e5570a291c0,0.35,low,ATP/GTP binding protein,elongation factor Tu,0
Mycoplasma_pneumoniae_M129,gene_2caf7e0c4b21,0.35,low,ATP/GTP binding protein,chromosomal replication initiator protein DnaA,0
Mycoplasma_pneumoniae_M129,gene_540e8b15b8f6,0.45,low,DNA-binding transcription regulator,L-lactate dehydrogenase,0
Mycoplasma_pneumoniae_M129,gene_6c3023853ebc,0.35,low,ATP/GTP binding protein,ABC transporter ATP-binding protein,1
Staphylococcus_aureus_8325,gene_ccf0cdd68859,0.35,low,ATP/GTP binding protein,chromosomal replication initiation protein,0
Staphylococcus_aureus_8325,gene_bbd69f04168a,0.495,low,ATP/GTP binding protein,recombination protein F,0
Staphylococcus_aureus_8325,gene_76f76d25d7dd,0.35,low,ATP/GTP binding protein,replicative DNA helicase,0
Staphylococcus_aureus_8325,gene_b62c2e4b4cba,0.35,low,Lipoprotein,seryl-tRNA synthetase,0
Staphylococcus_aureus_8325,gene_208f0c20a9fe,0.35,low,DNA-binding transcription regulator,L-lactate permease,0
Staphylococcus_aureus_8325,gene_c1754c3c919c,0.35,low,Lipoprotein,"2,3-diaminopropionate biosynthesis protein SbnB",0
Staphylococcus_aureus_8325,gene_6da943c42b12,0.35,low,Lipoprotein,periplasmic binding protein,0
Staphylococcus_aureus_8325,gene_cd4195cf15bd,0.35,low,DNA-binding transcription regulator,lipoprotein SirB,0
Staphylococcus_aureus_8325,gene_7646dc737793,0.35,low,ATP/GTP binding protein,phosphopentomutase,0
Staphylococcus_aureus_8325,gene_64556ca37d69,0.35,low,DNA-binding transcription regulator,capsular polysaccharide biosynthesis protein O-acetyl transferase Cap5H,0
Staphylococcus_aureus_8325,gene_05a6c565a32d,0.45,low,DNA-binding transcription regulator,bifunctional acetaldehyde-CoA/alcohol dehydrogenase,0
Staphylococcus_aureus_8325,gene_9dcf72f3134e,0.35,low,ATP/GTP binding protein,N-acetylmuramic acid-6-phosphate etherase,0
Staphylococcus_aureus_8325,gene_c23aad49a2c3,0.35,low,DNA-binding transcription regulator,PTS system glucose-specific protein,0
Staphylococcus_aureus_8325,gene_069c638089a1,0.35,low,DNA-binding transcription regulator,branched-chain amino acid transport system II carrier protein,0
Staphylococcus_aureus_8325,gene_dfdbf07c8709,0.35,low,Lipoprotein,RGD-containing lipoprotein,1
Staphylococcus_aureus_8325,gene_79305c935d03,0.35,low,ATP/GTP binding protein,azoreductase,0
Staphylococcus_aureus_8325,gene_a12703eea570,0.35,low,ATP/GTP binding protein,multiple sugar-binding transport ATP-binding protein,0
Staphylococcus_aureus_8325,gene_da7ebedc2ab6,0.35,low,DNA-binding transcription regulator,gamma-glutamyltranspeptidase,0
Staphylococcus_aureus_8325,gene_f03bcd182c14,0.35,low,Lipoprotein,extracellular solute-binding protein,0
Staphylococcus_aureus_8325,gene_3d04a03afdf4,0.35,low,Lipoprotein,response regulator receiver domain-containing protein,0
Staphylococcus_aureus_8325,gene_3afcf357f055,0.35,low,Lipoprotein,lipoprotein,1
Staphylococcus_aureus_8325,gene_e0c0213689d6,0.35,low,DNA-binding transcription regulator,PTS system glucose-specific transporter subunit IIBC,0
Staphylococcus_aureus_8325,gene_de51d1561d01,0.35,low,Lipoprotein,PTS system transporter,0
Staphylococcus_aureus_8325,gene_04c73b5c871a,0.35,low,DNA-binding transcription regulator,PTS system transporter,0
Staphylococcus_aureus_8325,gene_8270dbfd3510,0.35,low,DNA-binding transcription regulator,6-phospho-beta-glucosidase,0
Staphylococcus_aureus_8325,gene_a2b853231988,0.5,moderate,Protein with staphylocoagulase motif,staphylocoagulase,1
Staphylococcus_aureus_8325,gene_ab9febce53b0,0.35,low,DNA-binding transcription regulator,drug transporter,0
Staphylococcus_aureus_8325,gene_d50af1d654e7,0.35,low,ATP/GTP binding protein,ABC transporter ATP-binding protein,1
Staphylococcus_aureus_8325,gene_1a7301d4b6dd,0.35,low,Lipoprotein,N-acetylmannosamine-6-phosphate 2-epimerase,0
Staphylococcus_aureus_8325,gene_f6428966a53b,0.35,low,ATP/GTP binding protein,PTS system ascorbate-specific transporter subunit IIC,0
Staphylococcus_aureus_8325,gene_85931e7cfc9e,0.45,low,ATP/GTP binding protein,lipase,0
Staphylococcus_aureus_8325,gene_0542056acbb6,0.35,low,DNA-binding transcription regulator,glycerol-3-phosphate transporter,0
Staphylococcus_aureus_8325,gene_f8432ed398c3,0.35,low,ATP/GTP binding protein,ABC transporter ATP-binding protein,1
Staphylococcus_aureus_8325,gene_9d626789c8a5,0.35,low,ATP/GTP binding protein,GTP-dependent nucleic acid-binding protein EngD,0
Staphylococcus_aureus_8325,gene_5ff2474c0192,0.35,low,ATPase,xanthine phosphoribosyltransferase,0
Staphylococcus_aureus_8325,gene_5e58c96a5269,0.35,low,Serine protease,alkyl hydroperoxide reductase subunit F,0
Staphylococcus_aureus_8325,gene_36e61fe8fe05,0.35,low,DNA-binding transcription regulator,GMP synthase,0
Staphylococcus_aureus_8325,gene_d575c4418f79,0.35,low,DNA-binding transcription regulator,NADH dehydrogenase subunit 5,0
Staphylococcus_aureus_8325,gene_6dff86dcb28a,0.35,low,Lipoprotein,ABC transporter substrate-binding protein,0
Staphylococcus_aureus_8325,gene_dbbd712d531e,0.35,low,ATP/GTP binding protein,DNA polymerase III subunits gamma and tau,0
Staphylococcus_aureus_8325,gene_401d72054399,0.35,low,ATP/GTP binding protein,thymidylate kinase,0
Staphylococcus_aureus_8325,gene_798fd1216f40,0.35,low,Serine protease,glutamate synthase large subunit,0
Staphylococcus_aureus_8325,gene_f58c20c69118,0.35,low,Serine protease,pur operon repressor,0
Staphylococcus_aureus_8325,gene_903d278f5e6d,0.35,low,Serine protease,regulatory protein SpoVG,0
Staphylococcus_aureus_8325,gene_c6e1be6f0deb,0.35,low,ATP/GTP binding protein,methionyl-tRNA synthetase,0
Staphylococcus_aureus_8325,gene_e87275685f81,0.35,low,DNA-binding transcription regulator,Orn/Lys/Arg decarboxylase,0
Staphylococcus_aureus_8325,gene_d2b41f7d0c4c,0.35,low,DNA-binding transcription regulator,hypoxanthine phosphoribosyltransferase,0
Staphylococcus_aureus_8325,gene_b2f226b7a8cd,0.35,low,ATP/GTP binding protein,transcription-repair coupling factor,0
Staphylococcus_aureus_8325,gene_0fdd29766d2b,0.35,low,ATP/GTP binding protein,DNA repair protein RadA,0
Staphylococcus_aureus_8325,gene_53d64224f9bf,0.35,low,ATP/GTP binding protein,DNA-directed RNA polymerase subunit beta,0
Staphylococcus_aureus_8325,gene_485f441269ba,0.45,low,ATP/GTP binding protein,elongation factor Tu,0
Staphylococcus_aureus_8325,gene_d77a5c56b37c,0.35,low,DNA-binding transcription regulator,2-amino-3-ketobutyrate coenzyme A ligase,0
Staphylococcus_aureus_8325,gene_b99b0fb5def9,0.45,low,DNA-binding transcription regulator,DNA-directed RNA polymerase subunit beta',0
Staphylococcus_aureus_8325,gene_c0c9afeb24ea,0.35,low,Lipoprotein,ribulokinase,0
Staphylococcus_aureus_8325,gene_01702acb0a3b,0.45,low,ATP/GTP binding protein,elongation factor G,0
Staphylococcus_aureus_8325,gene_0a2bc5ee5860,0.45,low,ATP/GTP binding protein,endopeptidase,0
Staphylococcus_aureus_8325,gene_6485f65ce51a,0.35,low,DNA-binding transcription regulator,heme peroxidase,0
Staphylococcus_aureus_8325,gene_de5602d92f88,0.35,low,Lipoprotein,phosphomevalonate kinase,0
Staphylococcus_aureus_8325,gene_ed9949de50db,0.35,low,Lipoprotein,acetyl-CoA acetyltransferase,0
Staphylococcus_aureus_8325,gene_68a2786ded5a,0.35,low,ATP/GTP binding protein,phosphomethylpyrimidine kinase,0
Staphylococcus_aureus_8325,gene_ec2d38851369,0.35,low,ATP/GTP binding protein,haloacid dehalogenase-like hydrolase,0
Staphylococcus_aureus_8325,gene_ec7b0585da00,0.35,low,Lipoprotein,iron compound ABC transporter substrate-binding protein,0
Staphylococcus_aureus_8325,gene_9dcf48dbe2df,0.35,low,DNA-binding transcription regulator,monovalent cation/H+ antiporter subunit C,0
Staphylococcus_aureus_8325,gene_193795e30728,0.495,low,ATP/GTP binding protein,teichoic acids export protein ATP-binding subunit,0
Staphylococcus_aureus_8325,gene_5db1d2e507dd,0.35,low,Lipoprotein,teichoic acid biosynthesis protein,0
Staphylococcus_aureus_8325,gene_ba1ded689625,0.35,low,DNA-binding transcription regulator,ferrichrome transport permease FhuB,0
Staphylococcus_aureus_8325,gene_83922bb9567c,0.35,low,ATP/GTP binding protein,iron compound ABC transporter ATP-binding protein,0
Staphylococcus_aureus_8325,gene_b13278ef8bef,0.35,low,Lipoprotein,teichoic acid biosynthesis protein TagB,0
Staphylococcus_aureus_8325,gene_c2ac28ecf156,0.35,low,ATP/GTP binding protein,ABC transporter ATP-binding protein,1
Staphylococcus_aureus_8325,gene_3aba459f86f5,0.35,low,DNA-binding transcription regulator,major facilitator superfamily protein superfamily,0
Staphylococcus_aureus_8325,gene_95eabc6ad551,0.35,low,DNA-binding transcription regulator,quinolone resistance protein NorA,0
Staphylococcus_aureus_8325,gene_69857d290490,0.35,low,DNA-binding transcription regulator,ABC transporter permease,0
Staphylococcus_aureus_8325,gene_7ac9b0b65b78,0.35,low,Lipoprotein,fructose specific permease,0
Staphylococcus_aureus_8325,gene_df1098f956ce,0.35,low,Lipoprotein,ATP-dependent DNA helicase RecQ,0
Staphylococcus_aureus_8325,gene_976cefb4dfa4,0.35,low,ATP/GTP binding protein,ABC transporter,0
Staphylococcus_aureus_8325,gene_3bf5470debd4,0.35,low,Lipoprotein,ribonucleotide-diphosphate reductase subunit alpha,0
Staphylococcus_aureus_8325,gene_3aa0c15cc77b,0.35,low,DNA-binding transcription regulator,histidinol-phosphate aminotransferase,0
Staphylococcus_aureus_8325,gene_8212fb5f188f,0.35,low,ATP/GTP binding protein,excinuclease ABC subunit B,0
Staphylococcus_aureus_8325,gene_54ce4c9267e0,0.45,low,ATP/GTP binding protein,ABC transporter ATP-binding protein,1
Staphylococcus_aureus_8325,gene_2e1fc88b81d4,0.35,low,DNA-binding transcription regulator,prolipoprotein diacylglyceryl transferase,0
Staphylococcus_aureus_8325,gene_67f4cb3a3d11,0.35,low,Lipoprotein,sensor histidine kinase SaeS,0
Staphylococcus_aureus_8325,gene_b86d993676c6,0.35,low,Serine protease,preprotein translocase subunit SecG,0
Staphylococcus_aureus_8325,gene_aac4c6c6b007,0.45,low,Serine protease,glyceraldehyde-3-phosphate dehydrogenase,0
Staphylococcus_aureus_8325,gene_fc25d251fa8e,0.35,low,ATP/GTP binding protein,ABC transporter ATP-binding protein,1
Staphylococcus_aureus_8325,gene_0f3695b07c9f,0.35,low,DNA-binding transcription regulator,D-alanine transfer protein DltB,0
Staphylococcus_aureus_8325,gene_9719b3833fd5,0.35,low,ATP/GTP binding protein,ABC transporter ATP-binding protein,1
Staphylococcus_aureus_8325,gene_083efacdcb69,0.35,low,ATPase,cytosol aminopeptidase,0
Staphylococcus_aureus_8325,gene_cdb14966e3a8,0.35,low,DNA-binding transcription regulator,lipoyl synthase,0
Staphylococcus_aureus_8325,gene_087a59bb879f,0.35,low,DNA-binding transcription regulator,monovalent cation/H+ antiporter subunit D,0
Staphylococcus_aureus_8325,gene_979d651bf3ff,0.35,low,DNA-binding transcription regulator,monovalent cation/H+ antiporter subunit B,0
Staphylococcus_aureus_8325,gene_300652a55bea,0.45,low,Lipoprotein,argininosuccinate synthase,0
Staphylococcus_aureus_8325,gene_0301662ac90e,0.35,low,ATP/GTP binding protein,exonuclease RexB,0
Staphylococcus_aureus_8325,gene_b4dee1793b84,0.35,low,DNA-binding transcription regulator,monovalent cation/H+ antiporter subunit E,0
Staphylococcus_aureus_8325,gene_bac6c3784499,0.35,low,Lipoprotein,3-oxoacyl-ACP synthase III,0
Staphylococcus_aureus_8325,gene_e49ab100f839,0.45,low,ATP/GTP binding protein,ATP-dependent Clp protease ATP-binding subunit ClpB,0
Staphylococcus_aureus_8325,gene_ba7212b0d375,0.35,low,ATP/GTP binding protein,oligopeptide ABC transporter ATP-binding protein,0
Staphylococcus_aureus_8325,gene_c17fc26b241d,0.35,low,Lipoprotein,oligopeptide ABC transporter substrate-binding protein,0
Staphylococcus_aureus_8325,gene_6ba9bc02f490,0.35,low,Lipoprotein,3-oxoacyl- synthase,0
Staphylococcus_aureus_8325,gene_90c3735ed42a,0.35,low,ATP/GTP binding protein,oligopeptide ABC transporter ATP-binding protein,0
Staphylococcus_aureus_8325,gene_9c7401551e82,0.35,low,Lipoprotein,oligopeptide ABC transporter substrate-binding protein,0
Staphylococcus_aureus_8325,gene_12fe918d64c7,0.35,low,ATP/GTP binding protein,oligopeptide ABC transporter ATP-binding protein,0
Staphylococcus_aureus_8325,gene_5dd6052beb85,0.35,low,Lipoprotein,lipoyltransferase and lipoate-protein ligase,0
Staphylococcus_aureus_8325,gene_c45c771ca009,0.35,low,ATP/GTP binding protein,ATP-dependent nuclease subunit A,0
Staphylococcus_aureus_8325,gene_0e3599fb478b,0.35,low,ATP/GTP binding protein,"1,4-dihydroxy-2-naphthoate octaprenyltransferase",0
Staphylococcus_aureus_8325,gene_ac21949398a9,0.35,low,Serine protease,serine protease HtrA,1
Staphylococcus_aureus_8325,gene_495e0110c1f0,0.35,low,DNA-binding transcription regulator,methicillin resistance protein FmtA,0
Staphylococcus_aureus_8325,gene_3a7cd777877e,0.35,low,DNA-binding transcription regulator,bifunctional autolysin,0
Staphylococcus_aureus_8325,gene_01d133b966b5,0.35,low,Lipoprotein,quinol oxidase AA3 subunit II,0
Staphylococcus_aureus_8325,gene_4963d93c16af,0.45,low,DNA-binding transcription regulator,quinol oxidase subunit I,0
Staphylococcus_aureus_8325,gene_57f9db91cfd9,0.35,low,DNA-binding transcription regulator,phosphoribosylamine--glycine ligase,0
Staphylococcus_aureus_8325,gene_3b2a8757b1f0,0.35,low,DNA-binding transcription regulator,amidophosphoribosyltransferase,0
Staphylococcus_aureus_8325,gene_185808675d94,0.35,low,ATP/GTP binding protein,GTP-binding protein TypA,1
Staphylococcus_aureus_8325,gene_754101696b8a,0.35,low,DNA-binding transcription regulator,glycerophosphoryl diester phosphodiesterase,0
Staphylococcus_aureus_8325,gene_2a1a33b383ca,0.35,low,DNA-binding transcription regulator,protoheme IX farnesyltransferase,0
Staphylococcus_aureus_8325,gene_21a6662acc54,0.35,low,ATP/GTP binding protein,ABC transporter,0
Staphylococcus_aureus_8325,gene_519ef7e70175,0.35,low,Lipoprotein,succinate dehydrogenase iron-sulfur subunit,0
Staphylococcus_aureus_8325,gene_881e14ab18c2,0.45,low,Lipoprotein,glutamate racemase,0
Staphylococcus_aureus_8325,gene_5449cb9cf7d4,0.35,low,ATP/GTP binding protein,carbamate kinase,0
Staphylococcus_aureus_8325,gene_195b2f5451bf,0.35,low,ATP/GTP binding protein,penicillin-binding protein 1,0
Staphylococcus_aureus_8325,gene_299d449671f9,0.495,low,ATP/GTP binding protein,recombination and DNA strand exchange inhibitor protein,0
Staphylococcus_aureus_8325,gene_7330a84c2e26,0.35,low,DNA-binding transcription regulator,uracil permease,0
Staphylococcus_aureus_8325,gene_eb3458c78c73,0.35,low,ATP/GTP binding protein,primosomal protein N,0
Staphylococcus_aureus_8325,gene_8faf0191e867,0.45,low,ATP/GTP binding protein,signal recognition particle protein,0
Staphylococcus_aureus_8325,gene_2f69366db16b,0.35,low,Lipoprotein,16S rRNA-processing protein RimM,0
Staphylococcus_aureus_8325,gene_006621ed3684,0.35,low,ATP/GTP binding protein,ribosomal biogenesis GTPase,0
Staphylococcus_aureus_8325,gene_e7a3059e4fe8,0.35,low,Lipoprotein,ribonuclease HII,0
Staphylococcus_aureus_8325,gene_ad5a6deb4450,0.45,low,ATP/GTP binding protein,signal recognition particle-docking protein FtsY,0
Staphylococcus_aureus_8325,gene_4ba20b24341b,0.5,moderate,Protein with cpsase_1 motif,carbamoyl phosphate synthase large subunit,0
Staphylococcus_aureus_8325,gene_f4a2f080f471,0.35,low,ATP/GTP binding protein,uridylate kinase,0
Staphylococcus_aureus_8325,gene_28edb129376e,0.35,low,Lipoprotein,DNA polymerase III PolC,0
Staphylococcus_aureus_8325,gene_38829ea13a2b,0.35,low,ATP/GTP binding protein,SMC domain-containing protein,0
Staphylococcus_aureus_8325,gene_be807a970fd6,0.35,low,DNA-binding transcription regulator,riboflavin biosynthesis protein RibF,0
Staphylococcus_aureus_8325,gene_b755267dc6cc,0.35,low,ATP/GTP binding protein,ATP-dependent protease ATP-binding subunit HslU,0
Staphylococcus_aureus_8325,gene_80bffac178c2,0.35,low,ATP/GTP binding protein,succinyl-CoA synthetase subunit beta,0
Staphylococcus_aureus_8325,gene_a26a448f3c55,0.45,low,Serine protease,aerobic glycerol-3-phosphate dehydrogenase,0
Staphylococcus_aureus_8325,gene_1e5bce2d1726,0.35,low,ATP/GTP binding protein,tRNA delta(2)-isopentenylpyrophosphate transferase,0
Staphylococcus_aureus_8325,gene_4914287863ee,0.35,low,ATP/GTP binding protein,DNA mismatch repair protein MutS,0
Staphylococcus_aureus_8325,gene_ee75b381ed50,0.495,low,ATP/GTP binding protein,recombinase A,0
Staphylococcus_aureus_8325,gene_45ccf07ee1af,0.35,low,ATP/GTP binding protein,DNA mismatch repair protein,0
Staphylococcus_aureus_8325,gene_79847c467d19,0.35,low,ATP/GTP binding protein,ABC transporter ATP-binding protein,1
Staphylococcus_aureus_8325,gene_6d27a32f047b,0.35,low,Lipoprotein,homoserine kinase,0
Staphylococcus_aureus_8325,gene_f333aff6070c,0.45,low,Lipoprotein,glutamine synthetase,0
Staphylococcus_aureus_8325,gene_ceabfad3c72a,0.35,low,DNA-binding transcription regulator,cardiolipin synthetase,0
Staphylococcus_aureus_8325,gene_c8a80573289a,0.35,low,ATP/GTP binding protein,DNA topoisomerase IV subunit B,0
Staphylococcus_aureus_8325,gene_332b5c3c52c4,0.35,low,DNA-binding transcription regulator,sodium:alanine symporter family protein,0
Staphylococcus_aureus_8325,gene_98cbb16bfbec,0.45,low,Lipoprotein,aconitate hydratase,0
Staphylococcus_aureus_8325,gene_06b5c3a3784c,0.35,low,ATP/GTP binding protein,oligopeptide ABC transporter ATP-binding protein,0
Staphylococcus_aureus_8325,gene_c60123547d4a,0.35,low,DNA-binding transcription regulator,oligopeptide transporter permease,0
Staphylococcus_aureus_8325,gene_ff23df075334,0.35,low,Lipoprotein,methicillin resistance factor FemA,0
Staphylococcus_aureus_8325,gene_2e9459a6f1bd,0.45,low,ATP/GTP binding protein,phosphate transporter ATP-binding protein,1
Staphylococcus_aureus_8325,gene_14335a216828,0.35,low,ATP/GTP binding protein,ABC transporter ATP-binding protein,1
Staphylococcus_aureus_8325,gene_cfbbc0f2b6d4,0.35,low,Lipoprotein,tryptophan synthase subunit beta,0
Staphylococcus_aureus_8325,gene_b28d9e59e969,0.35,low,ATP/GTP binding protein,peptide ABC transporter ATP-binding protein,0
Staphylococcus_aureus_8325,gene_f4e4c3f98230,0.35,low,ATP/GTP binding protein,DnaQ family exonuclease/DinG family helicase,0
Staphylococcus_aureus_8325,gene_cd611383673b,0.35,low,ATP/GTP binding protein,cytidylate kinase,0
Staphylococcus_aureus_8325,gene_cd36512c93c4,0.45,low,Serine protease,3-phosphoshikimate 1-carboxyvinyltransferase,0
Staphylococcus_aureus_8325,gene_2b02cc3d8fd2,0.35,low,ATP/GTP binding protein,GTP-binding protein EngA,1
Staphylococcus_aureus_8325,gene_9542378e9bd5,0.35,low,ATP/GTP binding protein,phage tail tape meausure protein,0
Staphylococcus_aureus_8325,gene_cde0e1c7378d,0.35,low,ATP/GTP binding protein,shikimate kinase,0
Staphylococcus_aureus_8325,gene_6079c8c40277,0.35,low,DNA-binding transcription regulator,penicillin-binding protein 3,0
Staphylococcus_aureus_8325,gene_10841c654ef0,0.35,low,Serine protease,glucokinase,0
Staphylococcus_aureus_8325,gene_94d39b9ef03c,0.35,low,ATP/GTP binding protein,CBS domain-containing protein,0
Staphylococcus_aureus_8325,gene_2bbfbaf6fe08,0.35,low,DNA-binding transcription regulator,diacylglycerol kinase,0
Staphylococcus_aureus_8325,gene_f195b42e736d,0.35,low,ATP/GTP binding protein,GTP-binding protein Era,1
Staphylococcus_aureus_8325,gene_e7a5d8f3aca2,0.35,low,ATP/GTP binding protein,ABC transporter,0
Staphylococcus_aureus_8325,gene_7c4374e2f736,0.45,low,ATP/GTP binding protein,DNA repair protein RecN,0
Staphylococcus_aureus_8325,gene_256b9d9448bc,0.35,low,ATP/GTP binding protein,GTP-binding protein YqeH,1
Staphylococcus_aureus_8325,gene_e716fc6c81bc,0.35,low,ATP/GTP binding protein,glycyl-tRNA synthetase,0
Staphylococcus_aureus_8325,gene_2605623fe690,0.35,low,ATP/GTP binding protein,uridine kinase,0
Staphylococcus_aureus_8325,gene_970d9ccccf7b,0.35,low,DNA-binding transcription regulator,DNA internalization-related competence protein ComEC/Rec2,0
Staphylococcus_aureus_8325,gene_c0eb6a2e8193,0.35,low,Lipoprotein,adenine phosphoribosyltransferase,0
Staphylococcus_aureus_8325,gene_c1fa0cd520fb,0.35,low,ATP/GTP binding protein,Holliday junction DNA helicase RuvB,0
Staphylococcus_aureus_8325,gene_4daf3396e596,0.35,low,ATP/GTP binding protein,GTPase ObgE,0
Staphylococcus_aureus_8325,gene_674a97c35809,0.35,low,ATPase,glutamate-1-semialdehyde aminotransferase,0
Staphylococcus_aureus_8325,gene_c22d0d0473ff,0.35,low,ATP/GTP binding protein,ribosome biogenesis GTP-binding protein YsxC,0
Staphylococcus_aureus_8325,gene_b17051142e2a,0.35,low,ATP/GTP binding protein,ATP-dependent protease ATP-binding subunit ClpX,0
Staphylococcus_aureus_8325,gene_a0324bef15ef,0.35,low,ATP/GTP binding protein,recombination factor protein RarA,0
Staphylococcus_aureus_8325,gene_442a6758e0d5,0.35,low,ATP/GTP binding protein,dephospho-CoA kinase,0
Staphylococcus_aureus_8325,gene_f94f9d33b8d5,0.35,low,Lipoprotein,formamidopyrimidine-DNA glycosylase,0
Staphylococcus_aureus_8325,gene_f4e067607074,0.395,low,ATP/GTP binding protein,primosomal protein DnaI,0
Staphylococcus_aureus_8325,gene_f9b34ccae0a7,0.35,low,ATP/GTP binding protein,DNA polymerase III subunit alpha superfamily protein,0
Staphylococcus_aureus_8325,gene_6dbd9c9f1f6d,0.35,low,DNA-binding transcription regulator,6-phosphofructokinase,0
Staphylococcus_aureus_8325,gene_f759d2ba1502,0.35,low,Serine protease,IS200 family transposase,0
Staphylococcus_aureus_8325,gene_34e3cc214ab5,0.35,low,Serine protease,serine protease SplF,1
Staphylococcus_aureus_8325,gene_6002cad6cc61,0.35,low,Serine protease,serine protease SplD,1
Staphylococcus_aureus_8325,gene_add85bb58e66,0.35,low,Serine protease,serine protease SplC,1
Staphylococcus_aureus_8325,gene_0b152ed2143f,0.35,low,ATP/GTP binding protein,ABC transporter,0
Staphylococcus_aureus_8325,gene_7c091e5b8496,0.35,low,Serine protease,serine protease SplA,1
Staphylococcus_aureus_8325,gene_277f8cefef22,0.35,low,Serine protease,epidermin biosynthesis protein EpiC,0
Staphylococcus_aureus_8325,gene_dbf7e9ad6f7e,0.35,low,Serine protease,leukotoxin LukD,0
Staphylococcus_aureus_8325,gene_765d6cd73c10,0.35,low,ATP/GTP binding protein,ABC transporter ATP-binding protein,1
Staphylococcus_aureus_8325,gene_f618cbd91483,0.35,low,Lipoprotein,protoporphyrinogen oxidase,0
Staphylococcus_aureus_8325,gene_ba750ccab8d6,0.35,low,Serine protease,serine protease SplE,1
Staphylococcus_aureus_8325,gene_3c72afb0f350,0.35,low,Serine protease,ferric uptake regulator-like protein,0
Staphylococcus_aureus_8325,gene_886a10c7ad29,0.35,low,ATPase,glutamate-1-semialdehyde aminotransferase,0
Staphylococcus_aureus_8325,gene_05a207bebc0d,0.45,low,Lipoprotein,PTS system transporter subunit IIC domain-containing protein,0
Staphylococcus_aureus_8325,gene_9e794ca0c251,0.35,low,ATP/GTP binding protein,ABC transporter ATP-binding/permease,0
Staphylococcus_aureus_8325,gene_6ea8eb8cd0bd,0.35,low,DNA-binding transcription regulator,autolysin,0
Staphylococcus_aureus_8325,gene_70758fbc755f,0.35,low,ATP/GTP binding protein,PBSX family phage terminase large subunit,0
Staphylococcus_aureus_8325,gene_e5720b0191e5,0.35,low,ATP/GTP binding protein,amino acid ABC transporter ATP-binding protein,0
Staphylococcus_aureus_8325,gene_1b2fcc525b1c,0.35,low,ATP/GTP binding protein,phage head protein,0
Staphylococcus_aureus_8325,gene_a9233519836c,0.35,low,DNA-binding transcription regulator,phage tape measure protein,0
Staphylococcus_aureus_8325,gene_fd03b8148780,0.35,low,ATP/GTP binding protein,bacteriophage L54a DnaB-like helicase family protein,0
Staphylococcus_aureus_8325,gene_c03f50219edb,0.35,low,DNA-binding transcription regulator,manganese-dependent inorganic pyrophosphatase,0
Staphylococcus_aureus_8325,gene_ded821d66b13,0.35,low,ATP/GTP binding protein,ATP-dependent DNA helicase PcrA,0
Staphylococcus_aureus_8325,gene_b8e75dce9879,0.35,low,DNA-binding transcription regulator,sodium-dependent transporter,0
Staphylococcus_aureus_8325,gene_ae381d06a577,0.35,low,ATP/GTP binding protein,ABC transporter ATP-binding protein,1
Staphylococcus_aureus_8325,gene_98ac95d7f033,0.35,low,ATP/GTP binding protein,amidase,0
Staphylococcus_aureus_8325,gene_6feb5c380885,0.35,low,ATP/GTP binding protein,ABC transporter ATP-binding protein,1
Staphylococcus_aureus_8325,gene_8d93594c2813,0.35,low,ATP/GTP binding protein,PV83 orf 27-like protein,0
Staphylococcus_aureus_8325,gene_d6ec4772b083,0.35,low,ATP/GTP binding protein,phage DnaC-like protein,0
Staphylococcus_aureus_8325,gene_1b80bb8b1e9d,0.35,low,Serine protease,tail length tape measure protein,0
Staphylococcus_aureus_8325,gene_b4a2065bd558,0.35,low,Lipoprotein,phage terminase small subunit,0
Staphylococcus_aureus_8325,gene_bf1591c7fd3e,0.35,low,ATP/GTP binding protein,phi ETA orf 22-like protein,0
Staphylococcus_aureus_8325,gene_68c112c342c3,0.35,low,ATP/GTP binding protein,MutS domain-containing protein,0
Staphylococcus_aureus_8325,gene_5bd68d0ed679,0.45,low,ATP/GTP binding protein,isopropylmalate isomerase large subunit,0
Staphylococcus_aureus_8325,gene_b8413bac5b15,0.35,low,Serine protease,3-isopropylmalate dehydrogenase,0
Staphylococcus_aureus_8325,gene_133c0ba51ea0,0.45,low,ATP/GTP binding protein,cardiolipin synthetase,0
Staphylococcus_aureus_8325,gene_4b35b34adc02,0.35,low,ATP/GTP binding protein,DEAD-box ATP dependent DNA helicase,0
Staphylococcus_aureus_8325,gene_1b905b72b2eb,0.35,low,ATP/GTP binding protein,F0F1 ATP synthase subunit beta,0
Staphylococcus_aureus_8325,gene_75fe6bb66420,0.35,low,ATP/GTP binding protein,UDP-N-acetylglucosamine 1-carboxyvinyltransferase,0
Staphylococcus_aureus_8325,gene_c77d0b1d8c2e,0.35,low,ATP/GTP binding protein,transcription termination factor Rho,0
Staphylococcus_aureus_8325,gene_b14af64858c4,0.35,low,DNA-binding transcription regulator,potassium-transporting ATPase subunit A,0
Staphylococcus_aureus_8325,gene_de07e140cd83,0.45,low,ATP/GTP binding protein,ABC transporter ATP-binding protein,1
Staphylococcus_aureus_8325,gene_bcfd61e7c914,0.35,low,Lipoprotein,mannitol-1-phosphate 5-dehydrogenase,0
Staphylococcus_aureus_8325,gene_bbff631d5893,0.45,low,ATP/GTP binding protein,F0F1 ATP synthase subunit alpha,0
Staphylococcus_aureus_8325,gene_80bfb815f955,0.35,low,Lipoprotein,ABC transporter substrate-binding protein,0
Staphylococcus_aureus_8325,gene_3454a9c72ab7,0.35,low,DNA-binding transcription regulator,BCCT family osmoprotectant transporter,0
Staphylococcus_aureus_8325,gene_22e3cde6d3bb,0.35,low,DNA-binding transcription regulator,phosphoglucosamine mutase,0
Staphylococcus_aureus_8325,gene_1d567f05d27d,0.45,low,ATP/GTP binding protein,cobalt transporter ATP-binding subunit,1
Staphylococcus_aureus_8325,gene_d5c93cc78cf1,0.35,low,ATP/GTP binding protein,cobalt transporter ATP-binding subunit,1
Staphylococcus_aureus_8325,gene_d4d4cfbd5c7b,0.35,low,DNA-binding transcription regulator,PTS system lactose-specific transporter subunit IIBC,0
Staphylococcus_aureus_8325,gene_dde57f0bf9a8,0.35,low,ATP/GTP binding protein,molybdopterin-guanine dinucleotide biosynthesis protein MobB,0
Staphylococcus_aureus_8325,gene_087e8aab4ecb,0.35,low,ATP/GTP binding protein,molybdenum transport ATP-binding protein ModC,0
Staphylococcus_aureus_8325,gene_05fd5d590660,0.35,low,Lipoprotein,molybdenum ABC transporter substrate-binding protein,0
Staphylococcus_aureus_8325,gene_db2f3865f400,0.35,low,DNA-binding transcription regulator,urea transporter,0
Staphylococcus_aureus_8325,gene_ed3aae08fd50,0.35,low,DNA-binding transcription regulator,Na+/H+ antiporter NhaC,0
Staphylococcus_aureus_8325,gene_ca70f20b3ee2,0.45,low,ATP/GTP binding protein,urease subunit alpha,0
Staphylococcus_aureus_8325,gene_66fea862b40e,0.35,low,ATP/GTP binding protein,D-isomer specific 2-hydroxyacid dehydrogenase NAD binding domain-containing protein,0
Staphylococcus_aureus_8325,gene_82716db25458,0.45,low,ATP/GTP binding protein,PTS system transporter,0
Staphylococcus_aureus_8325,gene_bda450234dd0,0.35,low,Lipoprotein,formate dehydrogenase accessory protein,0
Staphylococcus_aureus_8325,gene_a654eea213ac,0.35,low,DNA-binding transcription regulator,permease domain-containing protein,0
Staphylococcus_aureus_8325,gene_0e396fbb79db,0.35,low,ATP/GTP binding protein,urease accessory protein UreG,0
Staphylococcus_aureus_8325,gene_84ca04378727,0.35,low,Lipoprotein,nitrate reductase subunit beta,0
Staphylococcus_aureus_8325,gene_949f5d9592c2,0.35,low,Lipoprotein,methicillin resistance determinant protein FmhA,0
Staphylococcus_aureus_8325,gene_9860eafbde3b,0.45,low,Lipoprotein,assimilatory nitrite reductase [NAD(P)H] large subunit,0
Staphylococcus_aureus_8325,gene_3356582e3ada,0.35,low,Serine protease,leukocidin f subunit,0
Staphylococcus_aureus_8325,gene_dd6694df55e0,0.35,low,Lipoprotein,6-carboxyhexanoate--CoA ligase,0
Staphylococcus_aureus_8325,gene_a6fb3263a75e,0.35,low,DNA-binding transcription regulator,amino acid ABC transporter permease,0
Staphylococcus_aureus_8325,gene_b1abe47f0aea,0.35,low,Lipoprotein,amino acid transporter,0
Staphylococcus_aureus_8325,gene_8beca62ae053,0.45,low,ATP/GTP binding protein,ABC transporter ATP-binding protein,1
Staphylococcus_aureus_8325,gene_4f8f4e1014b6,0.35,low,ATP/GTP binding protein,amino acid ABC transporter ATP-binding protein,0
Staphylococcus_aureus_8325,gene_37ea89c065e9,0.35,low,DNA-binding transcription regulator,nickel ABC transporter permease,0
Staphylococcus_aureus_8325,gene_4ccd9a69a19d,0.35,low,DNA-binding transcription regulator,peptide ABC transporter permease,0
Staphylococcus_aureus_8325,gene_bcfb3cfbb44d,0.35,low,ATP/GTP binding protein,peptide ABC transporter ATP-binding protein,0
Staphylococcus_aureus_8325,gene_608c92f8bb94,0.35,low,Lipoprotein,peptide ABC transporter substrate-binding protein,0
Staphylococcus_aureus_8325,gene_624b8ce0a3b9,0.35,low,DNA-binding transcription regulator,gluconate permease,0
Staphylococcus_aureus_8325,gene_bd42d0781fcc,0.35,low,DNA-binding transcription regulator,transporter,0
Staphylococcus_aureus_8325,gene_c38e44cfb279,0.35,low,ATP/GTP binding protein,ferrous iron transport protein B,0
Staphylococcus_aureus_8325,gene_7a41157169cb,0.35,low,Serine protease,immunodominant antigen A,0
Staphylococcus_aureus_8325,gene_0809fa98590b,0.35,low,ATP/GTP binding protein,ATP-dependent Clp protease ATP-binding subunit ClpC,0
Staphylococcus_aureus_8325,gene_65ead188aa23,0.35,low,DNA-binding transcription regulator,L-lactate dehydrogenase,0
Staphylococcus_aureus_8325,gene_49eede201fb2,0.35,low,DNA-binding transcription regulator,citrate transporter,0
Staphylococcus_aureus_8325,gene_04608ce0d938,0.35,low,Serine protease,choline dehydrogenase,0
Staphylococcus_aureus_8325,gene_6fcdd29ea66f,0.35,low,DNA-binding transcription regulator,permease domain-containing protein,0
Staphylococcus_aureus_8325,gene_c1b2006c4473,0.35,low,Lipoprotein,carbamate kinase,0
Staphylococcus_aureus_8325,gene_d729fa022ef9,0.35,low,DNA-binding transcription regulator,arginine/ornithine antiporter,0
Staphylococcus_aureus_8325,gene_66e2b3e389c0,0.45,low,ATP/GTP binding protein,alkaline phosphatase III,0
Staphylococcus_aureus_8325,gene_8066e2862ab4,0.35,low,DNA-binding transcription regulator,choline transporter,0
Staphylococcus_aureus_8325,gene_a87438a01a9c,0.35,low,Serine protease,accessory Sec system glycosyltransferase GtfA,0
Staphylococcus_aureus_8325,gene_b797d4609223,0.35,low,DNA-binding transcription regulator,accessory Sec system protein translocase subunit SecY2,0
Staphylococcus_aureus_8325,gene_0fbe2c4dfa3f,0.35,low,DNA-binding transcription regulator,intercellular adhesion protein C,0
Staphylococcus_aureus_8325,gene_5b1e09f9d5c0,0.35,low,ATP/GTP binding protein,ABC transporter ATP-binding protein,1
Staphylococcus_aureus_8325,gene_256de97bcc23,0.35,low,DNA-binding transcription regulator,high affinity nickel transporter,0
Staphylococcus_aureus_8325,gene_dd33217e61e7,0.35,low,DNA-binding transcription regulator,permease,0
Staphylococcus_aureus_8325,gene_428dff9dfb44,0.35,low,ATP/GTP binding protein,tRNA modification GTPase TrmE,0
Staphylococcus_aureus_8325,gene_a0f68872ea18,0.45,low,Lipoprotein,histidinol dehydrogenase,0
