genome,gene,confidence,level,pred_product,truth_product,correct
80alpha,gene_c85979d33538,0.35,low,ATP/GTP binding protein,replication initiation protein,0
80alpha,gene_932158a64058,0.35,low,DNA-binding transcription regulator,DUF4393 domain-containing protein,0
80alpha,gene_48a95052b501,0.5797,moderate,replicative helicase loader dnac,DnaC-like helicase loader,1
80alpha,gene_e13e3e0ca0e9,0.9496,high,single-stranded dna-binding protein 2,single strand DNA binding protein,1
80alpha,gene_0b40df6ff814,0.879,high,transcriptional activator rinb,RinB-like transcriptional activator,1
80alpha,gene_46b6d10d206f,0.4365,low,deoxyuridine 5'-triphosphate nucleotidohydrolase,Na/K ATPase,0
80alpha,gene_a0e15806b566,0.95,high,terminase small subunit,terminase small subunit,1
80alpha,gene_b5318fd90164,0.7092,moderate,Metabolism-related protein,terminase large subunit,0
80alpha,gene_c8b86a9f27a6,0.929,high,transcriptional activator rina,RinA family transcriptional activator,1
80alpha,gene_32855aba5f5b,1.0,high,tail protein,major tail protein,1
80alpha,gene_7a4d9afce162,0.95,high,capsid assembly scaffolding protein,head scaffolding protein,0
80alpha,gene_f374e06c9c58,0.8432,high,Replication-related protein,tape measure protein,0
80alpha,gene_82917fce678f,0.6642,moderate,autolysin ph,endolysin,0
80alpha,gene_4628790e5e5c,0.35,low,ATP/GTP binding protein,baseplate upper protein,0
A118,gene_08ab866454f4,0.3951,low,regulatory protein cii,CII-like transcriptional activator,0
A118,gene_425cdc5b7a55,0.7824,moderate,Metabolism-related protein,terminase large subunit,0
A118,gene_ada8cb6a1451,0.346,low,capsid assembly scaffolding protein,head scaffolding protein,0
A118,gene_10c443611285,0.447,low,integrase,integrase,1
A118,gene_00a38011e7db,0.4323,low,portal protein,portal protein,1
A118,gene_d1ccbb821dca,0.4555,low,replication gene a protein,nicking at origin of replication,0
A118,gene_118edb717ca1,0.265,speculative,head completion/stabilization protein,head-tail adaptor Ad1,0
A118,gene_0abff07335c6,0.403,low,tail tube protein,tail protein,1
A118,gene_ab6ffca872c2,0.321,low,tail sheath protein,tail sheath,1
A118,gene_712ee9c6fea3,0.3714,low,sar-endolysin,endolysin,1
A118,gene_eec7ab7ba948,0.29,speculative,baseplate protein gp29,baseplate J/gp47 family protein,0
A118,gene_39806f2563d1,0.425,low,tail protein gp30,tail protein,1
A118,gene_2ec90e18fea8,0.35,low,DNA-binding transcription regulator,holin,0
A118,gene_60210b62e40d,0.7176,moderate,Replication-related protein,tail tape measure protein,0
Felix01,gene_262628187245,0.35,low,DNA-binding transcription regulator,phosphatase,0
Felix01,gene_fbe2b0aab7a1,0.305,low,protein riib,RIIB lysis inhibitor,1
Felix01,gene_d69b626396c2,0.35,low,DNA-binding transcription regulator,RIIA lysis inhibitor,0
Felix01,gene_9415eded158e,0.4653,low,endolysin,endolysin,1
Felix01,gene_d8b8fc5862f2,0.2762,speculative,capsid assembly protease c,head maturation protease,0
Felix01,gene_63f984d0ea4a,1.0,high,major capsid protein,major capsid protein,1
Felix01,gene_826914444a22,0.45,low,ATP/GTP binding protein,terminase large subunit,0
Felix01,gene_dc2928c8acb3,0.35,low,ATP/GTP binding protein,Phage conserved protein,0
Felix01,gene_1bdc2577161e,0.45,low,thymidylate synthase,thymidylate synthase,1
Felix01,gene_d56cfe20428f,1.0,high,tape measure protein,tail length tape measure protein,1
Felix01,gene_a8a0f30232f5,0.35,low,Lipoprotein,exodeoxyribonuclease,0
Felix01,gene_dd945f734a1c,0.3483,low,ribonucleoside-diphosphate reductase subunit alpha,ribonucleoside-diphosphate reductase subunit alpha,1
Felix01,gene_5c5fe00e4da1,0.214,speculative,dihydrofolate reductase,dihydrofolate reductase,1
Felix01,gene_c2690c0b1340,0.8201,high,anaerobic ribonucleoside-triphosphate reductase-activating protein,anaerobic ribonucleotide reductase small subunit,0
Felix01,gene_4da56e7788d1,0.5467,moderate,anaerobic ribonucleoside-triphosphate reductase,NrdD-like anaerobic ribonucleotide reductase large subunit,0
Felix01,gene_60903aee6c65,0.35,low,ATP/GTP binding protein,DNA polymerase,0
Felix01,gene_763982ca9982,0.8074,high,Stress Response-related protein,tail fiber protein,0
Felix01,gene_fdcf4a616f15,0.35,low,ATP/GTP binding protein,DNA primase/helicase,0
HK022,gene_c8bc5627f670,0.45,low,DNA-binding transcription regulator,tail length tape measure protein,0
HK022,gene_549e222584e5,0.907,high,tail tip assembly protein k,minor tail protein,0
HK022,gene_cc214210a7ee,1.0,high,integrase,integrase,1
HK022,gene_bd054b0f1360,1.0,high,terminase,terminase small subunit,1
HK022,gene_21e8e91498c5,1.0,high,tail tip protein l,minor tail protein,0
HK022,gene_29375e60855b,0.95,high,major capsid protein,major head protein,0
HK022,gene_37cc73a176c9,0.9067,high,portal protein,portal protein,1
HK022,gene_f79d316811bf,1.0,high,head completion protein gp6,head-tail adaptor Ad1,0
HK022,gene_1dda025d8479,0.919,high,head completion protein gp7,head closure Hc1,0
HK022,gene_a5d2b439b9f4,0.868,high,anti-recbcd protein 2,abc2 anti-RecBCD,1
HK022,gene_fd3d007787ae,0.273,speculative,tail tip protein m,minor tail protein,0
HK022,gene_131af9928dd9,0.941,high,prohead protease,head maturation protease,0
HK022,gene_8f9d2e4dc75d,0.581,moderate,tail tip assembly protein i,tail protein,1
HK022,gene_066f5a7b6a2f,0.637,moderate,essential recombination function protein,Erf-like ssDNA annealing protein,0
HK022,gene_b6461247e231,0.924,high,transposase for transposon tn903,transposase,1
HK022,gene_9fae48edce68,0.6362,moderate,replicative dna helicase dnab,DnaB-like replicative helicase,1
HK022,gene_2d140c5e2c79,1.0,high,antitermination protein q,antitermination protein,1
HK022,gene_e93f73648e79,0.9,high,antiholin,holin/anti-holin,0
HK022,gene_a2393f78bb21,1.0,high,endolysin,endolysin,1
HK97,gene_b5cd33f2eacf,0.95,high,regulatory protein ciii,CIII anti-termination,0
HK97,gene_e203063f29ac,0.288,speculative,tail tip protein m,minor tail protein,0
HK97,gene_3d144c8da855,0.95,high,head completion protein gp7,head closure Hc1,0
HK97,gene_8b0d876e9397,1.0,high,head completion protein gp6,head-tail adaptor Ad1,0
HK97,gene_63d823181342,0.95,high,protein kil,Kil protein for bacterial septation inhibition,1
HK97,gene_378e495f2e9c,0.95,high,major capsid protein,major head protein,0
HK97,gene_a8e89e950af2,0.9144,high,portal protein,portal protein,1
HK97,gene_12412101f463,0.95,high,prohead protease,head maturation protease,0
HK97,gene_d82dcf63fd85,0.89,high,tail tip assembly protein k,minor tail protein,0
HK97,gene_929cc45925b1,0.868,high,anti-recbcd protein 2,abc2 anti-RecBCD,1
HK97,gene_aa1de4f60689,1.0,high,terminase,terminase small subunit,1
HK97,gene_86bcc67ad1a7,1.0,high,integrase,integrase,1
HK97,gene_0a31d5624efc,0.646,moderate,essential recombination function protein,Erf-like ssDNA annealing protein,0
HK97,gene_ae7a49f24fc5,1.0,high,protein tfas,tail fiber assembly,0
HK97,gene_ce14ea4b9a99,0.9086,high,tail tip protein l,minor tail protein,0
HK97,gene_13ef620e9d34,0.581,moderate,tail tip assembly protein i,tail protein,1
HK97,gene_4a85e8d7286a,0.35,low,DNA-binding transcription regulator,Gp48,0
HK97,gene_ffbb0e98d425,0.9096,high,repressor protein ci,LexA family transcriptional regulator,0
HK97,gene_681e7aa12c23,0.935,high,regulatory protein cro,Cro/CI family transcriptional regulator,0
HK97,gene_d9210ad78691,0.4038,low,dna replication protein gp18,replication initiation O-like,0
HK97,gene_4d7a1d4ad42d,0.8708,high,replicative dna helicase,replicative DNA helicase,1
HK97,gene_c40095f1c759,1.0,high,protein ninb,NinB/ Orf homologous recombination mediator,1
HK97,gene_e981b8fb80c0,0.8371,high,antirepressor protein 1,anti-repressor,0
HK97,gene_db5a4d24f7ec,0.795,moderate,nuclease ybco,HNH endonuclease,0
HK97,gene_eaf4473ebdc0,0.95,high,crossover junction endodeoxyribonuclease rusa,RusA family crossover junction endodeoxyribonuclease,1
HK97,gene_2c63e24c02f8,1.0,high,antitermination protein q,antitermination protein,1
HK97,gene_42482caf546b,0.9,high,antiholin,holin/anti-holin,0
HK97,gene_f497323a1fce,1.0,high,endolysin,endolysin,1
HK97,gene_c8d928242c22,0.8608,high,spanin,Rz-like spanin,1
HK97,gene_c81592575548,0.35,low,Lipoprotein,HNH endonuclease,0
HK97,gene_800f06c7e836,0.6,moderate,protein ninh,protein ninH,1
MS2,gene_3bf42b505571,1.0,high,maturation protein a,head maturation protease,1
MS2,gene_f444063e343f,1.0,high,capsid protein,head protein,0
MS2,gene_763c6b90014e,0.9598,high,rna-directed rna polymerase beta chain,RNA replicase beta subunit,0
Mu,gene_2fcdba11da82,0.95,high,gema protein,regulatory protein GemA,1
Mu,gene_ac22b0c22b35,0.897,high,negative regulator of transcription,transcriptional repressor,0
Mu,gene_77e1c814182f,0.6964,moderate,sar-endolysin,endolysin,1
Mu,gene_f07297e9501a,0.95,high,releasin protein,DUF2730 family protein,0
Mu,gene_19a05dedc66f,1.0,high,dde-recombinase a,Mu transposase C-terminal domain-containing protein,0
Mu,gene_fb1febd4b434,0.95,high,portal protein,portal protein,1
Mu,gene_d1a867b01c2e,0.95,high,repressor protein c,transcriptional repressor,1
Mu,gene_c940cea299a5,0.95,high,middle operon regulator,late transcriptional activator,0
Mu,gene_f163bbc3d71c,0.95,high,capsid assembly protein g,tail completion or Neck1 protein,0
Mu,gene_e0bd5c6cb771,1.0,high,tail terminator protein,portal protein,0
Mu,gene_c9071216f4f4,0.95,high,spanin,Rz-like spanin,1
Mu,gene_9b89a8a40fb4,1.0,high,atp-dependent target dna activator b,DNA transposition protein,0
Mu,gene_f4c2279770db,0.7805,moderate,major capsid protein,major head protein,0
Mu,gene_3e2e0093fe67,0.95,high,dna ends protecting protein gam,host nuclease inhibitor,0
Mu,gene_eb746c1b8cec,0.95,high,late transcription activator c,late transcriptional activator,1
Mu,gene_b27551f6de92,0.95,high,gene product j,head-tail adaptor,0
Mu,gene_e97742dd2ebc,0.95,high,terminase,terminase small subunit,1
Mu,gene_e2b6accca530,0.95,high,protease i,head maturation protease,1
Mu,gene_1c4cbc5c1e0b,0.95,high,protein kil,Kil protein for bacterial septation inhibition,1
Mu,gene_a5b7b8cbc0dd,0.95,high,capsid assembly protein f,minor head protein and DNA pilot,0
Mu,gene_3beddaeb8df1,0.95,high,sheath terminator protein,DUF2635 domain-containing protein,0
Mu,gene_707ae1113659,1.0,high,tail sheath protein,tail sheath,1
Mu,gene_424aa6e8c387,1.0,high,tail tube protein,tail tube protein,1
Mu,gene_01da8ed3ec81,1.0,high,tail assembly protein gp41,tail assembly chaperone,1
Mu,gene_b5d3687e54a7,0.95,high,tape measure protein,tail length tape measure protein,1
Mu,gene_2abc84433dbe,0.6634,moderate,dna circularization protein n,DNA circularization N-terminal domain-containing protein,1
Mu,gene_b6c2eacf7a9b,0.95,high,baseplate hub protein gp44,baseplate hub,1
Mu,gene_849a01a0d9f0,0.95,high,baseplate protein gp46,baseplate wedge subunit,0
Mu,gene_33801b0b18cb,1.0,high,baseplate protein gp47,baseplate protein,1
Mu,gene_62396018da3c,0.95,high,baseplate protein gp48,baseplate wedge subunit,0
Mu,gene_881c0a1c14e2,0.7596,moderate,tail fiber protein s,tail fiber protein,1
Mu,gene_33b7bb927f8b,1.0,high,tail fiber assembly protein u,tail fiber assembly protein,1
Mu,gene_d3f5f777cde5,1.0,high,tail fiber assembly protein u',tail fiber assembly protein,1
Mu,gene_7a93c799f9c5,0.7558,moderate,tail fiber protein s',tail fiber protein,1
Mu,gene_83e497432caa,1.0,high,serine recombinase gin,DNA invertase,0
Mu,gene_5e17c2a0b5e6,1.0,high,methylcarbamoylase mom,Mom-like DNA modification protein,0
N4,gene_2190d91cef9a,0.95,high,gene product 8,gp8,0
N4,gene_0de47e5353e9,0.35,low,Lipoprotein,lipoprotein,1
N4,gene_9402c30e5e8f,0.536,moderate,superinfection exclusion protein,superinfection exclusion,1
N4,gene_e93547f56c6e,0.386,low,dctp deaminase,dCTP deaminase,1
N4,gene_bbd3368e5e00,0.35,low,ATP/GTP binding protein,HNH endonuclease,0
N4,gene_0ece739dcfac,0.35,low,ATP/GTP binding protein,DNA helicase,0
N4,gene_ac3d6562fc6a,0.35,low,Lipoprotein,DNA primase,0
N4,gene_5fd2d635889c,0.344,low,thoeris anti-defense 2,DUF2829 domain-containing protein,0
N4,gene_a9a0f2ae871e,0.35,low,ATP/GTP binding protein,Sak4-like ssDNA annealing protein,0
N4,gene_bc1f1716bd9f,0.95,high,portal protein,portal protein,1
N4,gene_0f5bd4bcd4a6,1.0,high,virion dna-directed rna polymerase,virion RNA polymerase,1
N4,gene_b129511da7e0,1.0,high,non-contractile tail sheath,tail sheath and receptor binding protein,0
P22,gene_36da9d247d27,0.95,high,transcriptional repressor arc,Arc-like repressor,1
P22,gene_13dc84f1be4a,0.95,high,excisionase,excisionase,1
P22,gene_6c258318cd8a,0.9197,high,tail needle protein gp26,tail needle protein,1
P22,gene_389c7a68a507,1.0,high,portal protein,portal protein,1
P22,gene_1289557c9c66,0.95,high,eaa protein,EaA,1
P22,gene_26206b006816,1.0,high,bactoprenol glucosyl transferase,GtrB glycosyltransferase for O-antigen conversion,0
P22,gene_8519f9feac3c,0.95,high,eai protein,EaI,1
P22,gene_590873422af1,1.0,high,internal virion protein gp16,head morphogenesis,0
P22,gene_b57c1a747c4e,0.95,high,scaffolding protein,head scaffolding protein,1
P22,gene_b188ce82c0c9,0.95,high,ead protein,EaD,1
P22,gene_94cd4aa15dfb,0.937,high,protein gp14,head morphogenesis,0
P22,gene_dbe57a27f3e6,1.0,high,internal virion protein gp20,released from the phage upon host infection,0
P22,gene_1e2f5fc36a27,0.95,high,head-to-tail adapter gp4,head-tail adaptor Ad3,0
P22,gene_88b551d59283,0.95,high,eac protein,EaC,1
P22,gene_96db1b04066f,1.0,high,major capsid protein,head protein,0
P22,gene_0a648fddcdf2,1.0,high,tail hub protein gp10,head closure Hc3,0
P22,gene_eba7df46e964,0.95,high,eag protein,EaG,1
P22,gene_b3d5b9b40c81,0.95,high,antirepressor protein ant,Ant,1
P22,gene_28dd733b7b24,1.0,high,internal virion protein gp7,DNA ejection,0
P22,gene_ea636a126109,0.95,high,regulatory protein mnt,partition protein ATPase,0
P22,gene_a9e74f3ec861,0.95,high,eae protein,EaE,1
P22,gene_5153746c76ca,0.95,high,anti-recbcd protein 2,abc2 anti-RecBCD,1
P22,gene_8383d075f221,0.95,high,anti-recbcd protein 1,Abc1,0
P22,gene_7776b67795cc,0.95,high,essential recombination function protein,Erf-like ssDNA annealing protein,0
P22,gene_085c4b5e3682,0.95,high,accessory recombination function protein,Erf recombination cofactor Arf,0
P22,gene_870f693ddf4b,0.95,high,protein kil,Kil protein for bacterial septation inhibition,1
P22,gene_2530ad35df7a,1.0,high,regulatory protein c3,CIII anti-termination,0
P22,gene_0df9d07c5b9d,0.95,high,superinfection exclusion protein,superinfection exclusion,1
P22,gene_ea13ea2e8973,1.0,high,restriction inhibitor protein ral,restriction alleviation ral,1
P22,gene_d82fc952257e,0.95,high,superinfection exclusion protein b,superinfection exclusion; inhibits SieB,1
P22,gene_4a74b21c6a84,0.95,high,regulatory protein cro,transcriptional regulator,0
P22,gene_6379be3a0057,0.9113,high,transcriptional activator protein c1,CII-like transcriptional activator,1
P22,gene_43954dd2f847,0.7376,moderate,dna replication protein gp18,replication initiation O-like,0
P22,gene_5dc22857ad32,1.0,high,integrase,integrase,1
P22,gene_beb746e9f8d9,1.0,high,protein ninb,NinB/ Orf homologous recombination mediator,1
P22,gene_159d7995b8b7,0.95,high,protein ninx,NinX,1
P22,gene_7324874e7085,1.0,high,protein ninf,NinF,1
P22,gene_e8b79613cee5,1.0,high,protein ning,NinG/ Rap DNA junction specific endonuclease,1
P22,gene_4d6c08498468,1.0,high,protein niny,NinY,1
P22,gene_90cc9cc6fdb1,1.0,high,protein ninh,NinH,1
P22,gene_75eb932c3162,1.0,high,antitermination protein q,transcription antitermination protein,1
P22,gene_7c8b8c26489d,0.742,moderate,endolysin,endolysin,1
P22,gene_1bc25ca73365,0.8718,high,spanin,Rz-like spanin,1
P22,gene_2f8eeeec47f7,1.0,high,eaf protein,EaF,1
P22_434,gene_2cb64e101fb3,1.0,high,maturation protein a,head maturation protease,1
P22_434,gene_53d023db8971,1.0,high,capsid protein,head protein,0
P22_434,gene_98ec046646e8,0.9598,high,rna-directed rna polymerase beta chain,RNA replicase beta subunit,0
PRD1,gene_255134920c4f,0.95,high,penton protein p31,major spike protein,0
PRD1,gene_cd90ed17a7af,1.0,high,protein p10,assembly,0
PRD1,gene_0484667a30dd,0.95,high,adsorption protein p2,receptor binding,0
PRD1,gene_2df87a3e1680,0.95,high,endolysin,endolysin,1
PRD1,gene_b3b14bdcde76,0.95,high,major capsid protein p3,minor head protein,0
PRD1,gene_0736494b0459,0.95,high,packaging efficiency factor p6,minor head protein,0
PRD1,gene_4888a0e7327b,0.95,high,protein p17,assembly,0
PRD1,gene_335c308c8d3e,0.95,high,protein p33,assembly,0
PRD1,gene_59dddf50a106,0.905,high,dna-directed dna polymerase,DNA polymerase,1
PRD1,gene_074cbf0f9e0f,0.95,high,dna terminal protein,terminal protein,1
PRD1,gene_35a549133ddc,0.95,high,protein p18,DNA delivery,0
PRD1,gene_3f7dc6970468,0.95,high,packaging protein p20,DNA packaging,0
PRD1,gene_4368f5b466e3,1.0,high,dna packaging atpase p9,terminase large subunit,0
PRD1,gene_75009ccaf451,0.95,high,protein p34,membrane DNA delivery,0
PRD1,gene_272c973ed502,0.95,high,minor capsid protein p30,minor head protein,0
PRD1,gene_de489db19df0,0.95,high,infectivity protein p11,DNA delivery,0
PRD1,gene_e874f662d7ea,0.95,high,protein p32,membrane DNA delivery,0
PRD1,gene_c206e224b92a,0.95,high,protein p19,single strand DNA binding protein,0
PRD1,gene_b09414206c54,0.95,high,packaging protein p22,DNA packaging,0
PRD1,gene_aea6f7a50d53,0.95,high,holin,holin,1
PRD1,gene_1c9946e8e757,0.95,high,single-stranded dna-binding protein,single strand DNA binding protein,1
SP01,gene_7bad35fc2a5a,1.0,high,structural polyprotein,polyprotein,1
SP6,gene_edc7830ae7f6,0.769,moderate,protein ocr,ocr-like anti-restriction protein,1
SP6,gene_06051ff834bb,0.53,moderate,nucleotide kinase gp1.7,nucleotide kinase,1
SP6,gene_27d247169318,0.8854,high,dna-directed rna polymerase,RNA polymerase,1
SP6,gene_6f8523d355a8,0.7446,moderate,dna-directed dna polymerase,DNA polymerase,1
SP6,gene_686149415d33,0.45,low,Serine protease,internal virion protein,0
SP6,gene_944726560c70,1.0,high,peptidoglycan hydrolase gp36,lysozyme domain-containing protein,0
SP6,gene_35cc7aca8d17,0.6612,moderate,portal protein,head portal protein,1
SP6,gene_9d591f1e8cde,0.35,low,Lipoprotein,o-spanin,0
SP6,gene_6b68e29232d8,0.443,low,tail spike protein,tail spike protein,1
SP6,gene_64f19a40b3d4,0.463,low,terminase,terminase large subunit,1
SP6,gene_c74763f33724,0.35,low,ATP/GTP binding protein,internal virion protein with endolysin domain,0
SPP1,gene_46a02d777da8,0.95,high,head completion protein gp16,head closure Hc1,0
SPP1,gene_6244817e5be4,0.95,high,head completion protein gp15,head-tail adaptor,0
SPP1,gene_cbecb4a47d02,0.95,high,major capsid protein,major head protein,0
SPP1,gene_36e473211f0e,0.95,high,tail completion protein gp17,tail terminator,0
SPP1,gene_07196aa64f28,0.688,moderate,capsid assembly scaffolding protein,head scaffolding protein,0
SPP1,gene_7d4e2a10d363,0.95,high,minor head protein gp7,minor head protein,1
SPP1,gene_aecc0e46b43f,0.95,high,distal tail protein,distal tail protein Dit,1
SPP1,gene_dc4894e50fcd,0.944,high,tail tube protein gp17.1*,major tail protein,0
SPP1,gene_bdf4b0d80f3f,0.6617,moderate,portal protein,portal protein,1
SPP1,gene_87870176579e,0.95,high,terminase,terminase large subunit,1
SPP1,gene_136baee768c1,0.949,high,tail spike protein,tail tip protein Tal,0
SPP1,gene_636a4dbe5efd,0.8953,high,antiholin,holin,0
SPP1,gene_7052b3654a57,1.0,high,endolysin,endolysin,1
SPP1,gene_cabeeb7e2fb7,0.6746,moderate,replicative dna helicase dnac,DnaB-like replicative helicase,1
SPP1,gene_a5fffbd0048b,0.447,low,protein rect,RecT-like ssDNA annealing protein,1
T3,gene_35d0dcd9927b,0.37,low,protein kinase 0.7,serine-threonine kinase,1
T3,gene_117819dbd3b5,1.0,high,s-adenosylmethionine lyase,SAM-dependent methyltransferase,0
T3,gene_2d4aea6c0798,1.0,high,dna-directed dna polymerase,DNA polymerase I,1
T3,gene_12d023d02c12,1.0,high,single-stranded dna-binding protein,Gp2.5-like ssDNA binding protein and ssDNA annealing protein,0
T3,gene_3863f51aef24,1.0,high,exodeoxyribonuclease,exonuclease,0
T3,gene_a377af995d22,1.0,high,capsid assembly scaffolding protein,head assembly,0
T3,gene_ebb67e25a9b5,0.7932,moderate,bacterial rna polymerase inhibitor,RNA polymerase inhibitor,1
T3,gene_7bb40abec75f,0.9913,high,portal protein,head-tail adaptor,0
T3,gene_8d4d2c81f041,1.0,high,gene 5.5 protein,Gp5.5-like host HNS inhibition,0
T3,gene_bf3a9a0cd575,0.9256,high,tail tubular protein gp11,tail protein,1
T3,gene_9a94f7b79d18,0.95,high,gene 5.9 protein,Gp5.9-like inihibitor of recBCD nuclease,0
T3,gene_6882decd6347,0.95,high,gene 1.2 protein,dGTPase inhibitor; target for F exclusion,0
T3,gene_ab95c2ebf265,0.95,high,gene 1.7 protein,DUF3310 domain-containing protein,0
T3,gene_f69d79a0af01,1.0,high,dna-directed rna polymerase,RNA polymerase,1
T3,gene_9933e66fc5fa,1.0,high,major capsid protein,major head protein,0
T3,gene_a37078896ec0,1.0,high,endodeoxyribonuclease 1,endonuclease,0
T3,gene_be054ca695d8,1.0,high,dna ligase,DNA ligase,1
T3,gene_62ef836f5928,0.8541,high,dna helicase/primase,DNA primase/helicase,1
T3,gene_d1ccd508595d,0.9857,high,Metabolism-related protein,tail protein,0
T3,gene_a523e875a61a,0.477,low,scaffold protein gp13,internal virion protein,0
T3,gene_7a4f2e3565ae,0.585,moderate,internal virion protein gp14,internal virion protein,1
T3,gene_10cbe0a67497,1.0,high,internal virion protein gp15,internal virion protein,1
T3,gene_77081361e54f,1.0,high,tail fiber protein,tail fiber protein,1
T3,gene_f5c631350d9f,1.0,high,holin,holin,1
T3,gene_97b2603e814c,0.9,high,spanin,Rz-like spanin,1
T3,gene_089de6b8c211,0.35,low,Lipoprotein,Rz-like spanin,0
T4,gene_590c5905dc99,1.0,high,transcription regulatory protein motb,MotB-like transcriptional regulator,0
T4,gene_d9103f3219b3,0.7673,moderate,small outer capsid protein,virion structural protein,0
T4,gene_1ff061570db9,0.95,high,protein cef,cef modifier of supressor tRNAs,1
T4,gene_d83fde28f293,0.94,high,dna topoisomerase small subunit,DNA topoisomerase II,1
T4,gene_059d3ae63647,1.0,high,nad--protein adp-ribosyltransferase modb,RNA polymerase ADP-ribosylase,0
T4,gene_a0c1be4bcda4,0.95,high,nad--protein adp-ribosyltransferase moda,RNA polymerase ADP-ribosylase,0
T4,gene_a9adc12f5a93,0.8415,high,dna topoisomerase large subunit,DNA topoisomerase II large subunit,1
T4,gene_2586ef314cde,0.95,high,dna primase,DNA primase,1
T4,gene_bd611d0135aa,0.95,high,rpoh-modulating protein,Mrh transcription modulator under heat shock,0
T4,gene_4a0a35fc1e2a,1.0,high,dna adenine methylase,Dam family site-specific DNA-(adenine-N6)-methyltransferase,0
T4,gene_275e38a25db7,1.0,high,atp-dependent dna helicase dda,Dda-like helicase,1
T4,gene_2d1416cb36a9,1.0,high,dna replication protein,dUTPase,0
T4,gene_0998e3f057f3,0.95,high,dna replication protein,SegF homing endonuclease,0
T4,gene_198b0b64d173,1.0,high,protein riia,RIIA lysis inhibitor,1
T4,gene_f9c5dff543e0,0.95,high,exodeoxyribonuclease,exonuclease,0
T4,gene_f0ffe23f62ef,0.95,high,anti-dart factor a,gp61.2 hypothetical protein,0
T4,gene_d5f14cd10dac,1.0,high,protein spackle,spackle periplasmic,1
T4,gene_bba27fa2dbf5,1.0,high,dnab-like replicative helicase,AAA family ATPase,0
T4,gene_7a57bd18058d,0.95,high,head formation protein,head vertex assembly chaperone,0
T4,gene_788a11927f64,0.95,high,recombination and repair protein,recombinase,0
T4,gene_778c17ce4baa,1.0,high,endonuclease sega,homing endonuclease,0
T4,gene_b922ba2e9a71,0.95,high,dna beta-glucosyltransferase,beta-glucosyltransferase,1
T4,gene_82e410a691cf,1.0,high,deoxycytidylate 5-hydroxymethyltransferase,thymidylate synthase,0
T4,gene_6572b65dd0f6,0.95,high,immunity protein,immunity to superinfection,1
T4,gene_9ea85604e4dd,1.0,high,translation repressor protein,translation repressor,1
T4,gene_5a7e904461d5,0.95,high,sliding-clamp-loader small subunit,clamp loader of DNA polymerase,0
T4,gene_11ead95b8800,1.0,high,sliding-clamp-loader large subunit,clamp loader of DNA polymerase,0
T4,gene_8f683147b72d,0.95,high,sliding clamp,DNA polymerase processivity factor,0
T4,gene_8ca4746ae0cf,0.95,high,15 kda rna polymerase-binding protein,RNA polymerase binding,1
T4,gene_25be451cb9e5,0.95,high,protein gp45.2,protein GP45.2,1
T4,gene_67e35f5e5c9b,0.95,high,exonuclease subunit 1,SbcD-like subunit of palindrome specific endonuclease,0
T4,gene_61ef0a929382,0.9644,high,dna-directed dna polymerase,DNA polymerase,1
T4,gene_a5523513845b,0.95,high,mobile endonuclease b,homing endonuclease,0
T4,gene_fc033255e078,0.95,high,rna polymerase sigma-like factor,RNA polymerase sigma factor,1
T4,gene_1f9d55c08aa1,0.9715,high,anaerobic ribonucleoside-triphosphate reductase-activating protein,anaerobic ribonucleotide reductase small subunit,0
T4,gene_5ebd94474f62,1.0,high,mobile endonuclease c,homing endonuclease,0
T4,gene_e07e7c62e1e3,0.95,high,intron-associated endonuclease 2,I-TevII homing endonuclease,0
T4,gene_8185168fd572,0.95,high,recombination endonuclease vii,endonuclease VII,1
T4,gene_c01dfac95980,1.0,high,host protease inhibitor,inhibitor of host Lon protease,1
T4,gene_37f9fd7aeab1,1.0,high,glutaredoxin,NrdC thioredoxin,0
T4,gene_07633cb4a550,0.95,high,antitoxin dmd,Dmd discriminator of mRNA degradation,0
T4,gene_33207cea47e4,0.95,high,mobile endonuclease d,homing endonuclease,0
T4,gene_abb3755eff62,1.0,high,antiholin,lysis inhibition,0
T4,gene_fbe4fc7960be,0.991,high,thymidine kinase,thymidine kinase,1
T4,gene_bc15fea1da59,0.95,high,valyl--trna ligase modifier,valyl tRNA synthetase modifier,1
T4,gene_da74b55900cf,0.95,high,endoribonuclease regb,endoribonuclease,1
T4,gene_cbb4e5231052,1.0,high,autonomous glycyl radical cofactor,autonomous glycyl radical cofactor GrcA,1
T4,gene_05c408d3c010,0.95,high,endonuclease v,endonuclease V N-glycosylase UV repair enzyme,1
T4,gene_4a85b1c1b245,0.95,high,internal protein ii,internal virion protein,1
T4,gene_501f315aea94,0.95,high,internal protein iii,internal virion protein,0
T4,gene_73b5fba7f47a,1.0,high,endolysin,glycoside hydrolase family protein,0
T4,gene_dd8e01bc62bc,1.0,high,endonuclease segb,homing endonuclease,0
T4,gene_585a6779015d,0.95,high,internal protein i,internal virion protein,1
T4,gene_ab341e09fd19,1.0,high,anti-cbass protein acb1,RNA ligase,0
T4,gene_8944b8fa6b74,0.95,high,tail fiber assembly helper protein,tail fiber chaperone,1
T4,gene_eb48038875d0,0.8405,high,deoxynucleotide monophosphate kinase,deoxynucleoside monophosphate kinase,1
T4,gene_78719efed840,0.95,high,tail tube terminator protein,tail protein,1
T4,gene_6724a337e3b1,0.95,high,terminal dna protecting protein,DNA end protector,0
T4,gene_7b296531fbe1,0.95,high,head completion nuclease,head closure,0
T4,gene_7e1e869a47c9,0.95,high,baseplate wedge protein gp53,baseplate wedge subunit,1
T4,gene_de0352e7a1a3,0.95,high,dna alpha-glucosyltransferase,alpha-glucosyltransferase,1
T4,gene_0648bb8ce179,1.0,high,endonuclease segc,homing endonuclease,0
T4,gene_a22cb7b71f55,0.95,high,baseplate puncturing device gp5.4,PAAR motif of membran proteins,0
T4,gene_974dddc61c87,1.0,high,pre-baseplate central spike protein gp5,baseplate hub subunit and tail lysozyme,0
T4,gene_c17a0829de50,0.95,high,baseplate wedge protein gp6,baseplate wedge subunit,1
T4,gene_276d9fee57d9,0.95,high,baseplate wedge protein gp8,baseplate wedge subunit,1
T4,gene_356f889807c6,0.95,high,baseplate protein gp9,baseplate wedge tail fiber protein connector,0
T4,gene_6292bc14547d,0.95,high,baseplate wedge protein gp11,baseplate wedge subunit,1
T4,gene_947a0773cf2f,0.95,high,baseplate wedge protein gp7,baseplate wedge subunit,1
T4,gene_045e5a6e7890,0.95,high,fibritin,fibritin neck whisker,1
T4,gene_121a6f664392,1.0,high,neck protein gp14,head closure Hc2,0
T4,gene_49cbf361d7f2,0.95,high,tail completion protein gp15,tail sheath stabilizer,0
T4,gene_c2e7ce4f3bc2,0.95,high,terminase,terminase small subunit,1
T4,gene_664127ef50a6,0.7679,moderate,tail sheath protein,tail sheath,1
T4,gene_8bf7a0154ad4,0.948,high,short tail fiber protein gp12,tail collar fiber protein,1
T4,gene_4411caf54124,0.7063,moderate,portal protein,portal protein,1
T4,gene_8b686aa9514e,0.95,high,prohead assembly protein gp68,head scaffolding protein,0
T4,gene_d27b04f45ec8,0.95,high,prohead core protein protease,head maturation protease,0
T4,gene_12b5df3318e2,1.0,high,major capsid protein,major head protein,0
T4,gene_53a0f56695c2,0.95,high,baseplate wedge protein gp10,baseplate wedge subunit,1
T4,gene_33edfcf67f56,0.8933,high,capsid vertex protein,capsid vertex protein,1
T4,gene_a18d96a0d2df,0.95,high,highly immunogenic outer capsid protein,Hoc-like head decoration,0
T4,gene_0a6de11fd34f,1.0,high,capsid assembly scaffolding protein,head scaffolding protein,0
T4,gene_f8904ce1c5bf,1.0,high,endonuclease sege,homing endonuclease,0
T4,gene_11653321a4b5,0.95,high,endonuclease segd,homing endonuclease,0
T4,gene_1eb8244f546d,0.95,high,recombination protein uvsy,UvsY-like recombination mediator,1
T4,gene_f853386d482d,0.95,high,baseplate wedge protein gp25,baseplate wedge subunit,1
T4,gene_ee866ad7d3a8,0.9,high,tail tube protein gp19,tail protein,1
T4,gene_a9a2f7f34f86,0.946,high,baseplate hub assembly protein gp51,baseplate hub assembly protein,1
T4,gene_45d06d290815,0.95,high,baseplate hub assembly protein gp28,baseplate hub distal subunit,1
T4,gene_def8e6461594,1.0,high,protein uvsw.1,DNA helicase,0
T4,gene_018b5d41344b,1.0,high,baseplate tail-tube junction protein gp48,baseplate tail tube cap,1
T4,gene_4c16821c8504,0.95,high,terminase,terminase large subunit,1
T4,gene_f97e4f0b140a,0.95,high,prehead core component pip,prohead,0
T4,gene_7070153bc80b,0.6521,moderate,rna ligase 2,RNA ligase,1
T4,gene_6b47d73d0da8,1.0,high,lysis inhibition accessory protein,lysis inhibition; accessory protein,1
T4,gene_8f472eeddb00,0.95,high,capsid assembly protein gp31,head morphogenesis,0
T4,gene_0d59f4e79093,1.0,high,deoxycytidylate deaminase,dCMP deaminase,0
T4,gene_9a4bbb9edb45,0.95,high,baseplate tail-tube junction protein gp54,tail tube,1
T4,gene_0ba6c6a512ca,1.0,high,polynucleotide kinase,polynucleotide kinase,1
T4,gene_0f71b8bed9a2,0.95,high,spanin,Rz-like spanin,1
T4,gene_260fbb0f67d6,0.95,high,protein alc,inhibitor of host transcription,0
T4,gene_1876b99299eb,0.95,high,endonuclease ii,endonuclease,1
T4,gene_f28fed0382fe,0.95,high,defective intron-associated endonuclease 3,endonuclease,1
T4,gene_01595d03e76c,0.95,high,tape measure protein,baseplate hub subunit and tail length,0
T4,gene_808014b6e521,1.0,high,mobile endonuclease e,homing endonuclease,0
T4,gene_dec4701d3667,1.0,high,baseplate hub assembly protein gp26,baseplate hub,1
T4,gene_3ade1e484535,1.0,high,spanin,Rz-like spanin,1
T4,gene_b549175f2b29,0.8785,high,dihydrofolate reductase,dihydrofolate reductase,1
T4,gene_b560fd620d53,1.0,high,nad(+)--arginine adp-ribosyltransferase,Alt-like RNA polymerase ADP-ribosyltransferase,0
T4,gene_0eac4b737074,0.95,high,dna helicase assembly protein,DNA helicase loader,1
T4,gene_b7826adef273,0.95,high,intron-associated endonuclease 1,homing endonuclease,0
T4,gene_3bb5fe3dbfda,1.0,high,double-stranded dna-binding protein,transcriptional regulator,0
T4,gene_da6ecfd29601,0.95,high,ribonuclease h,RnaseH,0
T4,gene_8303333e3c5b,0.95,high,rna ligase 1,RNA ligase and tail fiber protein attachment catalyst,1
T4,gene_84b5d50b1a71,0.95,high,long-tail fiber protein gp35,long tail fiber protein proximal connector,1
T4,gene_5e1be786eedb,0.9568,high,long-tail fiber protein gp36,hinge connector of long tail fiber protein distal connector,1
T4,gene_94450003cfdc,1.0,high,protein inh,minor head protein inhibitor of protease,0
T4,gene_581de5b26e24,0.95,high,tail fiber assembly protein,tail fiber assembly,1
T4,gene_aa656bc4bf6d,1.0,high,dna ligase,DNA ligase,1
T4,gene_0b477745c4b6,0.95,high,10 kda anti-sigma factor,anti-sigma factor,1
T4,gene_6d6d6e7718e9,0.95,high,anti-restriction endonuclease,inhibitor of MrcBC restriction,0
T4,gene_ca186c254350,1.0,high,holin,holin,1
T4,gene_802025672663,0.95,high,middle transcription regulatory protein mota,MotA-like activator of middle period transcription,1
T4,gene_4bff3a07a041,1.0,high,nucleoid disruption protein,Ndd-like nucleoid disruption protein,1
T4,gene_8059c8d67911,0.95,high,endonuclease iv,DenB-like DNA endonuclease IV,1
T4,gene_fa40cbae42ee,0.95,high,protein riib,RIIB lysis inhibitor,1
T4,gene_4a762dc89a39,0.6705,moderate,dna topoisomerase medium subunit,DNA topoisomerase II,1
T4,gene_86846fb08866,0.95,high,late transcription coactivator,late promoter transcriptional regulator,0
T4,gene_9a4457edc6d5,1.0,high,single-stranded dna-binding protein,single strand DNA binding protein,1
T4,gene_6f2c4cc348f9,1.0,high,long-tail fiber protein gp37,long tail fiber protein distal subunit,1
T4,gene_12b0b896e1c9,0.992,high,ribonucleoside-diphosphate reductase subunit alpha,NrdA-like aerobic NDP reductase large subunit,0
T4,gene_69b60b2e009f,0.9378,high,long-tail fiber proximal subunit,tail fiber protein proximal subunit,1
T7,gene_61db98da3e82,0.95,high,nucleotide kinase gp1.7,nucleotide kinase,1
T7,gene_5654b27fbc69,0.95,high,protein ocr,ocr-like anti-restriction,1
T7,gene_28ebd65099f0,1.0,high,endonuclease i,endonuclease,1
T7,gene_b506f5e991c2,1.0,high,protein suppressor of silencing,DUF2675 domain-containing protein,0
T7,gene_2999e3f48874,0.9934,high,portal protein,head-tail adaptor,0
T7,gene_24819e82402f,1.0,high,single-stranded dna-binding protein,Gp2.5-like ssDNA binding protein and ssDNA annealing protein,0
T7,gene_7c4f6fee62f7,1.0,high,dna ligase,DNA ligase,1
T7,gene_f0ce2d2e0b61,0.95,high,protein kinase 0.7,serine-threonine kinase,1
T7,gene_36b1ae8ab028,1.0,high,dna-directed dna polymerase,DNA polymerase I,1
T7,gene_08ca8bfc171b,1.0,high,capsid assembly scaffolding protein,head assembly,0
T7,gene_8a8682b146b5,0.8435,high,dna helicase/primase,DNA primase/helicase,1
T7,gene_d1d01a01ccf4,1.0,high,endolysin,amidase,0
T7,gene_621a9a43e6d6,1.0,high,t7 rna polymerase,RNA polymerase,1
T7,gene_905dd81d32ac,0.95,high,recbcd inhibitor gp5.9,Gp5.9-like inihibitor of recBCD nuclease,1
T7,gene_590f64e11181,0.7932,moderate,bacterial rna polymerase inhibitor,RNA polymerase inhibitor,1
T7,gene_13a2db91670a,0.95,high,inhibitor of dgtpase,dGTPase inhibitor; target for F exclusion,1
T7,gene_c26ff328a2fd,1.0,high,exonuclease,exonuclease,1
T7,gene_0b6e7c2211e1,0.9747,high,tail tubular protein gp11,tail protein,1
T7,gene_2336e7f15ed2,1.0,high,major capsid protein,major head protein,0
T7,gene_04187e18ac8b,0.95,high,scaffold protein gp13,internal virion protein,0
T7,gene_98bdd9d188a1,0.95,high,internal virion protein gp14,internal virion protein,1
T7,gene_5e735bc8c58c,1.0,high,tail fiber protein,tail fiber protein,1
T7,gene_a297307042de,0.9,high,spanin,Rz-like spanin,1
T7,gene_fcae75a0a15b,1.0,high,holin,holin,1
T7,gene_b7b056133725,0.95,high,internal virion protein gp15,internal virion protein,1
T7,gene_d1335f5281fb,0.35,low,Lipoprotein,Rz-like spanin,0
gh-1,gene_e82a440c23f8,0.5012,moderate,dna helicase/primase,DNA primase/helicase,1
gh-1,gene_e562c7724ab4,0.6505,moderate,endolysin,amidase,0
gh-1,gene_6e2a8f668ac3,0.347,low,capsid assembly scaffolding protein,head assembly,0
gh-1,gene_3ed3257a413f,0.6826,moderate,dna-directed dna polymerase,DNA polymerase I,1
gh-1,gene_8835828c539d,0.8644,high,dna-directed rna polymerase,RNA polymerase,1
gh-1,gene_1f543e357fce,0.3471,low,dna ligase,DNA ligase,1
gh-1,gene_77866a7ede85,0.7678,moderate,single-stranded dna-binding protein,single-stranded DNA-binding protein,1
gh-1,gene_fa1f45781809,0.527,moderate,endodeoxyribonuclease 1,endonuclease,0
gh-1,gene_1b6adbfbe295,0.499,low,exonuclease,exonuclease,1
gh-1,gene_2c4f793b8d6f,0.8028,high,Metabolism-related protein,internal virion protein,0
gh-1,gene_cc24636bba23,0.9364,high,Metabolism-related protein,tail protein,0
gh-1,gene_bb4239d06f09,0.8057,high,tail fiber protein,tail fiber protein,1
gh-1,gene_8da68773d956,0.332,low,internal virion protein gp15,internal virion protein,1
gh-1,gene_e5fa7b8541a9,0.6776,moderate,tail tubular protein gp11,tail protein,1
gh-1,gene_446382c8f94e,0.9815,high,major capsid protein,major head protein,0
gh-1,gene_c64ee4597447,0.313,low,peptidoglycan transglycosylase gp16,internal virion protein with endolysin domain,0
gh-1,gene_83fa5a51ba1d,0.9584,high,Metabolism-related protein,terminase large subunit,0
gh-1,gene_fc1a1dcbd1b6,0.7706,moderate,portal protein,head-tail adaptor,0
lambda_phage,gene_3e5f20cb6dbe,1.0,high,terminase small subunit,terminase small subunit,1
lambda_phage,gene_1985c1eb398b,1.0,high,tail fiber protein,tail fiber protein,1
lambda_phage,gene_bbb3e15a82d8,0.9653,high,tail fiber protein,tail fiber protein,1
lambda_phage,gene_094b239534a7,0.95,high,dna-packaging protein fi,DNA packaging chaperone FI,1
lambda_phage,gene_2f509462e55c,0.95,high,recombination protein bet,RecT-like ssDNA annealing protein,0
lambda_phage,gene_3117c6d4ed52,1.0,high,integrase,integrase,1
lambda_phage,gene_61f313ece1fa,0.9168,high,capsid decoration protein,head decoration,0
lambda_phage,gene_4a70f1a867c6,0.95,high,tail tip protein m,minor tail protein,0
lambda_phage,gene_ca6d69e390fa,1.0,high,head-tail connector protein fii,head closure Hc1,0
lambda_phage,gene_5430caa3233e,0.9538,high,tail assembly protein g,minor tail protein G,0
lambda_phage,gene_8f563251d625,0.945,high,tail tip assembly protein i,tail assembly protein,1
lambda_phage,gene_f760a611cf24,0.95,high,tail tip assembly protein k,C40 family peptidase,0
lambda_phage,gene_aef76e330ce0,1.0,high,major capsid protein,major capsid protein,1
lambda_phage,gene_ffe000c77345,0.95,high,capsid assembly protease c,S49 family peptidase,0
lambda_phage,gene_96e1d306cafe,0.8405,high,tail assembly protein gt,minor tail protein,0
lambda_phage,gene_4e74ded60549,0.95,high,tip attachment protein j,central tail fiber J,0
lambda_phage,gene_6b69dec0c2b3,1.0,high,tail fiber assembly protein,tail fiber assembly,1
lambda_phage,gene_b2176f0d4074,0.95,high,protein ea22,ead/Ea22-like family protein,1
lambda_phage,gene_d5e08cade2be,1.0,high,tail completion protein z,tail protein,1
lambda_phage,gene_f34d27a3032c,0.9788,high,head completion protein,head-tail adaptor Ad1,0
lambda_phage,gene_3aac7566b331,0.95,high,exonuclease,exonuclease,1
lambda_phage,gene_50daeafbca74,0.95,high,protein ea31,HNH endonuclease,0
lambda_phage,gene_23d87e576578,0.95,high,protein ea8.5,ea8.5,1
lambda_phage,gene_1dc1c16ed5e2,1.0,high,tail tip protein l,minor tail protein,0
lambda_phage,gene_3253479eb6bd,1.0,high,tape measure protein,tail length tape measure protein,1
lambda_phage,gene_4bf3a7f0d0c0,1.0,high,terminase,terminase large subunit,1
lambda_phage,gene_0d870f9c5b0a,0.8834,high,tail tube terminator protein,tail terminator,1
lambda_phage,gene_28f234b4dd71,0.95,high,tail tube protein,major tail protein,0
lambda_phage,gene_38e7373db45f,1.0,high,outer membrane protein lom,Lom outer membrane protein,1
lambda_phage,gene_0f6901daf46e,0.9615,high,portal protein b,portal protein,1
lambda_phage,gene_8c4c1e30b43f,0.95,high,host-nuclease inhibitor protein gam,gam-like host nuclease inhibitor,1
lambda_phage,gene_fda0f5f2d356,0.95,high,protein kil,Kil protein for bacterial septation inhibition,1
lambda_phage,gene_80138207f406,1.0,high,protease inhibitor iii,CIII anti-termination,0
lambda_phage,gene_5eea12c9d77e,1.0,high,restriction inhibitor protein ral,restriction alleviation ral,1
lambda_phage,gene_306478c170bc,0.95,high,superinfection exclusion protein b,SieB superinfection exclusion,1
lambda_phage,gene_0468db56518b,0.95,high,antitermination protein n,anti-termination protein N-like,0
lambda_phage,gene_19a735203ae7,0.95,high,protein rexb,RexB-like exclusion protein,1
lambda_phage,gene_796adccc713c,0.95,high,protein rexa,RexA-like exclusion protein,1
lambda_phage,gene_8699a08186e0,0.914,high,repressor protein ci,LexA family transcriptional regulator,0
lambda_phage,gene_7114a673996f,0.95,high,regulatory protein cro,Cro/CI family transcriptional regulator,0
lambda_phage,gene_4f6008ed330d,1.0,high,regulatory protein cii,CII-like transcriptional activator,0
lambda_phage,gene_dc7bfaedbfd9,0.7376,moderate,replication protein o,replication initiation O-like,1
lambda_phage,gene_7b0894c657ff,0.986,high,protein pead,DNA replication protein,0
lambda_phage,gene_4707c588cf48,0.95,high,protein ren,Ren-like exclusion protein,1
lambda_phage,gene_0f269d3e1a7e,1.0,high,protein ninb,NinB/ Orf homologous recombination mediator,1
lambda_phage,gene_48be864b5f0b,1.0,high,protein ning,NinG/ Rap DNA junction specific endonuclease,1
lambda_phage,gene_748a723b1b27,1.0,high,protein ninh,NinH family protein,1
lambda_phage,gene_864a1746152b,0.9599,high,serine/threonine-protein phosphatase,serine/threonine protein phosphatase,1
lambda_phage,gene_6f8824a63b29,1.0,high,antitermination protein q,antitermination protein,1
lambda_phage,gene_8ba709ee8191,0.9,high,antiholin,holin/anti-holin,0
lambda_phage,gene_55780eb7f3aa,1.0,high,endolysin,endolysin,1
lambda_phage,gene_d2aa7e36a5bb,1.0,high,lipoprotein bor,Bor-like outer membrane protein,0
phage_186,gene_be2c26f8100d,0.6363,moderate,tail fiber protein,tail fiber protein,1
phage_186,gene_fb3cae06bb9f,0.95,high,regulatory protein cii,CII-like regulator,0
phage_186,gene_a8d00ad5d8d2,0.95,high,protein apl,Cox-like excisionase and repressor,0
phage_186,gene_12ced4b9eaa6,1.0,high,baseplate hub protein,tail protein,0
phage_186,gene_04955006bdb6,0.6794,moderate,tail assembly protein e,tail protein,1
phage_186,gene_da793d4128ab,1.0,high,integrase,integrase,1
phage_186,gene_22c24de99007,0.703,moderate,protein orf5 in retron ec67,portal protein,0
phage_186,gene_c5ec716db136,0.427,low,tail completion protein s,virion morphogenesis protein,0
phage_186,gene_5146576b477a,0.598,moderate,terminase,terminase small subunit,1
phage_186,gene_a463a92137c0,0.5,moderate,baseplate protein w,baseplate wedge subunit,1
phage_186,gene_081defa47dca,0.662,moderate,capsid proteins,"major capsid protein, P2 family",0
phage_186,gene_be4f553e0f42,0.751,moderate,baseplate protein j,baseplate protein,1
phage_186,gene_ae1425466739,0.58,moderate,head completion/stabilization protein,head-tail adaptor Ad1,0
phage_186,gene_1406e079d845,0.7805,moderate,endolysin,endolysin,1
phage_186,gene_206af4b02fd1,0.789,moderate,capsid assembly scaffolding protein,head scaffolding protein,0
phage_186,gene_2a72f9661c2b,0.275,speculative,terminase,terminase large subunit,1
phage_186,gene_d9c542bf4fb8,0.5243,moderate,tail fiber assembly protein u,tail fiber assembly protein,1
phage_186,gene_5d24c213ba38,0.5375,moderate,tail tube protein,head closure,0
phage_186,gene_b5ddc32ff02c,0.95,high,protein dhr,Dhr,1
phage_186,gene_312d193563a6,0.59,moderate,tail completion protein r,tail terminator,0
phage_186,gene_bec874b79057,0.95,high,protein fil,cell division inhibitor,0
phage_186,gene_c121b5f464bf,0.7063,moderate,tail sheath protein,tail sheath protein,1
phage_186,gene_874ea0010c2d,0.95,high,repressor protein ci,transcriptional repressor,1
phage_186,gene_f3e992581955,0.7512,moderate,replication gene a protein,nicking at origin of replication,0
phage_186,gene_d8bf2abdbcc8,1.0,high,sos operon tum protein,RecA filament binding protein DinI,0
phage_P1,gene_8fa4e8b12a5a,0.95,high,recombination enhancement function protein,Ref-like RecA filament endonuclease,0
phage_P1,gene_5a1e351800fe,0.95,high,modulator protein,Lxc,0
phage_P1,gene_b897b51cfcde,0.7695,moderate,sar-endolysin,endolysin,1
phage_P1,gene_a5f6d825da9d,1.0,high,insertion element is1 2 protein insa,transposase,0
phage_P1,gene_90a8884b3a2f,1.0,high,single-stranded dna-binding protein,single strand DNA binding protein,1
phage_P1,gene_0587784ad515,0.95,high,recombinase cre,site-specific integrase,0
phage_P1,gene_3e978f951a92,0.45,low,type iii restriction-modification enzyme ecopi res subunit,type III restriction-modification system endonuclease,1
phage_P1,gene_1115d52fa205,1.0,high,tail fiber assembly protein u',tail fiber chaperone,1
phage_P1,gene_fbc0c500a5ab,1.0,high,tail fiber assembly protein u,tail fiber assembly protein,1
phage_P1,gene_388e941fb266,0.35,low,DNA-binding transcription regulator,DdrB,0
phage_P1,gene_1c63499a4785,0.95,high,tail fiber protein r,tail fiber assembly protein,1
phage_P1,gene_66e4e5d6a4a6,0.95,high,gene 16 protein (fragment),tail tube protein,0
phage_P1,gene_6d54c204ea70,0.95,high,defense against restriction protein a,released from the phage upon host infection,0
phage_P1,gene_169495247dd9,0.35,low,DNA-binding transcription regulator,transglycosylase SLT domain-containing protein,0
phage_P1,gene_9ec469b1bb14,1.0,high,dna-invertase,DNA invertase,1
phage_P1,gene_a79fa289ea45,0.95,high,antirepressor protein 1,anti-repressor,0
phage_P1,gene_935081be0244,0.95,high,replication protein repl,RepL,1
phage_P1,gene_7877802d5b65,0.35,low,Lipoprotein,PmgF,0
phage_P1,gene_e08ba8513f5b,0.35,low,Lipoprotein,gp21,0
phage_P1,gene_350c8406b8ed,0.35,low,Serine protease,tail sheath,0
phage_P1,gene_da307785a15f,0.95,high,protein kila,anti-repressor,0
phage_P1,gene_50a08b02c4f1,1.0,high,plasmid partition par b protein,ParB-like partition protein,0
phage_P1,gene_99c6eee15665,0.9146,high,replication protein repa,replication helicase,0
phage_P1,gene_bf88e19cd169,1.0,high,protein incb,gp23,0
phage_P1,gene_0b8304d293f0,0.9629,high,Replication-related protein,exonuclease recombination-associated,0
phage_P1,gene_6378e3c88c19,0.9257,high,tail fiber protein s,tail fiber protein,1
phage_P1,gene_6fa3fa044b7f,1.0,high,plasmid partition protein a,ParA-like partition protein,0
phage_P1,gene_19bdcfb6411d,1.0,high,replicative dna helicase dnab,DnaB-like replicative helicase,1
phage_P1,gene_0096250ca14c,0.9487,high,dna n-6-adenine-methyltransferase,DNA methyltransferase,1
phage_P1,gene_35b0a3677995,0.35,low,Lipoprotein,norphogenetic protein,0
phage_P1,gene_244f7f632823,0.6436,moderate,serine/threonine-protein phosphatase,metallophosphoesterase,0
phage_P1,gene_06038cab1a75,0.35,low,Lipoprotein,tail protein,0
phage_P1,gene_ce8c8db88276,0.429,low,protein umud,UmuD-like protein,1
phage_P1,gene_c5dc8121571d,0.95,high,protein kinase doc,Doc-like toxin,0
phage_P1,gene_979a57ce3d63,0.95,high,antitoxin phd,Phd-like antitoxin,1
phage_P1,gene_31ceff2668b7,1.0,high,terminase a protein,terminase,1
phage_P1,gene_d227880105b9,1.0,high,late promoter-activating protein,Lpa-like transcriptional activator,0
phage_P1,gene_d441363f8a45,0.9,high,repressor protein c1,C1.100,0
phage_P1,gene_875806c14ffb,1.0,high,terminase,terminase,1
phage_P1,gene_30169501f83f,0.6985,moderate,dna polymerase iii subunit theta,DNA polymerase III theta subunit,1
phage_P2,gene_b60770ef66ff,0.95,high,baseplate protein x,baseplate hub,1
phage_P2,gene_1bb2ace7af37,0.95,high,tail completion protein r,tail terminator,0
phage_P2,gene_14ad350fd590,1.0,high,late control protein ogr,transcriptional regulator,0
phage_P2,gene_e9440d8eba88,1.0,high,tail fiber assembly protein,tail fiber assembly protein,1
phage_P2,gene_b415bdcb203e,0.95,high,spanin,Rz-like spanin,1
phage_P2,gene_8f857b53a347,0.95,high,regulatory protein cox,Cox-like excisionase and repressor,0
phage_P2,gene_49591d019d8d,0.95,high,baseplate protein j,baseplate protein,1
phage_P2,gene_ebabb615aa60,0.95,high,terminase,terminase small subunit,1
phage_P2,gene_23cae7a37903,0.35,low,ATP/GTP binding protein,Fun(Z),0
phage_P2,gene_1135063947c4,0.95,high,capsid proteins,"major capsid protein, P2 family",0
phage_P2,gene_b055c8447a93,0.95,high,replication gene b protein,gpB,0
phage_P2,gene_21d3dcbf6d12,0.95,high,spike protein,baseplate assembly protein,0
phage_P2,gene_2f50a42e01f5,0.95,high,tape measure protein,tail length tape measure protein,1
phage_P2,gene_6ee90ac1619d,0.8185,high,endolysin,endolysin,1
phage_P2,gene_75f99040c19a,0.7283,moderate,tail tube protein,head closure,0
phage_P2,gene_286710acc731,0.95,high,baseplate protein w,baseplate wedge subunit,1
phage_P2,gene_67e2f3e8b47a,0.9,high,tail assembly protein e,tail protein,1
phage_P2,gene_53931984633c,0.95,high,spanin,Rz-like spanin,1
phage_P2,gene_6550117e1cb2,0.95,high,head completion/stabilization protein,head-tail adaptor Ad1,0
phage_P2,gene_29b4feaf1428,0.95,high,antiholin,endolysin,0
phage_P2,gene_6fc64ecf4279,1.0,high,baseplate hub protein,tail protein,0
phage_P2,gene_781bd80e0eef,0.7723,moderate,tail sheath protein,tail sheath protein,1
phage_P2,gene_c8b3f2738089,0.8601,high,tail fiber protein,tail fiber protein,1
phage_P2,gene_976f59e3acbe,0.95,high,terminase,terminase large subunit,1
phage_P2,gene_3632d7086583,0.7887,moderate,portal protein,portal protein,1
phage_P2,gene_ae4b9a4e577c,0.9602,high,capsid assembly scaffolding protein,head scaffolding protein,0
phage_P2,gene_caaa2a6771cc,0.95,high,tail completion protein s,virion morphogenesis protein,0
phage_P2,gene_0fbd35949768,0.94,high,repressor protein c,transcriptional regulator,0
phage_P2,gene_1f9d8155e306,1.0,high,integrase,integrase,1
phage_P2,gene_bcffd45d62c8,0.7277,moderate,replication gene a protein,nicking at origin of replication,0
phi105,gene_3077313ae2ca,0.729,moderate,n-acetylmuramoyl-l-alanine amidase cwlh,endolysin,0
phi105,gene_65e6c89615a1,0.396,low,muramidase-2,endolysin,0
phi105,gene_b2b1162dea86,0.424,low,protein ymfn,terminase large subunit,0
phi105,gene_77dbb7f64b19,0.658,moderate,phage-related protein yobo,pre-neck appendage protein,0
phi105,gene_8e00740ca9a8,1.0,high,holin,holin,1
phi105,gene_e068907b3dd0,0.305,low,spbeta prophage-derived uncharacterized protein yomr,minor tail protein,0
phi105,gene_a070637f0905,0.95,high,immunity repressor protein,transcriptional regulator,0
phi105,gene_5306b353ee62,1.0,high,immf control region 10 kda protein,transcriptional regulator,0
phi105,gene_4b8e11978bcf,0.35,low,ATP/GTP binding protein,AAA family ATPase,0
phi105,gene_8b12c3c7fd2f,0.35,low,Serine protease,toxin-antitoxin system HicB-like,0
phi105,gene_1333e8ee5736,0.5988,moderate,dna primase-polymerase,DNA primase,1
phi29,gene_30b0f56be5e1,1.0,high,dna packaging protein,terminase,0
phi29,gene_906dc4edda52,0.9942,high,capsid assembly scaffolding protein,head scaffolding protein,0
phi29,gene_a28f7d922761,1.0,high,portal protein,upper collar connector,0
phi29,gene_2b731b358e3b,0.9927,high,tail knob protein gp9,tail protein,1
phi29,gene_55690876247b,1.0,high,proximal tail tube connector protein,adaptor Ad4,0
phi29,gene_a6024f27bef7,1.0,high,single-stranded dna-binding protein,single strand DNA binding protein,1
phi29,gene_ff999ea11d09,1.0,high,endolysin,endolysin,1
phi29,gene_3bb00c4d3781,1.0,high,histone-like protein p6,dsDNA binding protein,0
phi29,gene_0eddc234938d,1.0,high,gene product 16.6,YgiT-type zinc finger protein,0
phi29,gene_d90e20fd20dd,1.0,high,morphogenesis protein 1,tail-type lysozyme domain-containing protein,0
phi29,gene_550a66e74c51,1.0,high,major capsid protein,major head protein,0
phi29,gene_5922d9a4b016,1.0,high,dna replication protein 16.7,GP16.7-like replication protein,0
phi29,gene_9c3834a674ed,1.0,high,antiholin,holin family protein,0
phi29,gene_e333556afdb3,1.0,high,dna polymerase,DNA polymerase,1
phi29,gene_1eeed7137ae7,0.9656,high,capsid fiber protein,head fiber protein,0
phi29,gene_8f1e0122caa3,1.0,high,primer terminal protein,DNA terminal protein,0
phi29,gene_5e8382f59845,1.0,high,pre-neck appendage protein,pre-neck appendage protein,1
phi29,gene_c47f230d9432,0.9058,high,dna replication protein 17,replication protein,1
phiNM1,gene_82b9e6ebeacb,1.0,high,protease inhibitor egf1.5b,Egf1.5,1
phiNM1,gene_eb510c2ae9de,1.0,high,protease inhibitor egf1.0,Egf1.5,1
phiX174,gene_1951efb488e8,0.95,high,dna-binding protein j,DNA condensation,0
phiX174,gene_582dd6d69fa2,1.0,high,capsid protein f,major head protein,0
phiX174,gene_8b2e4677fdff,1.0,high,external scaffolding protein d,head morphogenesis,0
phiX174,gene_47951db36519,0.9705,high,major spike protein g,major spike protein,1
phiX174,gene_09e789adb318,1.0,high,minor spike protein h,pilot protein for DNA ejection,0
Bacillus_subtilis_168,gene_027e8af5387a,0.95,high,extracellular matrix regulatory protein b,regulator of extracellular matrix formation,1
Bacillus_subtilis_168,gene_34725c2a8b90,1.0,high,pyridoxal 5'-phosphate synthase subunit pdxt,"glutamine amidotransferase for pyridoxal phosphate synthesis; pyridoxal 5'-phosphate synthase complex, glutamine amidotransferase subunit PdxT",1
Bacillus_subtilis_168,gene_5ba184e6a571,1.0,high,thymidylate kinase,thymidylate kinase,1
Bacillus_subtilis_168,gene_25c814f39a98,0.95,high,spore protein yabp,spore protein involved in the shaping of the spore coat,0
Bacillus_subtilis_168,gene_5e2698a34833,0.8399,high,purine biosynthesis transcriptional repressor purr,transcriptional regulator of the purine biosynthesis operon (PurR-pRpp),1
Bacillus_subtilis_168,gene_325ecab71cf3,1.0,high,serine--trna ligase,seryl-tRNA synthetase,0
Bacillus_subtilis_168,gene_ea79ec78a42b,0.95,high,ribosome maturation protein rlba,RNA binding protein involved in ribosome maturation,0
Bacillus_subtilis_168,gene_f486a6addf8e,0.943,high,rqc p-site trna stabilizing factor,ribosomal RNA binding protein involved in 50S recycling; heat shock protein,0
Bacillus_subtilis_168,gene_6f6f7548fe88,1.0,high,Translation-related protein,D-amino acyl-tRNA deacylase,0
Bacillus_subtilis_168,gene_17b02a7629e8,1.0,high,4-diphosphocytidyl-2-c-methyl-d-erythritol kinase,4-(cytidine 5'-diphospho)-2-C-methyl-D-erythritol kinase,1
Bacillus_subtilis_168,gene_97da13fa6a57,1.0,high,serine/threonine-protein kinase yabt,serine/threonine-protein kinase,1
Bacillus_subtilis_168,gene_44129ecefc6f,1.0,high,general stress protein ctc,"ribosomal protein BL25 (Ctc), binding 5S RNA",0
Bacillus_subtilis_168,gene_7b5677ee7cd3,0.999,high,trna-specific adenosine deaminase,tRNA specific adenosine A34 deaminase,1
Bacillus_subtilis_168,gene_7434e6e8b5bb,1.0,high,methionine--trna ligase,methionyl-tRNA synthetase,0
Bacillus_subtilis_168,gene_b008da438fcb,1.0,high,protein sspf,small acid-soluble spore protein (alpha/beta-type SASP),0
Bacillus_subtilis_168,gene_d4ab1ec6891f,1.0,high,ribose-phosphate pyrophosphokinase,phosphoribosylpyrophosphate synthetase,0
Bacillus_subtilis_168,gene_e1a8f243c3c5,1.0,high,pyridoxal 5'-phosphate synthase subunit pdxs,"glutamine amidotransferase for pyridoxal phosphate synthesis; pyridoxal 5'-phosphate synthase complex, synthase subunit",0
Bacillus_subtilis_168,gene_70ee694cf63e,0.9289,high,global transition state regulator abrb,transcriptional regulator for transition state genes (AbrB-SurF),1
Bacillus_subtilis_168,gene_5650490b0ed5,0.95,high,anti-sigma-g factor gin,forespore-specific anti-sigma factor,1
Bacillus_subtilis_168,gene_d834010ab2ca,0.95,high,sigma-k factor-processing regulatory protein bofa,inhibitor of the pro-sigma(K) processing machinery,0
Bacillus_subtilis_168,gene_c84770e12859,0.8803,high,beta sliding clamp,DNA polymerase III (beta subunit),0
Bacillus_subtilis_168,gene_ef43fc5cb364,1.0,high,33 kda chaperonin,disulfide bond chaperone (heat shock protein HSP33),0
Bacillus_subtilis_168,gene_03da34a3ac97,1.0,high,d-alanyl-d-alanine carboxypeptidase daca,D-alanyl-D-alanine carboxypeptidase (penicillin-binding protein 5),1
Bacillus_subtilis_168,gene_01808f510824,0.9903,high,ribosomal rna small subunit methyltransferase i,16S rRNA 2'-O-ribose C1402 methyltransferase,0
Bacillus_subtilis_168,gene_f1c0d168da52,1.0,high,chromosomal replication initiator protein dnaa,chromosomal replication initiator informational ATPase,1
Bacillus_subtilis_168,gene_38ce3e7949c8,1.0,high,stage 0 sporulation protein yaat,"subunit of a sporulation, competence and biofilm formation regulatory complex of RNaseY (RicAFT complex / FAD / two [4Fe-4S]2+)",0
Bacillus_subtilis_168,gene_c7b7cbb0e9d1,1.0,high,stage v sporulation protein t,transcriptional regulator of sporulation / germination,0
Bacillus_subtilis_168,gene_00ce797fdde5,0.947,high,sporulation-specific cysteine protease prtg,sporulation-specific protease,1
Bacillus_subtilis_168,gene_613fc69e53ed,1.0,high,type iii pantothenate kinase,pantothenate kinase type III,1
Bacillus_subtilis_168,gene_b8ab2ee490b6,0.9177,high,cortical fragment-lytic enzyme,spore peptidoglycan N-acetylglucosaminidase,0
Bacillus_subtilis_168,gene_77698ee96254,1.0,high,recombination protein recr,recA filament-DNA complex stabilisation factor,0
Bacillus_subtilis_168,gene_699de8ec22b8,0.7101,moderate,dna polymerase iii subunit delta',DNA polymerase III clamp loader delta' subunit,1
Bacillus_subtilis_168,gene_943708d6bd0f,1.0,high,dna replication and repair protein recf,"RecA filament-DNA complex stabilisation, ssDNA and dsDNA binding, ATP binding",0
Bacillus_subtilis_168,gene_0a5dd511e045,0.95,high,cell division protein divic,cell-division initiation protein,1
Bacillus_subtilis_168,gene_820f88b95628,0.9962,high,transcription-repair-coupling factor,transcription-repair coupling factor,1
Bacillus_subtilis_168,gene_c3ae69c5dee4,0.95,high,rna methyltransferase yabb,tRNA1(Val) (adenine(37)-N6)-methyltransferase,0
Bacillus_subtilis_168,gene_2d6957d7250b,1.0,high,ribosomal rna small subunit methyltransferase a,dimethyladenosine 16S ribosomal RNA transferase,0
Bacillus_subtilis_168,gene_cd31f1671147,0.9822,high,dna gyrase subunit a,DNA gyrase (subunit A),1
Bacillus_subtilis_168,gene_8f0f777a2b8f,1.0,high,septation protein spovg,regulator required for spore cortex synthesis (stage V sporulation),0
Bacillus_subtilis_168,gene_b21cb809038e,1.0,high,inosine-5'-monophosphate dehydrogenase,inosine-monophosphate dehydrogenase,1
Bacillus_subtilis_168,gene_a176a23075dd,0.798,moderate,deoxyguanosine kinase,deoxyguanosine kinase,1
Bacillus_subtilis_168,gene_593a17922319,1.0,high,nucleoid-associated protein yaak,nucleoid associated protein,1
Bacillus_subtilis_168,gene_5f54622b5d6c,1.0,high,dna gyrase subunit b,DNA gyrase (subunit B),1
Bacillus_subtilis_168,gene_9e6b684dc59b,1.0,high,deoxyadenosine/deoxycytidine kinase,deoxyadenosine/deoxycytidine kinase,1
Bacillus_subtilis_168,gene_880caa8f5207,1.0,high,replication initiation control protein yaba,subunit of the DNA replication complex,0
Bacillus_subtilis_168,gene_b2ae32226cdf,0.95,high,cyclic di-amp receptor a,"signal transduction receptor, cyclic di-AMP binding",1
Bacillus_subtilis_168,gene_f8099f2e75e2,1.0,high,ribonuclease m5,ribonuclease M5,1
Bacillus_subtilis_168,gene_096e8abf0b29,0.95,high,spore protein yabq,membrane protein of the forespore,0
Bacillus_subtilis_168,gene_1041ab1683b8,1.0,high,2-iminobutanoate/2-iminopropanoate deaminase,aminoacrylate/iminopropionate hydrolase/deaminase,0
Bacillus_subtilis_168,gene_f03992e7114c,0.8967,high,dna polymerase iii subunit tau,DNA polymerase III subunit tau subunit,1
Bacillus_subtilis_168,gene_dbf7d1d77d78,1.0,high,atp-dependent zinc metalloprotease ftsh,ATP-dependent cytoplasmic membrane protease,0
Bacillus_subtilis_168,gene_8d6ef86d72cd,1.0,high,cysteine synthase,cysteine synthase,1
Bacillus_subtilis_168,gene_975f6af5d80b,1.0,high,anti-sigma-f factor fin,protein required for the switch from F to G during sporulation (anti sigma F),0
Bacillus_subtilis_168,gene_d60901714d31,1.0,high,aminodeoxychorismate/anthranilate synthase component 2,4-amino-4-deoxychorismate synthase; anthranilate synthase (subunit II),0
Bacillus_subtilis_168,gene_9f8902918add,0.8744,high,dihydropteroate synthase,dihydropteroate synthase,1
Bacillus_subtilis_168,gene_d450737cabd6,1.0,high,dihydroneopterin aldolase,dihydroneopterin aldolase,1
Bacillus_subtilis_168,gene_adb79a9d2e98,0.906,high,trna-dihydrouridine synthase 1,tRNA-dihydrouridine synthase B,1
Bacillus_subtilis_168,gene_0dc7f284198a,0.928,high,aminodeoxychorismate synthase component 1,4-amino-4-deoxychorismate synthase (para-aminobenzoate synthase),0
Bacillus_subtilis_168,gene_ce9be56c4cd9,1.0,high,2-amino-4-hydroxy-6-hydroxymethyldihydropteridine pyrophosphokinase,"7,8-dihydro-6-hydroxymethylpterin pyrophosphokinase",0
Bacillus_subtilis_168,gene_e86fed34cea2,1.0,high,protein-arginine kinase activator protein,activator of protein kinase McsB,1
Bacillus_subtilis_168,gene_0ecde1c2a0a6,1.0,high,protein-arginine kinase,protein arginine kinase,1
Bacillus_subtilis_168,gene_1993d98b8fb8,0.8968,high,trna(ile)-lysidine synthase,tRNA(ile2) lysidine synthetase,0
Bacillus_subtilis_168,gene_cb59a69002b2,1.0,high,dna repair protein rada,DNA repair protein; 6-O-methylguanine-DNA methyltransferase,1
Bacillus_subtilis_168,gene_3fbe2e639a3f,0.9221,high,transcriptional regulator ctsr,transcriptional regulator of class III stress genes,0
Bacillus_subtilis_168,gene_942b97faf8ec,1.0,high,2-c-methyl-d-erythritol 4-phosphate cytidylyltransferase,"2-C-methyl-D-erythritol 4-phosphate cytidylyltransferase, nonmevalonate isoprenoid pathway",1
Bacillus_subtilis_168,gene_0be9385ab603,1.0,high,glutamate--trna ligase,glutamyl-tRNA synthetase,0
Bacillus_subtilis_168,gene_3d883390e810,1.0,high,hypoxanthine-guanine phosphoribosyltransferase,hypoxanthine-guanine phosphoribosyltransferase,1
Bacillus_subtilis_168,gene_0adeeb46fc99,1.0,high,cysteine--trna ligase,dual cysteinyl-tRNA synthetase; cysteine persulfide synthase,0
Bacillus_subtilis_168,gene_4c0f176bc0bd,1.0,high,mini-ribonuclease 3,"ribonuclease for 23S RNA maturation, mini-RNase III",1
Bacillus_subtilis_168,gene_cba786429ebf,1.0,high,lysine--trna ligase,lysyl-tRNA synthetase,0
Bacillus_subtilis_168,gene_b18f733cb29f,0.95,high,ribosome-associated endoribonuclease 1,ribosome-dependent mRNA endonuclease,0
Bacillus_subtilis_168,gene_2672b0bc4e39,1.0,high,peptidyl-trna hydrolase,peptidyl-tRNA hydrolase,1
Bacillus_subtilis_168,gene_cdc174a81db3,1.0,high,protein translocase subunit sece,preprotein translocase subunit,0
Bacillus_subtilis_168,gene_a85115f74302,1.0,high,transcription termination/antitermination protein nusg,RNA polymerase elongation pause factor,0
Bacillus_subtilis_168,gene_fe6867adbd4e,1.0,high,large ribosomal subunit protein ul11,ribosomal protein L11 (BL11),0
Bacillus_subtilis_168,gene_7eaafcae008f,1.0,high,large ribosomal subunit protein ul1,ribosomal protein L1 (BL1),0
Bacillus_subtilis_168,gene_6026dca74e6b,1.0,high,large ribosomal subunit protein ul10,ribosomal protein L10 (BL5),0
Bacillus_subtilis_168,gene_bbaabb697afb,1.0,high,large ribosomal subunit protein bl12,ribosomal protein L12 (BL9),0
Bacillus_subtilis_168,gene_34bd27fd3c62,1.0,high,serine acetyltransferase,serine O-acetyltransferase,1
Bacillus_subtilis_168,gene_d4b63a35113a,1.0,high,rna polymerase sigma-h factor,RNA polymerase sigma-30 factor (sigma(H)),1
Bacillus_subtilis_168,gene_c6ce9f3a04f2,1.0,high,small ribosomal subunit protein us12,ribosomal protein S12 (BS12),0
Bacillus_subtilis_168,gene_e1114815fbaf,1.0,high,small ribosomal subunit protein us7,ribosomal protein S7 (BS7),0
Bacillus_subtilis_168,gene_cbfa9ddf0785,1.0,high,elongation factor tu,elongation factor Tu,1
Bacillus_subtilis_168,gene_ed67372d7da5,1.0,high,small ribosomal subunit protein us10,ribosomal protein S10 (BS13); transcription antitermination factor,0
Bacillus_subtilis_168,gene_e696011e162d,1.0,high,large ribosomal subunit protein ul3,ribosomal protein L3 (BL3),0
Bacillus_subtilis_168,gene_fc7e3b708372,1.0,high,large ribosomal subunit protein ul4,ribosomal protein L4,1
Bacillus_subtilis_168,gene_0a680435d46d,1.0,high,large ribosomal subunit protein ul23,ribosomal protein L23,0
Bacillus_subtilis_168,gene_90b1e39bbb65,1.0,high,large ribosomal subunit protein ul2,ribosomal protein L2 (BL2),0
Bacillus_subtilis_168,gene_ebea753c2f77,1.0,high,small ribosomal subunit protein us19,ribosomal protein S19 (BS19),0
Bacillus_subtilis_168,gene_b6e721b7cb73,1.0,high,large ribosomal subunit protein ul22,ribosomal protein L22 (BL17),0
Bacillus_subtilis_168,gene_20d1c9545e44,1.0,high,small ribosomal subunit protein us3,ribosomal protein S3 (BS3),0
Bacillus_subtilis_168,gene_b74105680511,0.8773,high,trmh family trna/rrna methyltransferase yaco,23S rRNA (Gm2251)-methyltransferase,0
Bacillus_subtilis_168,gene_4f3fe048cd44,1.0,high,large ribosomal subunit protein ul29,ribosomal protein L29,0
Bacillus_subtilis_168,gene_0ba0a95a88e6,1.0,high,small ribosomal subunit protein us17,ribosomal protein S17 (BS16),0
Bacillus_subtilis_168,gene_d2319cda1505,1.0,high,large ribosomal subunit protein ul14,ribosomal protein L14,0
Bacillus_subtilis_168,gene_7bd045f42516,1.0,high,large ribosomal subunit protein ul24,ribosomal protein L24 (BL23),0
Bacillus_subtilis_168,gene_d7c566599814,1.0,high,large ribosomal subunit protein ul5,ribosomal protein L5 (BL6),0
Bacillus_subtilis_168,gene_1db08c8172ba,1.0,high,dna integrity scanning protein disa,diadenylate cyclase; DNA integrity scanning protein; cell cycle checkpoint DNA scanning protein,0
Bacillus_subtilis_168,gene_77c2672574d5,1.0,high,small ribosomal subunit protein us8,ribosomal protein S8 (BS8),0
Bacillus_subtilis_168,gene_9d74ecf55217,1.0,high,large ribosomal subunit protein ul6,ribosomal protein L6 (BL8),0
Bacillus_subtilis_168,gene_7d581c22c753,1.0,high,large ribosomal subunit protein ul18,ribosomal protein L18,0
Bacillus_subtilis_168,gene_de313aaecb6e,1.0,high,small ribosomal subunit protein us5,ribosomal protein S5,1
Bacillus_subtilis_168,gene_ab29c64a77e0,1.0,high,large ribosomal subunit protein ul30,ribosomal protein L30 (BL27),0
Bacillus_subtilis_168,gene_8b40bcf83084,1.0,high,large ribosomal subunit protein ul15,ribosomal protein L15,0
Bacillus_subtilis_168,gene_89c21759d4f7,1.0,high,protein translocase subunit secy,preprotein translocase subunit,0
Bacillus_subtilis_168,gene_6ccee8e11799,0.8658,high,aminodeoxychorismate lyase,4-amino-4-deoxychorismate pyruvate-lyase,0
Bacillus_subtilis_168,gene_955711872cdb,1.0,high,methionine aminopeptidase 1,methionine aminopeptidase,1
Bacillus_subtilis_168,gene_5d8feb507488,1.0,high,translation initiation factor if-1,initiation factor IF-I,1
Bacillus_subtilis_168,gene_e46dfc99556c,1.0,high,large ribosomal subunit protein bl36,ribosomal protein L36 (ribosomal protein B),0
Bacillus_subtilis_168,gene_9d09f01af97b,1.0,high,small ribosomal subunit protein us13,ribosomal protein S13,0
Bacillus_subtilis_168,gene_3302f67b5cc7,1.0,high,small ribosomal subunit protein us11,ribosomal protein S11 (BS11),0
Bacillus_subtilis_168,gene_f3e657414a7c,1.0,high,dna-directed rna polymerase subunit alpha,RNA polymerase (alpha subunit),1
Bacillus_subtilis_168,gene_b1c7a2ae1d26,1.0,high,large ribosomal subunit protein bl17,ribosomal protein L17 (BL15),0
Bacillus_subtilis_168,gene_080a387b75b9,1.0,high,adenylate kinase,adenylate kinase,1
Bacillus_subtilis_168,gene_1e0d31dc8fe6,1.0,high,energy-coupling factor transporter atp-binding protein ecfa2,energizing coupling factor of ABC influx transporter (ATP-binding protein),1
Bacillus_subtilis_168,gene_157f4819bdf4,0.8869,high,energy-coupling factor transporter transmembrane protein ecft,component of the influx ECF transporters,0
Bacillus_subtilis_168,gene_ae88f548a29e,1.0,high,trna pseudouridine synthase a,tRNA pseudouridine (38-40) synthase,1
Bacillus_subtilis_168,gene_bfdc53b24819,1.0,high,small ribosomal subunit protein us14b,ribosomal protein S14,0
Bacillus_subtilis_168,gene_60bf77bfdac1,1.0,high,small ribosomal subunit protein us9,ribosomal protein S9,1
Bacillus_subtilis_168,gene_53dbb4855647,1.0,high,dna-directed rna polymerase subunit beta',RNA polymerase (beta' subunit),1
Bacillus_subtilis_168,gene_cc3c13a1534e,1.0,high,iron-sulfur cluster carrier protein,phosphorylation-dependent (Y327) transcriptional regulator,0
Bacillus_subtilis_168,gene_93e14c1b6be6,1.0,high,spore germination protein gerd,lipoprotein factor mediating clustering of germination proteins,0
Bacillus_subtilis_168,gene_3867b7d7198e,0.95,high,kinb-signaling pathway activation protein,inner membrane protein involved in activation of the KinB signaling pathway to sporulation,1
Bacillus_subtilis_168,gene_4f5ebc92957b,1.0,high,dna-directed rna polymerase subunit beta,RNA polymerase (beta subunit),1
Bacillus_subtilis_168,gene_65af6496f2c1,1.0,high,large ribosomal subunit protein ul13,ribosomal protein L13,0
Bacillus_subtilis_168,gene_8f8a78c2b9f3,1.0,high,energy-coupling factor transporter atp-binding protein ecfa1,energizing coupling factor of ABC influx transporter (ATP-binding protein),1
Bacillus_subtilis_168,gene_67224b070f7e,1.0,high,germination-specific n-acetylmuramoyl-l-alanine amidase,N-acetylmuramoyl-L-alanine amidase,1
Bacillus_subtilis_168,gene_6e5840536b4c,0.9024,high,iron-uptake system permease protein feuc,iron-uptake protein,1
Bacillus_subtilis_168,gene_6fd48cbeda4d,0.7769,moderate,iron-uptake system permease protein feub,ferri-bacillibactin permease,0
Bacillus_subtilis_168,gene_018ac2f875f3,1.0,high,iron-uptake system-binding protein,ferri-bacillibactin-binding lipoprotein,0
Bacillus_subtilis_168,gene_4fcf2a765bf6,0.95,high,polysaccharide deacetylase pdab,polysaccharide deacetylase involved in sporulation,1
Bacillus_subtilis_168,gene_180260c9b1cf,1.0,high,n-acetylmuramyl-l-alanine amidase,amidase hydrolyzing N-acetylmuramyl-L-Ala bond of MurNAc peptides,0
Bacillus_subtilis_168,gene_83e407ce075c,1.0,high,beta-hexosaminidase,N-acetylglucosaminidase lipoprotein,0
Bacillus_subtilis_168,gene_380a29b06c1b,1.0,high,n-acetylmuramic acid 6-phosphate etherase,D-lactyl ether N-acetylmuramic-6-phosphate acid etherase,1
Bacillus_subtilis_168,gene_40e67f68f6b8,1.0,high,hth-type transcriptional activator btr,transcriptional activator (AraC/XylS family) of synthesis and uptake of the siderophore bacillibactin,0
Bacillus_subtilis_168,gene_d9d12369b336,0.8723,high,ecf rna polymerase sigma factor sigw,RNA polymerase ECF(extracytoplasmic function)-type sigma factor W,1
Bacillus_subtilis_168,gene_23560d2b9625,0.8666,high,anti-sigma-w factor rsiw,anti-sigma(W) factor,1
Bacillus_subtilis_168,gene_073bd8cc3898,1.0,high,elongation factor g,elongation factor G,1
Bacillus_subtilis_168,gene_549b0e3972b1,0.95,high,cdaa regulatory protein cdar,regulator of diadenylate cyclase activity,0
Bacillus_subtilis_168,gene_bcf31f0b73b3,0.7305,moderate,dna-3-methyladenine glycosylase,DNA-3-methyladenine glycosylase; prophage 1 region,1
Bacillus_subtilis_168,gene_02a7bcfad12c,0.931,high,bifunctional transcriptional activator/dna repair enzyme adaa,methylphosphotriester-DNA alkyltransferase and transcriptional regulator (AraC/XylS family),0
Bacillus_subtilis_168,gene_426823def7cd,1.0,high,glutamine--fructose-6-phosphate aminotransferase,L-glutamine-D-fructose-6-phosphate amidotransferase,1
Bacillus_subtilis_168,gene_c9acad1c3f4a,1.0,high,pts system eiibc component ybbf,N-acetylmuramic acid PTS permease-MurP subunit,0
Bacillus_subtilis_168,gene_c72cdcc446a0,1.0,high,negative regulator of genetic competence clpc/mecb,"class III stress response-related ATPase, AAA+ superfamily",0
Bacillus_subtilis_168,gene_36544a584898,0.9766,high,methylated-dna--protein-cysteine methyltransferase,O6-methylguanine-DNA methyltransferase; prophage 1 region,0
Bacillus_subtilis_168,gene_f53710d8866f,1.0,high,sporulation killing factor maturation protein skfb,synthesis of sporulation killing factor A,1
Bacillus_subtilis_168,gene_8f15760e6641,1.0,high,phosphoglucosamine mutase,phosphoglucosamine mutase,1
Bacillus_subtilis_168,gene_19ba7641f7eb,0.8414,high,skfa peptide export atp-binding protein skfe,sporulation killing factor biosynthesis and export; ABC transporter (binding protein),0
Bacillus_subtilis_168,gene_5e8d69cbf918,0.95,high,sporulation-killing factor biosynthesis protein skfc,sporulation killing factor biosynthesis and export,1
Bacillus_subtilis_168,gene_2e97dfd40962,0.95,high,thioredoxin-like protein skfh,sibling killing effect; sporulation killing factor biosynthesis and export,0
Bacillus_subtilis_168,gene_f660ef4cc9aa,0.95,high,sporulation killing factor,sporulation killing factor A,1
Bacillus_subtilis_168,gene_6fa3c8306e2b,0.95,high,sensor histidine kinase ybdk,two-component system sensor histidine kinase [YbdJ],1
Bacillus_subtilis_168,gene_2bb4e32b52a0,0.95,high,sigma-g-dependent sporulation-specific sasp protein,sporulation-specific SASP protein,1
Bacillus_subtilis_168,gene_034113806808,1.0,high,beta-lactamase ybxi,exported beta-lactamase,1
Bacillus_subtilis_168,gene_c67de6327a48,1.0,high,large ribosomal subunit protein ul16,ribosomal protein L16,0
Bacillus_subtilis_168,gene_a3957e278ff5,1.0,high,bacteriocin-skfa transport system permease protein skff,sporulation killing factor biosynthesis and export; ABC transporter (permease),0
Bacillus_subtilis_168,gene_789142ef1133,1.0,high,Replication-related protein,sn-glycerol-3-phosphate permease,0
Bacillus_subtilis_168,gene_2c6702afba50,1.0,high,fatty-acid peroxygenase,fatty acid beta-hydroxylating cytochrome P450,0
Bacillus_subtilis_168,gene_42695eb632db,1.0,high,extracellular metalloprotease,extracellular glutamyl-endopeptidase,0
Bacillus_subtilis_168,gene_5827a8a2cadc,1.0,high,carboxylesterase ybfk,enantioselective carboxylesterase,0
Bacillus_subtilis_168,gene_b678e989e544,1.0,high,formate-dependent phosphoribosylglycinamide formyltransferase,phosphoribosylglycinamide formyltransferase 2,1
Bacillus_subtilis_168,gene_2a5f2743a61b,1.0,high,phosphatidylserine decarboxylase proenzyme,phosphatidylserine decarboxylase; 32 kDa precursor processed into a 29 kDa protein,0
Bacillus_subtilis_168,gene_6d15314a0a62,1.0,high,proton/glutamate-aspartate symporter,proton/glutamate symport protein,1
Bacillus_subtilis_168,gene_be3715699c8a,1.0,high,glucosamine-6-phosphate deaminase 2,glucosamine-6-phosphate deaminase,1
Bacillus_subtilis_168,gene_30b466055309,1.0,high,hth-type transcriptional repressor gamr,transcriptional regulator-GlcN6P (GntR family),0
Bacillus_subtilis_168,gene_a92338d0b10f,1.0,high,pts system glucosamine-specific eiicba component,phosphotransferase system (PTS) glucosamine-specific enzyme IICBA component,1
Bacillus_subtilis_168,gene_413c8f2dfe39,1.0,high,glutaminase 1,glutaminase,1
Bacillus_subtilis_168,gene_80d91528fed6,0.9969,high,inorganic carbon transporter subunit daba,conserved transmembrane protein coupled to NADH-ubiquinone oxidoreductase chain 5 homolog; prophage 1 region,0
Bacillus_subtilis_168,gene_356cd96bbe34,0.8117,high,transcriptional regulatory protein glnl,two-component response regulator [GlnJ] for glutamine utilisation,0
Bacillus_subtilis_168,gene_39009f43c0bc,1.0,high,branched-chain-amino-acid transaminase 1,isoleucine-valine aminotransferase / aromatic amino acid aminotransferase,0
Bacillus_subtilis_168,gene_e8ae47fa4fb4,1.0,high,alpha-ketoglutaric semialdehyde dehydrogenase,"2,5-dioxovalerate dehydrogenase (alpha-ketoglutaric semialdehyde dehydrogenase)",1
Bacillus_subtilis_168,gene_5824b65c085d,0.9188,high,galactarate/d-glucarate transporter gudp,glucarate transporter,1
Bacillus_subtilis_168,gene_91f241ebab60,1.0,high,5-dehydro-4-deoxyglucarate dehydratase,5-dehydro-4-deoxyglucarate dehydratase,1
Bacillus_subtilis_168,gene_8ddfe98a0e0f,0.95,high,sensor histidine kinase glnk,two-component sensor histidine kinase [GlnL] for glutamine degradation,0
Bacillus_subtilis_168,gene_10dbf07282ee,0.95,high,tryptophan rna-binding attenuator protein inhibitory protein,anti-TRAP regulator,0
Bacillus_subtilis_168,gene_221b1f30414b,1.0,high,glycerophosphodiester phosphodiesterase,secreted glycerophosphoryl diester phosphodiesterase,0
Bacillus_subtilis_168,gene_94d8fade20d7,0.8024,high,sensor histidine kinase ycbm,two-component sensor histidine kinase [YcbL],1
Bacillus_subtilis_168,gene_9a91e756fc86,1.0,high,glucarate dehydratase,glucarate dehydratase,1
Bacillus_subtilis_168,gene_60ebf4489445,0.9649,high,cell wall hydrolase cwlj,spore cortex cell wall hydrolase,1
Bacillus_subtilis_168,gene_7d9bc9b72614,1.0,high,sec-independent protein translocase protein tatad,component of the twin-arginine pre-protein translocation pathway,0
Bacillus_subtilis_168,gene_2b2b5ee5d909,1.0,high,sec-independent protein translocase protein tatcd,component of the twin-arginine pre-protein translocation pathway,0
Bacillus_subtilis_168,gene_04fa17524249,0.8355,high,homocysteine s-methyltransferase ybgg,"homocysteine methylase using (R,S)AdoMet",0
Bacillus_subtilis_168,gene_3db823805795,0.8819,high,hth-type transcriptional regulator lmra,transcriptional repressor of lmrAB and yxaGH operons (flavonoid and antibiotic resistance),0
Bacillus_subtilis_168,gene_769b2f0c326e,1.0,high,l-asparaginase 2,L-asparaginase 2 (putative lipoprotein),1
Bacillus_subtilis_168,gene_baaff5560e8c,0.95,high,lipase esta,secreted alkaliphilic lipase,0
Bacillus_subtilis_168,gene_32018d278036,1.0,high,sodium/glutamine symporter glnt,glutamine transporter,0
Bacillus_subtilis_168,gene_5a69f8629f99,1.0,high,sensor histidine kinase natk,two-component sensor histidine kinase [NatR],1
Bacillus_subtilis_168,gene_d7acf7f7be40,0.9005,high,transcriptional regulatory protein natr,two-component response regulator [NatK],0
Bacillus_subtilis_168,gene_de526f222d56,1.0,high,lincomycin resistance protein lmrb,flavonoid efflux transporter; drug-export protein,0
Bacillus_subtilis_168,gene_07806288cba2,0.95,high,abc transporter permease protein natb,Na+ ABC efflux transporter (permease),1
Bacillus_subtilis_168,gene_964b268cb5fc,1.0,high,pyrrolidone-carboxylate peptidase,pyrrolidone-carboxylate (pyroglutamate) peptidase,1
Bacillus_subtilis_168,gene_ae34bb381d6f,1.0,high,peptidoglycan l-alanyl-d-glutamate endopeptidase cwlk,"murein L,D:-endopeptidase",0
Bacillus_subtilis_168,gene_b6700287a711,1.0,high,galactarate dehydratase (l-threo-forming),D-galactarate dehydratase,1
Bacillus_subtilis_168,gene_0b64f2884660,0.9645,high,high-affinity zinc uptake system atp-binding protein znuc,Zn(II) transporter (ATP-binding protein),0
Bacillus_subtilis_168,gene_ff41721c5b5c,0.7087,moderate,high-affinity zinc uptake system membrane protein znub,high affinity Zn(II) ABC transporter (permease),0
Bacillus_subtilis_168,gene_30b022979236,0.95,high,alkaline phosphatase d,secreted phosphodiesterase (endo-hydrolysis at non-specific sites throughout the cell wall teichoic acid polymer),0
Bacillus_subtilis_168,gene_63393ad27399,1.0,high,niacin/nicotinamide transporter niap,niacin permease,0
Bacillus_subtilis_168,gene_25aafa8307aa,0.8414,high,glycine betaine transport system permease protein opuab,L-proline betaine and betonicine ABC transporter (permease),0
Bacillus_subtilis_168,gene_2916e1999f34,1.0,high,glycine betaine transport atp-binding protein opuaa,L-proline betaine and betonicine ABC transporter (ATP-binding protein),0
Bacillus_subtilis_168,gene_2d3c2e1ba5f6,0.7519,moderate,response regulator aspartate phosphatase j,response regulator aspartate phosphatase,1
Bacillus_subtilis_168,gene_4bea50bbc8b6,1.0,high,l-lactate dehydrogenase,L-lactate dehydrogenase,1
Bacillus_subtilis_168,gene_e01e30c99c45,1.0,high,multidrug resistance protein 3,multidrug-efflux transporter,0
Bacillus_subtilis_168,gene_5acbf1ca9899,0.9028,high,abc transporter atp-binding protein nata,Na+ ABC efflux transporter (ATP-binding protein),1
Bacillus_subtilis_168,gene_55ed2558608d,0.844,high,l-lactate permease,L-lactate permease,1
Bacillus_subtilis_168,gene_9a4a7852fdac,1.0,high,nh(3)-dependent nad(+) synthetase,ammonium-dependent NAD+ synthetase,1
Bacillus_subtilis_168,gene_af0cfdeef9ed,1.0,high,glycine betaine-binding protein opuac,L-proline betaine and betonicine ABC transporter ABC transporter (glycine betaine-binding lipoprotein),0
Bacillus_subtilis_168,gene_79b38dd67904,1.0,high,shikimate kinase,shikimate kinase,1
Bacillus_subtilis_168,gene_a186024b51a7,0.8463,high,cdp-diacylglycerol--serine o-phosphatidyltransferase,phosphatidylserine synthase,0
Bacillus_subtilis_168,gene_329f8389b4c2,1.0,high,proline dehydrogenase 2,proline oxidase,0
Bacillus_subtilis_168,gene_954b75e89dc2,1.0,high,proline-responsive transcriptional activator putr,transcriptional activator of proline degradation operon,1
Bacillus_subtilis_168,gene_5503683a1113,0.95,high,cephalosporin-c deacetylase,promiscuous acetyl xylan esterase-cephalosporin C deacetylase,1
Bacillus_subtilis_168,gene_24b69f9bbca9,1.0,high,ferredoxin--nadp reductase 1,Fur-regulated NADPH:ferredoxin oxidoreductase,0
Bacillus_subtilis_168,gene_7aa54a208af7,0.95,high,assimilatory nitrite reductase small subunit,assimilatory nitrite reductase subunit,1
Bacillus_subtilis_168,gene_747905f3c950,0.8905,high,nitrite reductase,assimilatory nitrite reductase subunit,1
Bacillus_subtilis_168,gene_3a3d219db6b1,0.8844,high,assimilatory nitrate reductase catalytic subunit,assimilatory nitrate reductase (catalytic subunit),1
Bacillus_subtilis_168,gene_7d735798615a,0.9173,high,gtp cyclohydrolase fole2,GTP cyclohydrolase I,1
Bacillus_subtilis_168,gene_0940de55fcde,1.0,high,1-pyrroline-5-carboxylate dehydrogenase 2,1-pyrroline-5-carboxylate dehydrogenase,1
Bacillus_subtilis_168,gene_d3c723ba5481,0.9298,high,amino-acid abc transporter permease protein ycka,aminoacid ABC transporter (permease subunit),1
Bacillus_subtilis_168,gene_51155982cf08,0.95,high,dna-entry nuclease inhibitor,inhibitor of the DNA degrading activity of NucA (competence),0
Bacillus_subtilis_168,gene_7287f23329e6,0.95,high,dna-entry nuclease,endonuclease,0
Bacillus_subtilis_168,gene_337075bf9f59,0.9966,high,abc transporter extracellular-binding protein yckb,amino acid ABC transporter (binding lipoprotein subunit),1
Bacillus_subtilis_168,gene_c36a2ed4844f,0.8623,high,3-hexulose-6-phosphate isomerase,6-phospho-3-hexuloisomerase (PHI),0
Bacillus_subtilis_168,gene_e68f5426bdf4,0.8938,high,3-hexulose-6-phosphate synthase,3-hexulose-6-phosphate synthase (HPS),1
Bacillus_subtilis_168,gene_3dbc8043bc5b,0.8737,high,hth-type transcriptional activator hxlr,positive regulator of hxlAB expression (formaldehyde sensing),0
Bacillus_subtilis_168,gene_22e3717eb917,1.0,high,methyl-accepting chemotaxis protein tlpc,methyl-accepting chemotaxis protein (plant colonization),1
Bacillus_subtilis_168,gene_9cf5410213ea,1.0,high,aryl-phospho-beta-d-glucosidase bglc,aryl-phospho-beta-d-glucosidase,1
Bacillus_subtilis_168,gene_303bc557668b,0.95,high,surfactin synthase thioesterase subunit,surfactin synthetase,0
Bacillus_subtilis_168,gene_34a5481c7585,1.0,high,Replication-related protein,uroporphyrin-III C-methyltransferase,0
Bacillus_subtilis_168,gene_43ed3ce94506,0.7494,moderate,assimilatory nitrate reductase electron transfer subunit,assimilatory nitrate reductase (electron transfer subunit NasB),1
Bacillus_subtilis_168,gene_a1519d1c2228,1.0,high,l-cystine import atp-binding protein tcyc,cystine ABC transporter (ATP-binding protein),1
Bacillus_subtilis_168,gene_a3cd4463760e,0.8623,high,l-cystine transport system permease protein tcyb,cystine ABC transporter (permease),0
Bacillus_subtilis_168,gene_514989166884,1.0,high,l-cystine-binding protein tcya,cystine ABC transporter (substrate-binding lipoprotein),0
Bacillus_subtilis_168,gene_8ddae864dd15,0.6676,moderate,hth-type transcriptional regulator bsda,HTH-type transcriptional regulator BsdA (LysR family),1
Bacillus_subtilis_168,gene_ad29a228ebc1,0.9015,high,ubix-like flavin prenyltransferase,phenolic acid decarboxylase-flavin prenyltransferase subunit,0
Bacillus_subtilis_168,gene_aef654d1edfd,0.9283,high,surfactin synthase subunit 3,surfactin synthetase,0
Bacillus_subtilis_168,gene_34775f651373,0.95,high,protein bsdd,phenolic acid decarboxylase subunit,0
Bacillus_subtilis_168,gene_17634b19d073,1.0,high,spore germination protein kc,spore germination receptor subunit,1
Bacillus_subtilis_168,gene_6ba092600e98,0.9879,high,surfactin synthase subunit 1,surfactin synthetase,0
Bacillus_subtilis_168,gene_00cf66fda7fe,0.9382,high,regulatory protein rapc,response regulator aspartate phosphatase,0
Bacillus_subtilis_168,gene_b8e6bbaa1066,0.95,high,competence and sporulation stimulating factor,secreted regulator of the activity of phosphatase RapC and competence and sporulation stimulating factor (CSF),1
Bacillus_subtilis_168,gene_21e224dc0102,0.9923,high,surfactin synthase subunit 2,surfactin synthetase,0
Bacillus_subtilis_168,gene_845673483f99,1.0,high,spore germination protein ka,spore germination receptor subunit,1
Bacillus_subtilis_168,gene_8149abb4c182,1.0,high,petrobactin-binding protein yclq,petrobactin iron-siderophore ABC transporter (binding lipoprotein),0
Bacillus_subtilis_168,gene_9b26a7b61be4,0.7976,moderate,aspartokinase 3,aspartate kinase III,0
Bacillus_subtilis_168,gene_c4a3fb3d8798,0.9119,high,fmn reductase,NADPH-FMN oxidoreductase (nitroreductase),0
Bacillus_subtilis_168,gene_203b61e632cb,0.9624,high,petrobactin import atp-binding protein yclp,petrobactin iron-siderophore ABC transporter (ATP-binding protein),0
Bacillus_subtilis_168,gene_0c375c741eb4,0.941,high,4-aminobutyrate aminotransferase,4-aminobutyrate aminotransferase,1
Bacillus_subtilis_168,gene_0ce5c9eb3f95,1.0,high,sensor histidine kinase yclk,two-component sensor histidine kinase [YclJ],1
Bacillus_subtilis_168,gene_ec8970792a8b,1.0,high,glucose uptake protein glcu,glucose uptake protein,1
Bacillus_subtilis_168,gene_17958f13aab7,1.0,high,glucose 1-dehydrogenase,forespore glucose 1-dehydrogenase,1
Bacillus_subtilis_168,gene_ac01e6f344db,0.95,high,spore germination protein kb,spore germination receptor subunit,1
Bacillus_subtilis_168,gene_bcc7d4f4539c,0.95,high,hth-type transcriptional repressor cutr,transcriptional regulator of copper intake (CutR-Cu(+)),0
Bacillus_subtilis_168,gene_d5ffab3a1331,1.0,high,mannitol-specific phosphotransferase enzyme iia component,phosphotransferase system (PTS) mannitol-specific enzyme IIA component,1
Bacillus_subtilis_168,gene_a0503237b07d,0.6983,moderate,petrobactin import system permease protein ycln,petrobactin iron-siderophore ABC transporter (permease),0
Bacillus_subtilis_168,gene_a78c87a1c22b,1.0,high,signal peptidase i u,type I signal peptidase,1
Bacillus_subtilis_168,gene_5ac1a62494dc,1.0,high,phenolic acid decarboxylase,"promiscuous phenolic acid decarboxylase subunit; 1,4-dihydroxy-2-naphtoate-heptaprenyl diphosphate decarboxylase",1
Bacillus_subtilis_168,gene_1caf780dceba,1.0,high,5-oxoprolinase subunit a,oxoprolinase subunit A,1
Bacillus_subtilis_168,gene_23912ed641e9,0.8738,high,5-amino-6-(5-phospho-d-ribitylamino)uracil phosphatase ycse,"5-amino-6-ribitylamino-2,4(1H, 3H)-pyrimidinedione 5'-phosphate phosphatase / 5' nucleotidase",0
Bacillus_subtilis_168,gene_1e64583430b3,1.0,high,5-oxoprolinase subunit b,L-5-oxoprolinase (ATP-dependent) subunit B,1
Bacillus_subtilis_168,gene_f08ef812c474,1.0,high,5-oxoprolinase subunit c,L-5-oxoprolinase (ATP-dependent) subunit C,1
Bacillus_subtilis_168,gene_394c7a2499f4,0.7497,moderate,hth-type transcriptional regulatory protein gabr,transcriptional regulator (GntR/MocR family) with PLP binding site (GabR-GABA-PLP aldimine),0
Bacillus_subtilis_168,gene_69b3d7127a2f,0.9926,high,succinate-semialdehyde dehydrogenase,succinate-semialdehyde dehydrogenase,1
Bacillus_subtilis_168,gene_2da4ec6033a3,0.95,high,hth-type transcriptional regulator kipr,transcriptional regulator of the pxp operon (IclR family),0
Bacillus_subtilis_168,gene_db4903021628,0.8955,high,d-lyxose ketol-isomerase,D-lyxose ketol isomerase,1
Bacillus_subtilis_168,gene_bc2a9b295819,1.0,high,mannitol-1-phosphate 5-dehydrogenase,mannitol-1-phosphate 5-dehydrogenase,1
Bacillus_subtilis_168,gene_38b22ea2ab35,0.6878,moderate,hth-type transcriptional regulator lrpc,transcriptional regulator (Lrp/AsnC family),0
Bacillus_subtilis_168,gene_fd79b6863fb9,1.0,high,penicillin-binding protein 3,penicillin-binding lipoprotein 3; transpeptidase,1
Bacillus_subtilis_168,gene_afd24d4a0862,0.95,high,lipoprotein ydaj,glycosyl hydrolase lipoprotein,0
Bacillus_subtilis_168,gene_ff860b81df56,1.0,high,dna topoisomerase 3,DNA topoisomerase III,1
Bacillus_subtilis_168,gene_5894c9f8cf72,0.95,high,potassium transporter kima,cyclic di-AMP controlled transporter of potassium,0
Bacillus_subtilis_168,gene_18a11b59361f,1.0,high,transcriptional regulator mtlr,"transcriptional regulator, PTS-dependent activator",0
Bacillus_subtilis_168,gene_681eb59d5b1d,0.8438,high,manganese importer mntg,5-oxoproline transporter,0
Bacillus_subtilis_168,gene_56d597cec301,1.0,high,thiamine pyrophosphate-containing protein ydap,acetyl-phosphate generating pyruvate oxidase,0
Bacillus_subtilis_168,gene_fbc4fe86dfc8,1.0,high,c4-dicarboxylate sensor kinase,two-component sensor histidine kinase,0
Bacillus_subtilis_168,gene_68a08c6a399a,0.8421,high,c4-dicarboxylate response regulator dctr,two-component response regulator,0
Bacillus_subtilis_168,gene_c0b0ff19ce0a,1.0,high,spore germination lipase lipc,spore coat phospholipase B,0
Bacillus_subtilis_168,gene_48ed0f082833,1.0,high,glucose starvation-inducible protein b,general stress protein glucose starvation induced,0
Bacillus_subtilis_168,gene_5806845840ae,0.95,high,lipid ii flippase amj,lipid II flippase,1
Bacillus_subtilis_168,gene_dfc9440f254e,1.0,high,d-alanine--d-alanine ligase,D-alanyl-D-alanine ligase A,1
Bacillus_subtilis_168,gene_25f972fd0913,0.9317,high,udp-n-acetylmuramoyl-tripeptide--d-alanyl-d-alanine ligase,"UDP-N-acetylmuramoylalanyl-D-glutamyl-2, 6-diaminopimelate-D-alanyl-D-alanine ligase",1
Bacillus_subtilis_168,gene_5132d4a7427b,1.0,high,holo- synthase,holo-acyl carrier protein synthase (phosphopantetheinyl transferase),1
Bacillus_subtilis_168,gene_bec05c7b1d31,0.983,high,divalent metal cation transporter mnth,proton-coupled manganese transporter,0
Bacillus_subtilis_168,gene_b44f589a1595,0.95,high,antitoxin endoai,antitoxin EndoAI,1
Bacillus_subtilis_168,gene_848741c05968,1.0,high,endoribonuclease endoa,endoribonuclease toxin,0
Bacillus_subtilis_168,gene_3e49ff296125,1.0,high,rsbt co-antagonist protein rsbra,component of the anxiosome (stressosome); positive regulation of sigma(B) activity in response to salt and heat stress,0
Bacillus_subtilis_168,gene_d5b35aee871d,0.95,high,serine/threonine-protein kinase rsbt,switch protein/serine-threonine kinase; controls the activity of the anxiosome (stressosome),0
Bacillus_subtilis_168,gene_8a724f6b4a28,0.95,high,phosphoserine phosphatase rsbu,protein serine phosphatase; controls the activity of the anxiosome (stressosome),0
Bacillus_subtilis_168,gene_052721131c94,0.929,high,anti-sigma-b factor antagonist,anti-anti-sigma factor (antagonist of RsbW),1
Bacillus_subtilis_168,gene_67460851bbd2,1.0,high,alanine racemase 1,D-alanine racemase,1
Bacillus_subtilis_168,gene_f7d513a7f724,0.9415,high,rna polymerase sigma-b factor,RNA polymerase sigma-37 factor (sigma(B)),1
Bacillus_subtilis_168,gene_770cc210929d,1.0,high,phosphoserine phosphatase rsbx,serine phosphatase,0
Bacillus_subtilis_168,gene_4101259768e2,1.0,high,serine-protein kinase rsbw,switch protein/serine kinase and anti-sigma factor (inhibitory sigma-B binding protein),0
Bacillus_subtilis_168,gene_92e9e473bc80,1.0,high,metallopeptidase imma,ICEBs1 mobile element: site-specific protease cleaving ImmR,0
Bacillus_subtilis_168,gene_3b9e4c109ef7,0.7232,moderate,hth-type transcriptional regulator immr,ICEBs1 mobile element: transcriptional regulator (Xre family),0
Bacillus_subtilis_168,gene_0f18f23a8f1d,0.95,high,icebs1 excisionase,ICEBs1 mobile element: excisionase,1
Bacillus_subtilis_168,gene_20e7bed0449d,1.0,high,dead-box atp-dependent rna helicase csha,ATP-dependent RNA helicase; cold shock,1
Bacillus_subtilis_168,gene_047f65ca40fd,1.0,high,dna relaxase nick,ICEBs1 mobile element: DNA relaxase,0
Bacillus_subtilis_168,gene_bbdccae2c8aa,0.95,high,upf0699 transmembrane protein ydbt,resistance to heterologous antibiotics,0
Bacillus_subtilis_168,gene_b110a77c41ea,1.0,high,c4-dicarboxylate-binding protein dctb,membrane bound C4-dicarboxylate binding sensor protein,0
Bacillus_subtilis_168,gene_ed44d31b1289,1.0,high,bifunctional muramidase/dl-endopeptidase cwlt,ICEBs1 mobile element: two-domain autolysin with N-acetylmuramidase and DL-endopeptidase activity VirB1,0
Bacillus_subtilis_168,gene_86c3a7b77dae,0.95,high,phosphatase rapi inhibitor,ICEBs1 mobile element: secreted regulator of the activity of phosphatase RapI,0
Bacillus_subtilis_168,gene_f01c4aa0ac66,1.0,high,icebs1 integrase,ICEBs1 mobile element: integrase,1
Bacillus_subtilis_168,gene_0040afd4be9e,0.7493,moderate,hth-type transcriptional regulator lrpa,transcriptional regulator (Lrp/AsnC family),0
Bacillus_subtilis_168,gene_f03ee4a2ec97,0.672,moderate,hth-type transcriptional regulator lrpb,transcriptional regulator (Lrp/AsnC family),0
Bacillus_subtilis_168,gene_bc8258afbae6,1.0,high,cold shock protein cspc,cold-shock protein,1
Bacillus_subtilis_168,gene_5bc183f15653,1.0,high,ftsk domain-containing protein ydcq,ICEBs1 mobile element: coupling conjugation protein VirD4,0
Bacillus_subtilis_168,gene_52fa516ee668,0.95,high,rsbt antagonist protein rsbs,antagonist of RsbT,1
Bacillus_subtilis_168,gene_3bd83e99c8d2,0.95,high,hth-type transcriptional repressor aser,transcriptional regulator (metals sensing ArsR-SmtB repressors family),0
Bacillus_subtilis_168,gene_3620e04b76cb,0.745,moderate,response regulator aspartate phosphatase i,ICEBs1 mobile element: response regulator aspartate phosphatase,1
Bacillus_subtilis_168,gene_30e5666c603e,0.8079,high,sensor histidine kinase ydfh,two-component sensor histidine kinase [YdfI],1
Bacillus_subtilis_168,gene_fb06fbdde2cf,0.9664,high,arsenical pump membrane protein ydfa,arsenite/antimonite/H+ antiporter,0
Bacillus_subtilis_168,gene_79d41c3892bf,0.95,high,spore germination protein-like protein ydzr,"conserved hypothetical protein, sporulation-related",0
Bacillus_subtilis_168,gene_d487ccf863e4,0.8882,high,transcriptional regulatory protein ydfi,two-component response regulator [YdfH],0
Bacillus_subtilis_168,gene_4539ee590bcc,0.95,high,spore coat protein p,spore coat protein,1
Bacillus_subtilis_168,gene_f2216e898f0b,0.95,high,spore germination protein ydgb,conserved hypothetical protein; putative germination protein,1
Bacillus_subtilis_168,gene_77ec98cfa11a,0.99,high,ribosome protection protein vmlr,ATP-binding cassette efflux transporter,0
Bacillus_subtilis_168,gene_2fb5a431d398,0.95,high,protein dinb,nuclease inhibitor,0
Bacillus_subtilis_168,gene_816cbda7d726,0.95,high,upf0702 transmembrane protein ydfr,conserved membrane protein of unknown function,0
Bacillus_subtilis_168,gene_e1ec3537c0e9,0.8619,high,nad(p)h nitroreductase ydgi,"nitroreductase of unidentified specificity (reduces 5-(aziridin-1-yl)-2,4-dinitrobenzamide prodrug)",0
Bacillus_subtilis_168,gene_a65806f3dfa3,0.9514,high,alkaline phosphatase 3,"alkaline phosphatase III (promiscuous, heptaprenylglyceryl phosphate is a substrate)",1
Bacillus_subtilis_168,gene_7e840dbf3adc,0.95,high,intracellular iron chaperone frataxin,frataxin; iron/sulfur chaperone,1
Bacillus_subtilis_168,gene_14b5b0a26855,1.0,high,transcription factor ydeb,transcriptional regulator for repair and outgrowth of heat damaged spores,0
Bacillus_subtilis_168,gene_7d69652f3cd9,0.9081,high,purine efflux pump pbue,hypoxanthine efflux transporter,0
Bacillus_subtilis_168,gene_5cd6a9225926,1.0,high,pts system oligo-beta-mannoside-specific eiib component,oligo-alpha-mannoside phosphotransferase system enzyme IIB,0
Bacillus_subtilis_168,gene_07d8d1da8b38,1.0,high,pts system oligo-beta-mannoside-specific eiic component,oligo-alpha-mannoside phosphotransferase system enzyme IIC,0
Bacillus_subtilis_168,gene_7fd7577c88e9,0.6801,moderate,hth-type transcriptional regulator gmur,transcriptional regulator (GntR family),1
Bacillus_subtilis_168,gene_799405202502,0.8317,high,mannose-6-phosphate isomerase gmuf,phosphohexomutase; cupin family,0
Bacillus_subtilis_168,gene_bf2e5586693f,1.0,high,mannan endo-1,"exported mannan endo-1,4-beta-mannosidase",1
Bacillus_subtilis_168,gene_426ff52fb393,1.0,high,sporulation-specific glycosylase ydhd,spore cortex lytic enzyme,0
Bacillus_subtilis_168,gene_e96515e50eb5,1.0,high,pts system oligo-beta-mannoside-specific eiia component,oligo-alpha-mannoside phosphotransferase system enzyme IIA,0
Bacillus_subtilis_168,gene_58818966b527,0.7373,moderate,thiamine-monophosphate kinase,thiamine-monophosphate kinase,1
Bacillus_subtilis_168,gene_d511545e82dc,0.8993,high,trna threonylcarbamoyladenosine biosynthesis protein tsae,tRNA(NNU) t(6)A37 threonylcarbamoyladenosine modification; ADP binding protein,0
Bacillus_subtilis_168,gene_4b199c6eccf0,0.7248,moderate,trna threonylcarbamoyladenosine biosynthesis protein tsab,tRNA(NNU) t(6)A37 threonylcarbamoyladenosine modification; protease involved in TsaD function,0
Bacillus_subtilis_168,gene_79a9794df2fc,0.95,high,-alanine n-acetyltransferase,ribosomal protein S18 alanine N-acetyltransferase,1
Bacillus_subtilis_168,gene_ead296aef861,1.0,high,cyclic pyranopterin monophosphate synthase,molybdenum cofactor biosynthesis protein C,0
Bacillus_subtilis_168,gene_7bd4cccb17ad,1.0,high,redox-sensing transcriptional repressor rex,transcription repressor of cydABCD and yjlC-ndh expression,0
Bacillus_subtilis_168,gene_7103cd7fdf94,1.0,high,sec-independent protein translocase protein tatay,component of the twin-arginine pre-protein translocation pathway,0
Bacillus_subtilis_168,gene_80709d6012e6,1.0,high,co-chaperonin groes,chaperonin small subunit,0
Bacillus_subtilis_168,gene_92175c4e5bdf,1.0,high,trna n6-adenosine threonylcarbamoyltransferase,tRNA(NNU) t(6)A37 threonylcarbamoyladenosine modification; glycation binding protein,0
Bacillus_subtilis_168,gene_4e855e04cda3,1.0,high,sec-independent protein translocase protein tatcy,component of the twin-arginine pre-protein translocation pathway,0
Bacillus_subtilis_168,gene_4a1119c0e076,1.0,high,chaperonin groel,chaperonin large subunit,0
Bacillus_subtilis_168,gene_3b0ea5b53a38,1.0,high,Replication-related protein,DNA-methyltransferase (cytosine-specific); defective prophage 3,0
Bacillus_subtilis_168,gene_a526c5f00995,0.9411,high,fructokinase,ROK fructokinase; glucomannan utilization protein E,1
Bacillus_subtilis_168,gene_8874e712cf28,0.9209,high,sorbitol dehydrogenase,glucitol (sorbitol) dehydrogenase,1
Bacillus_subtilis_168,gene_b97ff5a6cd63,1.0,high,phage shock protein a homolog,phage shock protein A homolog regulator; prophage region 3,1
Bacillus_subtilis_168,gene_1468e8f40cdf,1.0,high,6-phospho-beta-glucosidase gmud,mannoside-phospho-beta-d-glucosidase,1
Bacillus_subtilis_168,gene_aa6dc45002b1,0.95,high,type ii restriction enzyme bsumi component ydja,type-2 restriction enzyme BsuMI component BsuRC (YdjA); prophage region 3,1
Bacillus_subtilis_168,gene_a805a9ef806d,0.8018,high,type ii methyltransferase m1.bsumi,DNA-methyltransferase (cytosine-specific); prophage 3 region,0
Bacillus_subtilis_168,gene_ea2bc3cee866,1.0,high,transcription activator gutr,transcriptional regulator of the glucitol operon,0
Bacillus_subtilis_168,gene_1b5149dbe7bb,0.8238,high,gamma-aminobutyric acid permease,gamma-aminobutyrate (GABA) permease; proline permease,0
Bacillus_subtilis_168,gene_1b66c5114832,0.95,high,type ii restriction enzyme bsumi component ydir,type-2 restriction enzyme BsuMI component BsuRA (YdiR); prophage region 3,1
Bacillus_subtilis_168,gene_c4cc5c834a0c,0.8223,high,manganese efflux system protein mnes,"secondary Mn(II) exporter, promiscuous",0
Bacillus_subtilis_168,gene_b4a3b5a6a1f5,1.0,high,major myo-inositol transporter iolt,myo-inositol transporter,1
Bacillus_subtilis_168,gene_51c0b66b0a1a,1.0,high,gmp synthase,GMP synthetase,0
Bacillus_subtilis_168,gene_c9fc06bbcd00,1.0,high,n5-carboxyaminoimidazole ribonucleotide mutase,N5-carboxyaminoimidazole ribonucleotide mutase,1
Bacillus_subtilis_168,gene_696521e46aec,1.0,high,adenylosuccinate lyase,adenylosuccinate lyase,1
Bacillus_subtilis_168,gene_33095b6da654,0.7573,moderate,phosphoribosylformylglycinamidine synthase subunit purs,factor required for phosphoribosylformylglycinamidine synthetase activity,0
Bacillus_subtilis_168,gene_ff30d59c3bc5,1.0,high,phosphoribosylformylglycinamidine synthase subunit purq,phosphoribosylformylglycinamidine synthetase subunit I,0
Bacillus_subtilis_168,gene_e734b79dfa0e,0.7904,moderate,n5-carboxyaminoimidazole ribonucleotide synthase,N5-carboxyaminoimidazole ribonucleotide synthase,1
Bacillus_subtilis_168,gene_ac35c4d39c5a,1.0,high,amidophosphoribosyltransferase,glutamine phosphoribosylpyrophosphate amidotransferase,0
Bacillus_subtilis_168,gene_26a062733bfa,0.979,high,phosphoribosylglycinamide formyltransferase,phosphoribosylglycinamide formyltransferase,1
Bacillus_subtilis_168,gene_9f0617bc5417,1.0,high,laccase,outer spore coat copper-dependent promiscuous laccase,1
Bacillus_subtilis_168,gene_7815b0d91ed9,1.0,high,phosphoribosylamine--glycine ligase,phosphoribosylglycinamide synthetase,0
Bacillus_subtilis_168,gene_51320d438d03,1.0,high,phosphoribosylformylglycinamidine cyclo-ligase,phosphoribosylaminoimidazole synthetase,0
Bacillus_subtilis_168,gene_47e68724e8a8,1.0,high,heptaprenylglyceryl phosphate synthase,heptaprenylglyceryl-phosphate synthase,1
Bacillus_subtilis_168,gene_5764b22c7edc,1.0,high,phosphoribosylformylglycinamidine synthase subunit purl,phosphoribosylformylglycinamidine synthetase subunit II,0
Bacillus_subtilis_168,gene_9bd474dce163,1.0,high,glucitol transport protein guta,H+-glucitol symporter; prophage region 3,0
Bacillus_subtilis_168,gene_ee97c4973707,1.0,high,dna ligase,DNA ligase (NAD-dependent),1
Bacillus_subtilis_168,gene_ea0faaac015a,1.0,high,glutamyl-trna(gln) amidotransferase subunit c,glutamyl-tRNA(Gln) amidotransferase (subunit C),1
Bacillus_subtilis_168,gene_40e14d7830f9,1.0,high,atp-dependent dna helicase pcra,ATP-dependent DNA helicase,1
Bacillus_subtilis_168,gene_e35cf93b8ffe,1.0,high,bifunctional purine biosynthesis protein purh,fused phosphoribosylaminoimidazole carboxy formyl formyltransferase; inosine-monophosphate cyclohydrolase,0
Bacillus_subtilis_168,gene_4084ca6514da,0.8869,high,diacylglycerol kinase,diacylglycerol kinase,1
Bacillus_subtilis_168,gene_af5f12cce5a5,1.0,high,glutamyl-trna(gln) amidotransferase subunit a,glutamyl-tRNA(Gln) amidotransferase (subunit A),1
Bacillus_subtilis_168,gene_2494589e77f6,1.0,high,aspartyl/glutamyl-trna(asn/gln) amidotransferase subunit b,glutamyl-tRNA(Gln) amidotransferase (subunit B),1
Bacillus_subtilis_168,gene_aef558f0cd91,0.95,high,immunity protein yezg,conserved hypothetical protein; HGT island,0
Bacillus_subtilis_168,gene_3673e7d62c62,1.0,high,swarming motility protein swrc,surfactin exporter involved in surfactin self-resistance,0
Bacillus_subtilis_168,gene_cefea3c3f3ab,1.0,high,23s rrna (uracil-c(5))-methyltransferase rlmcd,methyltransferase of m5U747 and m5U1939 in 23S RNA,0
Bacillus_subtilis_168,gene_8a0f13390da4,0.8146,high,response regulator aspartate phosphatase h,response regulator aspartate phosphatase,1
Bacillus_subtilis_168,gene_fbca5c25eba1,0.95,high,phosphatase raph inhibitor,hexapeptide (TDRNTT) inhibitor of regulatory cascade,0
Bacillus_subtilis_168,gene_d4a290b5bf22,0.95,high,protein cotja,component of the inner spore coat,0
Bacillus_subtilis_168,gene_6bd866d899f1,1.0,high,protein cotjb,component of the inner spore coat,0
Bacillus_subtilis_168,gene_55068a8278ee,0.95,high,protein cotjc,enzyme component of the inner spore coat,0
Bacillus_subtilis_168,gene_b10d852084fa,1.0,high,osmoregulated proline transporter opue,proline transporter,1
Bacillus_subtilis_168,gene_c655e517e13d,0.6936,moderate,abc transporter permease protein yesq,rhamnogalacturonan permease,0
Bacillus_subtilis_168,gene_8d0f257104d8,1.0,high,rhamnogalacturonan acetylesterase rhgt,rhamnogalacturonan acetylesterase,1
Bacillus_subtilis_168,gene_d7a55bdac312,0.95,high,abc transporter substrate-binding protein yeso,pectin degradation byproducts (rhamnose oligosaccharides)-binding lipoprotein,0
Bacillus_subtilis_168,gene_163ce01dbcbb,0.8685,high,rhamnogalacturonan exolyase yesx,rhamnogalacturonan exolyase,1
Bacillus_subtilis_168,gene_e9d131e10979,1.0,high,sensor histidine kinase yesm,two-component sensor histidine kinase [YesN],1
Bacillus_subtilis_168,gene_0008b93a3083,1.0,high,beta-galactosidase yesz,beta-galacturonidase,0
Bacillus_subtilis_168,gene_bfa538affc44,0.95,high,unsaturated rhamnogalacturonyl hydrolase yesr,rhamnogalacturonan hydrolase,0
Bacillus_subtilis_168,gene_fd3166e9f9db,1.0,high,protein lplb,ABC transporter (permease) for alpha-galacturonides,0
Bacillus_subtilis_168,gene_1dbb20383400,1.0,high,rhamnogalacturonan acetylesterase yesy,rhamnogalacturonan acetylesterase,1
Bacillus_subtilis_168,gene_2f821e53de25,1.0,high,alpha-galacturonidase,alpha-galacturonidase,1
Bacillus_subtilis_168,gene_61405a3c3171,0.95,high,heme-degrading monooxygenase hmoa,heme-degrading monooxygenase,1
Bacillus_subtilis_168,gene_a64751448d93,1.0,high,ph-sensitive calcium channel,pH-sensitive calcium-leak permease (di-aspartyl pH sensor),0
Bacillus_subtilis_168,gene_5ed3e529bd07,1.0,high,hth-type transcriptional repressor yetl,transcriptional regulator (FlvL-flavonoids),0
Bacillus_subtilis_168,gene_60f231f907b3,1.0,high,rhamnogalacturonan endolyase yesw,rhamnogalacturonan endolyase,1
Bacillus_subtilis_168,gene_702297ec0a4b,1.0,high,protein lplc,ABC transporter (permease) for alpha-galacturonides,0
Bacillus_subtilis_168,gene_3633ba6c802d,0.8902,high,lipoteichoic acid synthase 1,exported glycerol phosphate lipoteichoic acid synthetase and anion-binding protein,0
Bacillus_subtilis_168,gene_3b00ef8aa3b2,0.9169,high,glucose-1-phosphate cytidylyltransferase,glucose-1-phosphate cytidylyltransferase (sporulation),1
Bacillus_subtilis_168,gene_1ed761f0bf66,0.7265,moderate,had-hydrolase yfnb,pyrimidine nucleotide phosphatase (promiscuous),0
Bacillus_subtilis_168,gene_7ebb805ab3e6,1.0,high,sensory transducer protein yfms,chemotaxis sensory transducer (sensed target unknown),0
Bacillus_subtilis_168,gene_3147bd684b20,0.8904,high,hth-type transcriptional regulator yfmp,transcriptional regulator (MerR family) of metal (copper) efflux transporter expression,0
Bacillus_subtilis_168,gene_e2ce9cd864d7,0.9586,high,benzaldehyde dehydrogenase yfmt,vanillin dehydrogenase,0
Bacillus_subtilis_168,gene_c2935e0cd4d0,0.7824,moderate,fe(3+)-citrate import system permease protein yfme,iron-dicitrate ABC transporter (permease),0
Bacillus_subtilis_168,gene_5bd95c0dbd43,1.0,high,fe(3+)-citrate-binding protein yfmc,iron-dicitrate ABC transporter (binding lipoprotein),0
Bacillus_subtilis_168,gene_7a11a6ff0362,0.95,high,general stress protein 17m,heat stress induced protein,0
Bacillus_subtilis_168,gene_a9ed994b873f,1.0,high,lipoprotein lipo,lipoprotein transporter binding protein for alpha-galacturonides,0
Bacillus_subtilis_168,gene_dfbc89b09f7c,0.7919,moderate,fe(3+)-citrate import system permease protein yfmd,iron-dicitrate ABC transporter (permease),0
Bacillus_subtilis_168,gene_0fb4ce1a77f4,0.7549,moderate,transcriptional regulatory protein citt,two-component response regulator,0
Bacillus_subtilis_168,gene_f61eb5b0df23,0.8198,high,methylthioribose transporter,methylthioribose permease,0
Bacillus_subtilis_168,gene_8979b4731131,1.0,high,nitric oxide synthase oxygenase,nitric-oxide synthase,1
Bacillus_subtilis_168,gene_eb88b5e3e916,1.0,high,methionine aminopeptidase 2,methionine aminopeptidase B,1
Bacillus_subtilis_168,gene_b7fce5710f73,1.0,high,fe(3+)-citrate import atp-binding protein yfmf,iron-dicitrate ABC transporter (ATP-binding protein),0
Bacillus_subtilis_168,gene_e46da325503d,0.8583,high,lipoteichoic acid synthase 2,enzyme responsible for polyglycerolphosphate LTA synthesis,0
Bacillus_subtilis_168,gene_296662f8786d,0.95,high,multidrug efflux protein yfmo,metal (copper) efflux transporter,0
Bacillus_subtilis_168,gene_d2b69950c7bb,1.0,high,trehalose-6-phosphate hydrolase,trehalose-6-phosphate hydrolase,1
Bacillus_subtilis_168,gene_b171e7619ef4,0.9121,high,pectate lyase,pectate lyase,1
Bacillus_subtilis_168,gene_5dec3c3a2461,0.8832,high,nad(p)h nitroreductase yfko,NAD(P)H-flavin oxidoreductase (nitroreductase),1
Bacillus_subtilis_168,gene_2999cae3fb83,0.991,high,general stress protein 18,general stress protein 18; deglycase,1
Bacillus_subtilis_168,gene_dfbe4f6f21e8,1.0,high,pts system n-acetylglucosamine-specific eiicb component,phosphotransferase system (PTS) N-acetylglucosamine-specific enzyme IICB component,1
Bacillus_subtilis_168,gene_57a549365900,0.8011,high,low molecular weight protein-tyrosine-phosphatase yfkj,protein-tyrosine-phosphatase,1
Bacillus_subtilis_168,gene_08511d8b9bf2,1.0,high,pts system trehalose-specific eiibc component,phosphotransferase system (PTS) trehalose-specific enzyme IIBC component,1
Bacillus_subtilis_168,gene_9e9cfbcc3878,1.0,high,ca(2+)/h(+) antiporter chaa,H+/Ca2+ antiporter,0
Bacillus_subtilis_168,gene_f9d4ff5be18a,1.0,high,acylphosphatase,acylphosphatase,1
Bacillus_subtilis_168,gene_e6fff9480f69,1.0,high,metal ion transporter yfjq,divalent cation (octahedral coordination) transporter,0
Bacillus_subtilis_168,gene_47f2f7a2c43d,1.0,high,trna-dihydrouridine synthase 2,tRNA-dihydrouridine synthase 2,1
Bacillus_subtilis_168,gene_8920325028d5,1.0,high,trifunctional nucleotide phosphoesterase protein yfkn,"exported 2',3'-cyclic-nucleotide 2'-phosphodiesterase, 2' (or 3') nucleotidase and 5' nucleotidase",0
Bacillus_subtilis_168,gene_990c4ffcb13e,1.0,high,acetoin:2,acetoin dehydrogenase E1 component (TPP-dependent alpha subunit),1
Bacillus_subtilis_168,gene_089c5706010b,1.0,high,peptidoglycan-n-acetylmuramic acid deacetylase pdaa,exported peptidoglycan N-acetylmuramic acid deacetylase,1
Bacillus_subtilis_168,gene_b30fe5e51fb3,0.698,moderate,dihydrolipoyllysine-residue acetyltransferase component of acetoin cleaving system,acetoin dehydrogenase E2 component (dihydrolipoamide acetyltransferase),0
Bacillus_subtilis_168,gene_6dbfb42d99ad,1.0,high,acetoin:2,acetoin dehydrogenase E1 component (TPP-dependent beta subunit),1
Bacillus_subtilis_168,gene_ebf4cbed89d4,0.5879,moderate,hth-type transcriptional regulator glvr,transcriptional activator of the Mal operon,0
Bacillus_subtilis_168,gene_83b4273bc2dc,1.0,high,catechol-2,"catechol-2,3-dioxygenase subunit",1
Bacillus_subtilis_168,gene_41ed5aa2b074,0.95,high,hth-type transcriptional regulator trer,transcriptional regulator (TreR-trehalose),1
Bacillus_subtilis_168,gene_c85bf963b9d9,0.6867,moderate,sensor histidine kinase lnrj,"two-component sensor histidine kinase [LinK] (linearmycin resistance, biofilm formation)",0
Bacillus_subtilis_168,gene_d8f3dcf98d6a,0.9144,high,dihydrolipoyl dehydrogenase,acetoin dehydrogenase E3 component (dihydrolipoamide dehydrogenase),0
Bacillus_subtilis_168,gene_1e208d513a6a,1.0,high,small,small acid-soluble spore protein,1
Bacillus_subtilis_168,gene_6d8dc7a155ab,1.0,high,linearmycin resistance permease protein lnrm,ABC transporter (permease) biofilm formation,0
Bacillus_subtilis_168,gene_306ba33b502f,0.95,high,negative transcriptional regulator padr,transcriptional regulator of phenolic acid decarboxylase,0
Bacillus_subtilis_168,gene_ef5391351df8,0.95,high,extracellular esterase estb,secreted esterase / acylglycerol lipase,0
Bacillus_subtilis_168,gene_db5e92b81fae,1.0,high,Translation-related protein,ABC transporter (ATP-binding protein) biofilm formation,0
Bacillus_subtilis_168,gene_b7a4254a4b07,0.8678,high,metal-dependent hydrolase yfit,bacillithiol S-transferase,0
Bacillus_subtilis_168,gene_6e10f8750a8d,1.0,high,maltose-6'-phosphate glucosidase,6-phospho-alpha-glucosidase,0
Bacillus_subtilis_168,gene_746527215ac2,1.0,high,siderophore-binding lipoprotein yfiy,xenosiderophore schizokinen (dihydroxamate) transporter binding lipoprotein,0
Bacillus_subtilis_168,gene_b3f9f22a20d1,1.0,high,regulatory protein recx,regulatory protein RecX,1
Bacillus_subtilis_168,gene_16a0e721d043,1.0,high,membrane-bound acyltransferase yfiq,acetyl-glucosamine metabolite exporter component involved in biofilm formation,0
Bacillus_subtilis_168,gene_4cad6c7009f8,1.0,high,small,small acid-soluble spore protein,1
Bacillus_subtilis_168,gene_4ae6f3943f4d,0.745,moderate,ab hydrolase superfamily protein yfhm,stress induced epoxide hydrolase,0
Bacillus_subtilis_168,gene_60e58bfab74f,0.95,high,oxidoreductase catd,"catechol-2,3-dioxygenase membrane subunit",0
Bacillus_subtilis_168,gene_8fa9bc8bf18e,0.7439,moderate,enoyl- reductase fabl,enoyl-acyl carrier protein reductase III,0
Bacillus_subtilis_168,gene_0b4309a6be86,1.0,high,small,small acid-soluble spore protein (gamma-type SASP),1
Bacillus_subtilis_168,gene_1c4aa42a4f66,0.9112,high,transcriptional regulatory protein lnrk,"two-component response regulator [LinJ] (linearmycin resistance, biofilm formation)",0
Bacillus_subtilis_168,gene_93eb45cc4a00,1.0,high,peroxiredoxin bcp,peroxiredoxin with versatile activity,0
Bacillus_subtilis_168,gene_ca701663e93c,0.9815,high,peroxide operon regulator,transcriptional regulator (Fur family),0
Bacillus_subtilis_168,gene_ef7abd0a8765,0.8062,high,adenine dna glycosylase,A/G-specific adenine glycosylase or DNA-(apurinic or apyrimidinic site) lyase,1
Bacillus_subtilis_168,gene_d6fe26bd2076,0.95,high,sporulation-control protein spo0m,protein involved in the control of the cell cycle as a function of the environment,0
Bacillus_subtilis_168,gene_ac2ae810c692,0.8941,high,siderophore transport system permease protein yfha,xenosiderophore schizokinen (dihydroxamate) transporter (permease),0
Bacillus_subtilis_168,gene_0634bcd6df35,1.0,high,phosphomethylpyrimidine synthase,phosphomethylpyrimidine synthase,1
Bacillus_subtilis_168,gene_258f1f5cb7de,0.9,high,transcriptional regulatory protein sens,transcriptional regulator (repressor of ScoC),0
Bacillus_subtilis_168,gene_4701a0afa5bc,1.0,high,aliphatic sulfonates import atp-binding protein ssub,aliphatic sulfonate ABC transporter (ATP-binding protein),0
Bacillus_subtilis_168,gene_a8e3294769bc,1.0,high,aliphatic sulfonates-binding protein,aliphatic sulfonate ABC transporter (binding lipoprotein),0
Bacillus_subtilis_168,gene_8e0ca282ba07,1.0,high,alkanesulfonate monooxygenase,FMNH2-dependent aliphatic sulfonate monooxygenase,0
Bacillus_subtilis_168,gene_e579882efd9a,1.0,high,small ribosomal subunit protein us14a,alternative ribosomal protein S14,0
Bacillus_subtilis_168,gene_6b47af9003a8,1.0,high,epoxyqueuosine reductase,epoxyqueuosine reductase,1
Bacillus_subtilis_168,gene_41abd3766ee9,0.984,high,trna (cytidine(34)-2'-o)-methyltransferase,tRNA (cytidine(34)-2'-O)-methyltransferase,1
Bacillus_subtilis_168,gene_d36369b84a2e,1.0,high,stress response upf0229 protein yhbh,factor involved in shape determination,0
Bacillus_subtilis_168,gene_ccfd9c4c8acf,1.0,high,cold shock protein cspb,"major cold-shock protein, RNA helicase co-factor, RNA co-chaperone",0
Bacillus_subtilis_168,gene_1a0a8502b14b,1.0,high,diguanylate cyclase dgck,diguanylate cyclase,1
Bacillus_subtilis_168,gene_3b1544356534,1.0,high,l-cystine uptake protein tcyp,(sodium)-cystine symporter,0
Bacillus_subtilis_168,gene_c00116e646e4,0.95,high,sortase d,sortase A,1
Bacillus_subtilis_168,gene_b557c8f71469,0.884,high,atp-dependent protease prka,serine protein kinase (involved in sporulation),0
Bacillus_subtilis_168,gene_8f7256ebc6a4,0.8216,high,phosphatase yhcw,promiscuous phosphoglycolate phosphatase / glycerol-3-phosphate phosphatase / 2-deoxyglucose-6-phosphatase,0
Bacillus_subtilis_168,gene_8cc3a3ac8bbf,1.0,high,endonuclease yhcr,non specific extracellular Ca2+-dependent endonuclease cleaving RNA and DNA,0
Bacillus_subtilis_168,gene_db9274579a30,0.6612,moderate,glycerol uptake operon antiterminator regulatory protein,sn-glycerol-3-phosphate responding transcription antiterminator,0
Bacillus_subtilis_168,gene_5a089a642f56,1.0,high,glycerol uptake facilitator protein,glycerol permease,0
Bacillus_subtilis_168,gene_0b551ae3868b,1.0,high,glycerol kinase,glycerol kinase (sn-glycerol-3-phosphate generating),1
Bacillus_subtilis_168,gene_6d8cc742d3b0,1.0,high,phosphoglucomutase,alpha-phosphoglucomutase,1
Bacillus_subtilis_168,gene_e3ba81978270,0.7452,moderate,fmn-dependent nadph-azoreductase,"oxidoreductase, NAD(P)H-FMN and ferric iron reductase (azoreductase)",0
Bacillus_subtilis_168,gene_0f824163b93d,1.0,high,vegetative catalase,vegetative catalase 1,1
Bacillus_subtilis_168,gene_daa6be0e7c24,1.0,high,hth-type transcriptional regulator nsrr,NO-dependent activator of the ResDE regulon (Fe-S NO binding site),0
Bacillus_subtilis_168,gene_af4bc90a6d16,0.95,high,stage v sporulation protein r,"involved in spore cortex synthesis (stage V sporulation, conserved in non sporulating bacteria",1
Bacillus_subtilis_168,gene_dcaef2673c32,0.9547,high,peptidoglycan endopeptidase lytf,"gamma-D-glutamate-meso-diaminopimelate muropeptidase (major autolysin, vegetative)",0
Bacillus_subtilis_168,gene_31291e83fd4f,0.9547,high,peptidoglycan endopeptidase lyte,cell wall dl-endopeptidase; phosphatase-associated protein (major autolysin),0
Bacillus_subtilis_168,gene_6617a564afbc,0.6423,moderate,hth-type transcriptional regulator citr,transcriptional regulator CitR (LysR family),1
Bacillus_subtilis_168,gene_958ccdd431b1,0.9362,high,alkaline phosphatase 4,alkaline phosphatase A,1
Bacillus_subtilis_168,gene_7dcf2482fed3,0.6257,moderate,sensor histidine kinase yhcy,two-component sensor histidine kinase [YhcZ],1
Bacillus_subtilis_168,gene_e1c29be4eb16,0.95,high,anti-sigma-m factor yhdk,negative regulator of the activity of sigma-M,0
Bacillus_subtilis_168,gene_c31b700dabf7,0.8211,high,ecf rna polymerase sigma factor sigm,RNA polymerase ECF (extracytoplasmic function)-type sigma factor (sigma(M)),1
Bacillus_subtilis_168,gene_5cf76899cbff,0.9275,high,aldo-keto reductase yhdn,aldo/keto reductase specific for NADPH; protects against methylglyoxal,0
Bacillus_subtilis_168,gene_fd30933f52c2,1.0,high,1-acyl-sn-glycerol-3-phosphate acyltransferase,1-acylglycerol-phosphate (1-acyl-G3P) acyltransferase,1
Bacillus_subtilis_168,gene_3cd7df4ae185,0.9127,high,citrate synthase 1,citrate synthase I,1
Bacillus_subtilis_168,gene_bdf14d2b01e3,0.95,high,hth-type transcriptional regulator cuer,indirect copper efflux transcriptional regulator,0
Bacillus_subtilis_168,gene_915c692eeaf7,0.786,moderate,fluoride-specific ion channel fluc 1,fluoride efflux channel component A,0
Bacillus_subtilis_168,gene_27be5af341d1,1.0,high,anti-sigma-m factor yhdl,negative regulator of the activity of sigma-M,0
Bacillus_subtilis_168,gene_c89aacfbd239,0.8069,high,nad-dependent protein deacetylase,sirtuin NAD-dependent deacetylase,1
Bacillus_subtilis_168,gene_45f529ca2710,1.0,high,na(+)/h(+) antiporter nhac,Na+/H+ antiporter,1
Bacillus_subtilis_168,gene_21f6ddcd1b0d,1.0,high,stress response protein nhax,"stress response protein, UspA family",1
Bacillus_subtilis_168,gene_f3c7f6693ce9,1.0,high,d-alanine aminotransferase,D-alanine aminotransferase,1
Bacillus_subtilis_168,gene_dea906270ee5,1.0,high,small,small acid-soluble spore protein (beta-type SASP),1
Bacillus_subtilis_168,gene_9e4eb230b632,0.95,high,endospore coat-associated protein yhed,spore coat associated protein,1
Bacillus_subtilis_168,gene_059eb091509c,0.9365,high,multidrug resistance abc transporter atp-binding/permease protein bmrc,efflux ABC transporter (ATP-binding protein),1
Bacillus_subtilis_168,gene_3e6e66b5a09c,1.0,high,endospore coat-associated protein yhec,"spore coat associated protein, subunit C",1
Bacillus_subtilis_168,gene_eacac34925e6,1.0,high,k(+)/h(+) antiporter subunit khtu,proton/potassium antiporter; methylglyoxal resistance,0
Bacillus_subtilis_168,gene_f113a84e1276,0.95,high,k(+)/h(+) antiporter subunit khtt,K+/H+ antiporter for K+ efflux,0
Bacillus_subtilis_168,gene_5d446b983644,0.95,high,k(+)/h(+) antiporter modulator khts,K+/H+ antiporter for K+ efflux,0
Bacillus_subtilis_168,gene_f5e141943854,1.0,high,oxygen-independent coproporphyrinogen-iii oxidase-like protein hemz,coproporphyrinogen III oxidase,1
Bacillus_subtilis_168,gene_b120688d746b,1.0,high,3'-5' exoribonuclease yham,3'-5' exonuclease,0
Bacillus_subtilis_168,gene_3e1224eba6ee,0.95,high,sporulation protein yhal,sporulation factor,0
Bacillus_subtilis_168,gene_1dd428dc902e,1.0,high,Replication-related protein,efflux ABC transporter (ATP-binding subunit),0
Bacillus_subtilis_168,gene_f04642ce31ca,1.0,high,dna-binding transcriptional repressor scoc,"transcriptional regulator of extracellular protease production, sporulation and bacilysin production (MarR family)",0
Bacillus_subtilis_168,gene_2c7a7d686aa8,1.0,high,tryptophan transport protein,tryptophan transporter or sensor,0
Bacillus_subtilis_168,gene_0f8fd65f1f73,1.0,high,phosphoserine aminotransferase,phosphoserine aminotransferase,1
Bacillus_subtilis_168,gene_98722c6a0fb3,1.0,high,protein hit,"promiscuous Hit-family phosphohydrolase, adenosine phosphoramidase",1
Bacillus_subtilis_168,gene_bd08117dcff1,0.8778,high,abc-type transporter atp-binding protein ecsa,ABC transporter (ATP-binding protein),1
Bacillus_subtilis_168,gene_dd268dc24856,1.0,high,amidohydrolase yhaa,"N-acetyl amino acid acetylase, promiscuous activity",0
Bacillus_subtilis_168,gene_cfb4f302e28c,0.95,high,heme-degrading monooxygenase hmob,heme-degrading monooxygenase,1
Bacillus_subtilis_168,gene_dd60b791cdcf,0.95,high,protein ecsb,ABC transporter (permease subunit),0
Bacillus_subtilis_168,gene_6ae34046c8ae,1.0,high,uroporphyrinogen decarboxylase,uroporphyrinogen III decarboxylase,1
Bacillus_subtilis_168,gene_bc2c31b12587,1.0,high,penicillin-binding protein 1f,penicillin-binding protein 2C (1F class) required for spore germination,1
Bacillus_subtilis_168,gene_a7981e907dc4,1.0,high,aerobic glycerol-3-phosphate dehydrogenase,sn-glycerol-3-phosphate oxidase (FAD-dependent),0
Bacillus_subtilis_168,gene_5ca5779d7691,1.0,high,proton/sodium-glutamate symport protein,proton/sodium-glutamate (aspartate) symport permease,1
Bacillus_subtilis_168,gene_e39f5433eae5,0.8705,high,coproporphyrinogen iii oxidase,promiscuous protoporphyrinogen IX and coproporphyrinogen III oxidase,1
Bacillus_subtilis_168,gene_bfc5323a011a,0.822,high,lipoate-protein ligase lplj,lipoate-protein ligase,1
Bacillus_subtilis_168,gene_533e3b502a24,0.9359,high,acetyl-coa c-acetyltransferase yhfs,acetyl-CoA C-acetyltransferase,1
Bacillus_subtilis_168,gene_cef1e77d9995,0.8928,high,long-chain-fatty-acid--coa ligase,long-chain fatty-acid-CoA ligase (degradative),1
Bacillus_subtilis_168,gene_b7c6f4b761ad,0.869,high,biotin transporter bioy,biotin transporter,1
Bacillus_subtilis_168,gene_c7f2ac6dbdcf,1.0,high,abc transporter substrate-binding lipoprotein yhfq,iron(III) siderophore-binding lipoprotein,0
Bacillus_subtilis_168,gene_8f6116832b6f,0.95,high,competence transcription factor,competence transcription factor (CTF),1
Bacillus_subtilis_168,gene_8f1c411098c5,1.0,high,coproporphyrin iii ferrochelatase,ferrochelatase,1
Bacillus_subtilis_168,gene_76004c866a37,0.8323,high,kanosamine-6-phosphate phosphatase,"biosynthesis of neotrehalosadiamine (3,3'-diamino-3,3'-dideoxy-alpha, beta-trehalose);kanosamine-6-phosphate phosphatase (recent HGT island)",1
Bacillus_subtilis_168,gene_840f5d5a71b0,0.8304,high,glucose-6-phosphate 3-dehydrogenase,"biosynthesis of neotrehalosadiamine (3,3'-diamino-3,3'-dideoxy-alpha,beta-trehalose), glucose-6-P 3-dehydrogenase; kanosamine biosynthesis (recent HGT island)",0
Bacillus_subtilis_168,gene_ab8aff7e6e38,1.0,high,ntd biosynthesis operon regulator ntdr,transcriptional regulator of the ntd operon (NtdR-NTD) (recent HGT island),1
Bacillus_subtilis_168,gene_3f3c4848415e,1.0,high,signal peptidase i v,type I signal peptidase,1
Bacillus_subtilis_168,gene_77ae71934491,1.0,high,3-oxo-glucose-6-phosphate:glutamate aminotransferase,"biosynthesis of neotrehalosadiamine (3,3'-diamino-3,3'-dideoxy-alpha, beta-trehalose);3-oxo-glucose-6-phosphate:glutamate aminotransferase; kanosamine aminotransferase (recent HGT island)",1
Bacillus_subtilis_168,gene_cd90bdebfab0,1.0,high,nuclease sbccd subunit d,DNA repair exonuclease,0
Bacillus_subtilis_168,gene_f3d233e740cb,0.95,high,spore germination protein gerpf,spore germination protein,1
Bacillus_subtilis_168,gene_cf8838768675,1.0,high,spore germination protein gerpe,spore germination protein,1
Bacillus_subtilis_168,gene_17b052474af4,1.0,high,spore germination protein gerpd,spore germination protein,1
Bacillus_subtilis_168,gene_d5a23d02c9ba,0.95,high,spore germination protein gerpc,spore germination protein,1
Bacillus_subtilis_168,gene_a3d91f9a0906,1.0,high,atp-dependent helicase/deoxyribonuclease subunit b,ATP-dependent deoxyribonuclease (subunit B),1
Bacillus_subtilis_168,gene_14140feb7303,0.95,high,spore germination protein gerpa,spore germination protein,1
Bacillus_subtilis_168,gene_e596872644e1,0.95,high,aspartyl-phosphate phosphatase yisi,Spo0A-P phosphatase (iron-metabolism related),0
Bacillus_subtilis_168,gene_8838cde255c2,1.0,high,subtilisin e,serine alkaline protease (Ca(2+)-dependent subtilisin E),1
Bacillus_subtilis_168,gene_4afd12006958,0.95,high,farnesyl diphosphate phosphatase yisp,farnesyl diphosphate phosphatase,1
Bacillus_subtilis_168,gene_a09d7bf9ded3,1.0,high,spore germination protein gerpb,spore germination protein,1
Bacillus_subtilis_168,gene_2f6e7ae0c111,0.8524,high,hth-type transcriptional regulator dega,transcriptional repressor of iolX (LacI family),0
Bacillus_subtilis_168,gene_275dd563fbd7,1.0,high,oxaloacetate tautomerase yisk,hydrolase/isomerase involved in remodelling the bacterial envelope,0
Bacillus_subtilis_168,gene_d4af2ab909a4,0.6918,moderate,asparagine synthetase 3,asparagine synthetase (sporulation related),1
Bacillus_subtilis_168,gene_450111ba5efe,1.0,high,atp-dependent helicase/nuclease subunit a,ATP-dependent deoxyribonuclease (subunit A),1
Bacillus_subtilis_168,gene_efbbcae78ab3,0.7232,moderate,phosphosulfolactate synthase,2-phospho-3-sulfolactate synthase,0
Bacillus_subtilis_168,gene_12e95419a950,0.6804,moderate,2-phosphosulfolactate phosphatase,"2-phospho,3-sulfolactate phosphatase (sporulation related)",0
Bacillus_subtilis_168,gene_00b963572650,0.7384,moderate,scyllo-inositol 2-dehydrogenase (nad(+)),scyllo-inositol 2-dehydrogenase (NAD(+)),1
Bacillus_subtilis_168,gene_b645a2133571,1.0,high,cell wall-associated protease,cell wall-associated protease,1
Bacillus_subtilis_168,gene_e9f050e71c23,1.0,high,intracellular proteinase inhibitor,intracellular proteinase inhibitor BsuPI,1
Bacillus_subtilis_168,gene_696135103977,1.0,high,degv domain-containing protein yits,fatty acid kinase fatty acid binding subunit B,0
Bacillus_subtilis_168,gene_8e3615182fc5,1.0,high,neutral protease b,extracellular neutral protease B,1
Bacillus_subtilis_168,gene_d83da0a96d9a,1.0,high,n-acetyl-gamma-glutamyl-phosphate reductase,N-acetylglutamate gamma-semialdehyde dehydrogenase,0
Bacillus_subtilis_168,gene_2f6579def1a3,1.0,high,acetylglutamate kinase,N-acetylglutamate 5-phosphotransferase (acetylglutamate kinase),1
Bacillus_subtilis_168,gene_ce619c28c3fe,0.6903,moderate,5-amino-6-(5-phospho-d-ribitylamino)uracil phosphatase yitu,"5-amino-6-ribitylamino-2,4(1H, 3H)-pyrimidinedione 5'-phosphate phosphatase (promiscuous)",0
Bacillus_subtilis_168,gene_50da44124037,1.0,high,acetylornithine aminotransferase,N-acetylornithine aminotransferase,1
Bacillus_subtilis_168,gene_dfab79d97758,1.0,high,ornithine carbamoyltransferase,ornithine carbamoyltransferase,1
Bacillus_subtilis_168,gene_db7d27affee7,0.8784,high,carbamoyl phosphate synthase arginine-specific small chain,arginine-specific carbamoyl-phosphate synthetase (small subunit),1
Bacillus_subtilis_168,gene_c3ec8e6f464e,1.0,high,beta-ketoacyl- synthase iii 1,beta-ketoacyl-acyl carrier protein synthase III 1,1
Bacillus_subtilis_168,gene_c4898cdbda3a,1.0,high,3-oxoacyl- synthase 2,beta-ketoacyl-acyl carrier protein synthase II (involved in pimelate synthesis),0
Bacillus_subtilis_168,gene_530d930087c7,0.793,moderate,oligopeptide transport system permease protein appc,oligopeptide ABC transporter (permease),0
Bacillus_subtilis_168,gene_90ac60f3668d,1.0,high,tryptophan--trna ligase,tryptophanyl-tRNA synthetase,0
Bacillus_subtilis_168,gene_568f8701498e,0.7013,moderate,bifunctional homocysteine s-methyltransferase/5,"bifunctional homocysteine S-methyltransferase using (R,S)AdoMet and methylenetetrahydrofolate reductase [NAD(P)H]",1
Bacillus_subtilis_168,gene_cba84447ceaf,0.8495,high,oligopeptide transport system permease protein oppb,oligopeptide ABC transporter (permease),0
Bacillus_subtilis_168,gene_bdff2797e5c7,1.0,high,oligopeptide transport atp-binding protein appf,oligopeptide ABC transporter (ATP-binding protein),1
Bacillus_subtilis_168,gene_0e8f513de3d9,1.0,high,arginine biosynthesis bifunctional protein argj,ornithine acetyltransferase; amino-acid acetyltransferase,0
Bacillus_subtilis_168,gene_76856287a858,1.0,high,oligopeptide transport atp-binding protein oppf,oligopeptide ABC transporter (ATP-binding protein),1
Bacillus_subtilis_168,gene_74ab8b1fc3df,1.0,high,oligopeptide transport atp-binding protein appd,oligopeptide ABC transporter (ATP-binding protein),1
Bacillus_subtilis_168,gene_9020588c8dee,1.0,high,global transcriptional regulator spx,redox-sensitive regulator,0
Bacillus_subtilis_168,gene_fb25fd9bd2c0,0.95,high,competence protein coia,protein involved in establishment of DNA transport in competence,0
Bacillus_subtilis_168,gene_e6f4cb3fc537,0.8473,high,oligopeptide transport system permease protein oppc,oligopeptide ABC transporter (permease),0
Bacillus_subtilis_168,gene_720c73dde755,1.0,high,oligopeptide transport atp-binding protein oppd,oligopeptide ABC transporter (ATP-binding protein),1
Bacillus_subtilis_168,gene_6ddefd918408,1.0,high,bifunctional muramidase/lytic transglycosylase cwlq,bifunctional muramidase and murein lytic transglycosylase,1
Bacillus_subtilis_168,gene_2559e4d66406,0.7813,moderate,oligopeptide transport system permease protein appb,oligopeptide ABC transporter (permease),0
Bacillus_subtilis_168,gene_5f723dda6a88,0.7178,moderate,gtp pyrophosphokinase yjbm,(p)ppGpp synthetase,0
Bacillus_subtilis_168,gene_b2eefc013019,1.0,high,adapter protein meca 1,adaptor protein controlling oligomerization of the AAA+ protein ClpC,0
Bacillus_subtilis_168,gene_9bff07ae82af,1.0,high,nad kinase 1,inorganic polyphosphate/ATP-NAD kinase (quinolate activated),1
Bacillus_subtilis_168,gene_dacada2948e0,0.7296,moderate,aminopyrimidine aminohydrolase,thiaminase II,0
Bacillus_subtilis_168,gene_7d8016f3e3a4,1.0,high,thiazole tautomerase,thiazole tautomerase,1
Bacillus_subtilis_168,gene_99a73be11f1a,1.0,high,bis(5'-nucleosyl)-tetraphosphatase prpe,phosphorylated protein phosphatase E and diadenosine-polyphosphate hydrolase,0
Bacillus_subtilis_168,gene_ccde79e0696a,0.95,high,sulfur carrier protein this,sulfur carrier for synthesis of hydroxyethylthiazole phosphate,0
Bacillus_subtilis_168,gene_3d791f239b84,1.0,high,oligopeptidase pepf,oligoendopeptidase F,0
Bacillus_subtilis_168,gene_dd196904e2d3,0.9107,high,sulfur carrier protein this adenylyltransferase,adenylate transferase and sulfur transferase (thiamine biosynthesis),0
Bacillus_subtilis_168,gene_cc7449acca8a,0.95,high,spore coat protein o,spore outer coat protein,1
Bacillus_subtilis_168,gene_cc114fbfe2df,0.7558,moderate,spore coat protein z,"spore coat protein (insoluble fraction, crust layer)",1
Bacillus_subtilis_168,gene_30d23d810130,0.7602,moderate,spore coat protein y,"outer spore coat protein (crust layer, insoluble fraction)",1
Bacillus_subtilis_168,gene_367d474b5a2e,0.9532,high,enoyl- reductase fabi,enoyl-acyl carrier protein reductase,1
Bacillus_subtilis_168,gene_d4d3f518e835,0.95,high,spore coat protein w,spore coat protein (outemost layer),1
Bacillus_subtilis_168,gene_50846813cf24,0.95,high,spore coat protein v,spore coat protein (insoluble fraction),1
Bacillus_subtilis_168,gene_dc284f745c04,0.95,high,sporulation-specific transcription factor spovif,sporulation-specific protein needed for heat resistance,0
Bacillus_subtilis_168,gene_54423c308f0f,0.9331,high,clpxp adapter protein spxh,thiol management effector of SpxA degradation,0
Bacillus_subtilis_168,gene_240d4209ca83,1.0,high,carbamoyl phosphate synthase arginine-specific large chain,arginine-specific carbamoyl-phosphate synthetase (large subunit),1
Bacillus_subtilis_168,gene_5d5c73d19e5b,1.0,high,cystathionine gamma-synthase/o-acetylhomoserine (thiol)-lyase,cystathionine gamma-synthase and O-acetylhomoserine thiolyase,1
Bacillus_subtilis_168,gene_1b0fed44b17b,1.0,high,thiazole synthase,hydroxyethylthiazole phosphate synthetase (thiamine biosynthesis),0
Bacillus_subtilis_168,gene_a097eae837aa,0.9905,high,cystathionine beta-lyase metc,cystathionine beta-lyase,1
Bacillus_subtilis_168,gene_3a607493739b,1.0,high,oligopeptide-binding protein oppa,oligopeptide ABC transporter (binding lipoprotein),0
Bacillus_subtilis_168,gene_581404356437,0.8348,high,glycine oxidase,FAD-dependent glycine oxidase,1
Bacillus_subtilis_168,gene_6afc9eac511e,1.0,high,na(+)/h(+) antiporter yjbq,gated K+/H+ antiporter,0
Bacillus_subtilis_168,gene_9edbb8aafabc,0.8281,high,mannose-6-phosphate isomerase mana,mannose-6 phosphate isomerase; cupin family,1
Bacillus_subtilis_168,gene_3138a6aee94c,0.9954,high,protoheme ix farnesyltransferase 1,minor protoheme IX farnesyltransferase 1 (heme O synthase),1
Bacillus_subtilis_168,gene_11f730fc6a57,0.8835,high,peptidoglycan-n-acetylmuramic acid deacetylase pdac,N-acetylmuramic acid deacetylase,1
Bacillus_subtilis_168,gene_92f9ba42eee6,0.8003,high,ndp-glycosyltransferase yjic,"polyphenols TDP-rhamnosyltransferase, promiscuous",0
Bacillus_subtilis_168,gene_d8f117aa9959,0.8068,high,transcriptional regulator manr,transcriptional DNA-binding activator,0
Bacillus_subtilis_168,gene_fb7682a36553,0.7305,moderate,cys-trna(pro)/cys-trna(cys) deacylase yjdi,cys-tRNApro deacetylase; tRNA editing,0
Bacillus_subtilis_168,gene_d02660871b97,0.842,high,nadh dehydrogenase-like protein yjld,NADH dehydrogenase,1
Bacillus_subtilis_168,gene_c278cb533c2a,1.0,high,cytochrome p450 yjib,"cytochrome P450 CYP109B1, monooxygenase",1
Bacillus_subtilis_168,gene_529edc371ecf,0.952,high,hth-type transcriptional repressor exur,transcriptional regulator (LacI family),0
Bacillus_subtilis_168,gene_f1f298c5b24c,1.0,high,altronate dehydratase,altronate dehydratase,1
Bacillus_subtilis_168,gene_f66ae72f4004,1.0,high,uronate isomerase,galacturonate isomerase,0
Bacillus_subtilis_168,gene_820f2d59c21c,0.95,high,phosphatase rapa inhibitor,secreted inhibitor of the activity of phosphatase RapA (quorum sensing),1
Bacillus_subtilis_168,gene_0abeb3c06e56,1.0,high,n-acetylmuramoyl-l-alanine amidase xlyb,phage PBSX; N-acetylmuramoyl-L-alanine amidase,1
Bacillus_subtilis_168,gene_9259ac0ee9d6,1.0,high,upf0714 protein yjqb,phage PBSX; gamma-polyglutamate hydrolase,0
Bacillus_subtilis_168,gene_6b0b9b0beb18,0.95,high,spore coat protein x,spore coat protein (insoluble fraction),1
Bacillus_subtilis_168,gene_54c767c08eec,0.9381,high,hth-type transcriptional regulator xre,phage PBSX transcriptional regulator,0
Bacillus_subtilis_168,gene_c0b5a25bc0ff,0.95,high,phage-like element pbsx protein xkdb,phage PBSX; conserved hypothetical protein,1
Bacillus_subtilis_168,gene_2a8db27eacfe,1.0,high,phage-like element pbsx protein xkdc,phage PBSX; putative DNA binding protein,0
Bacillus_subtilis_168,gene_4bd8633fea8a,0.95,high,phage-like element pbsx protein xkdd,phage PBSX; conserved hypothetical protein,1
Bacillus_subtilis_168,gene_779dd037482c,0.95,high,phage-like element pbsx protein xtra,phage PBSX; conserved protein of unknown function,0
Bacillus_subtilis_168,gene_40ab87214564,0.95,high,positive control factor,phage PBSX; putative RNA polymerase PBSX sigma factor-like,0
Bacillus_subtilis_168,gene_cc7e7e0b3115,0.8245,high,altronate oxidoreductase,tagaturonate reductase (altronate oxidoreductase),1
Bacillus_subtilis_168,gene_6e9685468a37,0.9446,high,atpase yjob,informational ATPase possibly involved in protein degradation,0
Bacillus_subtilis_168,gene_b4a7a4086fdc,1.0,high,phage-like element pbsx protein xkdf,phage PBSX; conserved hypothetical protein,1
Bacillus_subtilis_168,gene_9328c49b6021,0.9,high,prophage capsid protein xkdg,phage PBSX; putative phage chromosome binding protein,0
Bacillus_subtilis_168,gene_5423521ac674,1.0,high,mannonate dehydratase,D-mannonate dehydratase,1
Bacillus_subtilis_168,gene_532f1400efb1,0.95,high,phage-like element pbsx protein xkdh,phage PBSX; conserved hypothetical protein,1
Bacillus_subtilis_168,gene_7bb733642423,0.95,high,phage-like element pbsx protein xkdi,phage PBSX; conserved hypothetical protein,1
Bacillus_subtilis_168,gene_70df0a562c40,0.95,high,phage-like element pbsx protein xkdk,phage PBSX; conserved hypothetical protein,1
Bacillus_subtilis_168,gene_fa120eaaeede,1.0,high,phage-like element pbsx protein xkdm,phage PBSX; conserved hypothetical protein,1
Bacillus_subtilis_168,gene_9ab19ca02a71,0.945,high,phage-like element pbsx protein xkdp,phage PBSX; putative murein binding protein,0
Bacillus_subtilis_168,gene_643f3fa08768,0.95,high,phage-like element pbsx protein xkdq,phage PBSX; conserved hypothetical protein,1
Bacillus_subtilis_168,gene_25036bf13eec,0.95,high,phage-like element pbsx protein xkds,phage PBSX; conserved hypothetical protein,1
Bacillus_subtilis_168,gene_093d091e8736,0.95,high,phage-like element pbsx protein xkdn,phage PBSX; conserved hypothetical protein,1
Bacillus_subtilis_168,gene_1f95d08a1d1a,0.95,high,phage-like element pbsx protein xkdu,phage PBSX; conserved hypothetical protein,1
Bacillus_subtilis_168,gene_3b92ffc5a252,0.95,high,phage-like element pbsx protein xkdw,phage PBSX; conserved hypothetical protein,1
Bacillus_subtilis_168,gene_d5e07e89ac46,0.95,high,phage-like element pbsx protein xkdx,phage PBSX; conserved hypothetical protein,1
Bacillus_subtilis_168,gene_670f5b344f2a,0.95,high,phage-like element pbsx protein xepa,phage PBSX; lytic exoenzyme,0
Bacillus_subtilis_168,gene_c8d2233ff92c,0.95,high,phage-like element pbsx protein xkdt,phage PBSX; putative base plate assembly protein,0
Bacillus_subtilis_168,gene_54dfb639e4a6,1.0,high,holin,phage PBSX; holin,1
Bacillus_subtilis_168,gene_acb97d21f9fc,1.0,high,n-acetylmuramoyl-l-alanine amidase xlya,phage PBSX; N-acetylmuramoyl-L-alanine amidase,1
Bacillus_subtilis_168,gene_eca8cdbaf3d2,0.95,high,stage ii sporulation protein sb,three-component apoptotic control system component B (antitoxin B),0
Bacillus_subtilis_168,gene_219d41bb6f0e,1.0,high,stage ii sporulation protein sa,three-component apoptosis factor (ABC toxin/antitoxin/antitoxin system),0
Bacillus_subtilis_168,gene_eaab68bd5352,1.0,high,protein xhla,phage PBSX; putative enzyme,0
Bacillus_subtilis_168,gene_2173f6558277,1.0,high,ring-cleaving dioxygenase mhqa,hydroquinone-specific extradiol dioxygenase,0
Bacillus_subtilis_168,gene_e2de0e4b862f,0.9794,high,serine protease do-like htra,"membrane bound serine protease Do, quality control protease and chaperone (heat-shock protein)",0
Bacillus_subtilis_168,gene_b3ea85da540e,0.95,high,phage-like element pbsx protein xkdv,phage PBSX; conserved hypothetical protein,1
Bacillus_subtilis_168,gene_60c4c55c86fc,0.9355,high,dipeptide transport system permease protein dppb,dipeptide ABC transporter (permease),0
Bacillus_subtilis_168,gene_017087afaba0,0.95,high,phage-like element pbsx protein xkdr,phage PBSX; conserved hypothetical protein,1
Bacillus_subtilis_168,gene_dc33e5f723e3,0.841,high,dipeptide transport system permease protein dppc,dipeptide ABC transporter (permease),0
Bacillus_subtilis_168,gene_c91272926c6c,1.0,high,dipeptide-binding protein dppe,dipeptide ABC transporter (dipeptide-binding lipoprotein),0
Bacillus_subtilis_168,gene_a907b97de73b,0.95,high,pbsx phage terminase small subunit,phage PBSX; prophage terminase (small subunit),1
Bacillus_subtilis_168,gene_18b3a93ca5bc,1.0,high,l-ala-d/l-glu epimerase,L-Ala-D/L-Glu epimerase,1
Bacillus_subtilis_168,gene_e2f9446998fc,0.95,high,d-aminopeptidase,D-alanyl-aminopeptidase,1
Bacillus_subtilis_168,gene_e98e2ad15bb5,1.0,high,6-phosphogluconolactonase,6-phosphogluconolactonase,1
Bacillus_subtilis_168,gene_ba74299de34e,0.95,high,phage-like element pbsx protein xkda,phage PBSX; putative peptidase,1
Bacillus_subtilis_168,gene_e96e3e8184b9,1.0,high,flavohemoprotein,flavohemoglobin,0
Bacillus_subtilis_168,gene_7498640bd4bd,1.0,high,dipeptide transport atp-binding protein dppd,dipeptide ABC transporter (ATP-binding subunit),1
Bacillus_subtilis_168,gene_e6df56694b9d,0.6425,moderate,upf0702 transmembrane protein ykja,conserved membrane protein of unknown function,0
Bacillus_subtilis_168,gene_3400892c5eb5,0.8825,high,guanidinium efflux system subunit gdnc,guanidinium efflux transporter subunit,1
Bacillus_subtilis_168,gene_751125582382,0.9836,high,guanidinium efflux system subunit gdnd,guanidinium efflux transporter subunit,1
Bacillus_subtilis_168,gene_24da1d30c8e9,1.0,high,formyltetrahydrofolate deformylase,formyltetrahydrofolate hydrolase,0
Bacillus_subtilis_168,gene_2452b148f110,1.0,high,glutamate 5-kinase 1,glutamate 5-kinase,1
Bacillus_subtilis_168,gene_4f6120cc9de9,1.0,high,organic hydroperoxide resistance protein ohra,peroxiredoxin,0
Bacillus_subtilis_168,gene_6d0cade60665,0.7662,moderate,organic hydroperoxide resistance transcriptional regulator,transcriptional regulator sensing organic peroxides,1
Bacillus_subtilis_168,gene_94c6a0c7c322,1.0,high,organic hydroperoxide resistance protein ohrb,organic hydroperoxide resistance reductase B,1
Bacillus_subtilis_168,gene_5256246459fa,1.0,high,guanine deaminase,guanine deaminase,1
Bacillus_subtilis_168,gene_daf4a86f0df9,1.0,high,rsbt co-antagonist protein rsbrb,component of the anxiosome (stressosome),0
Bacillus_subtilis_168,gene_de4d34caf9c6,0.9723,high,hmp/thiamine permease protein ykoc,"thiamine transporter, transmembrane T component",0
Bacillus_subtilis_168,gene_1156088def03,1.0,high,murein peptide carboxypeptidase,"muropeptide L,D-carboxypeptidase",0
Bacillus_subtilis_168,gene_ecc12ee9dbe7,0.95,high,hmp/thiamine permease protein ykoe,"thiamine transporter, permease component",0
Bacillus_subtilis_168,gene_219dabf738a4,0.95,high,hmp/thiamine-binding protein ykof,thiamine-binding protein (oxidation stress protein),0
Bacillus_subtilis_168,gene_2612e34164f5,1.0,high,major intracellular serine protease,intracellular serine protease,1
Bacillus_subtilis_168,gene_023e586f5c48,0.8145,high,sensor histidine kinase ykoh,two-component sensor histidine kinase [YkoG],1
Bacillus_subtilis_168,gene_03512ad342b9,1.0,high,gamma-glutamyl phosphate reductase,gamma-glutamyl phosphate reductase,1
Bacillus_subtilis_168,gene_54eb04a3f8c7,0.8739,high,gamma-d-glutamyl-l-lysine dipeptidyl-peptidase,gamma-D-glutamyl-L-diaminoacid endopeptidase,0
Bacillus_subtilis_168,gene_9f61a6a1e479,0.8579,high,hth-type transcriptional regulator tnra,nitrogen sensing transcriptional regulator,0
Bacillus_subtilis_168,gene_ca9d2759bc7d,1.0,high,5-methyltetrahydropteroyltriglutamate--homocysteine methyltransferase,cobalamin-independent methionine synthase,0
Bacillus_subtilis_168,gene_735ef3bc0234,1.0,high,non-homologous end joining protein ku,ATP-dependent DNA ligase subunit Ku; AP/deoxyribose 5'-phosphate (5'-dRP)-lyase,0
Bacillus_subtilis_168,gene_b6b3a988f687,0.9557,high,hmp/thiamine import atp-binding protein ykod,thiamine ABC transporter (ATP-binding subunit),1
Bacillus_subtilis_168,gene_ec818de86f4f,0.6242,moderate,anti-sigma-i factor rsgi,sigmaI modulating factor,0
Bacillus_subtilis_168,gene_1cdf812925a6,0.7915,moderate,rna polymerase sigma factor sigi,RNA polymerase sigma factor (heat stress responsive),1
Bacillus_subtilis_168,gene_b3905fc48f49,1.0,high,ktr system potassium uptake protein d,K+-transporting ATPase,0
Bacillus_subtilis_168,gene_a43709e55001,0.5795,moderate,pyrroline-5-carboxylate reductase 3,redundant pyrroline-5-carboxylate reductase,1
Bacillus_subtilis_168,gene_4fb2f2389db3,0.9448,high,methylated-dna--protein-cysteine methyltransferase,O6-alkylguanine DNA alkyltransferase,0
Bacillus_subtilis_168,gene_5c41bd2f5c64,1.0,high,methylthioribose-1-phosphate isomerase,methylthioribose-1-phosphate isomerase (methionine salvage pathway),1
Bacillus_subtilis_168,gene_362dcabe7654,1.0,high,small,small acid-soluble spore protein (alpha/beta-type SASP),1
Bacillus_subtilis_168,gene_a282b2306da4,1.0,high,2-oxoglutaramate amidase,ketoglutaramate omega-amidase,0
Bacillus_subtilis_168,gene_94362f71920d,1.0,high,diguanylate cyclase dgcw,diguanylate cyclase,1
Bacillus_subtilis_168,gene_f5be7b35876d,0.95,high,bifunctional non-homologous end joining protein ligd,ATP-dependent DNA ligase subunit; 5'-2-deoxyribose-5-phosphate (dRP) lyase,0
Bacillus_subtilis_168,gene_a303c97aa00c,0.95,high,aspartyl-phosphate phosphatase spo0e,negative regulatory phosphatase acting on Spo0A-P (sporulation),0
Bacillus_subtilis_168,gene_80468aeec065,0.8623,high,hth-type transcriptional regulator mhqr,transcriptional regulator (MarR family),1
Bacillus_subtilis_168,gene_d04740f6955a,0.7721,moderate,sporulation kinase e,two-component sensor histidine kinase,0
Bacillus_subtilis_168,gene_3eb5699dfa1a,1.0,high,motility protein a,motility protein A; MotA component of the H+-coupled stator flagellum complex,1
Bacillus_subtilis_168,gene_c019866084b0,1.0,high,acireductone dioxygenase,acireductone dioxygenase (Ni2+ or Fe2+-requiring),1
Bacillus_subtilis_168,gene_92999a255acb,1.0,high,7-cyano-7-deazaguanine synthase,pre-queuosine 0 synthase,0
Bacillus_subtilis_168,gene_55822de9d139,1.0,high,methylthioribose kinase,"methylthioribose kinase (methionine salvage pathway, promiscuous)",1
Bacillus_subtilis_168,gene_35f68bcb0d15,0.8678,high,7-carboxy-7-deazaguanine synthase,7-carboxy-7-deazaguanine synthase,1
Bacillus_subtilis_168,gene_041f55c94ccc,1.0,high,nadph-dependent 7-cyano-7-deazaguanine reductase,NADPH-dependent 7-cyano-7-deazaguanine reductase,1
Bacillus_subtilis_168,gene_ad78d3470c66,1.0,high,protease htpx homolog,membrane protease,0
Bacillus_subtilis_168,gene_1379c2bd15c7,1.0,high,atp-dependent clp protease atp-binding subunit clpe,ATP-dependent Clp protease (class III stress gene),1
Bacillus_subtilis_168,gene_b676aad3cb04,0.95,high,spore protein ykvp,spore protein (HGT island),0
Bacillus_subtilis_168,gene_19c8585fd6be,1.0,high,dipeptidase ykvy,Xaa-Pro Xaa-Pro-Xaa di-tri-peptidase used in osmoprotection,0
Bacillus_subtilis_168,gene_2c651903ecaf,0.7607,moderate,sporulation kinase d,histidine kinase phosphorylating Spo0A,0
Bacillus_subtilis_168,gene_58c415f1b44d,0.95,high,phage-like element pbsx protein xkdj,phage PBSX; conserved hypothetical protein,1
Bacillus_subtilis_168,gene_622906024992,0.9656,high,ptsghi operon antiterminator,transcriptional antiterminator (BglG family),0
Bacillus_subtilis_168,gene_8ad82ecd265c,0.95,high,6-carboxy-5,"6-carboxy-5,6,7,8-tetrahydropterin synthase; queuosine biosynthesis",1
Bacillus_subtilis_168,gene_9ec8277df0b1,1.0,high,phosphocarrier protein hpr,histidine-containing phosphocarrier protein of the phosphotransferase system (PTS) (HPr protein),1
Bacillus_subtilis_168,gene_8c08324500e7,1.0,high,phosphoenolpyruvate-protein phosphotransferase,phosphotransferase system (PTS) enzyme I,0
Bacillus_subtilis_168,gene_77b92b9d0802,1.0,high,pts system glucose-specific eiicba component,phosphotransferase system (PTS) glucose-specific enzyme IICBA component,1
Bacillus_subtilis_168,gene_2678209d1d36,1.0,high,Replication-related protein,Fe(II) efflux transporter possibly involved in copper(II) uptake,0
Bacillus_subtilis_168,gene_f51e861179e9,0.95,high,sporulation protein ykvu,spore membrane protein involved in germination,0
Bacillus_subtilis_168,gene_023d7570146a,1.0,high,methyl-accepting chemotaxis protein mcpc,methyl-accepting chemotaxis protein,1
Bacillus_subtilis_168,gene_84a400c771d6,1.0,high,motility protein b,motility protein B; MotB component of the H+-coupled stator flagellum complex,1
Bacillus_subtilis_168,gene_600e1de0006b,1.0,high,chemotaxis protein chev,coupling protein and response regulator for CheA activity in response to attractants (chemotaxis),0
Bacillus_subtilis_168,gene_aa7ebb3e0187,0.7387,moderate,sporulation kinase a,sporulation-specific ATP-dependent protein histidine kinase,1
Bacillus_subtilis_168,gene_ba75fc6f0e1c,0.95,high,metallophosphoesterase ykue,exported metallophosphoesterase (Mn2+ and Zn2+),0
Bacillus_subtilis_168,gene_3c52f6898611,1.0,high,penicillin-binding protein h,penicillin-binding enzyme for formation of rod-shaped peptidoglycan cell wall,1
Bacillus_subtilis_168,gene_8dd6326b1805,0.95,high,antirepressor protein abba,regulator of AbrB repressor,0
Bacillus_subtilis_168,gene_8940367654c2,0.95,high,transcriptional regulator spla,TRAP-like transcriptional negative regulator of spore photoproduct lyase,0
Bacillus_subtilis_168,gene_0c6b737bb633,1.0,high,peroxiredoxin ykuu,biofilm-specific peroxidase; 2-cys peroxiredoxin,0
Bacillus_subtilis_168,gene_56c76420a1e5,0.95,high,repressor rok,repressor of comK,0
Bacillus_subtilis_168,gene_6731b3936172,0.95,high,sporulation protein cse15,spore protein cse15,0
Bacillus_subtilis_168,gene_7f330d45cc02,1.0,high,flavodoxin 2,short-chain flavodoxin,1
Bacillus_subtilis_168,gene_62940ab30bb8,1.0,high,sporulation thiol-disulfide oxidoreductase a,spore-specific thiol-disulfide oxidoreductase (SpoVD maturation),1
Bacillus_subtilis_168,gene_3be3c99d336c,0.9871,high,molybdopterin molybdenumtransferase,molybdate to molybdopterin ligation enzyme,0
Bacillus_subtilis_168,gene_7d84bfda47a0,0.9338,high,molybdopterin synthase catalytic subunit,molybdopterin synthase (large subunit),1
Bacillus_subtilis_168,gene_91229627850f,0.9147,high,molybdopterin synthase sulfur carrier subunit,molybdopterin synthase (small subunit),1
Bacillus_subtilis_168,gene_292bb959f6ca,1.0,high,flavodoxin 1,short-chain flavodoxin (acts in lipid desaturation),1
Bacillus_subtilis_168,gene_2825aa91b774,0.8627,high,molybdenum cofactor guanylyltransferase,molybdopterin-guanine dinucleotide biosynthesis protein A,0
Bacillus_subtilis_168,gene_829e0a681c41,0.95,high,efflux system component yknx,subunit of efflux permease exporting the starvation-induced killing protein,0
Bacillus_subtilis_168,gene_ef500f1a8f64,0.8906,high,1-phosphofructokinase,fructose-1-phosphate kinase,0
Bacillus_subtilis_168,gene_8eccc782f64a,0.95,high,membrane protein yknw,subunit of permease exporting the starvation-induced killing protein,0
Bacillus_subtilis_168,gene_64f807faecc5,1.0,high,signal peptidase i t,type I signal peptidase,1
Bacillus_subtilis_168,gene_489abd1d1e1f,1.0,high,aminopeptidase amps,aminopeptidase,1
Bacillus_subtilis_168,gene_86e1b725fdd9,1.0,high,pts system fructose-specific eiiabc component,phosphotransferase system (PTS) fructose-specific enzyme IIABC component,1
Bacillus_subtilis_168,gene_76d97694e10a,0.9201,high,transition state regulator abh,transcriptional regulator,0
Bacillus_subtilis_168,gene_a9855edec46c,0.7857,moderate,sporulation kinase c,two-component sensor potassium-responsive histidine kinase regulating cannibalism and biofilm formation,0
Bacillus_subtilis_168,gene_95b34fbbf0dd,1.0,high,ktr system potassium uptake protein c,potassium uptake protein,1
Bacillus_subtilis_168,gene_ad5d3418b1e5,1.0,high,ribonuclease j1,ribonuclease J1,1
Bacillus_subtilis_168,gene_4ff8ad78ffdd,1.0,high,dna-directed rna polymerase subunit epsilon,omega 1 subunit of RNA polymerase,0
Bacillus_subtilis_168,gene_ba9d0083bc80,0.7915,moderate,molybdopterin-synthase adenylyltransferase,molybdopterin biosynthesis adenylyltransferase,1
Bacillus_subtilis_168,gene_00f3ca667ec1,1.0,high,peptide deformylase 2,N-formyl-cysteine deformylase (promiscuous),0
Bacillus_subtilis_168,gene_143e83061dee,1.0,high,pyruvate dehydrogenase e1 component subunit beta,pyruvate dehydrogenase (E1 beta subunit),1
Bacillus_subtilis_168,gene_c30dc766f89f,1.0,high,pyruvate dehydrogenase e1 component subunit alpha,pyruvate dehydrogenase (E1 alpha subunit),1
Bacillus_subtilis_168,gene_c22aba78dd10,1.0,high,dihydrolipoyl dehydrogenase,dihydrolipoamide dehydrogenase E3 subunit of both pyruvate dehydrogenase and 2-oxoglutarate dehydrogenase complexes,0
Bacillus_subtilis_168,gene_56ed002a2a62,0.95,high,thiol-disulfide oxidoreductase ykuv,thiol-disulfide oxidoreductase,1
Bacillus_subtilis_168,gene_72d21e34d32a,1.0,high,arginine decarboxylase,arginine decarboxylase,1
Bacillus_subtilis_168,gene_7787e6db4d6f,1.0,high,dihydrolipoyllysine-residue acetyltransferase component of pyruvate dehydrogenase complex,pyruvate dehydrogenase (dihydrolipoamide acetyltransferase E2 subunit),1
Bacillus_subtilis_168,gene_7fdaefb88906,1.0,high,adenine deaminase,adenine deaminase,1
Bacillus_subtilis_168,gene_5913723dce4c,0.8876,high,inositol-1-monophosphatase,inositol monophosphatase / 5' nucleotidase (purine nucleoside monophosphate),1
Bacillus_subtilis_168,gene_f2d42ba92d99,0.6308,moderate,rna polymerase sigma factor ylac,RNA polymerase ECF-type sigma factor,1
Bacillus_subtilis_168,gene_a57cdea2826f,0.95,high,anti-sigma-ylac factor ylad,anti-SigP(YlaC) sigma factor,1
Bacillus_subtilis_168,gene_a34203a9992d,1.0,high,large ribosomal subunit assembly factor bipa,ribosome-associated GTPase,0
Bacillus_subtilis_168,gene_f1781a44f67c,1.0,high,glutaminase 2,L-glutamine amidohydrolase; glutaminase,1
Bacillus_subtilis_168,gene_69a99d9dcb0b,1.0,high,pal-related lipoprotein,small peptidoglycan-associated lipoprotein,0
Bacillus_subtilis_168,gene_3bd3e24eb86e,0.9173,high,peptidoglycan glycosyltransferase ftsw,cell-division protein; transporter of lipid-linked cell wall precursors,0
Bacillus_subtilis_168,gene_7840c0c07a35,1.0,high,protoheme ix farnesyltransferase 2,protoheme IX farnesyltransferase 2,1
Bacillus_subtilis_168,gene_0de5a024d6fe,0.986,high,cytochrome c oxidase subunit 2,cytochrome caa3 oxidase (subunit II),1
Bacillus_subtilis_168,gene_39af10d992e8,1.0,high,cytochrome c oxidase subunit 3,cytochrome caa3 oxidase (subunit III),1
Bacillus_subtilis_168,gene_86681a0f4e09,0.7445,moderate,cytochrome c oxidase subunit 4b,cytochrome caa3 oxidase (subunit IV),1
Bacillus_subtilis_168,gene_14be29bf38c0,1.0,high,phosphopantetheine adenylyltransferase,phosphopantetheine adenylyltransferase,1
Bacillus_subtilis_168,gene_f20bd91fbe3e,0.95,high,protein ctag,cytochrome aa(3) assembly factor,0
Bacillus_subtilis_168,gene_7b1b796c82af,1.0,high,large ribosomal subunit protein bl32,ribosomal protein L32,0
Bacillus_subtilis_168,gene_ddccfeac50cf,0.8575,high,sporulation-specific transcriptional regulator gerr,DNA-binding regulator,0
Bacillus_subtilis_168,gene_90f3cb46c7cd,1.0,high,regulatory protein ylbf,"subunit of a sporulation, competence and biofilm formation regulatory complex controlling RNase Y (RicAFT complex / FAD / two [4Fe-4S]2+)",0
Bacillus_subtilis_168,gene_371bc6505012,0.6808,moderate,2-dehydropantoate 2-reductase,2-dehydropantoate 2-reductase,1
Bacillus_subtilis_168,gene_bb1dbd5d8a7f,1.0,high,transcriptional regulator mraz,inhibitor of RsmH and transcriptional regulator,1
Bacillus_subtilis_168,gene_5e354738cf5d,1.0,high,ribosomal rna small subunit methyltransferase h,16S rRNA m4C1402 methyltransferase,0
Bacillus_subtilis_168,gene_e4d8ff9a421d,0.95,high,cell division protein ftsl,cell-division protein,1
Bacillus_subtilis_168,gene_566cfe0c9dbd,1.0,high,stage v sporulation protein d,transpeptidase penicillin-binding protein,0
Bacillus_subtilis_168,gene_10498b1e7841,1.0,high,udp-n-acetylmuramoylalanine--d-glutamate ligase,UDP-N-acetylmuramoylalanyl-D-glutamate ligase,1
Bacillus_subtilis_168,gene_f06a08c77d58,1.0,high,udp-n-acetylglucosamine--n-acetylmuramyl-(pentapeptide) pyrophosphoryl-undecaprenol n-acetylglucosamine transferase,UDP-N-acetylglucosamine-N-acetylmuramyl- (pentapeptide)pyrophosphoryl-undecaprenol N-acetylglucosamine transferase,1
Bacillus_subtilis_168,gene_f0b5ff7263fc,1.0,high,cell division protein divib,cell-division initiation protein,1
Bacillus_subtilis_168,gene_4d10834ba572,1.0,high,cysteine ligase bshc,malate glucosamine cysteine ligase,1
Bacillus_subtilis_168,gene_820ea194c75e,1.0,high,cell division protein ftsz,cell-division initiation protein,1
Bacillus_subtilis_168,gene_d53b4dcf549f,1.0,high,cell division protein ftsa,cell-division protein essential for Z-ring assembly,0
Bacillus_subtilis_168,gene_569f202c5441,1.0,high,rna polymerase sigma-e factor,RNA polymerase sporulation-specific sigma-29 factor (sigma-E),1
Bacillus_subtilis_168,gene_1e8daa4336e4,1.0,high,rna polymerase sigma-g factor,RNA polymerase sporulation-specific sigma factor (sigma-G),1
Bacillus_subtilis_168,gene_13ee560dfbe5,1.0,high,sporulation protein ylmc,essential sporulation protein,0
Bacillus_subtilis_168,gene_1b420761c9d6,1.0,high,cell division protein sepf,cell division machinery factor,1
Bacillus_subtilis_168,gene_116da45f4bcc,0.95,high,ribosome-associated protein quality control protein p2,"factor involved in shape determination, RNA-binding fold",0
Bacillus_subtilis_168,gene_2e5b5b96b25e,0.95,high,septum site-determining protein diviva,cell-division initiation protein,0
Bacillus_subtilis_168,gene_9badd9493e9b,1.0,high,lipoprotein signal peptidase,signal peptidase II,1
Bacillus_subtilis_168,gene_a8c3aea069a9,1.0,high,bifunctional protein pyrr,transcriptional attenuator and uracil phosphoribosyltransferase activity,0
Bacillus_subtilis_168,gene_27acc7bc4519,1.0,high,phospho-n-acetylmuramoyl-pentapeptide-transferase,phospho-N-acetylmuramoyl-pentapeptide undecaprenyl phosphate (C55P) transferase,1
Bacillus_subtilis_168,gene_2e99a8cc3ee1,1.0,high,aspartate carbamoyltransferase catalytic subunit,aspartate carbamoyltransferase,1
Bacillus_subtilis_168,gene_7c99f6e89d31,1.0,high,stage v sporulation protein e,factor for spore cortex peptidoglycan synthesis (stage V sporulation),1
Bacillus_subtilis_168,gene_5ea40212c865,0.9987,high,carbamoyl phosphate synthase pyrimidine-specific small chain,"pyrimidine-specific carbamoyl-phosphate synthetase (small subunit, glutaminase subunit)",1
Bacillus_subtilis_168,gene_702b14a08145,1.0,high,dihydroorotate dehydrogenase b (nad(+)),dihydroorotate dehydrogenase (electron transfer subunit),1
Bacillus_subtilis_168,gene_1fde8ca119cd,1.0,high,dihydroorotate dehydrogenase b (nad(+)),dihydroorotate dehydrogenase (catalytic subunit),1
Bacillus_subtilis_168,gene_1bf22ad81930,1.0,high,orotidine 5'-phosphate decarboxylase,orotidine 5'-phosphate decarboxylase,1
Bacillus_subtilis_168,gene_262cb5fd69fc,1.0,high,orotate phosphoribosyltransferase,orotate phosphoribosyltransferase,1
Bacillus_subtilis_168,gene_1f91b012b430,1.0,high,adenosine 5'-phosphosulfate reductase 1,(phospho)adenosine phosphosulfate reductase,1
Bacillus_subtilis_168,gene_6ef2729c6aa7,1.0,high,sulfate adenylyltransferase,sulfate adenylyltransferase,1
Bacillus_subtilis_168,gene_007e284330c6,1.0,high,dihydroorotase,dihydroorotase,1
Bacillus_subtilis_168,gene_35ac6fb8f6a5,1.0,high,uroporphyrinogen-iii c-methyltransferase,uroporphyrinogen III and precorrin-1 C-methyltransferase,1
Bacillus_subtilis_168,gene_61c5e07465b5,1.0,high,sirohydrochlorin ferrochelatase,sirohydrochlorin ferrochelatase,1
Bacillus_subtilis_168,gene_e0655af16bd0,0.7211,moderate,precorrin-2 dehydrogenase,precorrin-2 dehydrogenase,1
Bacillus_subtilis_168,gene_159a304abeb0,1.0,high,isoleucine--trna ligase,isoleucyl-tRNA synthetase,0
Bacillus_subtilis_168,gene_1f6e243efd8d,1.0,high,extracellular matrix regulatory protein a,essential sporulation DNA binding protein; regulator of biofilm formation,0
Bacillus_subtilis_168,gene_aa18813d2d76,1.0,high,guanylate kinase,guanylate kinase,1
Bacillus_subtilis_168,gene_2f27ba39651e,1.0,high,dna-directed rna polymerase subunit omega,omega subunit of RNA polymerase,1
Bacillus_subtilis_168,gene_2657c587d67a,1.0,high,carbamoyl phosphate synthase pyrimidine-specific large chain,pyrimidine-specific carbamoyl-phosphate synthetase (large subunit),1
Bacillus_subtilis_168,gene_57b65029fa5f,0.9208,high,coenzyme a biosynthesis bifunctional protein coabc,coenzyme A biosynthesis bifunctional protein CoaBC; phosphopantothenoylcysteine synthetase/decarboxylase,1
Bacillus_subtilis_168,gene_cd864ae87655,1.0,high,peptide deformylase 1,peptide deformylase,1
Bacillus_subtilis_168,gene_953837038db3,1.0,high,methionyl-trna formyltransferase,methionyl-tRNA formyltransferase,1
Bacillus_subtilis_168,gene_b93dfeda4aa3,1.0,high,udp-n-acetylenolpyruvoylglucosamine reductase,UDP-N-acetylenolpyruvoylglucosamine reductase,1
Bacillus_subtilis_168,gene_63a83c4c13fd,1.0,high,dual-specificity rna methyltransferase rlmn,23S rRNA m2A2503 methyltransferase and tRNA A37 C2 methyltransferase,0
Bacillus_subtilis_168,gene_76192f055dc9,0.8348,high,protein phosphatase prpc,multitarget phosphorylated protein phosphatase,0
Bacillus_subtilis_168,gene_5f69dd2167c9,0.9199,high,replication restart protein pria,primosomal replication factor Y (primosomal protein N'),0
Bacillus_subtilis_168,gene_4badfb5f7ec6,1.0,high,ribulose-phosphate 3-epimerase,ribulose-5-phosphate 3-epimerase,1
Bacillus_subtilis_168,gene_cf280b8259b6,0.6496,moderate,thiamine pyrophosphokinase,thiamine pyrophosphokinase,1
Bacillus_subtilis_168,gene_ade1ff9501eb,1.0,high,large ribosomal subunit protein bl28,ribosomal protein L28,0
Bacillus_subtilis_168,gene_585dfaf1aa9a,1.0,high,penicillin-binding protein 2b,penicillin-binding protein 2B,1
Bacillus_subtilis_168,gene_802f2c44adbc,0.95,high,l-serine dehydratase,L-serine dehydratase (beta chain),1
Bacillus_subtilis_168,gene_076483a55748,1.0,high,l-serine dehydratase,L-serine dehydratase (alpha chain),1
Bacillus_subtilis_168,gene_15d9f176178f,0.9339,high,serine/threonine-protein kinase prkc,protein serine/threonine kinase,1
Bacillus_subtilis_168,gene_9a9a085fe444,1.0,high,transcription factor fapr,transcription factor controlling fatty acid and phospholipid metabolism (FapR-malonyl-Coa),1
Bacillus_subtilis_168,gene_03cabd97ade5,1.0,high,phosphate acyltransferase,phosphate:acyl-ACP acyltransferase,1
Bacillus_subtilis_168,gene_56e46e0377c5,1.0,high,3-oxoacyl- reductase fabg,beta-ketoacyl-acyl carrier protein reductase,0
Bacillus_subtilis_168,gene_510fe486a52e,1.0,high,acyl carrier protein,acyl carrier protein,1
Bacillus_subtilis_168,gene_4ea5c835474e,1.0,high,ribonuclease 3,ribonuclease III,1
Bacillus_subtilis_168,gene_b1ef15fdecdf,1.0,high,chromosome partition protein smc,chromosome condensation and segregation SMC ATPase,0
Bacillus_subtilis_168,gene_8e6bd68f8396,1.0,high,upf0122 protein ylxm,component of the signal recognition particle (SRP) protein-targeting pathway,0
Bacillus_subtilis_168,gene_b8ee7407ecf2,1.0,high,small ribosomal subunit protein bs16,ribosomal protein S16 (BS17),0
Bacillus_subtilis_168,gene_847449d31512,1.0,high,ribosome maturation factor rimm,16S rRNA processing protein,0
Bacillus_subtilis_168,gene_440a5347e9ec,1.0,high,trna (guanine-n(1)-)-methyltransferase,tRNA(m1G37)methyltransferase,1
Bacillus_subtilis_168,gene_375ced82380e,1.0,high,large ribosomal subunit protein bl19,ribosomal protein L19,0
Bacillus_subtilis_168,gene_ccbf7cc7fd2d,1.0,high,atp-dependent dna helicase recg,branch migrating ATP-dependent DNA helicase involved in DNA recombination and repair,1
Bacillus_subtilis_168,gene_ebc728dcc83f,1.0,high,ribonuclease hii,ribonuclease HII,1
Bacillus_subtilis_168,gene_7b743c4e139a,0.8627,high,ribosomal rna small subunit methyltransferase b,"RNA-binding Sun protein; 16S rRNA m5C967 methyltransferase, S-adenosyl-L-methionine-dependent",0
Bacillus_subtilis_168,gene_5133d76c0af1,1.0,high,succinate--coa ligase subunit beta,succinyl-CoA synthetase (beta subunit),0
Bacillus_subtilis_168,gene_202edf6ef38f,1.0,high,Replication-related protein,P-type calcium transport ATPase (sporulation),0
Bacillus_subtilis_168,gene_9a83a3cfd5f3,0.7434,moderate,dna processing protein dpra,DNA processing Smf single strand binding protein,0
Bacillus_subtilis_168,gene_84c8ae5c7052,1.0,high,n-formyl-4-amino-5-aminomethyl-2-methylpyrimidine deformylase,N-formyl-4-amino-5-aminomethyl-2- methylpyrimidinedeformylase,1
Bacillus_subtilis_168,gene_6c05eae90156,1.0,high,methylenetetrahydrofolate--trna-(uracil-5-)-methyltransferase trmfo,tRNA:m(5)U-54 methyltransferase,1
Bacillus_subtilis_168,gene_97c8e3328fa3,1.0,high,atp-dependent protease subunit clpq,two-component ATP-dependent protease (N-terminal serine protease),1
Bacillus_subtilis_168,gene_343f43b2cb12,1.0,high,adenylyl-sulfate kinase,adenylylsulfate kinase,0
Bacillus_subtilis_168,gene_2f3acd4befa8,1.0,high,global transcriptional regulator cody,"transcriptional regulator, GTP and BCAA-dependent",0
Bacillus_subtilis_168,gene_ed442de0f386,0.694,moderate,flagellar basal body rod protein flgb,flagellar component of cell-proximal portion of basal-body rod,1
Bacillus_subtilis_168,gene_f4bfafb0b83e,0.7516,moderate,flagellar basal-body rod protein flgc,flagellar component of cell-proximal portion of basal-body rod,1
Bacillus_subtilis_168,gene_4b36f5df7d10,0.8465,high,flagellar hook-basal body complex protein flie,flagellar basal body protein,1
Bacillus_subtilis_168,gene_5d28f48ea50b,1.0,high,dna topoisomerase 1,DNA topoisomerase I,1
Bacillus_subtilis_168,gene_64ee536491e9,0.9593,high,flagellar motor switch protein flig,flagellar motor switching and energizing component,0
Bacillus_subtilis_168,gene_211986b0ec64,1.0,high,flagellar assembly protein flih,flagellar export apparatus subunit of cytoplasmic ATPase,0
Bacillus_subtilis_168,gene_35cef2756896,1.0,high,succinate--coa ligase subunit alpha,succinyl-CoA synthetase (alpha subunit),0
Bacillus_subtilis_168,gene_e0a4ba8b18aa,0.95,high,flagellar flij protein,flagellar synthesis rod subunit of export ATPase,0
Bacillus_subtilis_168,gene_ac9adeeddc16,1.0,high,ribosome biogenesis gtpase a,ribosome biogenesis GTPase A,1
Bacillus_subtilis_168,gene_5919a4b86a81,0.95,high,flaa locus uncharacterized protein ylxg,flagellar hook capping protein,0
Bacillus_subtilis_168,gene_82241db917cb,0.8712,high,flagellar basal-body rod protein flgg,flagellar hook protein,0
Bacillus_subtilis_168,gene_6f9e11361649,0.95,high,swarming motility protein swrd,flagellar power transducer required for swarming,0
Bacillus_subtilis_168,gene_f75b584ef5c4,0.95,high,flagellar protein flil,flagellar basal-body (stator) associated protein,0
Bacillus_subtilis_168,gene_cf73ae0be1e2,0.7706,moderate,flagellar motor switch protein flim,flagellar motor switching and energizing component,0
Bacillus_subtilis_168,gene_8d35ac78f486,0.621,moderate,flagellar m-ring protein,flagellar basal-body M-ring protein,1
Bacillus_subtilis_168,gene_560fddb8f818,1.0,high,chemotaxis protein chey,regulator of chemotaxis and motility,0
Bacillus_subtilis_168,gene_2af33e9acb2a,1.0,high,flagellar biosynthetic protein fliz,flagellar regulatory protein,0
Bacillus_subtilis_168,gene_39aaeac0895f,1.0,high,flagellar biosynthetic protein flip,component of the flagellar export machinery,0
Bacillus_subtilis_168,gene_678cc092ddc6,1.0,high,flagellar biosynthetic protein fliq,component of the flagellar export machinery,0
Bacillus_subtilis_168,gene_6fce36771984,0.6601,moderate,flagellar biosynthetic protein flir,component of the flagellar export machinery,0
Bacillus_subtilis_168,gene_acebecdff31e,1.0,high,atp-dependent protease atpase subunit clpy,two-component ATP-dependent protease (ATPase and chaperone),1
Bacillus_subtilis_168,gene_8f9ddf1635ee,0.95,high,flagellar hook-length control protein,flagellar hook-length control protein (ruler),1
Bacillus_subtilis_168,gene_60ae7a4ff3e5,1.0,high,protein-glutamate methylesterase/protein-glutamine glutaminase,methyl-accepting chemotaxis proteins (MCP)-glutamate methylesterase,0
Bacillus_subtilis_168,gene_e0c903fc4400,1.0,high,flagellum-specific atp synthase,flagellar-specific ATPase subunit of export apparatus,0
Bacillus_subtilis_168,gene_1b3deb3a61ca,0.95,high,chemotaxis protein chew,modulation of CheA activity in response to attractants (chemotaxis),0
Bacillus_subtilis_168,gene_252c912534d4,0.6689,moderate,chey-p phosphatase chec,signal terminating phosphatase of CheR-mediated methylation of methyl-accepting chemotaxis proteins (MCPs),0
Bacillus_subtilis_168,gene_de12d6cb42aa,1.0,high,chemoreceptor glutamine deamidase ched,sequence specific deamidase required for methylation of methyl-accepting chemotaxis proteins (MCPs) by CheR,0
Bacillus_subtilis_168,gene_f89e71fed2b9,1.0,high,tyrosine recombinase xerc,site-specific tyrosine recombinase for chromosome partitioning,0
Bacillus_subtilis_168,gene_3101b5adae22,1.0,high,small ribosomal subunit protein us2,ribosomal protein S2,1
Bacillus_subtilis_168,gene_b58e752fe8ac,1.0,high,flagellar motor switch phosphatase fliy,flagellar motor switching and energizing phosphatase,1
Bacillus_subtilis_168,gene_2f12f53ab6ca,1.0,high,ribosome-recycling factor,ribosome recycling factor,1
Bacillus_subtilis_168,gene_30fd6c8ab722,1.0,high,malonyl coa-acyl carrier protein transacylase,malonyl CoA:acyl carrier protein transacylase,1
Bacillus_subtilis_168,gene_e1722793b547,0.9869,high,phosphatidate cytidylyltransferase,phosphatidate cytidylyltransferase (CDP-diglyceride synthase),1
Bacillus_subtilis_168,gene_6a439ec32e09,1.0,high,1-deoxy-d-xylulose 5-phosphate reductoisomerase,1-deoxy-D-xylulose-5-phosphate reductoisomerase,1
Bacillus_subtilis_168,gene_54026ff84bb4,1.0,high,uridylate kinase,uridylate kinase,1
Bacillus_subtilis_168,gene_1e24c81b9af7,1.0,high,proline--trna ligase,prolyl-tRNA synthetase,0
Bacillus_subtilis_168,gene_427a7e3130d7,0.8831,high,flagellar biosynthetic protein flhb,component of the flagellar export machinery,0
Bacillus_subtilis_168,gene_c7583662508b,1.0,high,ribosome maturation factor rimp,ribosome maturation factor,1
Bacillus_subtilis_168,gene_4a2d9f59fdf9,0.9356,high,transcription termination/antitermination protein nusa,transcription translation coupling factor involved in Rho-dependent transcription termination,0
Bacillus_subtilis_168,gene_abfd4b93f71b,1.0,high,Replication-related protein,component of the flagellar export machinery,0
Bacillus_subtilis_168,gene_19e4cfe4dba5,1.0,high,dna polymerase iii polc-type,DNA polymerase III (alpha subunit),1
Bacillus_subtilis_168,gene_633c626f605a,1.0,high,ribosome-binding factor a,pre-ribosomal (17S) RNA binding factor A,0
Bacillus_subtilis_168,gene_9729f9ce2f88,1.0,high,trna pseudouridine synthase b,tRNA pseudouridine 55 synthase,1
Bacillus_subtilis_168,gene_31e0a1300176,1.0,high,elongation factor ts,elongation factor Ts,1
Bacillus_subtilis_168,gene_e90513edbecd,1.0,high,small ribosomal subunit protein us15,ribosomal protein S15 (BS18),0
Bacillus_subtilis_168,gene_2d07f4f7adb8,1.0,high,chemotaxis protein chea,chemotactic two-component sensor histidine kinase,0
Bacillus_subtilis_168,gene_51faee120f3a,0.9031,high,rna polymerase sigma-d factor,RNA polymerase sigma-28 factor (sigma-D),1
Bacillus_subtilis_168,gene_4a5aba743bfb,1.0,high,dipicolinate synthase subunit a,spore dipicolinate synthase subunit A,1
Bacillus_subtilis_168,gene_856cfaa35a3e,0.95,high,dipicolinate synthase subunit b,spore dipicolinate synthase subunit B,1
Bacillus_subtilis_168,gene_90beac886054,0.8595,high,aspartokinase 1,aspartokinase I (alpha and beta subunits),1
Bacillus_subtilis_168,gene_e0a721695c07,1.0,high,isoprenyl transferase,undecaprenyl pyrophosphate synthase,0
Bacillus_subtilis_168,gene_6b99aff83630,1.0,high,ribonuclease j2,dual activity 5' exo-and endoribonuclease J2,0
Bacillus_subtilis_168,gene_18a11fe8f3cc,0.95,high,translocation-enhancing protein tepa,protein export-enhancing protease (spore outgrowth),0
Bacillus_subtilis_168,gene_72394c1e9342,1.0,high,translation initiation factor if-2,initiation factor IF-2,1
Bacillus_subtilis_168,gene_885e888e0b85,0.9544,high,bacillibactin exporter,bacillibactin exporter,1
Bacillus_subtilis_168,gene_65804a6062da,0.95,high,nucleoid-associated protein ylxr,molecular ruler co-factor for RNA; new fold,0
Bacillus_subtilis_168,gene_71c833e21daa,1.0,high,polyribonucleotide nucleotidyltransferase,polynucleotide phosphorylase (PNPase),0
Bacillus_subtilis_168,gene_883ac42eab2a,0.9045,high,bifunctional riboflavin kinase/fmn adenylyltransferase,bifunctional riboflavin kinase FAD synthase,1
Bacillus_subtilis_168,gene_329519b78927,0.9614,high,cdp-diacylglycerol--glycerol-3-phosphate 3-phosphatidyltransferase,CDP-diacylglycerol-glycerol-3-phosphate 3-phosphatidyltransferase,1
Bacillus_subtilis_168,gene_fbd0468736f9,1.0,high,competence-damage inducible protein,competence-damage inducible regulator,1
Bacillus_subtilis_168,gene_027e55341a56,1.0,high,aspartate-semialdehyde dehydrogenase,aspartate-semialdehyde dehydrogenase,1
Bacillus_subtilis_168,gene_6d8c76f03948,1.0,high,ribonuclease y,endoribonuclease Y,0
Bacillus_subtilis_168,gene_e008be5119cb,0.95,high,stage v sporulation protein s,regulator required for dehydratation of the spore core and assembly of the coat (stage V sporulation),1
Bacillus_subtilis_168,gene_015655b8ceb7,1.0,high,l-threonine 3-dehydrogenase,threonine 3-dehydrogenase,1
Bacillus_subtilis_168,gene_be47a968a653,1.0,high,penicillin-binding protein pbpx,penicillin-binding endopeptidase X (lysozyme resistance),0
Bacillus_subtilis_168,gene_4a5b1d94deab,1.0,high,trna-2-methylthio-n(6)-dimethylallyladenosine synthase,enzyme for ms(2)i(6)A formation for tRNA modification,0
Bacillus_subtilis_168,gene_41029cd41446,0.95,high,spore coat morphogenetic protein cote,morphogenic spore protein,0
Bacillus_subtilis_168,gene_282037d9e975,1.0,high,dna mismatch repair protein mutl,DNA mismatch repair endonuclease,1
Bacillus_subtilis_168,gene_eeb543a78e9c,1.0,high,protein reca,multifunctional SOS repair factor,0
Bacillus_subtilis_168,gene_43a4e0114eab,1.0,high,polyketide biosynthesis malonyl coa-acyl carrier protein transacylase pksc,malonyl-CoA-acyltransferase involved in bacillaene synthesis,0
Bacillus_subtilis_168,gene_6e8fc0b7a80f,0.95,high,polyketide biosynthesis acyl-carrier-protein acpk,acyl-carrier protein involved in bacillaene synthesis,0
Bacillus_subtilis_168,gene_eb8ad81ef35f,0.8673,high,polyketide biosynthesis 3-hydroxy-3-methylglutaryl-acp synthase pksg,acetyl-S-AcpK beta-ketothioester bacillaene intermediate transferase,0
Bacillus_subtilis_168,gene_809715d08cbd,1.0,high,bacillaene synthase decarboxylase pksi,decarboxylase involved in bacillaene synthesis,0
Bacillus_subtilis_168,gene_39eb0bf5232f,0.9784,high,polyketide biosynthesis acyltransferase homolog pksd,enzyme involved in bacillaene synthesis,0
Bacillus_subtilis_168,gene_f4f389ce27c9,1.0,high,4-hydroxy-tetrahydrodipicolinate synthase,4-hydroxy-tetrahydrodipicolinate synthase,1
Bacillus_subtilis_168,gene_7f450b8385dd,0.946,high,bacillaene synthase dehydratase pksh,enoyl-CoA hydratase for bacillaene biosynthesis,0
Bacillus_subtilis_168,gene_f1f1602691d2,1.0,high,polyketide biosynthesis malonyl-acp decarboxylase pksf,decarboxylase converting malonyl-S-AcpK to acetyl-S-AcpK for bacillaene-related polyketide synthesis,0
Bacillus_subtilis_168,gene_741613b7c0c4,1.0,high,dna translocase spoiiie,spore DNA directional translocase (motor ATPase),0
Bacillus_subtilis_168,gene_79e3f19290c4,1.0,high,dna mismatch repair protein muts,DNA mismatch repair recognition factor,1
Bacillus_subtilis_168,gene_74c1af93e0df,1.0,high,polyketide biosynthesis cytochrome p450 pkss,cytochrome P450 of bacillaene metabolism,0
Bacillus_subtilis_168,gene_0529820296dd,1.0,high,upf0714 protein ymac,gamma-polyglutamate hydrolase (phage origin),0
Bacillus_subtilis_168,gene_0c69e36d9a2d,1.0,high,multidrug resistance protein ebrb,small toxic metabolite efflux transporter subunit,0
Bacillus_subtilis_168,gene_cd5c041d643e,1.0,high,multidrug resistance protein ebra,small toxic metabolite efflux transporter subunit,0
Bacillus_subtilis_168,gene_29cf807f1482,1.0,high,trna dimethylallyltransferase,tRNA isopentenylpyrophosphate transferase,0
Bacillus_subtilis_168,gene_98de301f28be,1.0,high,rna-binding protein hfq,Hfq RNA chaperone,1
Bacillus_subtilis_168,gene_3d96a6e0c1e6,1.0,high,protein nrdi,co-factor of ribonucleotide diphosphate reductase,0
Bacillus_subtilis_168,gene_f852ee71ee62,0.9557,high,serine protease aprx,alkaline serine protease,1
Bacillus_subtilis_168,gene_97c731d22e92,1.0,high,sporulation-specific n-acetylmuramoyl-l-alanine amidase,N-acetylmuramoyl-L-alanine amidase (sporulation-specific),1
Bacillus_subtilis_168,gene_b5edd94927ca,0.942,high,polyketide synthase pksr,trans AT polyketide synthase involved in nonribosomal synthesis of bacillaene,0
Bacillus_subtilis_168,gene_2c4f52bb7f3f,1.0,high,hth-type transcriptional regulator glnr,transcriptional regulator (nitrogen metabolism),0
Bacillus_subtilis_168,gene_6918dc9af35e,1.0,high,glutamine synthetase,glutamine synthetase,1
Bacillus_subtilis_168,gene_4612b3523088,1.0,high,ribonucleoside-diphosphate reductase subunit alpha,ribonucleoside-diphosphate reductase (major subunit),1
Bacillus_subtilis_168,gene_77ad553c9d56,1.0,high,hth-type transcriptional regulator pksa,transcriptional regulator of bacillaene synthesis operon,0
Bacillus_subtilis_168,gene_0296432f2d29,1.0,high,beta-xylosidase,"xylan beta-1,4-xylosidase",1
Bacillus_subtilis_168,gene_878ef56cb0e5,1.0,high,xylose repressor,transcriptional regulator,0
Bacillus_subtilis_168,gene_ff15c6a08348,1.0,high,xylose isomerase,xylose isomerase,1
Bacillus_subtilis_168,gene_307eab4d58ca,1.0,high,xylulose kinase,xylulose kinase,1
Bacillus_subtilis_168,gene_1b8829909d88,1.0,high,alanine racemase 2,alanine racemase (minor activity),1
Bacillus_subtilis_168,gene_5bed4584a962,0.95,high,spore coat protein u,spore coat protein,1
Bacillus_subtilis_168,gene_5b291ae43bba,1.0,high,thymidylate synthase 1,thymidylate synthase A (phage origin),1
Bacillus_subtilis_168,gene_d56dbd3748e3,0.95,high,spore coat protein c,spore coat protein (outer),1
Bacillus_subtilis_168,gene_ed776af936e4,1.0,high,sec-independent protein translocase protein tatac,component of the twin-arginine pre-protein translocation pathway,0
Bacillus_subtilis_168,gene_2ee11c0cbece,0.9497,high,polyketide synthase pksj,polyketide synthase of type I involved in nonribosomal synthesis of bacillaene,0
Bacillus_subtilis_168,gene_973cd853233f,1.0,high,upf0714 protein yndl,phage gamma-polyglutamate hydrolase,0
Bacillus_subtilis_168,gene_c44090418d07,0.9983,high,metallothiol transferase fosb,magnesium-dependent bacillithiol-transferase,0
Bacillus_subtilis_168,gene_9c81374f8d6c,1.0,high,endonuclease yncb,"DNA nuclease, lipoprotein (phage origin)",0
Bacillus_subtilis_168,gene_37c2564ca28d,1.0,high,cell division suppressor protein ynea,cell division inhibitor,1
Bacillus_subtilis_168,gene_3dffbbbd55ad,0.9536,high,deoxyuridine 5'-triphosphate nucleotidohydrolase yncf,deoxyuridine 5'-triphosphate pyrophosphatase (phage origin),0
Bacillus_subtilis_168,gene_14bf02d4cca7,0.95,high,sporulation inhibitor of replication protein sira,factor controlling DNA replication,0
Bacillus_subtilis_168,gene_d21e89da51ab,1.0,high,aspartyl-phosphate phosphatase ynzd,Spo0A-P phosphatase,0
Bacillus_subtilis_168,gene_358089922373,1.0,high,membrane protein ynek,factor interacting with DynA,0
Bacillus_subtilis_168,gene_5f13476dda7b,1.0,high,spore coat protein m,spore coat protein (outer),1
Bacillus_subtilis_168,gene_240f329c3e16,1.0,high,small,small acid-soluble spore protein,1
Bacillus_subtilis_168,gene_4253abe18502,1.0,high,small,small acid-soluble spore protein,1
Bacillus_subtilis_168,gene_2a9faf37eef4,1.0,high,small,small acid-soluble spore protein,1
Bacillus_subtilis_168,gene_fb7265c60382,1.0,high,small,small acid-soluble spore protein (thioredoxin-like protein),1
Bacillus_subtilis_168,gene_a6632aeca6a0,0.95,high,acyl-coa thioesterase ynep,acyl-CoA thioesterase,1
Bacillus_subtilis_168,gene_eb760c5944de,0.9389,high,polyketide synthase pksl,polyketide synthase of type I (bacillaene synthesis),1
Bacillus_subtilis_168,gene_9d333432b9f6,1.0,high,lexa repressor,transcriptional repressor of the SOS regulon,0
Bacillus_subtilis_168,gene_c88657a50b70,1.0,high,dna topoisomerase 4 subunit b,subunit B of DNA topoisomerase IV (ATP-dependent),1
Bacillus_subtilis_168,gene_abe6c76d1fa9,1.0,high,endoglucanase,"endo-1,4-beta-glucanase",0
Bacillus_subtilis_168,gene_721ffba034e0,0.9227,high,polyketide synthase pksm,trans AT polyketide synthase of type I involved in bacillaene synthesis,0
Bacillus_subtilis_168,gene_bc991d18a0b1,0.95,high,glucuronoxylanase xync,secreted endo-xylanase,0
Bacillus_subtilis_168,gene_7199f0f32308,0.95,high,oligoribonuclease nrnb,oligoribonuclease (nanoRNase),0
Bacillus_subtilis_168,gene_2edb501a6ddd,0.9812,high,arabinoxylan arabinofuranohydrolase,arabinoxylan arabinofuranohydrolase,1
Bacillus_subtilis_168,gene_bf8f57821481,1.0,high,enoyl-coa hydratase/isomerase yngf,methylglutaconyl-CoA hydratase (leucine degradation),0
Bacillus_subtilis_168,gene_8b54bdbf3745,0.896,high,dna topoisomerase 4 subunit a,subunit A of DNA topoisomerase IV (ATP-dependent),1
Bacillus_subtilis_168,gene_31cb7c66c3f9,1.0,high,biotin/lipoyl attachment protein,methylcrotonyl-CoA carboxylase; biotinylated subunit (leucine degradation),0
Bacillus_subtilis_168,gene_0c777ab7bdbd,1.0,high,amino-acid carrier protein alst,H+/Na+:nitrogen-donor aminoacid symporter,0
Bacillus_subtilis_168,gene_342bd28022a3,1.0,high,acyl-coa synthetase yngi,acetoacetyl-CoA synthetase,1
Bacillus_subtilis_168,gene_5948eef668f9,1.0,high,transketolase,transketolase,1
Bacillus_subtilis_168,gene_1046a0aa1aa4,0.9447,high,polyketide synthase pksn,trans AT polyketide synthase of type I involved in bacillaene synthesis,0
Bacillus_subtilis_168,gene_651c5c5d934c,0.8132,high,hydroxymethylglutaryl-coa lyase yngg,hydroxymethylglutaryl-CoA lyase (leucine degradation),1
Bacillus_subtilis_168,gene_54d37e1872b8,1.0,high,acyl-coa dehydrogenase yngj,isovaleryl-CoA dehydrogenase (leucine degradation),0
Bacillus_subtilis_168,gene_46c986f0cf10,0.95,high,d-alanyl-d-alanine carboxypeptidase dacc,D-alanyl-D-alanine carboxypeptidase,1
Bacillus_subtilis_168,gene_3d70bbc1fad7,1.0,high,plipastatin synthase subunit c,non-ribosomal plipastatin synthetase C involved in synthesis of plipastatin,0
Bacillus_subtilis_168,gene_4706a4ceef11,1.0,high,aconitate hydratase a,aconitate hydratase (bifunctional aconitase),1
Bacillus_subtilis_168,gene_a6a1f819394d,0.95,high,aldose 1-epimerase,aldose 1-epimerase,1
Bacillus_subtilis_168,gene_48c58ecd014f,0.8264,high,hth-type transcriptional regulator yofa,transcriptional regulator (LysR family),1
Bacillus_subtilis_168,gene_db7679d9ca64,0.6804,moderate,transcriptional dual regulator gltc,transcriptional regulator (LysR family) (GltC-glutamate),1
Bacillus_subtilis_168,gene_74a063d5d8a1,1.0,high,pyrroline-5-carboxylate reductase 1,pyrroline-5-carboxylate reductase,1
Bacillus_subtilis_168,gene_111e5df164c3,1.0,high,replication termination protein,replication terminator protein,0
Bacillus_subtilis_168,gene_d03027d5bdc9,1.0,high,glutamate 5-kinase 2,glutamate 5-kinase,1
Bacillus_subtilis_168,gene_5db372c0771f,0.6485,moderate,sugar kinase yoac,hydroxylated metabolite kinase,0
Bacillus_subtilis_168,gene_87f7658b972e,0.967,high,plipastatin synthase subunit b,nonribosomal plipastatin synthetase B involved in synthesis of plipastatin,0
Bacillus_subtilis_168,gene_ffae1bd49f3d,0.6925,moderate,oxidoreductase yoae,molybdopterin cofactor oxido-reductase,0
Bacillus_subtilis_168,gene_d15a2cdaca5c,1.0,high,glutamate synthase large chain,"glutamate synthase (large subunit, NADP-dependent)",1
Bacillus_subtilis_168,gene_bcddbe214173,0.7397,moderate,transporter yoab,negatively charged metabolite transporter,0
Bacillus_subtilis_168,gene_34e705a90db1,0.95,high,expansin-yoaj,extracellular endoglucanase precursor (expansin),0
Bacillus_subtilis_168,gene_91190e9b20bf,1.0,high,plipastatin synthase subunit a,non-ribosomal plipastatin synthetase A involved in synthesis of plipastatin,0
Bacillus_subtilis_168,gene_fd4d1e0d0472,1.0,high,oxalate decarboxylase oxdd,oxalate decarboxylase (Mn2+-dependent); spore constituent,0
Bacillus_subtilis_168,gene_852cb7d27ef6,1.0,high,beta-lactamase,beta-lactamase precursor (putative hydrolase),1
Bacillus_subtilis_168,gene_0fa64b18fa29,0.9684,high,plipastatin synthase subunit d,nonribosomal plipastatin synthetase D involved in synthesis of plipastatin,0
Bacillus_subtilis_168,gene_9666e0fe6f77,1.0,high,endo-1,"secreted endo-1,4-beta-xylanase",1
Bacillus_subtilis_168,gene_bb8d20e09f99,0.95,high,rapk inhibitor,secreted regulator of the activity of phosphatase RapK,0
Bacillus_subtilis_168,gene_70ad62b37476,1.0,high,immunity protein yobk,antitoxin inhibiting Rnase RttL,0
Bacillus_subtilis_168,gene_00c7cf6aa913,0.9928,high,pectin lyase,endo-pectin lyase,1
Bacillus_subtilis_168,gene_125c8094e7b2,0.9245,high,plipastatin synthase subunit e,nonribosomal plipastatin synthetase E,0
Bacillus_subtilis_168,gene_b65e352e7acc,1.0,high,chaperone csaa,molecular chaperone for secreting proteins,0
Bacillus_subtilis_168,gene_46d280aafbc3,0.7497,moderate,hth-type transcriptional repressor czra,transcriptional regulator (multiple metal-sensing ArsR-SmtB transcriptional repressor favouring Zn2+),0
Bacillus_subtilis_168,gene_a106b07773d0,1.0,high,toxin yobl,phage toxin ribonuclease; putative defective prophage 6,0
Bacillus_subtilis_168,gene_5498b6f60ebb,1.0,high,fatty acid desaturase,fatty acid desaturase,1
Bacillus_subtilis_168,gene_bdb08921648a,1.0,high,transcriptional regulatory protein desr,two-component response regulator [DesK],0
Bacillus_subtilis_168,gene_fa9459196684,1.0,high,cell wall-binding protein yoch,exported cell wall lytic enzyme,0
Bacillus_subtilis_168,gene_9a2832ab8846,1.0,high,fmn-dependent nadh:quinone oxidoreductase 1,FMN-dependent NADH-azoreductase,1
Bacillus_subtilis_168,gene_2b5e6153277f,0.8827,high,regulatory protein rapk,response regulator aspartate phosphatase,0
Bacillus_subtilis_168,gene_2588973f404b,1.0,high,aldehyde dehydrogenase dhas,3-hydroxypropionaldehyde dehydrogenase,0
Bacillus_subtilis_168,gene_7425c2183e7f,1.0,high,superoxide dismutase,superoxide dismutase (Fe2+-dependent),1
Bacillus_subtilis_168,gene_3399ee547292,1.0,high,sporulenol synthase,"squalene-hopene cyclase, sporulenol synthase (spore protection)",1
Bacillus_subtilis_168,gene_a9d2466a6681,1.0,high,dihydrolipoyllysine-residue succinyltransferase component of 2-oxoglutarate dehydrogenase complex,"2-oxoglutarate dehydrogenase complex (dihydrolipoamide transsuccinylase, E2 subunit)",0
Bacillus_subtilis_168,gene_f7f6a53ab442,0.7369,moderate,sensor histidine kinase desk,two-component thermosensor histidine kinase [DesR-DesK],1
Bacillus_subtilis_168,gene_43228b64e312,1.0,high,superoxide dismutase-like protein yojm,superoxide dismutase (exported lipoprotein),1
Bacillus_subtilis_168,gene_dd59d040d976,0.8942,high,cyclic di-amp synthase cdas,spore diadenylate cyclase,0
Bacillus_subtilis_168,gene_532667fd4006,1.0,high,d-gamma-glutamyl-meso-diaminopimelic acid endopeptidase cwls,"peptidoglycan hydrolase (cell wall-binding d,l-endopeptidase)",0
Bacillus_subtilis_168,gene_faa80b41a3bf,1.0,high,2-oxoglutarate dehydrogenase e1 component,2-oxoglutarate dehydrogenase (E1 subunit),1
Bacillus_subtilis_168,gene_9a83091b349d,1.0,high,n-acetyl-alpha-d-glucosaminyl l-malate deacetylase 2,malate N-acetylglucosamine deacetylase (second enzyme),0
Bacillus_subtilis_168,gene_f5f193fbc9fc,0.8871,high,atp-dependent dna helicase recq,ATP-dependent helicase,1
Bacillus_subtilis_168,gene_2185c785ab21,0.95,high,spore germination protein gert,component of the spore coat,0
Bacillus_subtilis_168,gene_707c163d8966,0.7868,moderate,hth-type transcriptional regulator yodb,transcriptional repressor,0
Bacillus_subtilis_168,gene_04dce1400b6a,0.6983,moderate,nad(p)h nitroreductase yodc,water forming NADH oxidase (nitroreductase),0
Bacillus_subtilis_168,gene_848afa93bb4c,1.0,high,rsbt co-antagonist protein rsbrc,co-antagonist of RsbT; component of the anxiosome (stressosome),0
Bacillus_subtilis_168,gene_3401167a3100,0.9125,high,carboxy-terminal processing protease ctpa,"carboxy-terminal processing protease (Prc homolog, tail specific protease)",1
Bacillus_subtilis_168,gene_b61c4879d412,1.0,high,purine nucleoside phosphorylase deod-type,purine nucleoside phosphorylase,1
Bacillus_subtilis_168,gene_f924592b2e52,0.9371,high,l-lysine 2,"lysine 2,3-aminomutase",1
Bacillus_subtilis_168,gene_b6f823536964,0.95,high,spore crust protein cgea,spore outermost layer component,0
Bacillus_subtilis_168,gene_da8fcb79b2a4,1.0,high,spore protein cgeb,protein involved in maturation of the outermost layer of the spore,0
Bacillus_subtilis_168,gene_c257de7930dc,1.0,high,carboxypeptidase yodj,D-alanyl-D-alanine carboxypeptidase lipoprotein (D-ala releasing from tetrapeptide hydrolysis),0
Bacillus_subtilis_168,gene_fa3b03dcc3c2,0.95,high,spbeta prophage-derived uncharacterized protein yotn,recombination directionality factor; phage SPbeta,0
Bacillus_subtilis_168,gene_a39da30619a1,0.95,high,spbeta prophage-derived dsr anti-defense 1,conserved hypothetical protein; phage SPbeta,0
Bacillus_subtilis_168,gene_2406854e01a1,0.95,high,spbeta prophage-derived uncharacterized protein yotd,conserved protein with rubredoxin fold; phage SPbeta,0
Bacillus_subtilis_168,gene_2db1ed94f9bc,0.95,high,spbeta prophage-derived uncharacterized protein yosx,conserved hypothetical protein; phage SPbeta,0
Bacillus_subtilis_168,gene_8328f378338b,0.95,high,spbeta prophage-derived uncharacterized membrane protein yosw,conserved hypothetical protein; phage SPbeta,0
Bacillus_subtilis_168,gene_c9c2413e6ed6,0.95,high,spbeta prophage-derived uncharacterized protein yosv,conserved hypothetical protein; phage SPbeta,0
Bacillus_subtilis_168,gene_1aca26748230,0.9448,high,spbeta prophage-derived deoxyuridine 5'-triphosphate nucleotidohydrolase yoss,SPbeta phage deoxyuridine 5'-triphosphate nucleotidohydrolase,1
Bacillus_subtilis_168,gene_bef6334f26f6,1.0,high,small,small acid-soluble spore protein (alpha/beta-type SASP); SPbeta phage protein,1
Bacillus_subtilis_168,gene_f0f7062315c8,1.0,high,spbeta prophage-derived hnh homing endonuclease yosq,"SPbeta phage endodeoxyribonuclease (homing endonuclease, responsible for intron mobility)",0
Bacillus_subtilis_168,gene_3b5c62cbfde5,1.0,high,3-phytase,phytase,1
Bacillus_subtilis_168,gene_ef7324f9436f,1.0,high,spbeta prophage-derived protein nrdi,SPbeta phage subunit of ribonucleoside diphosphate reductase,0
Bacillus_subtilis_168,gene_b9e0d7157c27,0.95,high,spbeta prophage-derived uncharacterized protein yosl,conserved protein of unknown function; phage SPbeta,0
Bacillus_subtilis_168,gene_a6bcf0efe13a,0.95,high,spbeta prophage-derived uncharacterized protein yosh,conserved hypothetical protein; phage SPbeta,0
Bacillus_subtilis_168,gene_7ec6bec0aacf,1.0,high,spbeta prophage-derived uncharacterized protein yosg,conserved protein of unknown function; phage SPbeta,0
Bacillus_subtilis_168,gene_5f98cdfe0c07,0.95,high,spbeta prophage-derived uncharacterized membrane protein yose,conserved protein of unknown function; phage SPbeta,0
Bacillus_subtilis_168,gene_cf02e860501d,0.95,high,spbeta prophage-derived uncharacterized protein yosd,conserved protein of unknown function; phage SPbeta,0
Bacillus_subtilis_168,gene_c7e91a09da7a,1.0,high,spbeta prophage-derived uncharacterized protein yosc,conserved hypothetical protein; phage SPbeta,0
Bacillus_subtilis_168,gene_c369076b805e,0.95,high,spbeta prophage-derived uncharacterized protein yosb,conserved hypothetical protein; phage SPbeta,0
Bacillus_subtilis_168,gene_29c660b24d15,0.95,high,spbeta prophage-derived uncharacterized protein yorz,conserved hypothetical protein; phage SPbeta,0
Bacillus_subtilis_168,gene_013db5c36d4d,0.95,high,spbeta prophage-derived uncharacterized protein yorx,conserved hypothetical protein; phage SPbeta,0
Bacillus_subtilis_168,gene_e8ee63b156cd,0.95,high,spbeta prophage-derived uncharacterized protein yorw,conserved hypothetical protein; phage SPbeta,0
Bacillus_subtilis_168,gene_7719527018c1,0.95,high,spbeta prophage-derived uncharacterized protein yort,conserved hypothetical protein; phage SPbeta,0
Bacillus_subtilis_168,gene_04285e79a21a,0.95,high,spbeta prophage-derived uncharacterized protein yorq,conserved hypothetical protein; phage SPbeta,0
Bacillus_subtilis_168,gene_47f2191ea66c,0.95,high,spbeta prophage-derived uncharacterized protein yorp,conserved hypothetical protein; phage SPbeta,0
Bacillus_subtilis_168,gene_823e3b6e177d,0.95,high,spbeta prophage-derived uncharacterized protein yoro,conserved hypothetical protein; phage SPbeta,0
Bacillus_subtilis_168,gene_a7fb2fd97bed,0.93,high,spbeta prophage-derived uncharacterized protein yorn,conserved hypothetical protein; phage SPbeta,0
Bacillus_subtilis_168,gene_fd504ed7e269,0.95,high,protein cgec,protein involved in maturation of the outermost layer of the spore,0
Bacillus_subtilis_168,gene_ccc1fcbd0792,1.0,high,ribonucleoside-diphosphate reductase nrdeb subunit alpha,SPbeta phage ribonucleoside reductase alpha (large) subunit,1
Bacillus_subtilis_168,gene_a6db5e2ce610,0.95,high,spbeta prophage-derived uncharacterized protein yore,conserved protein of unknown function; phage SPbeta,0
Bacillus_subtilis_168,gene_92d392c93bb0,0.9,high,spbeta prophage-derived stress response protein scp1,stress protein SCP1; phage SPbeta,1
Bacillus_subtilis_168,gene_d657e1220ce9,0.95,high,spbeta prophage-derived uncharacterized protein yorb,conserved hypothetical protein; phage SPbeta,0
Bacillus_subtilis_168,gene_36e588a3f22a,0.95,high,spbeta prophage-derived uncharacterized protein yorf,conserved hypothetical protein; phage SPbeta,0
Bacillus_subtilis_168,gene_28e4cb490ab0,1.0,high,spbeta prophage-derived upf0714 protein yoqz,gamma-polyglutamate hydrolase; phage SPbeta,0
Bacillus_subtilis_168,gene_6591ca326370,0.95,high,spbeta prophage-derived uncharacterized protein yoqx,conserved protein of unknown function; SPbeta phage,0
Bacillus_subtilis_168,gene_ebced4fff569,0.6683,moderate,spbeta prophage-derived dna ligase-like protein ligb,DNA ligase-like protein; bacteriophage SPbeta,1
Bacillus_subtilis_168,gene_06c9ee94b1f6,0.95,high,spbeta prophage-derived uncharacterized protein yoqt,conserved hypothetical protein; phage SPbeta,0
Bacillus_subtilis_168,gene_6c65e2769111,0.95,high,spbeta prophage-derived uncharacterized protein yoqp,conserved hypothetical protein; phage SPbeta,0
Bacillus_subtilis_168,gene_34afc9341fd5,1.0,high,spbeta prophage-derived uncharacterized protein yoqn,consserved hypothetical protein; phage SPbeta,0
Bacillus_subtilis_168,gene_d757fd85e733,1.0,high,spbeta prophage-derived uncharacterized protein yoqi,conserved hypothetical protein; phage SPbeta,0
Bacillus_subtilis_168,gene_4bee30777b08,0.95,high,spbeta prophage-derived uncharacterized protein yoqh,conserved hypothetical protein; phage SPbeta,0
Bacillus_subtilis_168,gene_cbc9b324c521,0.95,high,spbeta prophage-derived uncharacterized protein yoqg,conserved hypothetical protein; phage SPbeta,0
Bacillus_subtilis_168,gene_afc2a9b78bf6,0.95,high,spbeta prophage-derived uncharacterized protein yoqb,conserved hypothetical protein; phage SPbeta,0
Bacillus_subtilis_168,gene_0d495ad6da04,0.95,high,spbeta prophage-derived uncharacterized protein yopz,conserved hypothetical protein; phage SPbeta,0
Bacillus_subtilis_168,gene_43a5fc61685f,0.95,high,spbeta prophage-derived uncharacterized protein yopy,conserved hypothetical protein; phage SPbeta,0
Bacillus_subtilis_168,gene_3607956f2bcf,0.95,high,spbeta prophage-derived uncharacterized protein yopx,conserved protein of unknown function; phage SPbeta,0
Bacillus_subtilis_168,gene_54eedebd5f9f,1.0,high,spbeta prophage-derived uncharacterized protein yopt,conserved protein of unknown function; phage SPbeta,0
Bacillus_subtilis_168,gene_509ab79e1bdd,0.95,high,protein aimp,arbitrium lysis /lysogeny regulatory peptide; phage SPbeta,0
Bacillus_subtilis_168,gene_03f700c37c1a,0.95,high,spbeta prophage-derived uncharacterized protein yorh,conserved hypothetical protein; phage SPbeta,0
Bacillus_subtilis_168,gene_a9ace5740585,0.95,high,spbeta prophage-derived uncharacterized protein yopj,conserved protein of unknown function; phage SPbeta,0
Bacillus_subtilis_168,gene_7b36f10da81e,0.95,high,spbeta prophage-derived uncharacterized protein yopi,conserved protein of unknown function; phage SPbeta,0
Bacillus_subtilis_168,gene_8fa7f802d2a1,0.95,high,spbeta prophage-derived uncharacterized protein yopf,conserved protein of unknown function; phage SPbeta,0
Bacillus_subtilis_168,gene_d5a4bbaba5ef,0.95,high,spbeta prophage-derived upf0715 membrane protein yopd,conserved membrane protein of unknown function; phage SPbeta,0
Bacillus_subtilis_168,gene_eae969a4be33,0.95,high,spbeta prophage-derived uncharacterized protein yonv,conserved protein of unknown function; phage SPbeta,0
Bacillus_subtilis_168,gene_f49982102344,0.95,high,spbeta prophage-derived uncharacterized protein yonu,conserved protein of unknown function; phage SPbeta,0
Bacillus_subtilis_168,gene_6638e12210bc,1.0,high,spbeta prophage-derived uncharacterized protein yont,toxin; phage SPbeta,0
Bacillus_subtilis_168,gene_e0200eb6f588,0.95,high,spbeta prophage-derived uncharacterized protein yopq,conserved hypothetical protein; phage SPbeta,0
Bacillus_subtilis_168,gene_05917a0ec57e,1.0,high,spbeta prophage-derived uncharacterized protein yopa,conserved protein of unknown function; phage SPbeta,0
Bacillus_subtilis_168,gene_beb479a871d5,1.0,high,spbeta prophage-derived dna-binding protein hu 2,HU-related DNA-binding protein; phage SPbeta,1
Bacillus_subtilis_168,gene_db6cf9dd57d8,0.95,high,spbeta prophage-derived uncharacterized protein yonk,conserved protein of unknown function; phage SPbeta,0
Bacillus_subtilis_168,gene_e76b79625551,1.0,high,spbeta prophage-derived uncharacterized protein yonj,conserved protein of unknown function; phage SPbeta,0
Bacillus_subtilis_168,gene_ee917933de5a,0.95,high,spbeta prophage-derived uncharacterized protein yoni,conserved hypothetical protein; phage SPbeta,0
Bacillus_subtilis_168,gene_35c394bb35ab,1.0,high,spbeta prophage-derived uncharacterized protein yopk,arbitrium peptide sensor regulator; phage SPbeta,0
Bacillus_subtilis_168,gene_86e9f78adc6f,0.95,high,spbeta prophage-derived uncharacterized protein yong,conserved protein of unknown function; phage SPbeta,0
Bacillus_subtilis_168,gene_604f6b9ea8e3,1.0,high,spbeta prophage-derived uncharacterized protein yone,conserved protein of unknown function; phage SPbeta,0
Bacillus_subtilis_168,gene_a45cb709dba0,1.0,high,spbeta prophage-derived uncharacterized protein yonc,conserved protein of unknown function; phage SPbeta,0
Bacillus_subtilis_168,gene_e2f64170042e,0.95,high,spbeta prophage-derived uncharacterized protein yonb,conserved protein of unknown function; phage SPbeta,0
Bacillus_subtilis_168,gene_9c89fa2a65de,1.0,high,dna-directed dna polymerase,DNA polymerase with 3'-5' exonuclease activity; phage SPbeta,0
Bacillus_subtilis_168,gene_6259615a7cd1,0.95,high,spbeta prophage-derived uncharacterized protein yomz,conserved protein of unknown function; phage SPbeta,0
Bacillus_subtilis_168,gene_f208da98db4d,0.95,high,spbeta prophage-derived uncharacterized protein yomy,conserved protein of unknown function; phage SPbeta,0
Bacillus_subtilis_168,gene_bc54af3707b6,0.95,high,spbeta prophage-derived uncharacterized protein yomx,conserved protein of unknown function; phage SPbeta,0
Bacillus_subtilis_168,gene_846196d7dd1c,0.95,high,spbeta prophage-derived uncharacterized protein yond,conserved protein of unknown function; phage SPbeta,0
Bacillus_subtilis_168,gene_e2fe972303cf,1.0,high,spbeta prophage-derived uncharacterized protein yomv,conserved protein of unknown function; phage SPbeta,0
Bacillus_subtilis_168,gene_a22c4c8f9271,1.0,high,spbeta prophage-derived uncharacterized protein yomu,conserved protein of unknown function; phage SPbeta,0
Bacillus_subtilis_168,gene_7c88c6e9299c,0.849,high,spbeta prophage-derived uncharacterized protein youa,conserved protein of unknown function; phage SPbeta,0
Bacillus_subtilis_168,gene_56941ca90e9b,0.95,high,spbeta prophage-derived uncharacterized protein yomp,conserved phage protein of unknown function; phage SPbeta,0
Bacillus_subtilis_168,gene_b98471063d35,0.95,high,spbeta prophage-derived uncharacterized protein yomo,conserved protein of unknown function; phage SPbeta,0
Bacillus_subtilis_168,gene_ca3f492756a0,0.95,high,spbeta prophage-derived uncharacterized protein yomn,conserved protein of unknown function; phage SPbeta,0
Bacillus_subtilis_168,gene_7999072045df,0.95,high,spbeta prophage-derived uncharacterized protein yonh,conserved protein of unknown function; phage SPbeta,0
Bacillus_subtilis_168,gene_3c94ea5cc010,0.95,high,spbeta prophage-derived uncharacterized protein yoml,conserved exported protein of unknown function; phage SPbeta,0
Bacillus_subtilis_168,gene_b6e37a6cd0cb,0.95,high,spbeta prophage-derived uncharacterized protein yomk,conserved protein of unknown function; phage SPbeta,0
Bacillus_subtilis_168,gene_007f0aa7b7a3,0.95,high,spbeta prophage-derived uncharacterized membrane protein yomj,protein conferring self-immunity to the host; phage SPbeta,0
Bacillus_subtilis_168,gene_ea823d4cc457,0.95,high,spbeta prophage-derived uncharacterized protein yomh,conserved protein of unknown function; phage SPbeta,0
Bacillus_subtilis_168,gene_151007403a9a,0.946,high,spbeta prophage-derived uncharacterized protein yomf,conserved hypothetical protein; phage SPbeta,0
Bacillus_subtilis_168,gene_a4a17a3706ae,0.95,high,spbeta prophage-derived uncharacterized protein yona,conserved protein of unknown function; phage SPbeta,0
Bacillus_subtilis_168,gene_7ca0753cec85,1.0,high,spbeta prophage-derived protein bhla,holin-like protein; bacteriophage SPbeta,0
Bacillus_subtilis_168,gene_bff4d489384a,1.0,high,spbeta prophage-derived protein bhlb,holin-like protein; bacteriophage SPbeta,0
Bacillus_subtilis_168,gene_e79221028ec8,1.0,high,spbeta prophage-derived disulfide bond formation protein b,thiol-disulfide oxidoreductase B; bacteriophage SPbeta,0
Bacillus_subtilis_168,gene_16c5205386d5,0.95,high,spbeta prophage-derived disulfide bond formation protein a,bacteriophage SPbeta thiol-disulfide oxidoreductase,0
Bacillus_subtilis_168,gene_98f36333835f,1.0,high,n-acetylmuramoyl-l-alanine amidase blya,bacteriophage SPbeta N-acetylmuramoyl-L-alanine amidase,1
Bacillus_subtilis_168,gene_e8fbff149698,0.95,high,spbeta prophage-derived bacteriocin sublancin-168,sublancin 168 lantibiotic antimicrobial precursor peptide; SPBeta prophage,1
Bacillus_subtilis_168,gene_cb071ef4325d,0.95,high,sublancin immunity protein suni,protein of immunity to sublancin,1
Bacillus_subtilis_168,gene_503ea4052224,0.95,high,spbeta prophage-derived uncharacterized protein yoqu,conserved hypothetical protein; phage SPbeta,0
Bacillus_subtilis_168,gene_85b6e0c64cf6,0.95,high,spbeta prophage-derived uncharacterized protein yold,conserved hypothetical protein; phage SPbeta,0
Bacillus_subtilis_168,gene_8853ad622720,1.0,high,spbeta prophage-derived uncharacterized protein yolc,conserved phage protein of unknown function; phage SPbeta,0
Bacillus_subtilis_168,gene_25257d063c61,0.95,high,spbeta prophage-derived uncharacterized protein yolb,conserved protein of unknown function; phage SPbeta,0
Bacillus_subtilis_168,gene_43051a374642,0.95,high,spbeta prophage-derived uncharacterized protein yola,conserved exported protein of unknown function; SPbeta phage,0
Bacillus_subtilis_168,gene_22f58e1280bc,0.95,high,small toxic protein bsrg,phage toxin; type I toxin-antitoxin system,0
Bacillus_subtilis_168,gene_1bd858393171,0.95,high,spbeta prophage-derived uncharacterized protein yomr,conserved protein of unknown function; phage SPbeta,0
Bacillus_subtilis_168,gene_69c27826659b,0.95,high,immunity protein yokj,conserved protein of unknown function; phage SPbeta,0
Bacillus_subtilis_168,gene_d62224087863,0.95,high,spbeta prophage-derived uncharacterized protein yokk,conserved protein of unknown function; phage SPbeta,0
Bacillus_subtilis_168,gene_e008beae8cd9,0.944,high,spbeta prophage-derived uncharacterized protein yokh,conserved protein of unknown function; phage SPbeta,0
Bacillus_subtilis_168,gene_8be71467a609,1.0,high,spbeta prophage-derived pesticidal crystal protein-like yokg,conserved protein of unknown function; phage SPbeta,0
Bacillus_subtilis_168,gene_7d981edfd1f6,0.95,high,spbeta prophage-derived uncharacterized protein yomw,conserved protein of unknown function; phage SPbeta,0
Bacillus_subtilis_168,gene_3a1d5ccc48e2,0.6902,moderate,spbeta prophage-derived aminoglycoside n(3')-acetyltransferase-like protein yokd,aminoglycoside N3'-acetyltransferase,1
Bacillus_subtilis_168,gene_118a369748af,1.0,high,spbeta prophage-derived endonuclease yokf,"calcium-dependent DNA nuclease, lipoprotein; phage SPbeta",0
Bacillus_subtilis_168,gene_b8d3b0171264,0.95,high,spbeta prophage-derived uncharacterized protein yokc,conserved hypothetical protein; phage SPbeta,0
Bacillus_subtilis_168,gene_662ad41f41e1,1.0,high,peptide methionine sulfoxide reductase msrb,peptide methionine R-sulfoxide reductase,1
Bacillus_subtilis_168,gene_6d691290bd5e,1.0,high,uv-damage repair protein uvrx,lesion bypass phage DNA polymerase; phage SPbeta,0
Bacillus_subtilis_168,gene_f04c5a570ccd,1.0,high,dna-directed rna polymerase yono,conserved protein of unknown function; phage SPbeta,0
Bacillus_subtilis_168,gene_1697d6086e21,1.0,high,peptide methionine sulfoxide reductase msra,peptide methionine S-sulfoxide reductase,1
Bacillus_subtilis_168,gene_10478a2ca3ed,1.0,high,l-threonine dehydratase biosynthetic ilva,threonine dehydratase,1
Bacillus_subtilis_168,gene_b6f37c5eeb87,1.0,high,multidrug resistance protein ypnp,"damage inducible, Na+ driven multidrug efflux pump",0
Bacillus_subtilis_168,gene_e0d2cb2bd028,0.95,high,resolvase homolog yoka,serine-type phage integrase; phage SPbeta,0
Bacillus_subtilis_168,gene_ae1aa8b3f232,1.0,high,thymidylate synthase 2,thymidylate synthase B,1
Bacillus_subtilis_168,gene_02dbc89c906a,1.0,high,spbeta prophage-derived glycosyltransferase suns,sublancin glycosyltransferase; phage SPbeta,0
Bacillus_subtilis_168,gene_8b54e2596d0e,1.0,high,bacilliredoxin brxa,protein disulfide isomerase; bacilliredoxin A (de-bacillithiolation),0
Bacillus_subtilis_168,gene_329274ac705f,0.9646,high,dihydrofolate reductase,dihydrofolate reductase,1
Bacillus_subtilis_168,gene_dd07069a2771,1.0,high,glutathione peroxidase homolog bsaa,bacillithiol peroxidase,0
Bacillus_subtilis_168,gene_6b7fd6e78b9f,1.0,high,homoserine o-acetyltransferase,homoserine O-acetyltransferase,1
Bacillus_subtilis_168,gene_3fcd9bee87d0,0.8491,high,sigma l-dependent transcriptional regulator yplp,transcriptional enhancer involved in BCAA homeostasis,0
Bacillus_subtilis_168,gene_c714d2a7f962,1.0,high,cold shock protein cspd,"cold-shock protein, molecular chaperone, RNA-helicase co-factor",0
Bacillus_subtilis_168,gene_80d231a4cadc,0.9,high,regulatory protein degr,"activator of degradative enzymes (aprE, nprE, sacB) production or activity",0
Bacillus_subtilis_168,gene_ce573f372c83,0.95,high,small,small acid-soluble spore protein,1
Bacillus_subtilis_168,gene_074f0099b55b,1.0,high,5'-3' exonuclease,5'3'-exonuclease,1
Bacillus_subtilis_168,gene_d4e5272eaba4,0.8784,high,chalcone synthase,promiscuous alkylpyrone synthase BpsA (polyketide synthesis),0
Bacillus_subtilis_168,gene_3506fdece199,0.95,high,sco1 protein homolog,assembly factor BSco of the Cu(A) site of cytochrome c oxidase,0
Bacillus_subtilis_168,gene_e298300d33ca,1.0,high,xanthine phosphoribosyltransferase,xanthine phosphoribosyltransferase,1
Bacillus_subtilis_168,gene_ef14539e3153,1.0,high,carboxypeptidase 1,metal-dependent carboxypeptidase,1
Bacillus_subtilis_168,gene_cb537019670a,1.0,high,2-dehydro-3-deoxy-phosphogluconate aldolase,2-keto-3-deoxygluconate-6-phosphate aldolase,0
Bacillus_subtilis_168,gene_66c466ef70ce,0.7013,moderate,2-dehydro-3-deoxygluconokinase,2-keto-3-deoxygluconate kinase,0
Bacillus_subtilis_168,gene_8f87aea99238,1.0,high,4-deoxy-l-threo-5-hexosulose-uronate ketol-isomerase,"4-deoxy-L-threo-5-hexosulose-uronate ketol-isomerase, 5-keto-4-deoxyuronate isomerase",1
Bacillus_subtilis_168,gene_bf2c0033ce90,1.0,high,2-dehydro-3-deoxy-d-gluconate 5-dehydrogenase,2-keto-3-deoxygluconate oxidoreductase,0
Bacillus_subtilis_168,gene_1cc4b68ffd91,0.95,high,queuosine precursor transporter,preQ0 transporter (promiscuous),0
Bacillus_subtilis_168,gene_61b09505e5fb,1.0,high,cell cycle adapter protein gpsb,cell division protein,0
Bacillus_subtilis_168,gene_fcef05a633c8,0.9113,high,hth-type transcriptional regulator kdgr,transcriptional repressor of the Kdg operon (KdgR-galacturonate),0
Bacillus_subtilis_168,gene_fd9cad024a4b,1.0,high,holliday junction resolvase recu,Holliday junction resolvase,1
Bacillus_subtilis_168,gene_1b931823ec2d,0.95,high,replicative helicase loading/dna remodeling protein dnad,DNA-remodelling primosomal protein,0
Bacillus_subtilis_168,gene_5071acb988d6,1.0,high,endonuclease iii,"endonuclease III, apurinic apyrimidic DNA lyase",1
Bacillus_subtilis_168,gene_85cfe9cce5c5,1.0,high,aspartate aminotransferase,anabolic oxaloacetate / glutamate aminotransferase,0
Bacillus_subtilis_168,gene_1b8936e9a1ed,0.95,high,cell wall elongation regulator tseb,suppressor of tetracyclin sensitivity of an ezrA mutant,0
Bacillus_subtilis_168,gene_48275e89f186,1.0,high,processive diacylglycerol beta-glucosyltransferase,UDP-glucose diacylglyceroltransferase,0
Bacillus_subtilis_168,gene_32a7bb00a6de,1.0,high,aspartate 1-decarboxylase,aspartate 1-decarboxylase,1
Bacillus_subtilis_168,gene_a613664feb59,0.9961,high,pantothenate synthetase,pantothenate synthetase,1
Bacillus_subtilis_168,gene_b1ebe99ca8f8,0.9305,high,bifunctional ligase/repressor bira,biotin acetyl-CoA-carboxylase ligase and biotin regulon repressor (BirA-biotinoyl-5'-AMP),0
Bacillus_subtilis_168,gene_d0bc49bcee86,1.0,high,3-methyl-2-oxobutanoate hydroxymethyltransferase,ketopantoate hydroxymethyltransferase,0
Bacillus_subtilis_168,gene_f7dfdf467447,0.7923,moderate,n-acetyl-alpha-d-glucosaminyl l-malate synthase,N-acetyl-alpha-D-glucosaminyl L-malate synthase; malate glycosyltransferase for bacillithiol synthesis,1
Bacillus_subtilis_168,gene_2f2c33ce51ad,1.0,high,cca-adding enzyme,tRNA nucleotidyltransferase,0
Bacillus_subtilis_168,gene_fcedc049b8d9,1.0,high,methylglyoxal synthase,methylglyoxal synthase,1
Bacillus_subtilis_168,gene_86a1f9062ac8,1.0,high,4-hydroxy-tetrahydrodipicolinate reductase,"(4S)-4-hydroxy-2,3,4, 5-tetrahydro-(2S)-dipicolinic acid (HTPA) dehydratase reductase",0
Bacillus_subtilis_168,gene_1ac65e463d40,1.0,high,3'-5' exonuclease ding,damage inducible ATP-dependent 3'->5' nuclease,0
Bacillus_subtilis_168,gene_af1a6a910aca,1.0,high,menaquinol:cytochrome c reductase cytochrome c subunit,menaquinol:cytochrome c oxidoreductase (cytochrome cc subunit),1
Bacillus_subtilis_168,gene_bce794f5016f,1.0,high,menaquinol:cytochrome c reductase iron-sulfur subunit,menaquinol:cytochrome c oxidoreductase (iron-sulfur subunit),1
Bacillus_subtilis_168,gene_d7962bc0a626,1.0,high,n-acetyl-alpha-d-glucosaminyl l-malate deacetylase 1,N-acetyl-alpha-D-glucosaminyl L-malate deacetylase 1; malate N-acetylglucosamine N-acetyl hydrolase,1
Bacillus_subtilis_168,gene_8b6e291a3d4f,1.0,high,3-phosphoshikimate 1-carboxyvinyltransferase,3-phosphoshikimate 1-carboxyvinyltransferase (5-enolpyruvoylshikimate-3-phosphate synthase),1
Bacillus_subtilis_168,gene_f8b089441989,0.8018,high,prephenate dehydrogenase,prephenate dehydrogenase,1
Bacillus_subtilis_168,gene_8b25f5339e39,1.0,high,tryptophan synthase alpha chain,tryptophan synthase (alpha subunit),1
Bacillus_subtilis_168,gene_1687cdb602f5,1.0,high,asparagine--trna ligase,asparaginyl-tRNA synthetase,0
Bacillus_subtilis_168,gene_8667835f2f80,1.0,high,n-(5'-phosphoribosyl)anthranilate isomerase,phosphoribosylanthranilate isomerase,0
Bacillus_subtilis_168,gene_2b7209d60f30,0.9844,high,anthranilate phosphoribosyltransferase,anthranilate phosphoribosyltransferase,1
Bacillus_subtilis_168,gene_5ca4a00ccea4,0.95,high,chorismate mutase aroh,chorismate mutase,1
Bacillus_subtilis_168,gene_7cda2afad0ef,1.0,high,histidinol-phosphate aminotransferase,histidinol-phosphate aminotransferase; tyrosine/phenylalanine aminotransferase (promiscuous),1
Bacillus_subtilis_168,gene_06932896c251,1.0,high,chorismate synthase,chorismate synthase,1
Bacillus_subtilis_168,gene_3a02e226f8ef,0.8487,high,chemotaxis protein methyltransferase,methyl-accepting chemotaxis proteins (MCPs) methyltransferase,1
Bacillus_subtilis_168,gene_f10aa62d302b,1.0,high,nucleoside diphosphate kinase,nucleoside diphosphate kinase,1
Bacillus_subtilis_168,gene_727b1fead580,0.9925,high,3-dehydroquinate synthase,3-dehydroquinate synthase,1
Bacillus_subtilis_168,gene_d60236b06224,1.0,high,demethylmenaquinone methyltransferase,demethylmenaquinone methyltransferase,1
Bacillus_subtilis_168,gene_5e944cfbf454,0.6788,moderate,heptaprenyl diphosphate synthase component 1,heptaprenyl diphosphate synthase component I,1
Bacillus_subtilis_168,gene_d123538ac86b,1.0,high,transcription attenuation protein mtrb,tryptophan operon RNA-binding attenuation protein (TRAP),0
Bacillus_subtilis_168,gene_0b42f43f5e39,1.0,high,gtp cyclohydrolase 1,GTP cyclohydrolase I,1
Bacillus_subtilis_168,gene_339ccef5904c,1.0,high,dna-binding protein hu 1,non-specific DNA-binding protein HBsu,1
Bacillus_subtilis_168,gene_44f74477b36d,1.0,high,glycerol-3-phosphate dehydrogenase,NADPH-dependent glycerol-3-phosphate dehydrogenase,1
Bacillus_subtilis_168,gene_3bb11f3a4ce5,1.0,high,gtpase der,GTPase essential for ribosome 50S subunit assembly (maturation of the 50S subunit central protoberance),0
Bacillus_subtilis_168,gene_c1e989eea74c,1.0,high,isopentenyl-diphosphate delta-isomerase,isopentenyl diphosphate isomerase (typeII),1
Bacillus_subtilis_168,gene_42e6fe4086fa,1.0,high,tryptophan synthase beta chain,tryptophan synthase (beta subunit),1
Bacillus_subtilis_168,gene_e337966ace04,1.0,high,cytidylate kinase,cytidylate kinase,1
Bacillus_subtilis_168,gene_6fe7d1f2b14f,1.0,high,motility inhibitor moti,cyclic di-GMP receptor,0
Bacillus_subtilis_168,gene_53a7010d36ad,1.0,high,heptaprenyl diphosphate synthase component 2,heptaprenyl diphosphate synthase component II,1
Bacillus_subtilis_168,gene_7dab8a105ed3,0.8865,high,spore cortex-lytic enzyme,spore germination cortex-lytic enzyme,1
Bacillus_subtilis_168,gene_f83dd967b170,0.9657,high,protease prsw,protease required for RsiW anti-sigma(W) degradation,0
Bacillus_subtilis_168,gene_7eae3d6f5f55,1.0,high,sporulation protein ypeb,spore germination membrane component,0
Bacillus_subtilis_168,gene_369d4f7ac102,1.0,high,cryptic catabolic nad-specific glutamate dehydrogenase gudb,cryptic glutamate dehydrogenase (active after removal of a 9 bp insert),0
Bacillus_subtilis_168,gene_0c494b6ab5f4,1.0,high,adapter protein meca 2,adaptor to ClpC; regulator of competence and sporulation,0
Bacillus_subtilis_168,gene_565687a1aab6,0.95,high,protein ypbb,subunit of the platform for genome maintenance machinery,0
Bacillus_subtilis_168,gene_671602d39495,1.0,high,ferredoxin,ferredoxin,1
Bacillus_subtilis_168,gene_d88c110cedfb,0.9041,high,anthranilate synthase component 1,anthranilate synthase,1
Bacillus_subtilis_168,gene_79029f6d063b,0.8909,high,small ribosomal subunit protein bs1 homolog,RNA degradation presenting factor (ribosomal protein S1 homolog),0
Bacillus_subtilis_168,gene_c22c27b38f76,1.0,high,3-dehydroquinate dehydratase,3-dehydroquinate dehydratase,1
Bacillus_subtilis_168,gene_a1566903782f,0.95,high,anti-sigma-x factor rsix,negative regulator of sigma(X) activity,0
Bacillus_subtilis_168,gene_5bcb3b265f9e,1.0,high,sensor histidine kinase rese,two-component sensor histidine kinase (ResD / ResE),1
Bacillus_subtilis_168,gene_998c5a518f4d,0.9708,high,d-3-phosphoglycerate dehydrogenase,3-phosphoglycerate dehydrogenase,1
Bacillus_subtilis_168,gene_38fa8747e6e4,1.0,high,cytochrome c biogenesis protein resc,factor required for cytochrome c synthesis,0
Bacillus_subtilis_168,gene_3c627fd8f1a6,1.0,high,tape measure protein,lytic transglycosylase; SPbeta phage protein,0
Bacillus_subtilis_168,gene_d08f22385a73,1.0,high,thiol-disulfide oxidoreductase resa,extracytoplasmic thioredoxin involved in cytochrome c maturation (lipoprotein),0
Bacillus_subtilis_168,gene_1544f7f13c06,1.0,high,ribosomal large subunit pseudouridine synthase b,23S rRNA pseudouridine 2633 (=2605 standard) pseudouridine synthase,0
Bacillus_subtilis_168,gene_a774da6ff8e4,0.8481,high,ecf rna polymerase sigma factor sigx,RNA polymerase ECF(extracytoplasmic function)-type sigma factor sigma(X),1
Bacillus_subtilis_168,gene_00acc8862160,1.0,high,spore maturation protein a,spore maturation protein,1
Bacillus_subtilis_168,gene_a103ef4aec4e,1.0,high,d-alanyl-d-alanine carboxypeptidase dacb,D-alanyl-D-alanine carboxypeptidase (penicillin-binding protein 5*) (required for spore cortex),0
Bacillus_subtilis_168,gene_046d7c23d075,0.9866,high,transcriptional regulatory protein resd,two-component response regulator (ResD / ResE),0
Bacillus_subtilis_168,gene_e22ecfe7e2c0,1.0,high,segregation and condensation protein b,chromosome condensation and segregation factor,1
Bacillus_subtilis_168,gene_c3be9035e6d0,1.0,high,dihydroxy-acid dehydratase,dihydroxy-acid dehydratase,1
Bacillus_subtilis_168,gene_81fff2579f0f,1.0,high,segregation and condensation protein a,chromosome condensation and partitioning factor,0
Bacillus_subtilis_168,gene_7b08877ea144,0.9543,high,riboflavin synthase,riboflavin synthase (alpha subunit),1
Bacillus_subtilis_168,gene_23a1ce2e01a7,1.0,high,riboflavin biosynthesis protein ribd,fused diaminohydroxyphosphoribosylaminopyrimidine deaminase; 5-amino-6-(5-phosphoribosylamino) uracil reductase,0
Bacillus_subtilis_168,gene_d6f7a9890051,0.7419,moderate,riboflavin transporter fmnp,FMN permease,0
Bacillus_subtilis_168,gene_33c54bb2a608,1.0,high,peptidyl-prolyl cis-trans isomerase b,peptidyl-prolyl isomerase,1
Bacillus_subtilis_168,gene_77a7ec602696,1.0,high,signal peptidase i s,type I signal peptidase,1
Bacillus_subtilis_168,gene_71b0a6eb93d7,1.0,high,stage v sporulation protein af,stage V sporulation protein AF,1
Bacillus_subtilis_168,gene_147efd37fb7e,0.95,high,spore maturation protein b,spore maturation protein,1
Bacillus_subtilis_168,gene_1084e3f752b4,0.95,high,stage v sporulation protein ad,"stage V sporulation protein AD (uptake of pyridine-2,6-dicarboxylic acid)",1
Bacillus_subtilis_168,gene_9820a4f0ef5c,0.95,high,stage v sporulation protein aa,stage V sporulation protein AA,1
Bacillus_subtilis_168,gene_14afa27fd007,1.0,high,rna polymerase sigma-f factor,RNA polymerase sporulation-specific sigma factor (sigma-F),1
Bacillus_subtilis_168,gene_582f43a039c2,1.0,high,diaminopimelate decarboxylase,"meso-2,6-diaminopimelate decarboxylase",1
Bacillus_subtilis_168,gene_efe54162b04b,1.0,high,anti-sigma f factor antagonist,anti-anti-sigma factor (antagonist of SpoIIAB),1
Bacillus_subtilis_168,gene_624cd0b92215,1.0,high,d-alanyl-d-alanine carboxypeptidase dacf,D-alanyl-D-alanine carboxypeptidase (penicilin binding protein),1
Bacillus_subtilis_168,gene_7f9e9994f1bd,1.0,high,anti-sigma f factor,anti-sigma factor (antagonist of sigma(F)) and serine kinase,1
Bacillus_subtilis_168,gene_2358aa6465fb,1.0,high,phosphopentomutase,"1,5-phosphopentomutase",1
Bacillus_subtilis_168,gene_472e4969bd6a,1.0,high,tyrosine recombinase xerd,site-specific tyrosine recombinase for chromosome partitioning,0
Bacillus_subtilis_168,gene_680243028e00,1.0,high,ferric uptake regulation protein,transcriptional regulator for iron transport and metabolism,0
Bacillus_subtilis_168,gene_93c9b67df0f2,0.95,high,stage v sporulation protein ac,mechanosensitive channel; stage V sporulation protein AC,1
Bacillus_subtilis_168,gene_45ab35b64c19,1.0,high,malate-2h(+)/na(+)-lactate antiporter,malate-H+/Na+-lactate antiporter,1
Bacillus_subtilis_168,gene_a1ee66f06af3,0.7787,moderate,atp-dependent dna helicase recs,ATP-dependent DNA helicase,1
Bacillus_subtilis_168,gene_405d14c49993,1.0,high,l-asparaginase 1,exported L-asparaginase,1
Bacillus_subtilis_168,gene_03c723b030ea,1.0,high,hth-type transcriptional regulator ansr,transcriptional regulator of ansAB (Xre family),0
Bacillus_subtilis_168,gene_4c478936cbe7,1.0,high,riboflavin biosynthesis protein ribba,"fused 3,4-dihydroxy-2-butanone 4-phosphate synthase and GTP cyclohydrolase II",0
Bacillus_subtilis_168,gene_0ad3a67aadbe,0.95,high,stage v sporulation protein ae,stage V sporulation germinant protein,1
Bacillus_subtilis_168,gene_bc7dbc04be3c,1.0,high,nad-dependent malic enzyme 1,catabolic NAD-dependent malic enzyme (conversion of malate into pyruvate),1
Bacillus_subtilis_168,gene_2041c4e14c81,1.0,high,aspartate ammonia-lyase,L-aspartase (aspartate ammonia lyase),1
Bacillus_subtilis_168,gene_fa9537ad0a5f,1.0,high,d-serine dehydratase,D-serine ammonia-lyase,0
Bacillus_subtilis_168,gene_a8ad072bb009,1.0,high,cytochrome c biogenesis protein resb,factor required for cytochrome c synthesis,0
Bacillus_subtilis_168,gene_d5de941592b6,1.0,high,pantothenate kinase,pantothenate kinase,1
Bacillus_subtilis_168,gene_7d16ec370f54,0.9502,high,glucose-6-phosphate 1-dehydrogenase,glucose-6-phosphate 1-dehydrogenase (NADP-dependent),1
Bacillus_subtilis_168,gene_40c27335b798,1.0,high,adp-ribose pyrophosphatase,isopentenyl pyrophosphate and dimethylallyl pyrophosphate diphosphatase (moonlighting ADP-ribose pyrophosphatase),1
Bacillus_subtilis_168,gene_3f38a8055414,0.9716,high,dna polymerase iv 1,DNA-damage lesion bypass DNA polymerase,1
Bacillus_subtilis_168,gene_14c1060afc5c,0.95,high,membrane protein insertion and folding monitor,regulator of OxaAB translation,0
Bacillus_subtilis_168,gene_63d5a7575cb1,0.9781,high,dna polymerase iv 2,Y family DNA polymerase V bypassing lesions during replication,1
Bacillus_subtilis_168,gene_5d14c3085601,1.0,high,6-phosphogluconate dehydrogenase,NADP+-dependent 6-P-gluconate dehydrogenase,0
Bacillus_subtilis_168,gene_fdbb34caaf8d,1.0,high,nadph dehydrogenase,NADPH-dependent flavin oxidoreductase (acting on cinnamaldehyde-related compounds),0
Bacillus_subtilis_168,gene_fb8eb141648c,1.0,high,Replication-related protein,"pyrroline-5-carboxylate reductase (NADP-dependent, weak activity)",0
Bacillus_subtilis_168,gene_51a58a7b74bc,1.0,high,bacilliredoxin brxb,bacilliredoxin B (de-bacillithiolation),0
Bacillus_subtilis_168,gene_b746553ba941,1.0,high,purine nucleoside phosphorylase 1,purine nucleoside phosphorylase,1
Bacillus_subtilis_168,gene_ef1aa30c4cce,1.0,high,multidrug-efflux transporter 1 regulator,transcriptional regulator (MerR family),0
Bacillus_subtilis_168,gene_98843878f898,0.8535,high,2-oxoisovalerate dehydrogenase subunit beta,branched-chain alpha-keto acid dehydrogenase E1 subunit,0
Bacillus_subtilis_168,gene_953614adf2c4,0.9088,high,2-oxoisovalerate dehydrogenase subunit alpha,branched-chain alpha-keto acid dehydrogenase E1 subunit,0
Bacillus_subtilis_168,gene_a8ddc3283c4b,0.962,high,dihydrolipoyl dehydrogenase,branched-chain alpha-keto acid dehydrogenase E3 subunit (dihydrolipoamide dehydrogenase),0
Bacillus_subtilis_168,gene_19e63263d7a2,1.0,high,leucine dehydrogenase,branched-chain amino acid dehydrogenase,0
Bacillus_subtilis_168,gene_f5901792ec1b,1.0,high,arginine-binding extracellular protein artp,high affinity arginine ABC transporter binding lipoprotein,0
Bacillus_subtilis_168,gene_bb92694686b6,1.0,high,2-methylisocitrate lyase,2-methylisocitrate lyase,1
Bacillus_subtilis_168,gene_c8ee15cef273,0.878,high,membrane protein insertase miscb,Sec-independent factor for membrane protein insertion (YidC/SpoIIIJ family),0
Bacillus_subtilis_168,gene_0f1b2e44c84c,0.9997,high,citrate/2-methylcitrate synthase,bifunctional citrate synthase/2-methylcitrate synthase,1
Bacillus_subtilis_168,gene_6fc5b34d7a25,1.0,high,butyrate kinase,branched-chain fatty-acid kinase,0
Bacillus_subtilis_168,gene_6d2a8d3f63c5,1.0,high,3-hydroxybutyryl-coa dehydrogenase,3-hydroxybutyryl-CoA dehydrogenase,1
Bacillus_subtilis_168,gene_b8a30aff078f,1.0,high,sigma l-dependent transcriptional regulator yqir,transcriptional regulator,1
Bacillus_subtilis_168,gene_3d58bb59be6e,0.8711,high,lipoamide acyltransferase component of branched-chain alpha-keto acid dehydrogenase complex,branched-chain alpha-keto acid dehydrogenase E2 subunit (lipoamide acyltransferase),1
Bacillus_subtilis_168,gene_25a1d72d07c3,1.0,high,spoivb peptidase,regulatory membrane-associated serine protease,0
Bacillus_subtilis_168,gene_d732f3f576b2,1.0,high,stage 0 sporulation protein a,"response regulator, phosphorylated in response to complex YlbF/YmcA/YaaT",0
Bacillus_subtilis_168,gene_a27f1e2cb951,1.0,high,arginine repressor,transcriptional regulator (AhrC(ArgR)-arginine),0
Bacillus_subtilis_168,gene_8668570cc615,1.0,high,multidrug resistance protein 1,multidrug-efflux transporter,0
Bacillus_subtilis_168,gene_3889fdc71434,1.0,high,farnesyl diphosphate synthase,farnesyl diphosphate synthase,1
Bacillus_subtilis_168,gene_e6d8bb383514,1.0,high,exodeoxyribonuclease 7 small subunit,exodeoxyribonuclease VII (small subunit),1
Bacillus_subtilis_168,gene_f776269b743f,1.0,high,exodeoxyribonuclease 7 large subunit,exodeoxyribonuclease VII (large subunit),1
Bacillus_subtilis_168,gene_c196f0599733,1.0,high,citrate/2-methylcitrate dehydratase,2-methylcitrate dehydratase (promiscuous),1
Bacillus_subtilis_168,gene_9a598b169b53,1.0,high,transcription antitermination protein nusb,transcription termination factor NusB,1
Bacillus_subtilis_168,gene_932d722ca1db,1.0,high,arginine transport atp-binding protein artm,high affinity arginine ABC transporter (ATP-binding protein),0
Bacillus_subtilis_168,gene_4f0840388a81,1.0,high,1-deoxy-d-xylulose-5-phosphate synthase,1-deoxyxylulose-5-phosphate synthase,1
Bacillus_subtilis_168,gene_de6ae75e661e,0.95,high,stage iii sporulation protein ah,stage III sporulation ratchet engulfment protein,1
Bacillus_subtilis_168,gene_ecb717b823ca,0.95,high,stage iii sporulation protein ag,stage III sporulation engulfment assembly protein,1
Bacillus_subtilis_168,gene_02a077571949,1.0,high,acyl-coa dehydrogenase,propionyl-CoA dehydrogenase subunit,1
Bacillus_subtilis_168,gene_bc19abad5fae,0.95,high,stage iii sporulation protein ae,stage III sporulation protein (feeding tube apparatus),1
Bacillus_subtilis_168,gene_65fdeb1ad4bc,0.95,high,stage iii sporulation protein ad,stage III sporulation protein (feeding tube apparatus),1
Bacillus_subtilis_168,gene_bb23d7d5bc81,1.0,high,biotin carboxyl carrier protein of acetyl-coa carboxylase,acetyl-CoA carboxylase subunit (biotin carboxyl carrier subunit),1
Bacillus_subtilis_168,gene_d8989d6f0cac,1.0,high,stage iii sporulation protein ab,stage III sporulation protein (feeding tube apparatus),1
Bacillus_subtilis_168,gene_c90a7c2b34d4,0.808,high,phosphate butyryltransferase,phosphate BCFA and butyryl coenzyme A transferase,0
Bacillus_subtilis_168,gene_bb6fb5cbbd5d,1.0,high,stage iii sporulation protein aa,ATP-binding stage III sporulation protein,1
Bacillus_subtilis_168,gene_5199338cbdd4,1.0,high,3-dehydroquinate dehydratase,"3-dehydroquinate dehydratase, type II",1
Bacillus_subtilis_168,gene_90f79a2cd5f0,0.95,high,stage iii sporulation protein af,stage III sporulation protein (feeding tube apparatus),1
Bacillus_subtilis_168,gene_6cc91781d6a6,1.0,high,hth-type transcriptional regulator mntr,"transcriptional regulator (hydrogen peroxide sensing, allosterically regulated by Mn2+)",0
Bacillus_subtilis_168,gene_3c237da7bc38,1.0,high,glycine dehydrogenase (decarboxylating) subunit 2,glycine decarboxylase (subunit 2) (glycine cleavage system protein P),0
Bacillus_subtilis_168,gene_3d7153e764ac,1.0,high,octanoyltransferase lipm,protein octanoyltransferase,1
Bacillus_subtilis_168,gene_5d316b5de338,1.0,high,aminomethyltransferase,aminomethyltransferase (glycine cleavage system protein T),1
Bacillus_subtilis_168,gene_3ed8bb442585,1.0,high,glycine dehydrogenase (decarboxylating) subunit 1,glycine decarboxylase (subunit 1) (glycine cleavage system protein P),0
Bacillus_subtilis_168,gene_0d2f1ee0ff3a,0.95,high,stage iii sporulation protein ac,stage III sporulation protein (feeding tube apparatus),1
Bacillus_subtilis_168,gene_ae968444b1b7,0.9106,high,hth-type transcriptional regulator sinr,master regulator of biofilm formation,0
Bacillus_subtilis_168,gene_e33cae3005e8,0.95,high,major biofilm matrix component,major biofilm matrix component,1
Bacillus_subtilis_168,gene_9cc43540f42a,1.0,high,signal peptidase i w,type I signal peptidase,1
Bacillus_subtilis_168,gene_d88f391601b8,0.95,high,forespore factor spoiiil,factor involved in sporulation,0
Bacillus_subtilis_168,gene_06a533a3d405,0.95,high,competence protein comgg,component of the DNA transport pilin platform,0
Bacillus_subtilis_168,gene_8277f9ca6099,1.0,high,competence protein comgf,component of the DNA transport pilin platform,0
Bacillus_subtilis_168,gene_d032b8ebc180,1.0,high,competence protein comgc,pilin-like component of the DNA transport membrane pilin platform,0
Bacillus_subtilis_168,gene_564519aed6de,0.95,high,comg operon protein 2,membrane pilin platform component of the DNA transport machinery,0
Bacillus_subtilis_168,gene_9e617e5cad7e,1.0,high,elongation factor p,elongation factor P,1
Bacillus_subtilis_168,gene_544e1c1bbe7a,1.0,high,magnesium transport protein cora,CorA-type divalent ion transporter,0
Bacillus_subtilis_168,gene_2ef77938ecd1,0.95,high,tasa anchoring/assembly protein,lipoprotein for biofilm formation,0
Bacillus_subtilis_168,gene_efdd05090201,1.0,high,rsbt co-antagonist protein rsbrd,component of the anxiosome (stressosome),0
Bacillus_subtilis_168,gene_a7fb8b0f912a,1.0,high,regulatory protein mgsr,transcriptional regulator of stress,0
Bacillus_subtilis_168,gene_83bd666c9f06,0.95,high,protein sini,antagonist of SinR,0
Bacillus_subtilis_168,gene_5c57d1531405,1.0,high,acetyl-coa acetyltransferase,degradative acetoacetyl-CoA thiolase,0
Bacillus_subtilis_168,gene_47654066707d,0.8421,high,lipoteichoic acid synthase-like yqgs,enzyme responsible for polyglycerolphosphate LTA synthesis,0
Bacillus_subtilis_168,gene_1c335dbb5288,1.0,high,large ribosomal subunit protein bl33a,ribosomal protein L33,0
Bacillus_subtilis_168,gene_c6a141d00b6f,1.0,high,phosphate import atp-binding protein pstb 1,phosphate ABC transporter (ATP-binding protein),1
Bacillus_subtilis_168,gene_21a2047b3c01,0.7002,moderate,abc transporter permease protein yqgi,phosphate ABC transporter (permease),1
Bacillus_subtilis_168,gene_1b1a544b49b6,1.0,high,phosphate-binding protein psts,phosphate ABC transporter (phosphate binding lipoprotein),0
Bacillus_subtilis_168,gene_c7cf46f2bf58,1.0,high,superoxide dismutase,superoxide dismutase (Mn[2+]-dependent),1
Bacillus_subtilis_168,gene_75ffca399e62,0.8107,high,rhomboid protease glup,membrane endopeptidase,0
Bacillus_subtilis_168,gene_2a823bf3f87e,1.0,high,cell wall-binding protein yqga,cell wall protein,1
Bacillus_subtilis_168,gene_356070009f57,1.0,high,4-hydroxy-3-methylbut-2-en-1-yl diphosphate synthase (flavodoxin),4-hydroxy-3-methylbut-2-en-1-yl diphosphate synthase (1-hydroxy-2-methyl-2-(E)-butenyl 4-diphosphate synthase),1
Bacillus_subtilis_168,gene_6bfb639697a2,1.0,high,zinc-specific metallo-regulatory protein,transcriptional regulator (Zn[2+]-binding Fur family),0
Bacillus_subtilis_168,gene_2558cbc9e82f,1.0,high,penicillin-binding protein 2a,transpeptidase (penicillin-binding protein 2A),1
Bacillus_subtilis_168,gene_03ad83d864e9,0.9801,high,dna repair protein recn,factor for double strand breaks DNA repair and genetic recombination,0
Bacillus_subtilis_168,gene_94328d9da913,0.9004,high,dead-box atp-dependent rna helicase cshb,ATP-dependent RNA helicase; cold shock,1
Bacillus_subtilis_168,gene_46632ccdf1bc,1.0,high,phosphate import atp-binding protein pstb 2,phosphate ABC transporter (ATP-binding protein),1
Bacillus_subtilis_168,gene_0677585cf855,0.95,high,trna (adenine(22)-n(1))-methyltransferase,tRNA (adenine(22)-N(1))-methyltransferase,1
Bacillus_subtilis_168,gene_60bab11c07d3,0.8444,high,abc transporter permease protein yqgh,phosphate ABC transporter (permease),1
Bacillus_subtilis_168,gene_6b812b5edcde,1.0,high,rna polymerase sigma factor siga,RNA polymerase major sigma-43 factor (sigma-A),1
Bacillus_subtilis_168,gene_599cfabbc27a,1.0,high,4-hydroxy-3-methylbut-2-enyl diphosphate reductase,1-hydroxy-2-methyl-2-(E)-butenyl 4-diphosphate reductase,1
Bacillus_subtilis_168,gene_e0c3917c5916,0.95,high,cytochrome c-550,cytochrome c550,0
Bacillus_subtilis_168,gene_2d1ee56fad4e,1.0,high,transcriptional repressor ccpn,negative regulator of gluconeogenesis,0
Bacillus_subtilis_168,gene_700647c3ca8d,1.0,high,pyruvate,bifunctional ADP-dependent kinase-Pi-dependent pyrophosphorylase / positive regulator of gluconeogenesis,0
Bacillus_subtilis_168,gene_0576014a94f5,1.0,high,glycine--trna ligase alpha subunit,glycyl-tRNA synthetase (alpha subunit),0
Bacillus_subtilis_168,gene_0c8e58251d22,1.0,high,dna repair protein reco,DNA double strand break repair and homologous recombination factor,0
Bacillus_subtilis_168,gene_98c0d3a58634,0.8355,high,dna primase,DNA primase,1
Bacillus_subtilis_168,gene_2e5fba711957,1.0,high,undecaprenol kinase,undecaprenol kinase,1
Bacillus_subtilis_168,gene_41b785ac608e,1.0,high,endoribonuclease ybey,endonuclease involved in 70S ribosomes quality control,0
Bacillus_subtilis_168,gene_319cd4ffbea3,1.0,high,cytidine deaminase,cytidine/deoxycytidine deaminase,1
Bacillus_subtilis_168,gene_211e1c80c9a6,1.0,high,phoh-like protein,phosphate starvation-induced protein,0
Bacillus_subtilis_168,gene_68933d9da047,0.9905,high,glucokinase,glucose kinase,0
Bacillus_subtilis_168,gene_b753071e359f,1.0,high,flotillin-like protein floa,flotillin-like protein involved in membrane lipid rafts,0
Bacillus_subtilis_168,gene_ecd09a2b50fd,1.0,high,small ribosomal subunit protein bs21,ribosomal protein S21,0
Bacillus_subtilis_168,gene_fefaeceb574b,0.7006,moderate,ribosomal rna small subunit methyltransferase e,methylase of U1498 in 16S rRNA,0
Bacillus_subtilis_168,gene_535e80760dbd,1.0,high,ribosomal protein l11 methyltransferase,ribosomal protein L11 methyltransferase,1
Bacillus_subtilis_168,gene_42055587927a,1.0,high,competence protein comga,membrane associated ATPase of the pilin platform for DNA competence,0
Bacillus_subtilis_168,gene_a7c53fd0f8d4,0.8509,high,glycine--trna ligase beta subunit,glycyl-tRNA synthetase (beta subunit),0
Bacillus_subtilis_168,gene_4485a443631b,1.0,high,protein grpe,nucleotide exchange factor for DnaK activity,0
Bacillus_subtilis_168,gene_60a7ad92cfb2,1.0,high,heat-inducible transcription repressor hrca,transcriptional regulator of heat-shock genes,0
Bacillus_subtilis_168,gene_0fe0b446b6fe,0.95,high,stage ii sporulation protein p,spore autolysin (stage II sporulation),1
Bacillus_subtilis_168,gene_e3e2e254c112,0.771,moderate,heme chaperone hemw,coproporphyrinogen III oxidase,0
Bacillus_subtilis_168,gene_ddd896703a0e,1.0,high,small ribosomal subunit protein bs20,ribosomal protein S20 (BS20),1
Bacillus_subtilis_168,gene_ef12555a3cc4,0.95,high,dna polymerase iii subunit delta,DNA polymerase clamp loader delta subunit,1
Bacillus_subtilis_168,gene_75fa61ed076f,1.0,high,germination protease,spore germination protease,1
Bacillus_subtilis_168,gene_a8082eeeaf3d,1.0,high,come operon protein 2,dCMP deaminase associated to DNA transport (competence),0
Bacillus_subtilis_168,gene_1a8647149604,1.0,high,come operon protein 1,membrane bound high-affinity DNA-binding receptor,0
Bacillus_subtilis_168,gene_1a4428710a7b,0.8707,high,ribosomal silencing factor rsfs,ribosomal silencing factor,1
Bacillus_subtilis_168,gene_854b6f8e53d5,1.0,high,nicotinate-nucleotide adenylyltransferase,nicotinate-nucleotide adenylyltransferase,1
Bacillus_subtilis_168,gene_180e553055db,1.0,high,elongation factor 4,"ribosomal elongation factor, GTPase",1
Bacillus_subtilis_168,gene_108d6d423666,0.9133,high,shikimate dehydrogenase (nadp(+)),shikimate 5-dehydrogenase,1
Bacillus_subtilis_168,gene_764835cdc001,1.0,high,chaperone protein dnak,"molecular chaperone, ATP-dependent",0
Bacillus_subtilis_168,gene_ce5213519576,0.944,high,phosphatidylglycerophosphatase pgpp,phosphatase (active on GMP and Glc-6-P),0
Bacillus_subtilis_168,gene_ee90574ccd22,1.0,high,chaperone protein dnaj,co-factor of molecular chaperone,0
Bacillus_subtilis_168,gene_6a2503ffbfca,1.0,high,cyclic-di-amp phosphodiesterase pgph,c-di-AMP-degrading phosphodiesterases,0
Bacillus_subtilis_168,gene_43eddc65dc34,1.0,high,rna-binding protein yqei,50S RNA-binding protein,1
Bacillus_subtilis_168,gene_ddd4ce64094c,1.0,high,arsenate reductase,thioredoxin-coupled arsenate reductase; skin element,1
Bacillus_subtilis_168,gene_30677b2bcd6e,1.0,high,arsenite resistance protein arsb,arsenite efflux transporter; skin element,0
Bacillus_subtilis_168,gene_6d8329b5126e,1.0,high,Replication-related protein,tRNA N(6)-threonylcarbamoyladenosine (t(6)A) methylthiotransferase,0
Bacillus_subtilis_168,gene_1c78eb40963d,1.0,high,arsenical resistance operon repressor,transcriptional regulator (ArsR-arsenate); skin element,0
Bacillus_subtilis_168,gene_2ef80bc9ed40,1.0,high,n-acetylmuramoyl-l-alanine amidase cwlh,N-acetylmuramoyl-L-alanine amidase,1
Bacillus_subtilis_168,gene_9afaa3668163,1.0,high,toxin yqcg,phage ribonuclease toxin; skin element,0
Bacillus_subtilis_168,gene_22b17b965a1c,0.7816,moderate,response regulator aspartate phosphatase e,response regulator aspartate phosphatase; skin element,1
Bacillus_subtilis_168,gene_03488d40ba85,1.0,high,dna recombinase,site-specific DNA recombinase; skin element,1
Bacillus_subtilis_168,gene_605dcfca83a7,1.0,high,come operon protein 3,DNA channel for uptake in competent cells,0
Bacillus_subtilis_168,gene_0729553da08d,0.95,high,toxin txpa,toxic peptide of toxin-antitoxin system; skin element,0
Bacillus_subtilis_168,gene_040e3aff2408,0.95,high,immunity protein yqcf,antitoxin factor of ribonuclease toxin RttG; skin element,0
Bacillus_subtilis_168,gene_52bc59306d8e,0.95,high,sporulation-specific extracellular nuclease,sporulation-specific matrix degrading exported DNase,0
Bacillus_subtilis_168,gene_02899a2c83e2,1.0,high,n-acetylmuramoyl-l-alanine amidase cwla,N-acetylmuramoyl-L-alanine amidase; skin element,1
Bacillus_subtilis_168,gene_ec449075f1ba,0.95,high,small protein yqah,skin element; factor binding to DnaA,0
Bacillus_subtilis_168,gene_732604db461b,1.0,high,protein psie homolog,phosphate starvation inducible protein,0
Bacillus_subtilis_168,gene_7fca276ba1be,0.9,high,spermine/spermidine n(1)-acetyltransferase,spermine/spermidine acetyltransferase,1
Bacillus_subtilis_168,gene_30a47604cc50,1.0,high,cadmium,potassium/proton-divalent cation antiporter,0
Bacillus_subtilis_168,gene_0e99a32b4487,0.9398,high,hth-type transcriptional regulator gltr,transcriptional regulator (LysR family),1
Bacillus_subtilis_168,gene_466009103018,1.0,high,hth-type transcriptional regulator czcr,transcriptional regulator (LysR family),1
Bacillus_subtilis_168,gene_f0760cf8df67,1.0,high,branched-chain amino acid transport protein azld,branched-chain amino acid / methionine exporter,1
Bacillus_subtilis_168,gene_342ac6d766a0,1.0,high,branched-chain amino acid transport protein azlc,branched-chain amino acid / methionine exporter,1
Bacillus_subtilis_168,gene_85fe6cafedfe,1.0,high,cytochrome p450,cytochrome P450,1
Bacillus_subtilis_168,gene_cdadabf9910b,1.0,high,multidrug-efflux transporter 2 regulator,transcriptional regulator (polyamine metabolism),0
Bacillus_subtilis_168,gene_79d3a42ff5d1,1.0,high,multidrug resistance protein 2,"efflux transporter (promiscuous, acetylated polyamines efflux)",0
Bacillus_subtilis_168,gene_8c7f26cf1bde,1.0,high,glutamate racemase 2,glutamate racemase,1
Bacillus_subtilis_168,gene_d8c00a7cd126,1.0,high,metal-binding protein yrpe,lipoprotein buffering protein for Zn2+ transport,0
Bacillus_subtilis_168,gene_c4432b3d49c8,1.0,high,rna polymerase sigma factor sigz,RNA polymerase ECF(extracytoplasmic function)-type sigma factor (sigma-Z),1
Bacillus_subtilis_168,gene_fb3e3947b32a,1.0,high,chitosanase,chitosanase,1
Bacillus_subtilis_168,gene_ae3707532e7e,0.6829,moderate,hth-type transcriptional regulator adhr,transcriptional regulator regulated by thiol-alkylation,0
Bacillus_subtilis_168,gene_677f072540d1,1.0,high,transcriptional regulator azlb,transcriptional repressor of the azlBCD operon,0
Bacillus_subtilis_168,gene_da55c4fdf30f,0.991,high,cysteine protease yraa,deglycase; general stress protecting enzyme; protects against methylglyoxal toxicity,0
Bacillus_subtilis_168,gene_c22260950951,1.0,high,fructose permease iid component,phosphotransferase system (PTS) fructose-specific enzyme IID component,0
Bacillus_subtilis_168,gene_9e10dab93705,1.0,high,pts system fructose-specific eiib component,phosphotransferase system (PTS) fructose-specific enzyme IIB component,1
Bacillus_subtilis_168,gene_9ed95ab78b54,1.0,high,pts system fructose-specific eiia component,phosphotransferase system (PTS) fructose-specific enzyme IIA component,1
Bacillus_subtilis_168,gene_0e3f06ead528,0.8782,high,isomerase yram,aconitate isomerase,0
Bacillus_subtilis_168,gene_627c4ba066d4,1.0,high,amino-acid permease aapa,small amino acid permease,1
Bacillus_subtilis_168,gene_c91b0af53f83,1.0,high,Replication-related protein,low-affinity branched-chain amino acid transporter,0
Bacillus_subtilis_168,gene_cbe6ae3b5cb6,0.7881,moderate,rna polymerase sigma factor sigv,RNA polymerase ECF(extracytoplasmic function)-type sigma factor (sigma(V)),1
Bacillus_subtilis_168,gene_c45ff5258155,1.0,high,transcriptional regulatory protein levr,transcriptional regulator (NifA/NtrC family),0
Bacillus_subtilis_168,gene_c16dde465dd0,0.958,high,peptidoglycan o-acetyltransferase yrhl,peptidoglycan O-acetyltransferase,1
Bacillus_subtilis_168,gene_ce23d4d7d250,0.859,high,hth-type transcriptional repressor fatr,transcriptional regulator for cypB,0
Bacillus_subtilis_168,gene_0dea629ecba4,1.0,high,o-acetylserine dependent cystathionine beta-synthase,cystathionine beta-synthase for the reverse transsulfuration pathway,0
Bacillus_subtilis_168,gene_682a2b87e953,1.0,high,transcription elongation factor grea,transcription elongation factor resolving backtracking / stalling,1
Bacillus_subtilis_168,gene_9f2b659adc95,1.0,high,uridine kinase,uridine kinase,1
Bacillus_subtilis_168,gene_8f491cdacbc8,1.0,high,levanase,levanase,1
Bacillus_subtilis_168,gene_88dfdfa9008b,1.0,high,penicillin-binding protein 4b,penicillin-binding protein PBP4B,1
Bacillus_subtilis_168,gene_891731271e64,1.0,high,pre-16s rrna nuclease,pre-16S ribosomal RNA maturation enzyme,0
Bacillus_subtilis_168,gene_b7c815d7ad8f,1.0,high,cystathionine gamma-lyase,cystathionine gamma-lyase and homocysteine gamma-lyase for reverse transsulfuration pathway,1
Bacillus_subtilis_168,gene_8cdbcea67965,1.0,high,fructose permease iic component,phosphotransferase system (PTS) fructose-specific enzyme IIC component,0
Bacillus_subtilis_168,gene_575fc3d2cbb9,1.0,high,glutamine transport atp-binding protein glnq,glutamine ABC transporter (ATP-binding protein),1
Bacillus_subtilis_168,gene_c0ade58fa0f8,1.0,high,abc transporter glutamine-binding protein glnh,glutamine ABC transporter (glutamine-binding lipoprotein),1
Bacillus_subtilis_168,gene_166c688dca7d,0.7252,moderate,glutamine abc transporter permease protein glnm,glutamine ABC transporter (permease),1
Bacillus_subtilis_168,gene_948c41926261,0.7376,moderate,glutamine abc transporter permease protein glnp,glutamine ABC transporter (permease),1
Bacillus_subtilis_168,gene_4bbad4a9fbe3,1.0,high,alanine--trna ligase,alanyl-tRNA synthetase,0
Bacillus_subtilis_168,gene_7339b455c0db,1.0,high,trna-specific 2-thiouridylase mnma,tRNA-specific 2-thiouridylase,1
Bacillus_subtilis_168,gene_99547710c5cc,0.9059,high,hth-type transcriptional regulator cymr,transcriptional regulator of cysteine biosynthesis,0
Bacillus_subtilis_168,gene_66cdec30ebd0,1.0,high,replication-associated recombination protein a,DNA-dependent ATPase active at replication forks,0
Bacillus_subtilis_168,gene_a7457f101b55,0.9126,high,atp-dependent recd2 dna helicase,5'-3' helicase associated to SSB; exonuclease V,0
Bacillus_subtilis_168,gene_f1b7af09c98b,0.95,high,anti-sigma-v factor rsiv,anti-sigma(V) factor,1
Bacillus_subtilis_168,gene_a6d8caafcedc,1.0,high,gtp pyrophosphokinase,GTP pyrophosphokinase (RelA/SpoT),1
Bacillus_subtilis_168,gene_2ec734a5114b,1.0,high,histidine--trna ligase,histidyl-tRNA synthetase,0
Bacillus_subtilis_168,gene_3e86733cbf56,1.0,high,aspartate--trna(asp/asn) ligase,"aspartyl-tRNA synthetase, promiscuous (also recognizes tRNAasn)",0
Bacillus_subtilis_168,gene_3bf42b46e76d,0.95,high,post-transcriptional regulator comn,post-transcriptional regulator,1
Bacillus_subtilis_168,gene_7f99e777abbb,1.0,high,adenine phosphoribosyltransferase,adenine phosphoribosyltransferase,1
Bacillus_subtilis_168,gene_442f3cd0f375,1.0,high,sec translocon accessory complex subunit yrbf,component of the preprotein translocase,0
Bacillus_subtilis_168,gene_e04d57db9a14,1.0,high,s-adenosylmethionine:trna ribosyltransferase-isomerase,S-adenosylmethionine tRNA ribosyltransferase-isomerase,1
Bacillus_subtilis_168,gene_82635431a76d,1.0,high,stage v sporulation protein b,involved in spore cortex synthesis (stage V sporulation); translocase with flippase function for peptidoglycan synthesis,1
Bacillus_subtilis_168,gene_1cff50f5ec17,1.0,high,holliday junction branch migration complex subunit ruva,Holliday junction DNA helicase,0
Bacillus_subtilis_168,gene_614cfbabd75b,0.95,high,protein bofc,"bypass of forespore C, intercompartmental signaling factor",0
Bacillus_subtilis_168,gene_ba506f544347,1.0,high,cysteine desulfurase iscs 1,cysteine desulfurase involved in U34 tRNA thiolation,0
Bacillus_subtilis_168,gene_10917a545284,0.8902,high,trna threonylcarbamoyladenosine dehydratase,tRNA threonylcarbamoyladenosine dehydratase (t(6)A37 dehydratase),1
Bacillus_subtilis_168,gene_db911cc1a3ab,1.0,high,queuine trna-ribosyltransferase,tRNA-guanine transglycosylase,0
Bacillus_subtilis_168,gene_ee5662f392c7,1.0,high,sporulation cortex protein coxa,spore germination protein,0
Bacillus_subtilis_168,gene_969208e298c2,0.95,high,spore coat morphogenetic protein safa,morphogenetic protein associated with SpoVID,0
Bacillus_subtilis_168,gene_3f3993d71841,1.0,high,inactive d-aminoacyl-trna deacylase,gly-tRNA(Ala) deacylase / D-Tyr-tRNATyr deacylase,0
Bacillus_subtilis_168,gene_85471ef46a6c,0.9178,high,nicotinate-nucleotide pyrophosphorylase,nicotinate-nucleotide pyrophosphorylase (quinolinate phosphoribosyltransferase),1
Bacillus_subtilis_168,gene_078274009e94,1.0,high,sodium/proton-dependent alanine carrier protein yrbd,sodium/proton-dependent alanine transporter,1
Bacillus_subtilis_168,gene_2674928febe8,1.0,high,protein translocase subunit secdf,protein-export membrane protein,0
Bacillus_subtilis_168,gene_05b3d5f92a68,1.0,high,transcription repressor nadr,transcriptional repressor of de novo NAD biosynthesis,0
Bacillus_subtilis_168,gene_89520cb9798b,1.0,high,prephenate dehydratase,prephenate dehydratase,1
Bacillus_subtilis_168,gene_c0d24a227c82,1.0,high,upf0735 act domain-containing protein yszb,transcriptional repressor of operons hom-thrCB and thrD,0
Bacillus_subtilis_168,gene_41744cd6e5b8,0.95,high,sporulation initiation phosphotransferase b,sporulation initiation phosphotransferase,1
Bacillus_subtilis_168,gene_86a9b6ff9858,0.8176,high,ribosomal processing cysteine protease prp,ribosomal protein L27 specific N-terminal end cysteine protease,0
Bacillus_subtilis_168,gene_b87071557e7f,1.0,high,large ribosomal subunit protein bl21,ribosomal protein L21 (BL20),0
Bacillus_subtilis_168,gene_037b8109c0af,0.95,high,stage iv sporulation protein fb,membrane metalloprotease [proteolysis of pro-sigma(K)],0
Bacillus_subtilis_168,gene_5061f0ac32d6,1.0,high,large ribosomal subunit protein bl27,ribosomal protein L27 (BL24),0
Bacillus_subtilis_168,gene_17478f9c44e0,1.0,high,septum site-determining protein mind,ATPase activator of MinC,0
Bacillus_subtilis_168,gene_9dc49683cb6d,1.0,high,septum site-determining protein minc,cell-division regulator (septum placement),0
Bacillus_subtilis_168,gene_d5cc038784e2,0.789,moderate,l-aspartate oxidase,L-aspartate oxidase,1
Bacillus_subtilis_168,gene_732df558e25c,1.0,high,cell shape-determining protein mrec,cell-shape determining protein,1
Bacillus_subtilis_168,gene_37cc6321fb87,0.7101,moderate,single-stranded-dna-specific exonuclease recj,single-strand DNA-specific exonuclease,1
Bacillus_subtilis_168,gene_c90c4377b7cc,1.0,high,upf0758 protein ysxa,conserved nucleotide-related metabolism protein,0
Bacillus_subtilis_168,gene_e6613af888c0,0.9866,high,dttp/utp pyrophosphatase,nucleoside triphosphate pyrophosphatase; septum formation DNA-binding protein (multicopy associated filamentation),0
Bacillus_subtilis_168,gene_762fdafd16f8,1.0,high,stage iv sporulation protein fa,regulator of SpoIVFB (stage IV sporulation),1
Bacillus_subtilis_168,gene_1c0058fa960a,1.0,high,prepilin leader peptidase/n-methyltransferase,membrane prepilin peptidase,1
Bacillus_subtilis_168,gene_709534378d7d,1.0,high,quinolinate synthase,quinolinate synthetase,0
Bacillus_subtilis_168,gene_3062cd6bf433,1.0,high,cell shape-determining protein mreb,cell-shape determining protein,1
Bacillus_subtilis_168,gene_b5ced5c004a3,0.95,high,rod shape-determining protein mred,cell-shape determining protein,1
Bacillus_subtilis_168,gene_660f8eaf6dd4,1.0,high,delta-aminolevulinic acid dehydratase,delta-aminolevulinic acid dehydratase (porphobilinogen synthase),1
Bacillus_subtilis_168,gene_06dd9aa49c80,1.0,high,protein hemx,negative effector of the concentration of glutamyl-tRNA reductase HemA,0
Bacillus_subtilis_168,gene_5b1726d23ced,1.0,high,glutamyl-trna reductase,glutamyl-tRNA reductase,1
Bacillus_subtilis_168,gene_4183833883ff,1.0,high,porphobilinogen deaminase,porphobilinogen deaminase (hydroxymethylbilane synthase),1
Bacillus_subtilis_168,gene_2e8725053781,0.8866,high,dihydrofolate synthase/folylpolyglutamate synthase,folyl-polyglutamate synthase,0
Bacillus_subtilis_168,gene_ff1a26c386e3,1.0,high,atp-dependent clp protease atp-binding subunit clpx,protein unfolding ATPase required for presentation of proteins to proteases; Maxwell's demon,0
Bacillus_subtilis_168,gene_91ef4d62b28d,0.95,high,stage ii sporulation protein b,spatial and temporal regulator of the dissolution of septal peptidoglycan during engulfment (stage II sporulation),1
Bacillus_subtilis_168,gene_b0f439aee3e0,1.0,high,3-isopropylmalate dehydratase small subunit,3-isopropylmalate dehydratase (small subunit),1
Bacillus_subtilis_168,gene_e6b833f44813,1.0,high,cysteine desulfurase nifs,desulfurase involved in iron-sulfur clusters for NAD biosynthesis,0
Bacillus_subtilis_168,gene_8fc075884504,0.95,high,spore coat morphogenetic protein spovid,morphogenetic spore protein (stage VI sporulation),0
Bacillus_subtilis_168,gene_a8842576c3ed,1.0,high,2-isopropylmalate synthase,2-isopropylmalate synthase,1
Bacillus_subtilis_168,gene_ccc4778a93e6,0.8355,high,acetolactate synthase small subunit,acetohydroxy-acid synthase (small subunit),1
Bacillus_subtilis_168,gene_6afcde8d0e18,1.0,high,ketol-acid reductoisomerase (nadp(+)),acetohydroxy-acid isomeroreductase (NADP-dependent),0
Bacillus_subtilis_168,gene_8d6b00495310,1.0,high,ribonuclease ph,ribonuclease PH,1
Bacillus_subtilis_168,gene_1aea0c10329f,1.0,high,spore germination protein germ,"germination (cortex hydrolysis) and sporulation (stage II, multiple polar septa) lytic enzyme",0
Bacillus_subtilis_168,gene_9c96bc737f24,1.0,high,spore germination protein gere,transcriptional regulator required for the expression of late spore coat genes,0
Bacillus_subtilis_168,gene_60c6285468f3,0.8137,high,succinate dehydrogenase iron-sulfur subunit,succinate dehydrogenase (iron-sulfur protein),1
Bacillus_subtilis_168,gene_0252a61b5513,1.0,high,3-isopropylmalate dehydrogenase,3-isopropylmalate dehydrogenase,1
Bacillus_subtilis_168,gene_f401bd3ea022,0.95,high,succinate dehydrogenase cytochrome b558 subunit,succinate dehydrogenase (cytochrome b558 subunit),1
Bacillus_subtilis_168,gene_86a6016bb8e3,1.0,high,Metabolism-related protein,spore-specific ATP-dependent protease LonB,0
Bacillus_subtilis_168,gene_62b3f7d000d7,1.0,high,uvrabc system protein c,excinuclease ABC (subunit C),0
Bacillus_subtilis_168,gene_c1d4863f90ca,1.0,high,thioredoxin,thioredoxin,1
Bacillus_subtilis_168,gene_d42d21f930f0,1.0,high,intracellular exo-alpha-l-arabinofuranosidase 2,exo-alpha-L-arabinofuranosidase,1
Bacillus_subtilis_168,gene_e06323b4f841,1.0,high,glutamate racemase 1,glutamate racemase,1
Bacillus_subtilis_168,gene_8910389dbd13,1.0,high,electron transfer flavoprotein subunit beta,electron transfer flavoprotein (beta subunit),1
Bacillus_subtilis_168,gene_73845faec624,1.0,high,enoyl-coa hydratase,enoyl-CoA hydratase,1
Bacillus_subtilis_168,gene_422a27948056,1.0,high,trigger factor,prolyl isomerase (trigger factor),1
Bacillus_subtilis_168,gene_1b77f1bcce56,0.8948,high,long-chain-fatty-acid--coa ligase,long chain acyl-CoA ligase (degradative),1
Bacillus_subtilis_168,gene_5fdd644b21b0,0.8436,high,acetolactate synthase large subunit,acetohydroxy-acid synthase (large subunit),1
Bacillus_subtilis_168,gene_5c5052584c21,1.0,high,dna polymerase/3'-5' exonuclease polx,DNA polymerase/3'-5' exonuclease X,1
Bacillus_subtilis_168,gene_89f6ace5a8e9,1.0,high,cell division protein zapa,regulator of cell division,1
Bacillus_subtilis_168,gene_a1d5a3f014cd,1.0,high,ribonuclease hiii,ribonuclease HIII,1
Bacillus_subtilis_168,gene_36b5b60e18c3,1.0,high,valine--trna ligase,valyl-tRNA synthetase,0
Bacillus_subtilis_168,gene_5a1dda940e5d,1.0,high,phenylalanine--trna ligase alpha subunit,phenylalanyl-tRNA synthetase (alpha subunit),0
Bacillus_subtilis_168,gene_42b4e33b9b94,0.829,high,23s rrna (guanosine(2553)-2'-o)-methyltransferase rlmp,ribosomal RNA methylase,0
Bacillus_subtilis_168,gene_bab18789709d,1.0,high,small,small acid-soluble spore protein,1
Bacillus_subtilis_168,gene_c597196b8868,0.9653,high,ditp/xtp pyrophosphatase,"deoxyinosine/deoxyxanthosine triphosphate pyrophosphatase, promiscuous (subunit A)",0
Bacillus_subtilis_168,gene_54915fd78916,0.8696,high,glycolate oxidase subunit glcd,glycolate oxidase subunit,1
Bacillus_subtilis_168,gene_a602db3ebf23,1.0,high,aspartokinase 2,aspartokinase II alpha subunit (aa 1->408),1
Bacillus_subtilis_168,gene_aa43a6f496da,0.8616,high,succinate dehydrogenase flavoprotein subunit,succinate dehydrogenase (flavoprotein subunit),1
Bacillus_subtilis_168,gene_04ef6593efbc,0.8047,high,arabinooligosaccharides transport system permease protein araq,arabinose/arabinan permease,0
Bacillus_subtilis_168,gene_84d88620969a,0.9954,high,phenylalanine--trna ligase beta subunit,phenylalanyl-tRNA synthetase (beta subunit),0
Bacillus_subtilis_168,gene_c6cbc74ca7a2,1.0,high,glycerol-1-phosphate dehydrogenase,sn-glycerol-1-phosphate dehydrogenase [NAD+] (catabolic),1
Bacillus_subtilis_168,gene_8824ced62a91,1.0,high,intracellular exo-alpha-(1->5)-l-arabinofuranosidase 1,alpha-L-arabinofuranosidase,1
Bacillus_subtilis_168,gene_331f529ff957,1.0,high,l-ribulose-5-phosphate 4-epimerase,L-ribulose-5-phosphate 4-epimerase,1
Bacillus_subtilis_168,gene_f1ce6feb5806,1.0,high,l-arabinose isomerase,L-arabinose isomerase,1
Bacillus_subtilis_168,gene_e4821a8c2dd5,1.0,high,electron transfer flavoprotein subunit alpha,electron transfer flavoprotein (alpha subunit),1
Bacillus_subtilis_168,gene_d9d559084e86,1.0,high,extracellular endo-alpha-(1->5)-l-arabinanase 1,"arabinan-endo-1,5-alpha-L-arabinase",0
Bacillus_subtilis_168,gene_e6ba98c92bc3,1.0,high,large ribosomal subunit protein bl20,ribosomal protein L20,0
Bacillus_subtilis_168,gene_09a7011ecd6b,1.0,high,large ribosomal subunit protein bl35,ribosomal protein L35,0
Bacillus_subtilis_168,gene_e64836c6f334,1.0,high,translation initiation factor if-3,initiation factor IF-3,1
Bacillus_subtilis_168,gene_a507865e589c,1.0,high,antiholin-like protein lrgb,pyruvate import system subunit B,0
Bacillus_subtilis_168,gene_4b043c0f86d3,1.0,high,fatty acid metabolism regulator protein,transcriptional regulator of fatty acids degradation [FadR-long-chain (C14-C20) acyl-CoAs],0
Bacillus_subtilis_168,gene_89b85302947c,0.9375,high,sensory transduction protein lytt,two-component response regulator [LytS],0
Bacillus_subtilis_168,gene_53686526ea64,0.9595,high,antiholin-like protein lrga,pyruvate uptake system subunit A,0
Bacillus_subtilis_168,gene_3ac7edc00512,0.8173,high,phosphoserine phosphatase,promiscuous phosphatase,0
Bacillus_subtilis_168,gene_d5667b8ca8fe,1.0,high,ribulokinase,L-ribulokinase,1
Bacillus_subtilis_168,gene_a66b451f96cf,0.9772,high,replicative helicase loader dnai,helicase loader,1
Bacillus_subtilis_168,gene_986cfb925ad5,1.0,high,sensor protein lyts,two-component sensor histidine kinase [LytT],0
Bacillus_subtilis_168,gene_8d3bf4f88bb8,1.0,high,transcriptional repressor nrdr,negative regulator of transcription of ribonucleotide reductase nrd genes and operons,0
Bacillus_subtilis_168,gene_af3975c07d6e,1.0,high,s-adenosylmethionine decarboxylase proenzyme,S-adenosylmethionine decarboxylase,1
Bacillus_subtilis_168,gene_9f844dbc1f70,1.0,high,glyceraldehyde-3-phosphate dehydrogenase 2,"glyceraldehyde-3-phosphate dehydrogenase (NADP-dependent, gluconeogenesis)",1
Bacillus_subtilis_168,gene_1c908701c86e,1.0,high,glycolate oxidase iron-sulfur subunit,glycolate oxidase (iron-sulfur subunit),1
Bacillus_subtilis_168,gene_93ef8a28020c,1.0,high,dephospho-coa kinase,dephosphocoenzyme A kinase,0
Bacillus_subtilis_168,gene_611d979c1ee1,1.0,high,sporulation protein ytaf,membrane calmodulin-like protein essential for stage III sporulation,0
Bacillus_subtilis_168,gene_7edf6c1f00b6,1.0,high,formamidopyrimidine-dna glycosylase,formamidopyrimidine-DNA glycosylase; 5-hydroxymethyl-uracil DNA-glycosylase,1
Bacillus_subtilis_168,gene_d308a00816d3,0.7123,moderate,alkaline phosphatase synthesis sensor protein phor,two-component sensor histidine kinase,0
Bacillus_subtilis_168,gene_306ec7405be5,1.0,high,malate dehydrogenase,malate dehydrogenase (NAD-dependent),1
Bacillus_subtilis_168,gene_7b2b5cc34c53,0.9852,high,citrate synthase 2,citrate synthase II,1
Bacillus_subtilis_168,gene_f7c73a961fea,1.0,high,dna polymerase i,DNA polymerase I,1
Bacillus_subtilis_168,gene_adba4c65e742,0.7967,moderate,peptide transporter csta,carbon starvation-induced membrane protein,0
Bacillus_subtilis_168,gene_2faa8d851ed2,1.0,high,atp-dependent 6-phosphofructokinase,6-phosphofructokinase,1
Bacillus_subtilis_168,gene_f3678a9ac0df,1.0,high,threonine--trna ligase 1,threonyl-tRNA synthetase,0
Bacillus_subtilis_168,gene_2438b1c65068,1.0,high,acetyl-coenzyme a carboxylase carboxyl transferase subunit beta,acetyl-CoA carboxylase (carboxyltransferase beta subunit),1
Bacillus_subtilis_168,gene_daaff694c85e,1.0,high,acetyl-coenzyme a carboxylase carboxyl transferase subunit alpha,acetyl-CoA carboxylase (carboxyltransferase alpha subunit),1
Bacillus_subtilis_168,gene_09d91e078928,0.95,high,replicative helicase loading/dna remodeling protein dnab,helicase loading protein; replication initiation membrane attachment protein,0
Bacillus_subtilis_168,gene_9278e0fa222d,0.95,high,sporulation membrane protein ytrh,membrane protein involved in a sporulation process,1
Bacillus_subtilis_168,gene_2ff73fcd5ecf,0.95,high,sporulation membrane protein ytri,protein involved in sporulation,0
Bacillus_subtilis_168,gene_401435c7cab3,1.0,high,pyruvate kinase,pyruvate kinase,1
Bacillus_subtilis_168,gene_1a36d01a4b50,0.8634,high,alkaline phosphatase synthesis transcriptional regulatory protein phop,two-component response regulator,0
Bacillus_subtilis_168,gene_7ec73fe6146e,1.0,high,n-acetyl-l-cysteine deacetylase,S-alkyl-N-acetyl-metabolite deacetylase,1
Bacillus_subtilis_168,gene_7748b29e16d9,1.0,high,n-acetyl-s-alkylcysteine sulfoxide monooxygenase,monooxygenase (S-alkyl substrates),0
Bacillus_subtilis_168,gene_c1279c124153,0.95,high,n-acetyl-s-hydroxy-l-cysteine reductase,redoxin,0
Bacillus_subtilis_168,gene_53ce70639b3f,0.8947,high,bifunctional oligoribonuclease and pap phosphatase nrna,"nanoRNase (oligoribonuclease) (3'->5'short substrates, 5'->3' long substrates), 3',5'-bisphosphate nucleotidase",0
Bacillus_subtilis_168,gene_fa20e5802e41,0.9056,high,l-cystine transport system permease protein tcyl,sulfur-containing amino acid ABC transporter (permease),0
Bacillus_subtilis_168,gene_cda191ef5208,1.0,high,l-cystine-binding protein tcyk,sulfur-containing amino acid ABC transporter binding lipoprotein,0
Bacillus_subtilis_168,gene_653030eea010,1.0,high,l-cystine-binding protein tcyj,sulfur containing amino acid ABC transporter binding lipoprotein,0
Bacillus_subtilis_168,gene_249fbb7e2a37,1.0,high,isocitrate dehydrogenase,isocitrate dehydrogenase,1
Bacillus_subtilis_168,gene_d2b2cf3e8164,0.672,moderate,hth-type transcriptional regulator ytli,transcriptional regulator of operon snaA-ytnM degrading cysteine-containing compounds (AscR-N-acetylcysteine),0
Bacillus_subtilis_168,gene_8f54dd8fe309,0.7802,moderate,rna-binding riboflavin kinase ribr,FMN-riboswitch-binding activator of rib genes,0
Bacillus_subtilis_168,gene_40e8bbd8bcb2,1.0,high,argininosuccinate lyase,argininosuccinate lyase,1
Bacillus_subtilis_168,gene_bc73cb248784,0.7508,moderate,s-alkylcysteine n-acetyltransferase,N-acetyltransferase acting on sulfur compounds,0
Bacillus_subtilis_168,gene_327e7717de88,1.0,high,acetate kinase,acetate kinase,1
Bacillus_subtilis_168,gene_c7c883463ee9,1.0,high,thiol peroxidase,thiol peroxidase (lipid hydroperoxide reductase),1
Bacillus_subtilis_168,gene_d41d1a3bcaf8,1.0,high,n-acetyl-s-alkylcysteine monooxygenase,monooxygenase (S-alkyl substrates),0
Bacillus_subtilis_168,gene_a7d28f68218e,1.0,high,signal peptide peptidase sppa,signal peptide peptidase,1
Bacillus_subtilis_168,gene_d82edc3e609c,1.0,high,l-cystine import atp-binding protein tcyn,sulfur-containing amino-acid ABC transporter (ATP-binding protein),0
Bacillus_subtilis_168,gene_b57bbc58da6f,0.9815,high,nad kinase 2,inorganic polyphosphate/ATP-NAD kinase,1
Bacillus_subtilis_168,gene_99e951338c42,1.0,high,cysteine desulfurase iscs 2,cysteine desulfurase,1
Bacillus_subtilis_168,gene_592cdc304861,1.0,high,bifunctional malic/malolactic enzyme,"NADP-dependent malic enzyme (conversion of malate into pyruvate, anabolic)",0
Bacillus_subtilis_168,gene_87542785cc25,1.0,high,histidinol-phosphatase,histidinol phosphate phosphatase,1
Bacillus_subtilis_168,gene_3bb6dfaeca3a,1.0,high,hth-type transcriptional regulator yttp,regulator of FtsZ defining the chromosome region captured in the forespore,0
Bacillus_subtilis_168,gene_4da605195949,1.0,high,protein ytsp,free methionine-(R)-sulfoxide reductase,0
Bacillus_subtilis_168,gene_241ecf173543,1.0,high,small,small acid-soluble spore protein (alpha-type SASP),1
Bacillus_subtilis_168,gene_ad3af18c37c7,1.0,high,small ribosomal subunit protein us4,ribosomal protein S4 (BS4),0
Bacillus_subtilis_168,gene_bf950df275ef,1.0,high,tyrosine--trna ligase 1,tyrosyl-tRNA synthetase,0
Bacillus_subtilis_168,gene_13838ab62362,0.95,high,acetoin utilization protein acua,protein acetyltransferase (acetylates AcsA),0
Bacillus_subtilis_168,gene_8de6e2b4c232,1.0,high,acetoin utilization protein acub,component of the acetyl-coenzyme A synthetase regulation pathway,0
Bacillus_subtilis_168,gene_12b170780bff,1.0,high,trna sulfurtransferase,persulfide ATP pyrophosphatase involved in tRNA modification,0
Bacillus_subtilis_168,gene_3bb0ee4dc195,0.95,high,spore protein gerw,germination-associated protein,0
Bacillus_subtilis_168,gene_b55f9d6aa3c9,1.0,high,protein aroa(g),bifunctional chorismate mutase type II-isozyme 3 (regulatory domain); 3-deoxy-D-arabino-heptulosonate 7-phosphate synthase,0
Bacillus_subtilis_168,gene_432c305760d5,1.0,high,monothiol bacilliredoxin brxc,bacilliredoxin involved in debacillithiolation,0
Bacillus_subtilis_168,gene_9bdad67e891f,1.0,high,upf0478 protein ytxg,general stress protein,0
Bacillus_subtilis_168,gene_cb941eb01c23,0.8227,high,nad-independent protein lysine deacetylase,protein deacetylase (regulates AcsA activity),0
Bacillus_subtilis_168,gene_80c2f4b8e2d1,0.7915,moderate,dna polymerase iii subunit alpha,"DNA polymerase III (alpha subunit), DnaE3",1
Bacillus_subtilis_168,gene_14903f2ab36f,1.0,high,catabolite control protein a,transcriptional regulator of catabolite repression (Lacl family),0
Bacillus_subtilis_168,gene_9975f55745d1,0.9014,high,acetyl-coenzyme a synthetase,acetyl-CoA synthetase,1
Bacillus_subtilis_168,gene_d3d4116b6b0f,1.0,high,nad-dependent malic enzyme 3,NAD-dependent malic enzyme (conversion of malate into pyruvate),1
Bacillus_subtilis_168,gene_4070db18bd46,1.0,high,dna translocase sfta,DNA translocase,1
Bacillus_subtilis_168,gene_a5a8b5d8dbfe,1.0,high,diguanylate cyclase dgcp,diguanylate cyclase,1
Bacillus_subtilis_168,gene_3abe422b8a65,0.8106,high,guanine/hypoxanthine permease pbuo,hypoxanthine/guanine permease,1
Bacillus_subtilis_168,gene_2e29ce8a5913,1.0,high,pullulanase,pullulanase,1
Bacillus_subtilis_168,gene_f539f860040d,1.0,high,argininosuccinate synthase,argininosuccinate synthase,1
Bacillus_subtilis_168,gene_41ddbd1ae0e4,1.0,high,glycine betaine transporter opud,glycine betaine transporter,1
Bacillus_subtilis_168,gene_8edc8ca9fb74,1.0,high,sporulation protein cse60,conserved sporulation-related protein,1
Bacillus_subtilis_168,gene_7ae4edcbdd70,0.95,high,lipoprotein ytes,lipoprotein required for rhamnogalaturonan transport and degradation,0
Bacillus_subtilis_168,gene_c991c3283173,0.95,high,unsaturated rhamnogalacturonyl hydrolase yter,unsaturated rhamnogalacturonyl hydrolase,1
Bacillus_subtilis_168,gene_f9fcdbf2bd85,1.0,high,lipid ii flippase murj,lipid II flippase,1
Bacillus_subtilis_168,gene_60d65d779ac3,1.0,high,trna (guanine-n(7)-)-methyltransferase,tRNA (guanine-N(7)-)-methyltransferase,1
Bacillus_subtilis_168,gene_cc155684eca8,1.0,high,biotin synthase,biotin synthase,1
Bacillus_subtilis_168,gene_29f27ecc0285,1.0,high,atp-dependent dethiobiotin synthetase biod,dethiobiotin synthetase,1
Bacillus_subtilis_168,gene_c7349a12d25f,1.0,high,8-amino-7-oxononanoate synthase 2,8-amino-7-oxononanoate synthase (pimeloyl-CoA-dependent),1
Bacillus_subtilis_168,gene_b333ecdacea7,1.0,high,6-carboxyhexanoate--coa ligase,6-carboxyhexanoate-CoA ligase (pimeloyl-CoA synthase),1
Bacillus_subtilis_168,gene_2e32f0c5f945,0.8646,high,hth-type transcriptional repressor melr,transcriptional regulator (LacI family),0
Bacillus_subtilis_168,gene_62a6add6f6a5,1.0,high,upf0354 protein ytpq,conserved protein of unknown function (iron homeostasis),0
Bacillus_subtilis_168,gene_1549d1cdb13d,0.7043,moderate,melibiose/raffinose/stachyose import permease protein meld,carbohydrate ABC transporter (permease),0
Bacillus_subtilis_168,gene_0a6a104f19ff,1.0,high,alpha-galactosidase,alpha-D-galactoside galactohydrolase,0
Bacillus_subtilis_168,gene_cc741a816c44,1.0,high,blue-light photoreceptor,blue light GTP-binding receptor,0
Bacillus_subtilis_168,gene_c3472ec1351e,1.0,high,biotin biosynthesis cytochrome p450,cytochrome P450 for pimelic acid formation for biotin biosynthesis,1
Bacillus_subtilis_168,gene_5a1db892bf23,1.0,high,Replication-related protein,maltose and multiple sugars ABC transporter (permease),0
Bacillus_subtilis_168,gene_fd25885e89bb,1.0,high,bacitracin export atp-binding protein bcea,bacitracin ABC efflux transporter (ATP-binding protein),1
Bacillus_subtilis_168,gene_d5f8b0bc1b8b,0.95,high,melibiose/raffinose/stachyose-binding protein mele,multiple sugar-binding lipoprotein,0
Bacillus_subtilis_168,gene_18e3446fce34,0.9342,high,sensory transduction protein bcer,two-component response regulator controlling resistance to antibiotics affecting the envelope [YtsB],0
Bacillus_subtilis_168,gene_f1c1c904e64f,1.0,high,leucine--trna ligase,leucyl-tRNA synthetase,0
Bacillus_subtilis_168,gene_748f7f23fae0,1.0,high,l-lysine--8-amino-7-oxononanoate transaminase,L-lysine-8-amino-7-oxononanoate aminotransferase,1
Bacillus_subtilis_168,gene_1576d3d1c734,0.775,moderate,abc transporter permease ytrd,"ABC transporter, permease component involved in resistance to cell wall inhibitors",0
Bacillus_subtilis_168,gene_bf333949e9eb,0.8438,high,bacitracin export permease protein bceb,ABC transporter (permease),0
Bacillus_subtilis_168,gene_4eee1c6d6773,0.8205,high,abc transporter atp-binding protein ytrb,ABC transporter (ATP-binding protein) involved in resistance to cell wall inhibitors,1
Bacillus_subtilis_168,gene_7f17f65d8a40,0.7684,moderate,hth-type transcriptional repressor ytra,"transcriptional regulator (GntR family, cell wall antibiotics)",0
Bacillus_subtilis_168,gene_4d3fd6c04c41,1.0,high,phospholipase ytpa,phospholipase component of bacilysocin synthesis or export,0
Bacillus_subtilis_168,gene_27bd5f9b351c,1.0,high,udp-n-acetylmuramate--l-alanine ligase,UDP-N-acetyl muramate-alanine ligase,1
Bacillus_subtilis_168,gene_15139f1afd2b,0.8209,high,asparagine synthetase 1,meso-diaminopimelic acid amidotransferase (asparagine synthetase),1
Bacillus_subtilis_168,gene_9ba57a07d5ca,0.7255,moderate,tetraprenyl-beta-curcumene synthase,tetraprenyl-beta-curcumene synthase,1
Bacillus_subtilis_168,gene_e5be4dd72942,1.0,high,phosphoenolpyruvate carboxykinase (atp),phosphoenolpyruvate carboxykinase,1
Bacillus_subtilis_168,gene_2ae181ad41d9,0.9835,high,abc transporter permease ytrc,"ABC transporter, permease component involved in resistance to cell wall inhibitors",0
Bacillus_subtilis_168,gene_1490ea8ed103,1.0,high,abc transporter permease ytrf,metabolite permease involved in resistance to cell wall inhibitors,0
Bacillus_subtilis_168,gene_158fa7f2b706,1.0,high,general stress protein 20u,"DNA-protecting protein, mini-ferritin",0
Bacillus_subtilis_168,gene_e01e68a80041,1.0,high,s-ribosylhomocysteine lyase,S-ribosylhomocysteine lyase,1
Bacillus_subtilis_168,gene_44ee3122cfc6,1.0,high,large ribosomal subunit protein bl31b,ribosomal protein L31,0
Bacillus_subtilis_168,gene_2281e1edae9c,0.9895,high,abc transporter atp-binding protein ytre,ABC transporter (ATP-binding protein) involved in resistance to cell wall inhibitors,1
Bacillus_subtilis_168,gene_560bae290e6c,0.7626,moderate,manganese transport system membrane protein mntd,manganese ABC transporter (permease),0
Bacillus_subtilis_168,gene_392cbf74a340,1.0,high,8-oxo-dgtp diphosphatase ytkd,nucleoside and RNA triphosphate phosphohydrolase,0
Bacillus_subtilis_168,gene_4fcb6b986603,1.0,high,manganese transport system atp-binding protein mntb,manganese ABC transporter (ATP-binding protein),1
Bacillus_subtilis_168,gene_87ecfa03fe3e,1.0,high,sensor protein bces,two-component sensor histidine kinase controlling resistance to antibiotics affecting the envelope [YtsA],0
Bacillus_subtilis_168,gene_2b6295ab51c6,1.0,high,2-succinylbenzoate--coa ligase,O-succinylbenzoic acid-CoA ligase,1
Bacillus_subtilis_168,gene_2aaf70b1a007,0.95,high,carbonic anhydrase ytib,carbonic anhydrase,1
Bacillus_subtilis_168,gene_394e82bd0add,0.95,high,2-succinyl-6-hydroxy-2,"2-succinyl-6-hydroxy-2, 4-cyclohexadiene-1-carboxylate synthase",1
Bacillus_subtilis_168,gene_2e3a838108cf,1.0,high,2-succinyl-5-enolpyruvyl-6-hydroxy-3-cyclohexene-1-carboxylate synthase,2-oxoglutarate decarboxylase and 2-succinyl-5-enolpyruvyl-6-hydroxy-3-cyclohexene-1- carboxylic-acid synthase,1
Bacillus_subtilis_168,gene_6d86931ba1cb,0.893,high,isochorismate synthase menf,menaquinone-specific isochorismate synthase,1
Bacillus_subtilis_168,gene_724d5a4621ca,0.95,high,spore coat protein s,spore coat protein,1
Bacillus_subtilis_168,gene_4a3000f81d22,1.0,high,s-adenosylmethionine synthase,S-adenosylmethionine synthetase,0
Bacillus_subtilis_168,gene_ee9606c30d68,1.0,high,spore coat protein i,spore coat kinase,1
Bacillus_subtilis_168,gene_b176a5652616,0.8542,high,o-succinylbenzoate synthase,O-succinylbenzoate-CoA synthase,1
Bacillus_subtilis_168,gene_9f609175dfbf,1.0,high,glycogen synthase,glycogen (starch) synthase,1
Bacillus_subtilis_168,gene_2561e9428fa7,1.0,high,spore coat protein sa,spore coat protein,1
Bacillus_subtilis_168,gene_f30cd495515a,1.0,high,glucose-1-phosphate adenylyltransferase,glucose-1-phosphate adenylyltransferase (ADP-glucose pyrophosphorylase) subunit alpha,1
Bacillus_subtilis_168,gene_7a6c83d16bc5,1.0,high,flotillin-like protein flot,flotillin lipid rafts scaffold protein,0
Bacillus_subtilis_168,gene_141733d0e4c8,1.0,high,glycogen biosynthesis protein glgd,glucose-1-phosphate adenylyltransferase (ADP-glucose pyrophosphorylase) beta subunit,0
Bacillus_subtilis_168,gene_3017457432ef,0.95,high,hth-type transcriptional repressor gbsr,transcriptional repressor for gbsAB,0
Bacillus_subtilis_168,gene_aa53caa06d27,0.95,high,biofilm-surface layer protein a,biofilm hydrophobic layer component,1
Bacillus_subtilis_168,gene_d2e824bb686f,1.0,high,ktr system potassium uptake protein a,potassium uptake protein,1
Bacillus_subtilis_168,gene_e7603ab40957,1.0,high,exo-glucosaminidase lytg,exoglucosaminidase,0
Bacillus_subtilis_168,gene_2b89ac42744f,1.0,high,Replication-related protein,"glycine betaine aldehyde dehydrogenase, NAD+-dependent",0
Bacillus_subtilis_168,gene_b69e58bf0807,0.95,high,cysteine dioxygenase,cysteine dioxygenase,1
Bacillus_subtilis_168,gene_642d8109893d,1.0,high,undecaprenyl-diphosphatase,undecaprenyl-pyrophosphate phosphatase,0
Bacillus_subtilis_168,gene_39855c63852e,1.0,high,glycogen phosphorylase,glycogen phosphorylase,1
Bacillus_subtilis_168,gene_91c61eaf6aac,1.0,high,l-rhamnose mutarotase,L-rhamnose mutarotase,1
Bacillus_subtilis_168,gene_64194de7b1a5,0.9745,high,rhamnulokinase,rhamnulokinase,1
Bacillus_subtilis_168,gene_cf122a524627,1.0,high,ktr system potassium uptake protein b,potassium transporter ATPase,0
Bacillus_subtilis_168,gene_881c8d09d990,1.0,high,l-rhamnose isomerase,L-rhamnose isomerase,1
Bacillus_subtilis_168,gene_295d70824872,1.0,high,methyl-accepting chemotaxis protein tlpb,methyl-accepting chemotaxis protein,1
Bacillus_subtilis_168,gene_2a08aa32a978,1.0,high,methyl-accepting chemotaxis protein mcpb,methyl-accepting chemotaxis protein,1
Bacillus_subtilis_168,gene_8c1fcb7ee607,1.0,high,choline dehydrogenase,choline dehydrogenase,1
Bacillus_subtilis_168,gene_a99216651c59,0.95,high,protein mistic,atypical membrane-integrating regulator of biofilm formation (Mistic protein),1
Bacillus_subtilis_168,gene_a7f859cd5c76,0.7149,moderate,potassium channel protein yugo,potassium channel protein involved in biofilm formation,0
Bacillus_subtilis_168,gene_0881c2727321,1.0,high,glucose-6-phosphate isomerase,glucose-6-phosphate isomerase,1
Bacillus_subtilis_168,gene_77456fae8e86,1.0,high,nadh-dependent butanol dehydrogenase 1,NADH-dependent butanol dehydrogenase,1
Bacillus_subtilis_168,gene_969a24e64ebb,0.8211,high,cystathionine beta-lyase patb,promiscuous cystathionine / cystine beta-lyase / cysteine desulfhydrase,1
Bacillus_subtilis_168,gene_ce42548ab163,1.0,high,nadh-dependent butanol dehydrogenase 2,NADH-dependent butanol dehydrogenase subunit,1
Bacillus_subtilis_168,gene_f6c167731971,1.0,high,kinase-associated lipoprotein b,factor required for KinB signal transduction and activation of the phosphorelay to sporulation,0
Bacillus_subtilis_168,gene_fba77a2cb6f2,0.8847,high,protein-glutamine gamma-glutamyltransferase,protein-glutamine gamma-glutamyltransferase (transglutaminase),1
Bacillus_subtilis_168,gene_f19a41837e0d,1.0,high,penicillin-binding protein 4,penicillin-binding protein 4,1
Bacillus_subtilis_168,gene_d3433ce14e28,1.0,high,methyl-accepting chemotaxis protein mcpa,methyl-accepting chemotaxis protein,1
Bacillus_subtilis_168,gene_910c783af972,0.7967,moderate,transcriptional regulatory protein malr,two-component response regulator for malate metabolism [MaeL],0
Bacillus_subtilis_168,gene_a68a438d7b4c,0.9571,high,sporulation kinase b,two-component sensor potassium-binding histidine kinase,0
Bacillus_subtilis_168,gene_46a22eb630e4,1.0,high,na(+)-malate symporter,Na+/malate symporter,1
Bacillus_subtilis_168,gene_bfe32e0d6556,0.7214,moderate,guanosine abc transporter permease protein nupq,permease of ABC guanosine transporter,1
Bacillus_subtilis_168,gene_44a31f76d6f2,1.0,high,na(+)/h(+) antiporter subunit b,Na+/H+ antiporter complex,1
Bacillus_subtilis_168,gene_b298873f165b,1.0,high,na(+)/h(+) antiporter subunit c,component of Na+/H+ antiporter,1
Bacillus_subtilis_168,gene_49ad2370a407,1.0,high,na(+)/h(+) antiporter subunit e,non essential component of Na+/H+ antiporter,1
Bacillus_subtilis_168,gene_3c4af308a134,1.0,high,na(+)/h(+) antiporter subunit f,efflux transporter for Na+ and cholate,0
Bacillus_subtilis_168,gene_e37b6089a2b2,1.0,high,na(+)/h(+) antiporter subunit g,non essential component of Na+/H+ antiporter,1
Bacillus_subtilis_168,gene_b42c686b4721,1.0,high,transcriptional regulatory protein coma,two-component response quorum-sensing regulator,0
Bacillus_subtilis_168,gene_9b27f6ea29c9,1.0,high,abc transporter guanosine-binding protein nupn,lipoprotein involved in guanosine transport,0
Bacillus_subtilis_168,gene_4092b7f428cf,0.95,high,comx pheromone,"competence pheromone precursor (pheromone peptide aa 46->55, geranyl-modified)",0
Bacillus_subtilis_168,gene_cda31f23ae3f,0.7701,moderate,tryptophan prenyltransferase comq,isoprenyl transferase (pre-ComX modification),0
Bacillus_subtilis_168,gene_3f85c3d5214c,1.0,high,degradation enzyme regulation protein degq,pleiotropic regulator,0
Bacillus_subtilis_168,gene_8f2a821a5df6,1.0,high,guanosine import atp-binding protein nupo,guanosine ABC transporter (ATP-binding protein),1
Bacillus_subtilis_168,gene_5dce7bb410ef,0.8604,high,sensor histidine kinase malk,two-component sensor histidine kinase [MaeM],1
Bacillus_subtilis_168,gene_454dccce5ecb,0.95,high,esx secretion system protein yuec,ESX secretion system YueC protein,1
Bacillus_subtilis_168,gene_bdaf024e1d8c,1.0,high,Replication-related protein,two-component sensor histidine kinase,0
Bacillus_subtilis_168,gene_610b127c1ed5,1.0,high,na(+)/h(+) antiporter subunit a,sodium transporter component of a Na+/H+ antiporter,1
Bacillus_subtilis_168,gene_ce4f2e9a44ed,0.95,high,esx secretion system protein yukc,ESX secretion system YukC protein,1
Bacillus_subtilis_168,gene_4a260d0e6f4c,0.95,high,esx secretion system protein yukd,ESX secretion system YukD protein,1
Bacillus_subtilis_168,gene_95f0a7d3f390,0.8761,high,benzil reductase ((s)-benzoin forming),benzil reductase (benzoin forming),1
Bacillus_subtilis_168,gene_7628267fa8ab,0.95,high,dna-binding transcriptional activator ader,transcriptional activator (AdeR-alanine),1
Bacillus_subtilis_168,gene_4fa893b4e17c,1.0,high,protein yuke,small WGX100 secreted protein (ESX-dependent secretion),0
Bacillus_subtilis_168,gene_e370de1fb535,1.0,high,isochorismatase,isochorismatase (siderophore specific),1
Bacillus_subtilis_168,gene_a6821531366c,0.7805,moderate,isochorismate synthase dhbc,isochorismate synthase (siderophore-specific),1
Bacillus_subtilis_168,gene_e3993ce74118,1.0,high,ferri-bacillibactin esterase besa,bacillibactin trilactone hydrolase,0
Bacillus_subtilis_168,gene_031af1c0d56f,1.0,high,alanine dehydrogenase,L-alanine dehydrogenase (NAD-dependent),1
Bacillus_subtilis_168,gene_2d15eccb3842,1.0,high,na(+)/h(+) antiporter subunit d,proton transporter component of Na+/H+ antiporter,1
Bacillus_subtilis_168,gene_c91e1b932bcd,1.0,high,cytosol aminopeptidase,cytosol aminopeptidase,1
Bacillus_subtilis_168,gene_3e4950e72a2a,1.0,high,stationary phase survival protein yuic,stationary phase survival protein,1
Bacillus_subtilis_168,gene_4b6627b1bf3f,1.0,high,ferredoxin--nadp reductase 2,ferredoxin-NADP+ reductase (flavodoxin),1
Bacillus_subtilis_168,gene_f512fc00dd4e,0.95,high,protease synthase and sporulation protein pai 2,transcriptional regulator (regulates paiA expression),0
Bacillus_subtilis_168,gene_4ee9ce6ec5ce,0.7547,moderate,spermidine/spermine n(1)-acetyltransferase,polyamine N-acetyltransferase,0
Bacillus_subtilis_168,gene_107c251898ae,1.0,high,diaminopimelate epimerase,diaminopimelate epimerase,1
Bacillus_subtilis_168,gene_8a3ce82d50f8,1.0,high,homoserine kinase,homoserine kinase,1
Bacillus_subtilis_168,gene_ec361a2b0f13,0.9027,high,homoserine dehydrogenase,homoserine dehydrogenase,1
Bacillus_subtilis_168,gene_dcf159826ac2,1.0,high,5'-nucleotidase yutf,"5' nucleotidase, promiscuous",0
Bacillus_subtilis_168,gene_60f560ccdecd,1.0,high,threonine synthase,threonine synthase,1
Bacillus_subtilis_168,gene_dc15c8c2d5b3,1.0,high,lipoyl synthase,lipoyl synthase (lipoic acid synthetase),1
Bacillus_subtilis_168,gene_14951d3c7973,0.95,high,l-ala--d-glu endopeptidase,sporulation-specific L-Ala-D-Glu endopeptidase,1
Bacillus_subtilis_168,gene_91a514078f59,0.95,high,endospore coat-associated protein yuth,spore coat-associated protein,1
Bacillus_subtilis_168,gene_a055fb65f09f,1.0,high,uric acid degradation bifunctional protein pucl,urate oxidase with peroxide reductase N-terminal domain,0
Bacillus_subtilis_168,gene_6df10442a110,0.9975,high,5-hydroxyisourate hydrolase,5-hydroxyisourate hydrolase; also uricase subunit,1
Bacillus_subtilis_168,gene_68029660413d,1.0,high,gmp reductase,GMP reductase (NADP-dependent),1
Bacillus_subtilis_168,gene_4ac6073a3245,0.95,high,xanthine dehydrogenase subunit c,"xanthine dehydrogenase, FAD-binding subunit",1
Bacillus_subtilis_168,gene_96bf1c83ecaa,0.95,high,fission protein b,protein required for membrane fission during spore formation,1
Bacillus_subtilis_168,gene_5f7fa40a7946,0.95,high,purine catabolism regulatory protein,transcriptional regulator of the purine degradation operon,0
Bacillus_subtilis_168,gene_b84f4bb7ed44,0.7681,moderate,allantoate amidohydrolase,allantoate amidohydrolase,1
Bacillus_subtilis_168,gene_a6a1be826144,1.0,high,(s)-ureidoglycine--glyoxylate transaminase,(S)-ureidoglycine-glyoxylate aminotransferase (PLP-dependent),0
Bacillus_subtilis_168,gene_8bbe62a5839d,0.6984,moderate,fructosamine kinase frld,fructoselysine kinase,0
Bacillus_subtilis_168,gene_7c396d69b6f4,0.95,high,small,small acid-soluble spore protein,1
Bacillus_subtilis_168,gene_b08b45af3a25,0.9238,high,dimodular nonribosomal peptide synthase,"siderophore 2,3-dihydroxybenzoate-glycine-threonine trimeric ester bacillibactin synthetase",0
Bacillus_subtilis_168,gene_f368942874cf,1.0,high,zinc-dependent sulfurtransferase sufu,iron-sulfur cluster assembly sulfur-transfer protein (Zn(2+)-dependent),0
Bacillus_subtilis_168,gene_5ada01bc320f,1.0,high,iron-sulfur cluster assembly protein sufd,Fe-S cluster assembly protein SufD,1
Bacillus_subtilis_168,gene_9d8e1e631e68,0.7215,moderate,abc transporter permease protein yurn,fructose-amino acid permease,0
Bacillus_subtilis_168,gene_f85065640641,1.0,high,methionine-binding lipoprotein metq,"methionine ABC transporter, substrate binding lipoprotein",1
Bacillus_subtilis_168,gene_996cbc99502c,1.0,high,fructosamine deglycase frlb,fructosamine-6-P deglycase,1
Bacillus_subtilis_168,gene_072c45655080,1.0,high,iron-sulfur cluster assembly protein sufb,FeS cluster formation scaffold protein,0
Bacillus_subtilis_168,gene_f5ea79786f26,1.0,high,3-ketoacyl-coa thiolase,acetyl-CoA C-acyltransferase,0
Bacillus_subtilis_168,gene_fc1f8e277938,0.95,high,extracellular ribonuclease,extracellular ribonuclease,1
Bacillus_subtilis_168,gene_3afc6d4d0ef4,1.0,high,proline dehydrogenase 1,proline dehydrogenase 1,1
Bacillus_subtilis_168,gene_2b5048288582,0.6848,moderate,hth-type transcriptional repressor mdtr,"transcriptional regulator (MarR family, low level antibiotic resistance)",0
Bacillus_subtilis_168,gene_e8967847ef88,0.95,high,tautomerase yusq,hydratase of unidentified specificity (tautomerase superfamily),0
Bacillus_subtilis_168,gene_85cbeafe6d62,0.8333,high,short-chain dehydrogenase/reductase homolog yuss,conserved enzyme of unknown function,0
Bacillus_subtilis_168,gene_a67c787b14a8,0.6793,moderate,3-hydroxyacyl-coa dehydrogenase,bifunctional enoyl-CoA hydratase / 3-hydroxyacyl-CoA dehydrogenase,1
Bacillus_subtilis_168,gene_8c28a69cb947,1.0,high,siderophore transport system atp-binding protein yusv,iron(III)-siderophore transporter (ATP binding component),0
Bacillus_subtilis_168,gene_6ca7fa77ef2a,1.0,high,metalloregulation dna-binding stress protein,metalloregulation DNA-binding stress protein,1
Bacillus_subtilis_168,gene_821f9597b569,0.7838,moderate,methionine import system permease protein metp,"methionine ABC transporter, permease component",0
Bacillus_subtilis_168,gene_89d997a6b52d,0.7343,moderate,transcriptional regulatory protein cssr,folding stress-sensitive two-component response regulator,0
Bacillus_subtilis_168,gene_d40020eab1ec,1.0,high,sensor histidine kinase csss,folding stress-sensitive two-component sensor histidine kinase,0
Bacillus_subtilis_168,gene_1a44ff7ad8c9,1.0,high,Metabolism-related protein,protease-associated chaperone for the extracytoplasmic folding and quality control of exported proteins,0
Bacillus_subtilis_168,gene_ddc5046c93cf,1.0,high,vegetative protein 296,"sulfur mobilizing ABC protein, ATPase",0
Bacillus_subtilis_168,gene_f94de38b3e13,1.0,high,spore germination protein a2,component of the germination receptor GerA; putative transporter,0
Bacillus_subtilis_168,gene_e86c1b3eebd9,1.0,high,spore germination protein a3,component of the germination receptor GerA,0
Bacillus_subtilis_168,gene_d73c44a91b43,1.0,high,transcriptional regulatory protein liar,two-component response regulator [YvqE] responding to cell wall stress,0
Bacillus_subtilis_168,gene_a1373e72dce7,0.95,high,protein liaf,membrane component associated to the LiaRS two-component system,0
Bacillus_subtilis_168,gene_b1753ce8cfa0,0.95,high,protein liag,sensor of antibiotic stress on the cell wall,0
Bacillus_subtilis_168,gene_934c7efcb2a1,1.0,high,protein liah,modulator of liaIHGFSR (yvqIHGFEC) operon expression,0
Bacillus_subtilis_168,gene_1fc178f31cef,0.95,high,xanthine dehydrogenase subunit a,xanthine dehydrogenase molybdopterin recruitment factor,1
Bacillus_subtilis_168,gene_fc2c0cb12d8b,0.8035,high,sensor histidine kinase yvrg,two-component sensor histidine kinase YvrG [cell wall processes and sublancin production and immunity (YvrH)],1
Bacillus_subtilis_168,gene_d796d74b097e,1.0,high,acyl-coa dehydrogenase,acyl-CoA dehydrogenase (FAD dependent),1
Bacillus_subtilis_168,gene_1df01952372d,1.0,high,sigma-o factor regulatory protein rsoa,regulator of sigma-O,0
Bacillus_subtilis_168,gene_6a91c79260e2,0.95,high,rna polymerase sigma factor sigo,alternative sigma factor,0
Bacillus_subtilis_168,gene_d973acdf0720,1.0,high,oxalate decarboxylase oxdc,oxalate decarboxylase,1
Bacillus_subtilis_168,gene_38c25e39299b,0.7637,moderate,transcriptional regulatory protein yvrh,two-component sensor histidine kinase YvrG [cell wall processes and sublancin production and immunity (YvrG)],0
Bacillus_subtilis_168,gene_c1ddaf4467fb,1.0,high,iron(3+)-hydroxamate import atp-binding protein fhuc,ferrichrome ABC transporter (ATP-binding protein),0
Bacillus_subtilis_168,gene_bfe7217f789d,0.95,high,protein liai,membrane anchor for the phage-shock protein A homolog LiaH,0
Bacillus_subtilis_168,gene_a896f6b5033a,1.0,high,iron(3+)-hydroxamate-binding protein fhud,ferrichrome ABC transporter (ferrichrome-binding lipoprotein),0
Bacillus_subtilis_168,gene_5b196676a061,1.0,high,spore germination protein a1,component of the GerA germination receptor,0
Bacillus_subtilis_168,gene_be2228a04890,0.95,high,small,small acid-soluble spore protein,1
Bacillus_subtilis_168,gene_e552de45d654,0.95,high,membrane-bound negative regulator yvrl,acid stress-sensitive anti sigma factor,0
Bacillus_subtilis_168,gene_0812596b5df2,0.7893,moderate,iron(3+)-hydroxamate import system permease protein fhub,ferrichrome ABC transporter (permease),0
Bacillus_subtilis_168,gene_45d9f511b86d,1.0,high,arginine/ornithine antiporter,lysine permease,0
Bacillus_subtilis_168,gene_41f4822be496,0.7681,moderate,molybdenum transport system permease protein yvgm,molybdenum transport permease,1
Bacillus_subtilis_168,gene_23c7a5b6ad33,0.8286,high,lipoteichoic acid synthase-like yvgj,primase of polyglycerolphosphate lipoteichoic acid (LTA) synthesis,0
Bacillus_subtilis_168,gene_863338b4c329,0.95,high,stress response protein yvgo,exported stress induced factor,0
Bacillus_subtilis_168,gene_771412c9d834,1.0,high,glyoxal reductase,promiscuous glyoxal/methylglyoxal reductase,1
Bacillus_subtilis_168,gene_57eaae69e089,1.0,high,sulfite reductase hemoprotein beta-component,assimilatory sulfite reductase (hemoprotein beta-subunit),1
Bacillus_subtilis_168,gene_36b31a50128a,1.0,high,disulfide bond formation protein c,thiol-disulfide oxidoreductase,0
Bacillus_subtilis_168,gene_ad2907db6d42,1.0,high,sensor histidine kinase lias,two-component sensor histidine kinase [LiaR(YvqC)] sensing cell wall stress,0
Bacillus_subtilis_168,gene_359060a70f6f,1.0,high,cadmium,"Cd(II), Zn(II) and Co(II) exporter (ATPase)",0
Bacillus_subtilis_168,gene_46f7f7cbb618,1.0,high,methionine import atp-binding protein metn,methionine ABC transporter (ATP-binding protein),1
Bacillus_subtilis_168,gene_1c840e56c097,0.9904,high,copper chaperone copz,copper insertion chaperone and transporter component,0
Bacillus_subtilis_168,gene_4ff21b4b275e,0.7651,moderate,copper-sensing transcriptional repressor csor,repressor of copper utilisation proteins-Cu(I),0
Bacillus_subtilis_168,gene_3a96277e4fed,0.8707,high,scyllo-inositol 2-dehydrogenase (nadp(+)) iolw,scyllo-inositol 2-dehydrogenase (NADP(+)-dependent),1
Bacillus_subtilis_168,gene_610fda1ef906,0.8062,high,sulfite reductase flavoprotein alpha-component,assimilatory sulfite reductase (flavoprotein alpha-subunit),1
Bacillus_subtilis_168,gene_f60c309e4e4d,1.0,high,disulfide bond formation protein d,thiol-disulfide oxidoreductase,0
Bacillus_subtilis_168,gene_5151005c3e57,1.0,high,ssra-binding protein,tmRNA-binding protein,0
Bacillus_subtilis_168,gene_deb0213795b4,1.0,high,fmn-dependent nadh:quinone oxidoreductase 2,NADH:dichloroindophenol oxidoreductase (2-methylhydroquinone resistance),0
Bacillus_subtilis_168,gene_76a98011a3a1,0.9624,high,protein-export membrane protein secg,preprotein translocase subunit,0
Bacillus_subtilis_168,gene_b239f2ed67dc,0.8471,high,rna polymerase recycling motor protein held,transcription factor,0
Bacillus_subtilis_168,gene_5c4838330a32,1.0,high,choline transport system permease protein opubd,choline ABC transporter (permease),0
Bacillus_subtilis_168,gene_6abe7851b7de,1.0,high,choline-binding protein,choline ABC transporter (choline-binding lipoprotein),1
Bacillus_subtilis_168,gene_86bd3647b7e3,1.0,high,ribonuclease r,ribonuclease R,1
Bacillus_subtilis_168,gene_a42921c032fe,1.0,high,choline transport atp-binding protein opuba,choline ABC transporter (ATP-binding protein),1
Bacillus_subtilis_168,gene_01733fc115dc,0.95,high,sporulation-delaying protein sdpa,export step of killing factor SdpC,0
Bacillus_subtilis_168,gene_09623fd5315c,0.95,high,sporulation delaying protein c,precursor of killing factor SdpC,0
Bacillus_subtilis_168,gene_b68c2ef73023,0.7008,moderate,transcriptional repressor sdpr,transcriptional regulator of SdpC synthesis operon (ArsR family),0
Bacillus_subtilis_168,gene_822e2110c789,1.0,high,glycine betaine/carnitine/choline transport system permease protein opucd,glycine betaine/carnitine/choline/choline sulfate ABC transporter (promiscuous permease),1
Bacillus_subtilis_168,gene_d89bab3238d1,0.7932,moderate,hth-type transcriptional repressor rghr,transcriptional repressor,1
Bacillus_subtilis_168,gene_9b5b306462db,1.0,high,glycine betaine/carnitine/choline transport system permease protein opucb,glycine betaine/carnitine/choline/choline sulfate ABC transporter (promiscuous permease),1
Bacillus_subtilis_168,gene_83b12737a928,0.9,high,hth-type transcriptional repressor opcr,negative transcriptional regulator of choline uptake systems,0
Bacillus_subtilis_168,gene_168b78588c50,1.0,high,glycine betaine/carnitine/choline transport atp-binding protein opuca,glycine betaine/carnitine/choline/choline sulfate ABC transporter (ATP-binding protein),1
Bacillus_subtilis_168,gene_e5544dac60c4,1.0,high,enolase,enolase,1
Bacillus_subtilis_168,gene_da7b5ecb7c73,0.9987,high,choline transport system permease protein opubb,choline ABC transporter (permease),0
Bacillus_subtilis_168,gene_76cf17867aaf,1.0,high,triosephosphate isomerase,triose phosphate isomerase,0
Bacillus_subtilis_168,gene_73b1e0a483a6,1.0,high,abc transporter substrate-binding lipoprotein yvgl,molybdate-binding lipoprotein,0
Bacillus_subtilis_168,gene_ea8b5cc84581,1.0,high,glyceraldehyde-3-phosphate dehydrogenase 1,"glyceraldehyde-3-phosphate dehydrogenase (NAD-dependent, glycolytic)",1
Bacillus_subtilis_168,gene_7fca4859e5be,0.8608,high,central glycolytic genes regulator,transcriptional regulator of gapA,0
Bacillus_subtilis_168,gene_33287e150d29,1.0,high,Replication-related protein,copper transporter ATPase,0
Bacillus_subtilis_168,gene_262a8a88fde0,1.0,high,glycine betaine/carnitine/choline-binding protein opucc,glycine betaine/carnitine/choline/choline sulfate ABC transporter (osmoprotectant-binding lipoprotein),1
Bacillus_subtilis_168,gene_edd8413f2043,1.0,high,arabinose-proton symporter,arabinose-related compounds permease,0
Bacillus_subtilis_168,gene_e4d5c700a5f5,1.0,high,lactate utilization protein a,iron-sulfur oxidase subunit used in L-lactate utilization,1
Bacillus_subtilis_168,gene_becce97f28bb,1.0,high,sporulation-delaying protein sdpb,export step of killing factor SdpC,0
Bacillus_subtilis_168,gene_a9d666e7bb1f,1.0,high,sigma factor sigb regulation protein rsbq,regulator of RsbP phosphatase,0
Bacillus_subtilis_168,gene_d5eac54270fe,0.95,high,phosphoserine phosphatase rsbp,phosphoserine protein-phosphatase,1
Bacillus_subtilis_168,gene_025d7591124c,1.0,high,lactate utilization protein c,component of an iron-sulfur oxidase for L-lactate utilization,1
Bacillus_subtilis_168,gene_5280d7bc2744,1.0,high,phosphoglycerate kinase,phosphoglycerate kinase,1
Bacillus_subtilis_168,gene_39dd39404130,0.8238,high,galactooligosaccharides transport system permease protein ganp,galacto-oligosaccharides (galactan) oligomer permease,0
Bacillus_subtilis_168,gene_cdf3c41fbf90,1.0,high,endo-beta-1,"endo-beta-1,4-galactanase",1
Bacillus_subtilis_168,gene_a642fd85228c,0.8319,high,arabinose metabolism transcriptional repressor,transcriptional repressor of the ara regulon (LacI family),0
Bacillus_subtilis_168,gene_9a53eb9de1fe,0.6918,moderate,hth-type transcriptional regulator lutr,L-lactate utilization global transcriptional regulator (GntR family),0
Bacillus_subtilis_168,gene_29a93cbc8b90,0.8358,high,hth-type transcriptional regulator ganr,"transcriptional regulator of the galactan degradation operon (GanR / beta-1,4-galactobiose)",0
Bacillus_subtilis_168,gene_8178a5dbb70f,0.904,high,rna polymerase sigma-54 factor,RNA polymerase sigma-54 factor (sigma-L),1
Bacillus_subtilis_168,gene_337f42c9e187,0.95,high,pyruvyl transferase epso,pyruvyl transferase for matrix biofilm formation,0
Bacillus_subtilis_168,gene_97ce3b0c32cf,1.0,high,galactooligosaccharide-binding protein,polygalactose / cyclodextrin-binding lipoprotein,0
Bacillus_subtilis_168,gene_85ca3c8db643,0.6755,moderate,sensor histidine kinase yvft,two-component sensor histidine kinase [YvfU],1
Bacillus_subtilis_168,gene_951c057afbfb,1.0,high,transmembrane protein epsg,biofilm extracellular matrix formation chain-length determining factor,0
Bacillus_subtilis_168,gene_f7838038ed37,1.0,high,glycosyltransferase epse,bifunctional flagellar clutch and glycosyltransferase acting during biofilm formation,0
Bacillus_subtilis_168,gene_9a729f7acfd2,0.9207,high,tyrosine-protein kinase yvel,protein tyrosine kinase involved in biofilm matrix formation,0
Bacillus_subtilis_168,gene_e7508abfc321,1.0,high,beta-galactosidase gana,"short chain beta-1,4-galacto-oligosaccharides beta-galactosidase (beta-galacto-pyranoside hydrolase)",0
Bacillus_subtilis_168,gene_b0065feedc29,1.0,high,para-nitrobenzyl esterase,para-nitrobenzyl esterase (intracellular esterase B),1
Bacillus_subtilis_168,gene_c751776d6421,1.0,high,phenolic acid decarboxylase padc,phenolic acid decarboxylase,1
Bacillus_subtilis_168,gene_419366764fb0,1.0,high,lactate utilization protein b,component of an iron-sulfur oxidase linked to L-lactate utilization,1
Bacillus_subtilis_168,gene_f74ebd705139,1.0,high,penicillin-binding protein 4*,penicillin-binding protein 4*,1
Bacillus_subtilis_168,gene_e1c337028c0f,1.0,high,levanbiose-producing levanase,"endolevanase, selectively cleaves the (beta-2,6) fructosyl bonds",0
Bacillus_subtilis_168,gene_93d8425542d5,1.0,high,atp-dependent clp protease proteolytic subunit,ATP-dependent Clp protease proteolytic subunit; Maxwell's demon,1
Bacillus_subtilis_168,gene_96164ea2b08a,1.0,high,beta-phosphoglucomutase,bifunctional beta-phosphoglucomutase / glucose-1-phosphate phosphodismutase,1
Bacillus_subtilis_168,gene_d31c9b47f0e0,1.0,high,aspartate-proton symporter,L-aspartate/L-glutamate / proton permease,1
Bacillus_subtilis_168,gene_e7097a587306,0.8727,high,hth-type transcriptional regulator slrr,transcriptional regulator of autolysin genes (biofilm formation),0
Bacillus_subtilis_168,gene_bcece54a1bbf,0.9521,high,maltodextrin transport system permease protein mdxg,maltodextrin ABC transporter (permease),0
Bacillus_subtilis_168,gene_020ef863354b,1.0,high,levansucrase,levansucrase; levanase (moonlighting),1
Bacillus_subtilis_168,gene_214494f03c38,1.0,high,maltodextrin-binding protein mdxe,maltose/maltodextrin-binding lipoprotein,1
Bacillus_subtilis_168,gene_7f4d1c7bc284,1.0,high,broad specificity amino-acid racemase racx,"promiscuous aminoacid racemase (prefers arginine, lysine and ornithine)",0
Bacillus_subtilis_168,gene_b69316fff720,1.0,high,oligo-1,"oligo-1,4-1,6-alpha-glucosidase (sucrase-maltase-isomaltase)",1
Bacillus_subtilis_168,gene_9810111d6e35,0.9304,high,sensor histidine kinase yvcq,two-component sensor histidine kinase [PsdR] response to lantibiotics (nisin and gallidermin),0
Bacillus_subtilis_168,gene_43709f914233,1.0,high,hpr-like protein crh,catabolite repression HPr-like protein,0
Bacillus_subtilis_168,gene_cb34ac06722b,1.0,high,gluconeogenesis factor,gluconeogenesis morphogenetic factor (UDP-sugar binding),1
Bacillus_subtilis_168,gene_9115cb94ecdc,1.0,high,thioredoxin reductase,thioredoxin reductase,1
Bacillus_subtilis_168,gene_1e6e26bcf72b,1.0,high,intracellular maltogenic amylase,maltogenic alpha-amylase,1
Bacillus_subtilis_168,gene_490feba6821f,1.0,high,histidine biosynthesis bifunctional protein hisie,bifunctional phosphoribosyl-AMP cyclohydrolase; phosphoribosyl-ATP pyrophosphohydrolase,0
Bacillus_subtilis_168,gene_1d94990e5964,1.0,high,imidazole glycerol phosphate synthase subunit hish,"imidazole glycerol phosphate synthase, glutamine amidotransferase subunit",1
Bacillus_subtilis_168,gene_27da927ecbbd,1.0,high,imidazoleglycerol-phosphate dehydratase,imidazoleglycerol-phosphate dehydratase [Mn(II)-dependent],1
Bacillus_subtilis_168,gene_54cd1f1c3edf,1.0,high,histidinol dehydrogenase,histidinol dehydrogenase,1
Bacillus_subtilis_168,gene_3f3789379cb2,1.0,high,atp phosphoribosyltransferase,ATP phosphoribosyltransferase,1
Bacillus_subtilis_168,gene_9a036eb55a86,1.0,high,atp phosphoribosyltransferase regulatory subunit,histidyl-tRNA synthetase-like subunit of ATP phophoribosyltransferase,0
Bacillus_subtilis_168,gene_bf67dc6f2004,1.0,high,imidazole glycerol phosphate synthase subunit hisf,imidazole glycerol phosphate synthase subunit,1
Bacillus_subtilis_168,gene_39a9fbb53a01,0.9408,high,pectate lyase c,secreted pectate (polygalacturonate) lyase,1
Bacillus_subtilis_168,gene_9c389f3c7a98,0.7651,moderate,acetyltransferase yvof,dephosphorylated heptaprenylglyceryl phosphate O-acetyltransferase,0
Bacillus_subtilis_168,gene_a6e6c359f7e0,0.9521,high,multidrug resistance abc transporter atp-binding/permease protein bmra,efflux transporter (ATP-binding and permease protein),1
Bacillus_subtilis_168,gene_c23b94592c04,1.0,high,maltose phosphorylase,maltose phosphorylase,1
Bacillus_subtilis_168,gene_cd62f6f28747,1.0,high,phosphatidylglycerol--prolipoprotein diacylglyceryl transferase,prelipoprotein diacylglycerol transferase,0
Bacillus_subtilis_168,gene_589ac5ee72a3,1.0,high,hpr kinase/phosphorylase,serine/threonine protein kinase/phosphorylase (pyrophosphate-producing),0
Bacillus_subtilis_168,gene_865c4ad82abf,1.0,high,n-acetylglucosamine-6-phosphate deacetylase,N-acetylglucosamine-6-phosphate deacetylase,1
Bacillus_subtilis_168,gene_09dfc2e3343f,0.9557,high,peptidoglycan dl-endopeptidase cwlo,secreted cell wall DL-endopeptidase,0
Bacillus_subtilis_168,gene_c250a68cf3a3,1.0,high,cyclo(l-leucyl-l-leucyl) synthase,"cyclodipeptide synthase (tRNA-dependent), pulcherimminic acid precursor",0
Bacillus_subtilis_168,gene_8d59e9993be7,1.0,high,pulcherriminic acid synthase,"cyclo-L-leucyl-L-leucyl dipeptide oxidase, pulcheriminic synthase",0
Bacillus_subtilis_168,gene_797c64936097,1.0,high,sporulation hydrolase cotr,spore coat lipolytic enzyme,0
Bacillus_subtilis_168,gene_ebdaa8f7d3c9,1.0,high,pyrophosphatase ppax,Hpr-associated pyrophosphatase,0
Bacillus_subtilis_168,gene_a4487baf8d79,0.7659,moderate,hth-type transcriptional repressor nagr,transcriptional regulator (GntR family),0
Bacillus_subtilis_168,gene_6e9285cca0e7,1.0,high,cell division protein ftsx,cell-division ABC transporter,1
Bacillus_subtilis_168,gene_759e1f1184ff,1.0,high,cell division atp-binding protein ftse,cell-division signal transducer (ATP-binding protein),1
Bacillus_subtilis_168,gene_ab68cdf74436,1.0,high,cytochrome c-551,cytochrome c551,0
Bacillus_subtilis_168,gene_2745a70014b6,1.0,high,hth-type transcriptional regulator pchr,transcriptional regulator for pulcherriminic acid synthesis,0
Bacillus_subtilis_168,gene_0ad67743b107,1.0,high,cell division topological determinant minj,topological determinant of cell division,1
Bacillus_subtilis_168,gene_5d4e9deadacd,0.8784,high,ribosome hibernation promotion factor,ribosome-associated sigma 54 modulation protein; ribosome dimerisation factor,0
Bacillus_subtilis_168,gene_403a62d8c027,0.7665,moderate,flagellar protein flit,flagellar assembly protein FliT involved in control of flagella expression,1
Bacillus_subtilis_168,gene_38f6adfd88e7,0.7523,moderate,carboxy-terminal processing protease ctpb,PDZ-containing carboxyl-terminal protease processing protease [Zn(II)],1
Bacillus_subtilis_168,gene_61df8f12e86d,0.8008,high,flagellar hook-associated protein 2,flagellar hook-associated capping protein 2 (HAP2),1
Bacillus_subtilis_168,gene_aa9112c89f88,0.8491,high,flagellin,flagellin protein,1
Bacillus_subtilis_168,gene_4ac8fb4611e0,1.0,high,flagellar assembly factor fliw,assembly factor of the flagellum,1
Bacillus_subtilis_168,gene_071fe0f940e3,1.0,high,Metabolism-related protein,flagellar hook-filament junction,0
Bacillus_subtilis_168,gene_1dab955498df,0.6744,moderate,flagellar secretion chaperone flis,flagellar assembly protein FliS,1
Bacillus_subtilis_168,gene_bb4e1b414536,0.95,high,negative regulator of flagellin synthesis,anti-sigma factor repressor of sigma(D)-dependent transcription,0
Bacillus_subtilis_168,gene_faa435945898,0.95,high,competence protein comfb,"regulator of competence, pole located",0
Bacillus_subtilis_168,gene_f5c813063385,1.0,high,protein degv,fatty acid kinase fatty acid binding subunit A,0
Bacillus_subtilis_168,gene_91e82c26c0c6,1.0,high,transcriptional regulatory protein degu,two-component response regulator,0
Bacillus_subtilis_168,gene_2e5f4a7f1d27,0.7787,moderate,signal transduction histidine-protein kinase/phosphatase degs,two-component sensor histidine kinase [DegU],0
Bacillus_subtilis_168,gene_5db8d6aebf8b,0.8693,high,polyisoprenyl-teichoic acid--peptidoglycan teichoic acid transferase tagv,teichoic acid-peptidoglycan tethering enzyme (LCP component) with transcription regulator domain,0
Bacillus_subtilis_168,gene_493c65f0d090,0.6353,moderate,flagellar hook-associated protein 3,flagellar hook-filament junction protein,1
Bacillus_subtilis_168,gene_5f9e09316478,1.0,high,protein translocase subunit seca,translocase binding subunit (ATPase),0
Bacillus_subtilis_168,gene_1dbdb9f71b66,0.8264,high,udp-glucose 6-dehydrogenase tuad,UDP-glucose 6-dehydrogenase (teichuronic acid),1
Bacillus_subtilis_168,gene_675127407489,1.0,high,peptide chain release factor 2,peptide chain release factor 2,1
Bacillus_subtilis_168,gene_b0658c0e4aa2,1.0,high,n-acetylmuramoyl-l-alanine amidase lytc,N-acetylmuramoyl-L-alanine amidase (major autolysin),1
Bacillus_subtilis_168,gene_ced4049eb2de,1.0,high,translational regulator csra,carbon storage regulator,0
Bacillus_subtilis_168,gene_abac1c64465d,1.0,high,membrane-bound protein lyta,membrane bound lipoprotein,1
Bacillus_subtilis_168,gene_14d2f4ec230f,0.9639,high,polyisoprenyl-teichoic acid--peptidoglycan teichoic acid transferase tagu,teichoic acid-peptidoglycan tethering enzyme (LCP component) with transcription regulator domain of major autolysin expression,0
Bacillus_subtilis_168,gene_0ee8fe248a8a,0.9844,high,utp--glucose-1-phosphate uridylyltransferase,UTP-glucose-1-phosphate uridylyltransferase,1
Bacillus_subtilis_168,gene_a8eedeae4fac,1.0,high,amidase enhancer,modifier of major autolysin amidase LytC,0
Bacillus_subtilis_168,gene_57bdb14a94c7,1.0,high,udp-n-acetylglucosamine 2-epimerase,UDP-N-acetylmannosamine 2-epimerase,1
Bacillus_subtilis_168,gene_e3e73cedbe68,1.0,high,Replication-related protein,UDP-N-acetylglucosamine:undecaprenyl-P N-acetylglucosaminyl-1-P transferase,0
Bacillus_subtilis_168,gene_ab93dc64f96a,0.95,high,teichoic acid translocation permease protein tagg,teichoic acid precursors permease,1
Bacillus_subtilis_168,gene_8db9befda34d,0.7968,moderate,poly(glycerol-phosphate) alpha-glucosyltransferase,UDP-glucose:polyglycerol phosphate alpha-glucosyltransferase,1
Bacillus_subtilis_168,gene_899fd582ab3b,0.8286,high,n-acetylglucosaminyldiphosphoundecaprenol n-acetyl-beta-d-mannosaminyltransferase,"N-acetylmannosamine (ManNAc) C4 hydroxyl of a membrane-anchored N-acetylglucosaminyl diphospholipid (GlcNAc-pp-undecaprenyl, lipid I) glycosyltransferase",0
Bacillus_subtilis_168,gene_8229a84fa56c,1.0,high,minor teichoic acid biosynthesis protein ggab,poly(glucosyl N-acetylgalactosamine 1-phosphate) glucosyltransferase,0
Bacillus_subtilis_168,gene_4b13da5b00cf,0.8354,high,mannose-6-phosphate isomerase yvyi,mannose-6-phosphate isomerase (active on aldose substrates with hydroxyl groups oriented in the same direction at the C-2 and C-3 positions as in mannose),0
Bacillus_subtilis_168,gene_807a2ba57221,1.0,high,teichoic acid poly(glycerol phosphate) polymerase,CDP-glycerol:polyglycerol phosphate glycero-phosphotransferase (poly(glycerol phosphate) polymerase),1
Bacillus_subtilis_168,gene_6c12a60fa47b,1.0,high,spore germination protein b3,lipoprotein component of the germination receptor B,0
Bacillus_subtilis_168,gene_d267438b3aae,1.0,high,glycerol-3-phosphate cytidylyltransferase,glycerol-3-phosphate cytidylyltransferase,1
Bacillus_subtilis_168,gene_27a37780a10f,0.8436,high,polyisoprenyl-teichoic acid--peptidoglycan teichoic acid transferase tagt,teichoic acid-peptidoglycan tethering enzyme (LCP component) with transcription regulator domain of capsule synthesis,0
Bacillus_subtilis_168,gene_7f30321e0fff,0.7651,moderate,teichoic acid glycerol-phosphate primase,"teichoic acid primase, CDP-glycerol:N-acetyl-beta-d-mannosaminyl-1, 4-N-acetyl-d-glucosaminyldiphosphoundecaprenyl glycerophosphotransferase",1
Bacillus_subtilis_168,gene_d3ae25a6f897,1.0,high,gamma-dl-glutamyl hydrolase,gamma-DD-glutamyl hydrolase (PGA depolymerase),1
Bacillus_subtilis_168,gene_e27d4f6e80a6,1.0,high,spore germination protein b1,component of germinant receptor B,0
Bacillus_subtilis_168,gene_4417fdf7f24d,0.95,high,pga biosynthesis protein capc,capsular polyglutamate amide ligase/translocase subunit,0
Bacillus_subtilis_168,gene_f3822f995e89,1.0,high,teichoic acids export atp-binding protein tagh,ATP-binding teichoic acid precursor transporter component,0
Bacillus_subtilis_168,gene_75e8f0d0863e,0.7406,moderate,5-amino-6-(5-phospho-d-ribitylamino)uracil phosphatase ywte,"5-amino-6-ribitylamino-2,4(1H, 3H)-pyrimidinedione 5'-phosphate phosphatase (promiscuous activity)",0
Bacillus_subtilis_168,gene_f157d8094790,0.8278,high,ribokinase,ribokinase,1
Bacillus_subtilis_168,gene_a90a657fb1fe,1.0,high,d-ribose pyranase,D-ribose pyranase,1
Bacillus_subtilis_168,gene_d9e643ab409b,1.0,high,pga synthase capb,capsular polyglutamate synthetase (ATP-dependent amide ligase),0
Bacillus_subtilis_168,gene_75007e6dd228,1.0,high,Replication-related protein,ribose ABC transporter (permease),0
Bacillus_subtilis_168,gene_a4f446e617a5,0.9961,high,ribose import binding protein rbsb,ribose ABC transporter (ribose-binding lipoprotein),0
Bacillus_subtilis_168,gene_d5e31af78233,1.0,high,general stress protein 14,nitroreductase (unknown substrate),0
Bacillus_subtilis_168,gene_d081a58899a5,1.0,high,beta-n-acetylglucosaminidase,exported N-acetylglucosaminidase (major autolysin) (CWBP90),0
Bacillus_subtilis_168,gene_c9eb8279cc92,1.0,high,ribose import atp-binding protein rbsa,ribose ABC transporter (ATP-binding protein),1
Bacillus_subtilis_168,gene_9b0d16bc182d,0.731,moderate,hth-type transcriptional regulator alsr,"transcriptional regulator controlling alsSD, ictEP expression (LysR family)",0
Bacillus_subtilis_168,gene_c5e4cc3499a3,0.9785,high,acetolactate synthase,alpha-acetolactate synthase,1
Bacillus_subtilis_168,gene_8bb5550ee77e,1.0,high,spore germination protein b2,component of germinant receptor B,0
Bacillus_subtilis_168,gene_d64545bb4aa8,0.95,high,spore coat protein h,spore coat protein kinase,1
Bacillus_subtilis_168,gene_b1fa43a05e65,0.95,high,spore coat protein g,spore morphogenetic protein,0
Bacillus_subtilis_168,gene_20eefe4fff62,1.0,high,alpha-acetolactate decarboxylase,alpha-acetolactate decarboxylase,1
Bacillus_subtilis_168,gene_9541ea016cef,1.0,high,chromate transport protein chrb,chromate transporter subunit N,0
Bacillus_subtilis_168,gene_886f2fc4ce43,0.9146,high,ribose operon repressor,"ribose operon repressor (LacI family, D-ribose)",1
Bacillus_subtilis_168,gene_59c2ce7b42ae,1.0,high,endonuclease v,endonuclease V,1
Bacillus_subtilis_168,gene_03cd4d6470d4,1.0,high,pga biosynthesis protein capa,capsular polyglutamate synthetase (acid resistance),0
Bacillus_subtilis_168,gene_6ef8f93d2bd0,0.7226,moderate,tyrosine-protein phosphatase ywqe,protein tyrosine-phosphatase,1
Bacillus_subtilis_168,gene_85eb4d46cadc,1.0,high,chromate transport protein chra,chromate transporter subunit C,0
Bacillus_subtilis_168,gene_10163d34b1cb,1.0,high,capsular polysaccharide biosynthesis protein ywqc,modulator of PtkA protein tyrosine kinase activity; modulation of biofilm formation,0
Bacillus_subtilis_168,gene_8cc8adb57930,0.8256,high,udp-glucose 6-dehydrogenase ywqf,UDP-glucose dehydrogenase,1
Bacillus_subtilis_168,gene_a481d66d6d10,0.8556,high,phosphatase ywpj,phosphatase of unidentified specificity (possibly promiscuous),0
Bacillus_subtilis_168,gene_042d39f3d0f2,0.9507,high,hth-type transcriptional repressor glcr,transcriptional regulator (glucose repression of catabolic operons),0
Bacillus_subtilis_168,gene_0080b4cb8f37,0.9371,high,single-stranded dna-binding protein b,single-strand DNA-binding protein,1
Bacillus_subtilis_168,gene_6a854782ceed,0.95,high,protein ywpg,interaction partner of DynA,0
Bacillus_subtilis_168,gene_080f443a1b63,0.95,high,spore coat protein b,spore coat protein (outer),1
Bacillus_subtilis_168,gene_18553c034fe2,0.9638,high,tyrosine-protein kinase ywqd,maintenance protein tyrosine kinase involved in biofilm formation,0
Bacillus_subtilis_168,gene_4182d4edd2e7,1.0,high,3-hydroxyacyl- dehydratase fabz,beta-hydroxyacyl-[acyl carrier protein] dehydratase,0
Bacillus_subtilis_168,gene_75119e028b40,1.0,high,regulatory protein rapd,response regulator aspartate phosphatase,0
Bacillus_subtilis_168,gene_cd0365c3c1eb,0.8328,high,atp-dependent helicase/translocase ywqa,ATPase involved in RNA remodelling DNA recombination and repair,0
Bacillus_subtilis_168,gene_c37b0565ffda,0.8372,high,glutathione hydrolase-like ywrd proenzyme,oxamate amidohydrolase,0
Bacillus_subtilis_168,gene_d8b336097207,1.0,high,stage iii sporulation protein d,transcriptional regulator (stage III sporulation),1
Bacillus_subtilis_168,gene_8724f1a38654,0.77,moderate,flagellar hook-basal body complex protein flho,flagellar basal-body accessory rod protein,1
Bacillus_subtilis_168,gene_89f3db994353,0.9551,high,nitrogen regulatory pii-like protein,nitrogen-regulated PII-like regulator protein,1
Bacillus_subtilis_168,gene_189afe01949a,0.7634,moderate,undecaprenyl-diphosphatase bcrc,undecaprenyl pyrophosphate phosphatase (bacitracin resistance),0
Bacillus_subtilis_168,gene_008e85dcde4c,0.8421,high,ammonium transporter,ammonium transporter,1
Bacillus_subtilis_168,gene_1af9b635b5e9,0.76,moderate,hth-type transcriptional activator mta,transcriptional regulator regulating efflux transporters synthesis (Fur-independent bacillibactin export),0
Bacillus_subtilis_168,gene_603ac3fc5a10,0.738,moderate,allantoin permease,allantoin permease,1
Bacillus_subtilis_168,gene_218b6fcae6e7,0.6881,moderate,flagellar hook-basal body complex protein flhp,flagellar hook-basal body accessory protein,1
Bacillus_subtilis_168,gene_be662fefda6e,1.0,high,urease subunit beta,urease (beta subunit),1
Bacillus_subtilis_168,gene_d2b5c461f920,1.0,high,urease subunit gamma,urease (gamma subunit),1
Bacillus_subtilis_168,gene_fa685b653c64,0.95,high,stress response protein csbd,stress response protein,1
Bacillus_subtilis_168,gene_65a1ecf1d101,1.0,high,large-conductance mechanosensitive channel,large conductance mechanosensitive channel protein,1
Bacillus_subtilis_168,gene_89364b37724c,1.0,high,sulfur carrier protein fdhd,protein sulfur transferase involved in molybdenum cofactor synthesis,0
Bacillus_subtilis_168,gene_849a7f2aea85,1.0,high,cell shape-determining protein mbl,MreB-like morphogen,0
Bacillus_subtilis_168,gene_f1f0d43d91e7,1.0,high,udp-n-acetylglucosamine 1-carboxyvinyltransferase 1,UDP-N-acetylglucosamine 1-carboxyvinyltransferase,1
Bacillus_subtilis_168,gene_a1f63cceded5,0.8234,high,response regulator aspartate phosphatase b,response regulator aspartate phosphatase,1
Bacillus_subtilis_168,gene_5a968c58a67f,1.0,high,atp synthase epsilon chain,"ATP synthase (subunit epsilon, F1 subunit)",1
Bacillus_subtilis_168,gene_679264e30892,1.0,high,urease subunit alpha,urease (alpha subunit),1
Bacillus_subtilis_168,gene_deda2898fab4,1.0,high,atp synthase gamma chain,"ATP synthase (subunit gamma, component F1)",1
Bacillus_subtilis_168,gene_c5ba54b485a8,1.0,high,major cardiolipin synthase clsa,cardiolipin synthase (major),1
Bacillus_subtilis_168,gene_4281d645b55a,1.0,high,atp synthase subunit delta,"ATP synthase (subunit delta, component F1)",1
Bacillus_subtilis_168,gene_d2cea5a02d7b,1.0,high,atp synthase subunit b,"ATP synthase (subunit b, component F0)",1
Bacillus_subtilis_168,gene_75179470732b,1.0,high,atp synthase subunit c,"ATP synthase (subunit c, component F0)",1
Bacillus_subtilis_168,gene_035b5417c51a,1.0,high,atp synthase subunit a,"ATP synthase (subunit a, component F0)",1
Bacillus_subtilis_168,gene_3daa9e2fd1bc,0.7665,moderate,atp synthase protein i,ATP synthase (subunit i),1
Bacillus_subtilis_168,gene_327e801f3842,1.0,high,atp synthase subunit alpha,"ATP synthase (subunit alpha, component F1)",1
Bacillus_subtilis_168,gene_395d45ac3216,1.0,high,serine hydroxymethyltransferase,serine hydroxymethyltransferase,1
Bacillus_subtilis_168,gene_57ed303841a9,0.8069,high,protein-arginine-phosphatase,protein-arginine(tyrosine moonlighting) phosphatase (oxidative stress),1
Bacillus_subtilis_168,gene_53ccd3d10473,1.0,high,manganese exporter mntp,manganese efflux pump,0
Bacillus_subtilis_168,gene_087544062089,1.0,high,uracil phosphoribosyltransferase,uracil phosphoribosyltransferase,1
Bacillus_subtilis_168,gene_97229be55564,0.95,high,signaling protein spoiir,regulator signal of pro-sigma(E) spoIIGA endopeptidase (stage II sporulation),0
Bacillus_subtilis_168,gene_0ad76767ed39,0.7985,moderate,sugar phosphate isomerase ywlf,D-ribose 5-phosphate epimerase (promiscuous),0
Bacillus_subtilis_168,gene_9cf988d61236,1.0,high,atp synthase subunit beta,"ATP synthase (subunit beta, component F1)",1
Bacillus_subtilis_168,gene_4dd3eb87aaad,1.0,high,chromosome-anchoring protein raca,chromosome-pole-anchoring protein RacA,1
Bacillus_subtilis_168,gene_0d2a770f8b6d,1.0,high,peptide chain release factor 1,peptide chain release factor 1,1
Bacillus_subtilis_168,gene_461e21a7bb5c,1.0,high,nad-dependent malic enzyme 2,NAD-dependent malic enzyme (conversion of malate into pyruvate),1
Bacillus_subtilis_168,gene_d8fae38db7d3,1.0,high,thymidine kinase,thymidine kinase,1
Bacillus_subtilis_168,gene_183754219cf5,1.0,high,large ribosomal subunit protein bl31,ribosomal protein L31,0
Bacillus_subtilis_168,gene_8e368e394e81,1.0,high,transcription termination factor rho,transcriptional terminator Rho,0
Bacillus_subtilis_168,gene_1c05dc819aec,1.0,high,udp-n-acetylglucosamine 1-carboxyvinyltransferase 2,UDP-N-acetylglucosamine 1-carboxyvinyltransferase,1
Bacillus_subtilis_168,gene_243a33b5b6ab,1.0,high,fructose-1,"fructose 1,6-bisphosphatase class II",1
Bacillus_subtilis_168,gene_0a29a8ba81fe,1.0,high,fructose-bisphosphate aldolase,"fructose-1,6-bisphosphate aldolase",1
Bacillus_subtilis_168,gene_d0c26d154580,1.0,high,sporulation initiation phosphotransferase f,two-component response regulator of sporulation initiation,0
Bacillus_subtilis_168,gene_67700b5ea17d,1.0,high,transaldolase,transaldolase,1
Bacillus_subtilis_168,gene_f080290297a9,1.0,high,dna-directed rna polymerase subunit delta,RNA polymerase (delta subunit) and transcriptional repressor,1
Bacillus_subtilis_168,gene_220522821c46,1.0,high,acyl-coa dehydrogenase,acyl-CoA dehydrogenase,1
Bacillus_subtilis_168,gene_2b35d43ebbd4,0.95,high,stage ii sporulation protein q,forespore protein required for alternative engulfment,0
Bacillus_subtilis_168,gene_f258dd094fc8,0.7307,moderate,minor cardiolipin synthase clsb,minor cardiolipin synthetase (phospholipase D family),0
Bacillus_subtilis_168,gene_3c5e296d234c,1.0,high,ctp synthase,CTP synthetase,0
Bacillus_subtilis_168,gene_c36e97334e25,0.9225,high,cardiolipin synthase ywie,minor cardiolipin synthetase,0
Bacillus_subtilis_168,gene_e8c6091a92c7,0.7395,moderate,nitrate reductase molybdenum cofactor assembly chaperone narj,nitrate reductase molybdenum cofactor assembly chaperone NarJ,1
Bacillus_subtilis_168,gene_e5b259b354a9,1.0,high,nitrate reductase beta chain,nitrate reductase (beta subunit),1
Bacillus_subtilis_168,gene_f7adaae39474,1.0,high,uv dna damage endonuclease,UV DNA damage repair endonuclease,1
Bacillus_subtilis_168,gene_0e4c0c409333,0.95,high,transcription regulator arfm,transcriptional regulator,0
Bacillus_subtilis_168,gene_9cf1a07f1b56,0.864,high,nitrate reductase gamma chain,nitrate reductase (gamma subunit),1
Bacillus_subtilis_168,gene_071225295ac4,1.0,high,nitrite extrusion protein,nitrite extrusion permease,1
Bacillus_subtilis_168,gene_06cd4eba7a36,0.95,high,subtilosin-a,subtilosin A,1
Bacillus_subtilis_168,gene_ceb556d1a2c5,1.0,high,stage ii sporulation protein d,lytic transglycosylase; autolysin required for complete dissolution of the asymmetric septum (stage II sporulation),1
Bacillus_subtilis_168,gene_c00c27d929bf,1.0,high,antilisterial bacteriocin subtilosin biosynthesis protein albe,peptidase involved in subtilosin A production,0
Bacillus_subtilis_168,gene_c326afdce355,1.0,high,arginine--trna ligase,arginyl-tRNA synthetase,0
Bacillus_subtilis_168,gene_00d8a7c53036,0.8227,high,threonylcarbamoyl-amp synthase,tRNA(NNU) t(6)A37 threonylcarbamoyladenosine modification; threonine-dependent ADP-forming ATPase,0
Bacillus_subtilis_168,gene_521eb7daa8a2,0.9112,high,anaerobic regulatory protein,transcriptional regulator of anaerobic metabolism (FNR/CAP family),0
Bacillus_subtilis_168,gene_a431c41e81bc,0.9382,high,regulatory protein rapf,response regulator aspartate phosphatase anti-activator of ComA,0
Bacillus_subtilis_168,gene_d38dc8d7993f,0.95,high,rapf inhibitor,secreted regulator of the activity of phosphatase RapF,0
Bacillus_subtilis_168,gene_64d4edb711d1,1.0,high,polyamine aminopropyltransferase,spermidine synthase; polyamine metabolism,0
Bacillus_subtilis_168,gene_5c32496395d7,1.0,high,nitrate reductase alpha chain,nitrate reductase (alpha subunit),1
Bacillus_subtilis_168,gene_aad8cd9c548e,1.0,high,2-hydroxymuconate tautomerase,2-hydroxymuconate tautomerase (promiscuous),1
Bacillus_subtilis_168,gene_6689e71014ed,0.95,high,protein ywhk,factor interacting with DNA helicase PcrA,0
Bacillus_subtilis_168,gene_d2b5a8c756d7,1.0,high,methylenomycin a resistance protein,toxic compound efflux transporter (may export homoserine),0
Bacillus_subtilis_168,gene_3880a02166aa,0.8575,high,prespore-specific transcriptional regulator rsfa,prespore-specific transcription regulatory gene,0
Bacillus_subtilis_168,gene_f628c2727b79,1.0,high,agmatinase,agmatinase,1
Bacillus_subtilis_168,gene_eb58c64138e4,0.7105,moderate,hth-type transcriptional regulator cysl,"regulator of sulfur assimilation CysL, activates cysJI expression",0
Bacillus_subtilis_168,gene_89208ed0e76e,1.0,high,coproheme decarboxylase,iron-coproporphyrin (coproheme) decarboxylase,1
Bacillus_subtilis_168,gene_1179995c4a67,0.6881,moderate,nadph-dependent reductase bacg,cyclohexenol-containing tetrahydro-4-hydroxyphenylpyruvate H(4)HPP in bacilysin synthesis,0
Bacillus_subtilis_168,gene_fbef4ed67d6e,0.95,high,antilisterial bacteriocin subtilosin biosynthesis protein alba,subtilosin A thioether formation enzyme,0
Bacillus_subtilis_168,gene_dea30dac4cec,1.0,high,bacilysin exporter bace,"efflux protein for bacilysin excretion, self-protection against bacilysin",0
Bacillus_subtilis_168,gene_0babb38be2a2,1.0,high,transaminase bacf,phenylalanine aminotransferase forming tetrahydrotyrosine in bacilysin synthesis,0
Bacillus_subtilis_168,gene_aee2200123a6,1.0,high,alanine--anticapsin ligase,alanine-anticapsin ligase,1
Bacillus_subtilis_168,gene_9aae65d971a9,1.0,high,h2hpp isomerase,"3-((4R)-4-hydroxycyclohexa-1, 5-dien-1-yl)-2-oxopropanoate isomerase",0
Bacillus_subtilis_168,gene_451f4ada790b,1.0,high,penicillin-binding protein 2d,sporulation specific penicillin-binding protein 2D,1
Bacillus_subtilis_168,gene_e6e555e83498,0.874,high,threonine--trna ligase 2,threonyl-tRNA synthetase,0
Bacillus_subtilis_168,gene_5f1e61a1b0f6,1.0,high,dihydroanticapsin 7-dehydrogenase,dihydroanticapsin 7-dehydrogenase,1
Bacillus_subtilis_168,gene_7a726d65c6cd,1.0,high,catabolic nad-specific glutamate dehydrogenase rocg,glutamate dehydrogenase,1
Bacillus_subtilis_168,gene_870f5d25e6a9,1.0,high,biofilm-surface layer protein b,"biofilm protein, member of the processed secretome contributing to biofilm hydrophobicity",0
Bacillus_subtilis_168,gene_87cb7750cc1e,0.7945,moderate,glucose-1-phosphate thymidylyltransferase,glucose-1-phosphate thymidylyltransferase,1
Bacillus_subtilis_168,gene_abb363c095db,1.0,high,prephenate decarboxylase,prephenate decarboxylase,1
Bacillus_subtilis_168,gene_7536ec3cb904,1.0,high,octanoyl-:protein n-octanoyltransferase,amidotransferase of the octanoyl moiety from octanoyl-GcvH to the E2 subunit of pyruvate dehydrogenase,0
Bacillus_subtilis_168,gene_c170ba1bfacf,0.95,high,spore coat protein gerq,inner spore coat protein,1
Bacillus_subtilis_168,gene_114195b6f1a4,1.0,high,spore coat polysaccharide biosynthesis protein spsa,spore coat dTDP-glycosyltransferase,0
Bacillus_subtilis_168,gene_bc052d3b87c3,1.0,high,uracil-dna glycosylase,uracil-DNA glycosylase,1
Bacillus_subtilis_168,gene_78af6d0909f8,0.9493,high,sucrose-6-phosphate hydrolase,sucrose-6-phosphate hydrolase,1
Bacillus_subtilis_168,gene_40fd9b3e639c,0.9834,high,Replication-related protein,nitrite transporter,0
Bacillus_subtilis_168,gene_c70c232cbd44,0.932,high,sacpa operon antiterminator,transcriptional antiterminator of sacAP expression,0
Bacillus_subtilis_168,gene_f77f73777dbf,1.0,high,dtdp-glucose 4,"dTDP-glucose 4,6-dehydratase",1
Bacillus_subtilis_168,gene_66396e9daf52,0.9278,high,peptidoglycan glycosyltransferase roda,glycosyltransferase involved in extension of the lateral walls of the cell,0
Bacillus_subtilis_168,gene_165250b9547c,1.0,high,spore morphogenesis and germination protein ywce,holin-like protein required for proper spore morphogenesis and germination,1
Bacillus_subtilis_168,gene_cd4792e1cfe4,1.0,high,quinol oxidase subunit 3,cytochrome aa3-600 quinol oxidase (subunit III),1
Bacillus_subtilis_168,gene_e2605aec781a,1.0,high,quinol oxidase subunit 2,cytochrome aa3-600 quinol oxidase (subunit II),1
Bacillus_subtilis_168,gene_985cc5739b01,0.95,high,transcriptional regulator slra,anti-repressor of SlrR,0
Bacillus_subtilis_168,gene_9f45f346e0d2,0.8667,high,galactose-1-phosphate uridylyltransferase,galactose-1-phosphate uridyltransferase,1
Bacillus_subtilis_168,gene_9f43009bb88a,1.0,high,phosphate acetyltransferase,phosphotransacetylase,0
Bacillus_subtilis_168,gene_0d6a806151b7,1.0,high,iron uptake system component efem,lipoprotein binding ferrous or ferric iron for transport,0
Bacillus_subtilis_168,gene_3902a7d14603,1.0,high,thiamine-phosphate synthase,thiamine-phosphate pyrophosphorylase (thiamine phosphate synthase),1
Bacillus_subtilis_168,gene_1ad93320faeb,1.0,high,hydroxyethylthiazole kinase,5-(2-hydroxyethyl)-4-methylthiazole kinase,0
Bacillus_subtilis_168,gene_78ff47c6604b,1.0,high,holin-like protein cida,metabolic regulator of murein hydrolases,0
Bacillus_subtilis_168,gene_eec0838ef97b,1.0,high,1-pyrroline-5-carboxylate dehydrogenase,delta-1-pyrroline-5 carboxylate dehydrogenase,1
Bacillus_subtilis_168,gene_299b6baa7cbc,0.7145,moderate,ribosomal rna large subunit methyltransferase ywbd,large subunit ribosomal RNA m5C1962 methyltransferase,1
Bacillus_subtilis_168,gene_cd1980f482ff,1.0,high,pts system sucrose-specific eiibc component,negative regulator of SacY,0
Bacillus_subtilis_168,gene_b1c78bd239fc,1.0,high,minor extracellular protease vpr,extracellular serine protease,1
Bacillus_subtilis_168,gene_334d3399c9a2,1.0,high,iron permease efeu,ferrous ion permease,0
Bacillus_subtilis_168,gene_e1fa5538b31c,1.0,high,tyrosine--trna ligase 2,tyrosyl-tRNA synthetase,0
Bacillus_subtilis_168,gene_e8a39f62b164,0.959,high,minor extracellular protease epr,extracellular serine protease,1
Bacillus_subtilis_168,gene_a5e2786a9ef5,0.6664,moderate,gtp pyrophosphokinase ywac,(p)ppGpp synthetase,0
Bacillus_subtilis_168,gene_b67ee22308a1,0.8033,high,fmn reductase (nadph),FMN-containing NADPH-linked nitro/flavin reductase,1
Bacillus_subtilis_168,gene_bc4cb781c84a,1.0,high,d-alanyl carrier protein,D-alanyl carrier protein,1
Bacillus_subtilis_168,gene_792e2a9ca864,0.921,high,levansucrase and sucrase synthesis operon antiterminator,transcriptional antiterminator,0
Bacillus_subtilis_168,gene_5858cc225ace,1.0,high,branched-chain-amino-acid aminotransferase 2,branched-chain amino acid aminotransferase,1
Bacillus_subtilis_168,gene_a3f718b8339f,1.0,high,lichenan-specific phosphotransferase enzyme iia component,phosphotransferase system (PTS) lichenan-specific enzyme IIA component,1
Bacillus_subtilis_168,gene_d10b922588f8,1.0,high,lichenan permease iic component,phosphotransferase system (PTS) lichenan-specific enzyme IIC component,0
Bacillus_subtilis_168,gene_bfd0a3d75e0c,1.0,high,6-phospho-beta-glucosidase,6-phospho-beta-glucosidase,1
Bacillus_subtilis_168,gene_110b5da55058,1.0,high,licabch operon regulator,transcriptional activator of the lichenan operon,0
Bacillus_subtilis_168,gene_ec32c459ecad,1.0,high,d-alanine--d-alanyl carrier protein ligase,D-alanine:D-alanyl-carrier protein ligase subunit,1
Bacillus_subtilis_168,gene_5218b0e5ab60,1.0,high,3-methyladenine dna glycosylase,3-alkylated purines and hypoxanthine DNA glycosidase,0
Bacillus_subtilis_168,gene_1e80f7c149af,1.0,high,catalase x,major catalase in spores,1
Bacillus_subtilis_168,gene_d37f3a696d85,1.0,high,negative regulatory protein yxle,negative regulator of sigma-Y activity,0
Bacillus_subtilis_168,gene_62a9acfd31ee,0.8318,high,rna polymerase sigma factor sigy,RNA polymerase ECF (extracytoplasmic function)-type sigma factor (sigma-Y),1
Bacillus_subtilis_168,gene_aa847e92ce83,0.9064,high,adp-dependent (s)-nad(p)h-hydrate dehydratase,NAD(P)H dehydratase,1
Bacillus_subtilis_168,gene_a2bd7de9995e,0.8837,high,glutathione/l-cysteine transport system atp-binding/permease protein cydc,ABC membrane transporter (ATP-binding protein) required for cytochrome bb' function (reductant efflux pump),0
Bacillus_subtilis_168,gene_63a14122bbd1,1.0,high,citrate/malate-proton symporter,citrate/malate/H+ symporter,1
Bacillus_subtilis_168,gene_6316023b7d97,0.8991,high,glutathione/l-cysteine transport system atp-binding/permease protein cydd,ABC membrane transporter (ATP-binding protein) required for cytochrome bb' function (reductant efflux pump),0
Bacillus_subtilis_168,gene_6b7e96bb1357,1.0,high,aminopeptidase ywad,exported double-zinc aminopeptidase,0
Bacillus_subtilis_168,gene_f1f3ba47c81d,0.6818,moderate,upf0750 membrane protein yxkd,guanidinium exporter,0
Bacillus_subtilis_168,gene_4e404b5094dc,1.0,high,peptidase t,peptidase T (tripeptidase),1
Bacillus_subtilis_168,gene_8100f327d072,1.0,high,succinyl-coa:3-ketoacid coenzyme a transferase subunit a,acetoacetyl CoA-transferase (subunit A),0
Bacillus_subtilis_168,gene_4513b8fc236e,1.0,high,oligosaccharides import atp-binding protein msmx,multiple sugar (maltodextrins) transporter ATP-binding protein,0
Bacillus_subtilis_168,gene_072884987893,1.0,high,lichenan-specific phosphotransferase enzyme iib component,phosphotransferase system (PTS) lichenan-specific enzyme IIB component,1
Bacillus_subtilis_168,gene_ba3d9f90dceb,0.8842,high,cytochrome bd ubiquinol oxidase subunit 1,cytochrome bb' ubiquinol oxidase (subunit I),1
Bacillus_subtilis_168,gene_aff8eb520e17,0.9516,high,citrate transporter,secondary transporter of divalent metal ions/citrate complexes,1
Bacillus_subtilis_168,gene_41ebad985503,0.6958,moderate,sensor histidine kinase yxjm,two-component sensor histidine kinase [YxjL],1
Bacillus_subtilis_168,gene_4e145a5c3cde,1.0,high,atp-dependent rna helicase dbpa,ATP-dependent RNA helicase for 23S ribosomal RNA maturation,1
Bacillus_subtilis_168,gene_3733385d48f4,0.95,high,immunity protein wapi,antitoxin of WapA tRNase,0
Bacillus_subtilis_168,gene_fb9304906dc6,1.0,high,purine nucleoside transport protein nupg,purine nucleoside transporter,1
Bacillus_subtilis_168,gene_57aa09d79ad8,0.95,high,immunity protein yxxd,antitoxin factor of the RttD-RttE toxin-antitoxin system,0
Bacillus_subtilis_168,gene_a7019e0584eb,1.0,high,catalase-2,catalase 2,1
Bacillus_subtilis_168,gene_fccfe479f101,1.0,high,hut operon positive regulatory protein,transcriptional antiterminator,0
Bacillus_subtilis_168,gene_dc14a332b7ee,1.0,high,pts system beta-glucoside-specific eiibca component,phosphotransferase system (PTS) beta-glucoside-specific enzyme IIBCA component,1
Bacillus_subtilis_168,gene_b650f4fddbfa,1.0,high,urocanate hydratase,urocanase,0
Bacillus_subtilis_168,gene_839df77aa60a,0.9542,high,transcription antiterminator lict,transcriptional antiterminator (BglG family),0
Bacillus_subtilis_168,gene_fbaf69ce3acb,1.0,high,formimidoylglutamase,formiminoglutamate hydrolase,0
Bacillus_subtilis_168,gene_b28c7ad5bd9b,1.0,high,pyrimidine-nucleoside phosphorylase,pyrimidine-nucleoside phosphorylase,1
Bacillus_subtilis_168,gene_e46f401ce891,0.95,high,toxin yxid,ribonuclease toxin of the RtbD-RtbE toxin-antitoxin system,0
Bacillus_subtilis_168,gene_92f24df15a57,1.0,high,deoxyribose-phosphate aldolase,deoxyribose-phosphate aldolase,1
Bacillus_subtilis_168,gene_f4f5efb391a6,0.95,high,deoxyribonucleoside regulator,transcriptional regulator of pyrmidine deoxyribonucleosides degradation (DeoR-dR5P),0
Bacillus_subtilis_168,gene_40f6f2c30e53,1.0,high,histidine permease,histidine degradation metabolites permease,1
Bacillus_subtilis_168,gene_de97986c5c53,1.0,high,n-acetylcysteine deacetylase,N-acetyl-sulfur-metabolite deacetylase,0
Bacillus_subtilis_168,gene_a2f862d0ae6a,1.0,high,trna nuclease wapa,cell wall-associated tRNA nuclease precursor; intercellular growth inhibitor,0
Bacillus_subtilis_168,gene_76783abdea62,1.0,high,histidine ammonia-lyase,histidine ammonia-lyase (histidase),1
Bacillus_subtilis_168,gene_456b25aeaeca,0.7508,moderate,s-(2-succino)cysteine n-acetyltransferase,sulfur-containing aminoacid acetyltransferase,0
Bacillus_subtilis_168,gene_2d30c2d9f440,0.7071,moderate,universal stress protein yxie,phosphate starvation protein (universal stress protein A family),1
Bacillus_subtilis_168,gene_3f554a282fde,1.0,high,penicillin v acylase,penicillin V amidase,0
Bacillus_subtilis_168,gene_9d0fd47412c4,1.0,high,imidazolonepropionase,imidazolone-5-propionate hydrolase,0
Bacillus_subtilis_168,gene_9385fd0ca062,0.95,high,spore coat protein cotne,inner spore coat protein,1
Bacillus_subtilis_168,gene_846c577ddda0,1.0,high,phosphatase yxeh,sugar-phosphate hydrolase (promiscuous),0
Bacillus_subtilis_168,gene_18f7b434ea20,1.0,high,abc transporter atp-binding protein yxdl,ABC transporter (ATP-binding protein); efflux of cationic peptides,1
Bacillus_subtilis_168,gene_d7bdd2dadd7f,0.9151,high,transcriptional regulatory protein yxdj,two-component response regulator [TpeK(YxdK)],0
Bacillus_subtilis_168,gene_a226ac28006e,1.0,high,inosose isomerase,inosose isomerase,1
Bacillus_subtilis_168,gene_83f67a926d02,1.0,high,inositol 2-dehydrogenase/d-chiro-inositol 3-dehydrogenase,myo-inositol 2-dehydrogenase/D-chiro-inositol 3-dehydrogenase,1
Bacillus_subtilis_168,gene_9ba56a3492b2,1.0,high,6-phospho-5-dehydro-2-deoxy-d-gluconate aldolase,2-deoxy-5-keto-D-gluconic acid 6-phosphate aldolase,0
Bacillus_subtilis_168,gene_c33c20f906e0,1.0,high,inosose dehydratase,scyllo-inosose dehydratase,1
Bacillus_subtilis_168,gene_f44610879cb0,0.9313,high,abc transporter permease protein yxdm,ABC transporter (permease); efflux of cationic peptides,1
Bacillus_subtilis_168,gene_9794b5a2fbb6,1.0,high,5-dehydro-2-deoxygluconokinase,2-deoxy-5-keto-D-gluconic acid kinase,0
Bacillus_subtilis_168,gene_5e9f48621cae,1.0,high,malonate-semialdehyde dehydrogenase,methylmalonate-semialdehyde dehydrogenase,1
Bacillus_subtilis_168,gene_addc599cc73d,0.9158,high,hth-type transcriptional regulator iolr,transcriptional regulator of the iol operon (DeoR family),0
Bacillus_subtilis_168,gene_70361cc3cd80,1.0,high,5-deoxy-glucuronate isomerase,5-deoxy-D-glucuronic acid isomerase,1
Bacillus_subtilis_168,gene_451b142e1c38,1.0,high,chaperone protein htpg,class III heat-shock protein (ATP-dependent molecular chaperone HSP90),0
Bacillus_subtilis_168,gene_24fa8e955bda,1.0,high,iron(3+)-hydroxamate-binding protein yxeb,desferrioxamine-and ferrichrome-binding transporter lipoprotein (shuttle system),0
Bacillus_subtilis_168,gene_9913d3bb7581,0.95,high,quercetin 2,quercetin dioxygenase,1
Bacillus_subtilis_168,gene_8ecce064cebd,1.0,high,glycerate kinase,D-glycerate kinase,1
Bacillus_subtilis_168,gene_54b4fc36d01b,0.827,high,gluconate operon transcriptional repressor,transcriptional regulator (GntR-gluconate),0
Bacillus_subtilis_168,gene_2a45c4e15c15,0.9147,high,nucleoside permease nupc,pyrimidine-nucleoside Na+(H+) cotransporter,0
Bacillus_subtilis_168,gene_c14f38197d90,1.0,high,6-phosphogluconate dehydrogenase,6-phosphogluconate dehydrogenase (NAD+-dependent),1
Bacillus_subtilis_168,gene_1c0964ffeaca,1.0,high,nadh dehydrogenase,alkyl hydroperoxide reductase (large subunit),0
Bacillus_subtilis_168,gene_5ebf434ffe73,1.0,high,alkyl hydroperoxide reductase c,alkyl hydroperoxide reductase (small subunit),1
Bacillus_subtilis_168,gene_90426cbd1d39,0.8381,high,peptide export atp-binding protein yydi,ABC transporter for regulatory peptide LiaD* (ATP-binding protein),0
Bacillus_subtilis_168,gene_9fc7dbc38ab4,1.0,high,peptide zinc metalloprotease protein yydh,membrane metalloprotease acting on modified factor LiaD,0
Bacillus_subtilis_168,gene_f8eb5ecd9aa9,0.95,high,peptide biosynthesis protein yydg,AdoMet radical amino acid epimerase modifying factor LiaD,0
Bacillus_subtilis_168,gene_9ce2a0cb22e3,0.95,high,peptide export permease protein yydj,permease for export of regulatory peptide LiaD*,1
Bacillus_subtilis_168,gene_8aceedb726cc,1.0,high,fructose-1,"fructose-1,6-bisphosphatase",1
Bacillus_subtilis_168,gene_a653c326d5b2,1.0,high,ribosomal rna large subunit methyltransferase h,23S rRNA (pseudouridine1915-N3)-methyltransferase,0
Bacillus_subtilis_168,gene_eda765d9ca7a,0.6819,moderate,asparagine synthetase 2,asparagine synthetase (glutamine-hydrolyzing),1
Bacillus_subtilis_168,gene_eda24a4f18d3,0.95,high,rapg inhibitor,secreted regulator of the activity of phosphatase RapG,0
Bacillus_subtilis_168,gene_32f5a0a523f9,1.0,high,arginase,arginase,1
Bacillus_subtilis_168,gene_bac376459682,0.95,high,exported peptide yydf,precursor of exported modified peptide (epipeptide) controlling LiaRS activity,0
Bacillus_subtilis_168,gene_6bce49d9b6b8,0.8827,high,regulatory protein rapg,response regulator aspartate phosphatase,0
Bacillus_subtilis_168,gene_6b4fcfefea68,0.95,high,two-component system walr/walk regulatory protein yyci,regulator of WalRK,0
Bacillus_subtilis_168,gene_77274dceea77,0.8062,high,sensor histidine kinase walk,two-component sensor histidine kinase [YycG],1
Bacillus_subtilis_168,gene_3630454cef40,1.0,high,two-component system walr/walk regulatory protein yych,regulator of WalRK(YycFG),0
Bacillus_subtilis_168,gene_ef52a9856629,1.0,high,replicative dna helicase dnac,replicative DNA helicase,1
Bacillus_subtilis_168,gene_265594eadcb4,1.0,high,ornithine aminotransferase,ornithine aminotransferase,1
Bacillus_subtilis_168,gene_0565805479a4,1.0,high,transcriptional activator rocr,transcriptional regulator (NtrC/NifA family),0
Bacillus_subtilis_168,gene_9790d678abe5,0.7093,moderate,spore coat protein f,spore coat protein,1
Bacillus_subtilis_168,gene_f8732d50f197,1.0,high,cyclic-di-amp phosphodiesterase gdpp,phosphodiesterase acting on cyclic dinucleotides,0
Bacillus_subtilis_168,gene_af7e3362bc02,1.0,high,manganese-dependent inorganic pyrophosphatase,inorganic pyrophosphatase (Mn2+-dependent),1
Bacillus_subtilis_168,gene_9e3ff668ff12,1.0,high,large ribosomal subunit protein bl9,ribosomal protein L9,1
Bacillus_subtilis_168,gene_28f0c73856bf,0.9712,high,gluconokinase,D-gluconate kinase,0
Bacillus_subtilis_168,gene_80726e60d1ef,1.0,high,tetracycline resistance protein,multifunctional tetracycline-metal/H+ antiporter and Na+(K+)/H+ antiporter,0
Bacillus_subtilis_168,gene_b7462323c4f4,1.0,high,transcriptional regulatory protein walr,two-component response regulator [YycF],0
Bacillus_subtilis_168,gene_7ea05688d83e,1.0,high,adenylosuccinate synthetase,adenylosuccinate synthetase,1
Bacillus_subtilis_168,gene_b06aa6b4ffc9,1.0,high,maltose o-acetyltransferase,maltose O-acetyltransferase,1
Bacillus_subtilis_168,gene_fdaf776c07a2,1.0,high,exodeoxyribonuclease,apurinic/apyrimidinic endonuclease,0
Bacillus_subtilis_168,gene_cd56ce832144,1.0,high,small ribosomal subunit protein bs18,ribosomal protein S18,0
Bacillus_subtilis_168,gene_d6adecb81422,1.0,high,single-stranded dna-binding protein a,single-strand DNA-binding protein,1
Bacillus_subtilis_168,gene_6ab69bfd3912,1.0,high,small ribosomal subunit protein bs6,ribosomal protein S6 (BS9),0
Bacillus_subtilis_168,gene_139714fca95f,1.0,high,ribosome-binding atpase ychf,potassium-dependent informational ATPase interacting with 70S ribosome; ROS stress regulator,0
Bacillus_subtilis_168,gene_dcb22099f182,1.0,high,catabolite control protein b,transcriptional repressor of carbon supply (LacI family),0
Bacillus_subtilis_168,gene_24a77ff75e62,1.0,high,stage 0 sporulation protein j,site-specific DNA-binding protein,0
Bacillus_subtilis_168,gene_468a001150d6,1.0,high,sporulation initiation inhibitor protein soj,chromosome partitioning protein; transcriptional regulator,0
Bacillus_subtilis_168,gene_a31c50ad7eb9,1.0,high,ribosomal rna small subunit methyltransferase g,"7-methylguanosine methyltransferase (16S rRNA, nucleotide G527)",0
Bacillus_subtilis_168,gene_5e28fcf91fe7,1.0,high,nucleoid occlusion protein,DNA-binding protein Spo0J-like,0
Bacillus_subtilis_168,gene_0073e2c2bab9,1.0,high,trna modification gtpase mnme,tRNA modification GTPase and tRNA-U34 5-formylation enzyme,1
Bacillus_subtilis_168,gene_3c15bf6c55ca,1.0,high,membrane protein insertase misca,Sec-independent factor for membrane protein insertion (YidC/SpoIIIJ family),0
Bacillus_subtilis_168,gene_29043ebfdc5f,1.0,high,ribonuclease p protein component,protein component of ribonuclease P (RNase P) (substrate specificity),1
Bacillus_subtilis_168,gene_d80b6c6c5e93,1.0,high,large ribosomal subunit protein bl34,ribosomal protein L34,0
Bacillus_subtilis_168,gene_86c4e73be317,1.0,high,trna uridine 5-carboxymethylaminomethyl modification enzyme mnmg,tRNA uridine 5-carboxymethylaminomethyl modification enzyme,1
Bacillus_subtilis_168,gene_fdcf002f5f80,1.0,high,rna-binding protein khpb,SpoIIIJ-associated RNA/ssDNA-binding protein,0
Caulobacter_vibrioides_NA1000,gene_47847e1895ae,1.0,high,polyribonucleotide nucleotidyltransferase,polyribonucleotide nucleotidyltransferase,1
Caulobacter_vibrioides_NA1000,gene_1bf548a48c5f,0.8308,high,molybdopterin synthase catalytic subunit,"molybdopterin converting factor, large subunit",0
Caulobacter_vibrioides_NA1000,gene_bcab43f13b36,1.0,high,trna (guanine-n(7)-)-methyltransferase,tRNA m7-G46 methyltransferase,1
Caulobacter_vibrioides_NA1000,gene_2cd92d6328ab,1.0,high,alpha-ketoglutarate-dependent dioxygenase alkb homolog,alkylated DNA repair protein AlkB,0
Caulobacter_vibrioides_NA1000,gene_25e8b796166d,1.0,high,bifunctional uridylyltransferase/uridylyl-removing enzyme,protein-PII uridylyltransferase,0
Caulobacter_vibrioides_NA1000,gene_9d7d119996f3,1.0,high,shikimate dehydrogenase (nadp(+)),shikimate 5-dehydrogenase,1
Caulobacter_vibrioides_NA1000,gene_003bafaedb6e,1.0,high,chromosomal replication initiator protein dnaa,chromosome replication initiator protein DnaA,1
Caulobacter_vibrioides_NA1000,gene_aecdac4968ce,1.0,high,small ribosomal subunit protein bs20,SSU ribosomal protein S20P,0
Caulobacter_vibrioides_NA1000,gene_032136dc489e,1.0,high,inorganic pyrophosphatase,inorganic pyrophosphatase,1
Caulobacter_vibrioides_NA1000,gene_363f73d4db18,0.648,moderate,enoyl-coa hydratase echa8,enoyl-CoA hydratase/isomerase,1
Caulobacter_vibrioides_NA1000,gene_5506a44b3ab4,1.0,high,pkhd-type hydroxylase cc_0027,2OG-Fe(II) oxygenase,0
Caulobacter_vibrioides_NA1000,gene_7634d1fb4f37,0.6598,moderate,dna polymerase iii subunit epsilon,"DNA polymerase III, epsilon chain",1
Caulobacter_vibrioides_NA1000,gene_72a1544bdd94,0.4581,low,aerobic respiration control sensor protein arcb,PAS-family sensor histidine kinase CckO,0
Caulobacter_vibrioides_NA1000,gene_8bc574374036,1.0,high,ribosome maturation factor rimp,ribosome maturation protein RimP,1
Caulobacter_vibrioides_NA1000,gene_fd8095cacc95,0.35,low,Serine protease,Dienelactone hydrolase-family protein,0
Caulobacter_vibrioides_NA1000,gene_279b3731b31b,0.595,moderate,molybdenum cofactor biosynthesis protein b,molybdenum cofactor biosynthesis protein B,1
Caulobacter_vibrioides_NA1000,gene_75d051e9d84d,1.0,high,dna mismatch repair protein muts,DNA mismatch repair protein MutS,1
Caulobacter_vibrioides_NA1000,gene_87647d1efea9,0.9636,high,Replication-related protein,major facilitator superfamily transporter,0
Caulobacter_vibrioides_NA1000,gene_2d78b197ad05,0.8487,high,nucleoside triphosphate pyrophosphatase,Maf-family nucleoside triphosphate pyrophosphatase,1
Caulobacter_vibrioides_NA1000,gene_768f905e7df4,1.0,high,cyclic pyranopterin monophosphate synthase,molybdenum cofactor biosynthesis protein C,0
Caulobacter_vibrioides_NA1000,gene_284d7cda8ffc,1.0,high,ribosome-binding factor a,ribosome-binding factor A,1
Caulobacter_vibrioides_NA1000,gene_49323dd0a6d1,1.0,high,chaperone protein dnak,chaperone protein DnaK,1
Caulobacter_vibrioides_NA1000,gene_eb7e5d527c63,1.0,high,chaperone protein dnaj,chaperone protein DnaJ,1
Caulobacter_vibrioides_NA1000,gene_eea5ac12361d,1.0,high,dephospho-coa kinase,dephospho-CoA kinase,1
Caulobacter_vibrioides_NA1000,gene_64092cba671f,0.4544,low,siroheme synthase,uroporphyrin-III C-methyltransferase/Precorrin-2 dehydrogenase/Sirohydrochlorin ferrochelatase,0
Caulobacter_vibrioides_NA1000,gene_c51cb70028ea,1.0,high,gtp 3',molybdenum cofactor biosynthesis protein A,0
Caulobacter_vibrioides_NA1000,gene_21386c58d3b5,0.6275,moderate,hth-type transcriptional regulator prar,HTH transcriptional regulator,1
Caulobacter_vibrioides_NA1000,gene_7c17a9a935b7,1.0,high,trna pseudouridine synthase b,tRNA pseudouridine synthase B,1
Caulobacter_vibrioides_NA1000,gene_0bb102f94792,0.35,low,Lipoprotein,mliC-family lysozyme inhibitor protein,0
Caulobacter_vibrioides_NA1000,gene_6f782638ad3c,1.0,high,small ribosomal subunit protein us15,SSU ribosomal protein S15P,0
Caulobacter_vibrioides_NA1000,gene_26664faadb06,1.0,high,pyruvate,"pyruvate, phosphate dikinase regulatory protein",1
Caulobacter_vibrioides_NA1000,gene_0c5511422c05,0.5047,moderate,hemolysin c,magnesium and cobalt efflux protein CorC,0
Caulobacter_vibrioides_NA1000,gene_315de67fa613,1.0,high,endoribonuclease ybey,YbeY-family hydrolase,0
Caulobacter_vibrioides_NA1000,gene_69ebc5b54c35,0.8892,high,Metabolism-related protein,phosphate starvation-inducible protein PhoH,0
Caulobacter_vibrioides_NA1000,gene_91101815bc7b,0.9364,high,s-adenosylmethionine synthase,S-adenosylmethionine synthetase,0
Caulobacter_vibrioides_NA1000,gene_e7fac465cf8d,0.732,moderate,ferric uptake regulation protein,ferric uptake regulation protein,1
Caulobacter_vibrioides_NA1000,gene_6dce6eda34ff,0.275,speculative,n-alpha-acetyltransferase rimi,ribosomal-protein-S18-alanine acetyltransferase,0
Caulobacter_vibrioides_NA1000,gene_e2c4cf66456c,0.6085,moderate,trna threonylcarbamoyladenosine biosynthesis protein tsab,"tRNA threonylcarbamoyl adenosine modification protein, YeaZ family",0
Caulobacter_vibrioides_NA1000,gene_2e24d1cbc182,1.0,high,translation initiation factor if-2,protein translation initiation factor 2 IF-2,1
Caulobacter_vibrioides_NA1000,gene_58aaf8d59e4b,1.0,high,nadh dehydrogenase/nad(p)h nitroreductase ccna_00059,malonic semialdehyde reductase,0
Caulobacter_vibrioides_NA1000,gene_8d5a03565655,0.598,moderate,nifu-like protein 4,mitochondrial-type Fe-S cluster assembly protein NFU,0
Caulobacter_vibrioides_NA1000,gene_e7f574ea1641,0.35,low,Lipoprotein,YcxB-like membrane protein,0
Caulobacter_vibrioides_NA1000,gene_c0ecde5b3b10,0.534,moderate,lipid ii flippase murj,Peptidoglycan biosynthesis protein MviN/MurJ,0
Caulobacter_vibrioides_NA1000,gene_7f33828b59c2,0.7519,moderate,apolipoprotein n-acyltransferase,apolipoprotein N-acyltransferase Lnt,1
Caulobacter_vibrioides_NA1000,gene_7bb89629b6af,0.8957,high,trna n6-adenosine threonylcarbamoyltransferase,tRNA threonylcarbamoyl adenosine modification protein TsaD,0
Caulobacter_vibrioides_NA1000,gene_42881c88d592,0.501,moderate,linalool 8-monooxygenase,cytochrome p450,0
Caulobacter_vibrioides_NA1000,gene_4a7d55ed22b5,1.0,high,trna-2-methylthio-n(6)-dimethylallyladenosine synthase,tRNA 2-methylthioadenosine synthase,1
Caulobacter_vibrioides_NA1000,gene_d0c8563ceede,0.479,low,fatty acid oxidation complex subunit alpha,multifunctional fatty acid oxidation complex subunit alpha FadJ,1
Caulobacter_vibrioides_NA1000,gene_778955ad79b1,1.0,high,tryptophan--trna ligase,tryptophanyl-tRNA synthetase,0
Caulobacter_vibrioides_NA1000,gene_36c91ff1aa41,0.6829,moderate,3-methylmercaptopropionyl-coa dehydrogenase,acyl-CoA dehydrogenase,1
Caulobacter_vibrioides_NA1000,gene_9192deb701df,0.7754,moderate,long-chain specific acyl-coa dehydrogenase,"acyl-CoA dehydrogenase, long-chain specific",1
Caulobacter_vibrioides_NA1000,gene_e187a8ddb758,1.0,high,glycerol-3-phosphate dehydrogenase,NAD(P)H-dependent glycerol-3-phosphate dehydrogenase,1
Caulobacter_vibrioides_NA1000,gene_3539f62bb671,0.586,moderate,chemoreceptor y4si,methyl-accepting chemotaxis protein,0
Caulobacter_vibrioides_NA1000,gene_e661216c514a,1.0,high,bifunctional purine biosynthesis protein purh,phosphoribosylaminoimidazolecarboxamide formyltransferase/IMP cyclohydrolase,0
Caulobacter_vibrioides_NA1000,gene_c4c426b06fb5,1.0,high,porphobilinogen deaminase,porphobilinogen deaminase,1
Caulobacter_vibrioides_NA1000,gene_cad43a9fc951,1.0,high,lysine--trna ligase,class 1 lysyl-tRNA synthetase,0
Caulobacter_vibrioides_NA1000,gene_cd8eff789f2f,0.685,moderate,udp-glucose 4-epimerase,UDP-glucose 4-epimerase,1
Caulobacter_vibrioides_NA1000,gene_2a4d6a6d0842,0.9434,high,Metabolism-related protein,phosphoglucomutase/phosphomannomutase,0
Caulobacter_vibrioides_NA1000,gene_0248dfe36ed0,0.6878,moderate,Translation-related protein,WecG/TagA-family glycosyltransferase HfsJ,0
Caulobacter_vibrioides_NA1000,gene_e56f38e23f3b,0.9605,high,acyltransferase rv0859,3-ketoacyl-CoA thiolase,0
Caulobacter_vibrioides_NA1000,gene_250d2c901d8a,0.516,moderate,isoaspartyl peptidase,L-asparaginase,0
Caulobacter_vibrioides_NA1000,gene_420f768d73a1,1.0,high,Metabolism-related protein,HerA helicase-related ATPase,0
Caulobacter_vibrioides_NA1000,gene_75f623769c56,0.775,moderate,ribulose-phosphate 3-epimerase,Ribulose-5-phosphate 3-epimerase,1
Caulobacter_vibrioides_NA1000,gene_5fefd5416105,0.626,moderate,ribosomal rna small subunit methyltransferase b,16S rRNA m5C methyltransferase RsmB,0
Caulobacter_vibrioides_NA1000,gene_410c1e444980,1.0,high,orotidine 5'-phosphate decarboxylase,orotidine 5'-phosphate decarboxylase,1
Caulobacter_vibrioides_NA1000,gene_7481ff035d00,0.4101,low,upf0056 membrane protein bu267,MarC family integral membrane protein,0
Caulobacter_vibrioides_NA1000,gene_17d3f9acda13,0.9127,high,Replication-related protein,gamma-glutamyltranspeptidase,0
Caulobacter_vibrioides_NA1000,gene_81394bad9614,1.0,high,methyltransferase activator trm112 homolog,Trm112p-like protein,0
Caulobacter_vibrioides_NA1000,gene_367be6a52c8d,1.0,high,ftsz-localized protein c,FtsZ-binding protein FzlC,0
Caulobacter_vibrioides_NA1000,gene_5c2ac6306b2e,0.59,moderate,thioredoxin,chaperedoxin CnoX,0
Caulobacter_vibrioides_NA1000,gene_8bdd1a3df98a,1.0,high,phosphoglucosamine mutase,phosphoglucosamine mutase,1
Caulobacter_vibrioides_NA1000,gene_70df93f1d9fc,1.0,high,glutamine--fructose-6-phosphate aminotransferase,"glucosamine-fructose-6-phosphate aminotransferase, isomerizing",1
Caulobacter_vibrioides_NA1000,gene_d5e6f603a40f,0.6316,moderate,Stress Response-related protein,TolB protein,0
Caulobacter_vibrioides_NA1000,gene_c7f57054762f,0.7953,moderate,3-hydroxyacyl-coa dehydrogenase type-2,3-hydroxyacyl CoA dehydrogenase,1
Caulobacter_vibrioides_NA1000,gene_aedf0f33989f,0.8444,high,Replication-related protein,amino acid efflux permease,0
Caulobacter_vibrioides_NA1000,gene_732960e604dc,0.275,speculative,microsomal glutathione s-transferase 2,glutathione S-transferase,1
Caulobacter_vibrioides_NA1000,gene_39c01aef17e6,0.596,moderate,ubiquinone hydroxylase ubil,2-polyprenyl-6-methoxyphenol hydroxylase,0
Caulobacter_vibrioides_NA1000,gene_74cbf63837e7,0.5732,moderate,udp-n-acetylglucosamine--peptide n-acetylglucosaminyltransferase spindly,"O-linked N-acetylglucosamine transferase, SPINDLY family",0
Caulobacter_vibrioides_NA1000,gene_e7dcef9690a6,0.7013,moderate,transcription termination/antitermination protein nusa,Transcription termination/antitermination protein NusA,1
Caulobacter_vibrioides_NA1000,gene_cda3a63a1a80,0.4059,low,sensor histidine kinase gacs,hybrid two-component histidine kinase/receiver protein ShkA,0
Caulobacter_vibrioides_NA1000,gene_211338834823,0.7716,moderate,Metabolism-related protein,magnesium chelatase subunit ChlI-like ATPase,0
Caulobacter_vibrioides_NA1000,gene_a28804f38c93,0.733,moderate,Replication-related protein,AmpG-family major facilitator transporter,0
Caulobacter_vibrioides_NA1000,gene_b9d9ac0b820b,0.7338,moderate,ribosomal rna small subunit methyltransferase i,ribosomal RNA small subunit methyltransferase I,1
Caulobacter_vibrioides_NA1000,gene_28cc3829ce05,0.443,low,radical s-adenosyl methionine domain-containing protein 1,oxygen-independent coproporphyrinogen-III oxidase,0
Caulobacter_vibrioides_NA1000,gene_6d42c7800f7c,1.0,high,ditp/xtp pyrophosphatase,xanthosine triphosphate pyrophosphatase,0
Caulobacter_vibrioides_NA1000,gene_72352ad82293,0.577,moderate,very-long-chain 3-oxoacyl-coa reductase,ketoacyl reductase hetN,0
Caulobacter_vibrioides_NA1000,gene_1e58c2a80102,1.0,high,argininosuccinate synthase,argininosuccinate synthase,1
Caulobacter_vibrioides_NA1000,gene_4b184c756eb2,1.0,high,ribonuclease ph,ribonuclease PH,1
Caulobacter_vibrioides_NA1000,gene_20d6926b714e,1.0,high,heat-inducible transcription repressor hrca,winged helix-turn-helix transcription repressor HrcA,1
Caulobacter_vibrioides_NA1000,gene_813815387e39,1.0,high,upf0102 protein ccna_00142,endonuclease,0
Caulobacter_vibrioides_NA1000,gene_9aa91507af23,0.6192,moderate,momilactone a synthase,short chain dehydrogenase,0
Caulobacter_vibrioides_NA1000,gene_e3b577a376e3,0.4503,low,nad-specific glutamate dehydrogenase,NAD-specific glutamate dehydrogenase GdhZ,1
Caulobacter_vibrioides_NA1000,gene_05792c9c3555,1.0,high,protein grpe,adenine nucleotide exchange factor GrpE,1
Caulobacter_vibrioides_NA1000,gene_95fe630dd909,0.35,low,Lipoprotein,methyl-accepting chemotaxis protein,0
Caulobacter_vibrioides_NA1000,gene_af6c02638898,0.3706,low,tyrosine-protein kinase epsb,exopolysaccharide transport family protein,0
Caulobacter_vibrioides_NA1000,gene_1dd0d9e37d0d,1.0,high,potassium transport system protein kup,Kup system potassium uptake protein,1
Caulobacter_vibrioides_NA1000,gene_89df67da76bc,1.0,high,dna replication and repair protein recf,DNA replication and repair protein recF,1
Caulobacter_vibrioides_NA1000,gene_0c3b839bf9ac,0.9822,high,beta sliding clamp,"DNA polymerase III, beta chain",0
Caulobacter_vibrioides_NA1000,gene_5c77b008aeb7,0.8902,high,Metabolism-related protein,type II secretion pathway protein E,0
Caulobacter_vibrioides_NA1000,gene_579dd6e8957e,0.381,low,secretin gspd 2,type II secretion pathway protein D,0
Caulobacter_vibrioides_NA1000,gene_c57fd979d24c,0.505,moderate,type ii secretion system protein j,type II secretion pathway protein J,0
Caulobacter_vibrioides_NA1000,gene_22769ebd10a6,0.35,low,DNA-binding transcription regulator,type II secretion pathway protein M,0
Caulobacter_vibrioides_NA1000,gene_cd255a1be76f,0.8238,high,udp-glucose:undecaprenyl-phosphate glucose-1-phosphate transferase,polyisoprenylphosphate hexose-1-phosphotransferase pssY,0
Caulobacter_vibrioides_NA1000,gene_528d60acc54f,0.4431,low,prepilin leader peptidase/n-methyltransferase,"type II secretory pathway, prepilin signal peptidase",0
Caulobacter_vibrioides_NA1000,gene_2e3fad826a7c,0.35,low,Lipoprotein,beta-barrel type 2 porin,0
Caulobacter_vibrioides_NA1000,gene_99e02eed4cc2,0.6848,moderate,permease mj0326,guanine-hypoxanthine permease,0
Caulobacter_vibrioides_NA1000,gene_12880486f034,0.31,low,type ii secretion system protein k,type II secretion pathway protein K,0
Caulobacter_vibrioides_NA1000,gene_e51f5023d829,0.6211,moderate,iron and copper transporter iact,TonB-dependent receptor,0
Caulobacter_vibrioides_NA1000,gene_7332f706fd05,1.0,high,dna gyrase subunit b,DNA gyrase subunit B,1
Caulobacter_vibrioides_NA1000,gene_0eb406911b79,0.35,low,Lipoprotein,N-acetylglutamate synthase domain protein,0
Caulobacter_vibrioides_NA1000,gene_732987b2217f,0.732,moderate,type ii secretion system core protein g,type II secretion pathway protein G,0
Caulobacter_vibrioides_NA1000,gene_60b3bba94297,1.0,high,3-isopropylmalate dehydrogenase,3-isopropylmalate dehydrogenase,1
Caulobacter_vibrioides_NA1000,gene_2afb06cbe277,1.0,high,3-isopropylmalate dehydratase large subunit,3-isopropylmalate dehydratase large subunit,1
Caulobacter_vibrioides_NA1000,gene_422958c4bef2,1.0,high,large ribosomal subunit protein bl19,LSU ribosomal protein L19P,0
Caulobacter_vibrioides_NA1000,gene_88e9bbd4cc4e,0.9129,high,trna (guanine-n(1)-)-methyltransferase,tRNA (guanine-N1)-methyltransferase,1
Caulobacter_vibrioides_NA1000,gene_ab0ebb4151fe,0.3844,low,gibberellin 20 oxidase 2,2OG-Fe(II) oxygenase superfamily protein,0
Caulobacter_vibrioides_NA1000,gene_1f6ec1e2bc6e,0.8176,high,outer membrane porin f,outer membrane protein,1
Caulobacter_vibrioides_NA1000,gene_88d1b939e55a,1.0,high,3-isopropylmalate dehydratase small subunit,3-isopropylmalate dehydratase small subunit,1
Caulobacter_vibrioides_NA1000,gene_e44cca02779a,0.35,low,Lipoprotein,type II secretion pathway protein N,0
Caulobacter_vibrioides_NA1000,gene_c66196fe0f46,0.6967,moderate,3-methylmercaptopropionyl-coa ligase,long-chain-fatty-acid--CoA ligase,0
Caulobacter_vibrioides_NA1000,gene_8dbd23581185,0.9209,high,succinyl-coa:3-ketoacid coenzyme a transferase subunit a,succinyl-CoA:3-ketoacid-coenzyme A transferase subunit A,1
Caulobacter_vibrioides_NA1000,gene_bef1b031174e,0.5406,moderate,glutathione-regulated potassium-efflux system protein kefb,glutathione-regulated potassium-efflux system protein kefB,1
Caulobacter_vibrioides_NA1000,gene_e2917e976ed9,0.315,low,purine nucleoside permease,NUP-family purine nucleoside permease,1
Caulobacter_vibrioides_NA1000,gene_78a1e759e23e,0.69,moderate,n-carbamoylputrescine amidase,N-carbamoylputrescine amidase,1
Caulobacter_vibrioides_NA1000,gene_b72d80594814,0.5476,moderate,glutathione-regulated potassium-efflux system ancillary protein kefg,NAD(P)H-quinone reductase,0
Caulobacter_vibrioides_NA1000,gene_d20c389d06cc,0.35,low,ATP/GTP binding protein,thiol-disulfide isomerase and thioredoxin,0
Caulobacter_vibrioides_NA1000,gene_62134f04aa55,0.5933,moderate,Replication-related protein,thiol:disulfide interchange protein DsbD,0
Caulobacter_vibrioides_NA1000,gene_75910bb6355a,1.0,high,ceramide hydroxylase,DesA-family fatty acid desaturase,0
Caulobacter_vibrioides_NA1000,gene_9759658d11c6,0.7495,moderate,Replication-related protein,Agmatine/peptidylarginine deiminase,0
Caulobacter_vibrioides_NA1000,gene_0a29acc60269,0.6954,moderate,rna/dna methyltransferase rv2966c,methyltransferase,1
Caulobacter_vibrioides_NA1000,gene_c10a733a55b0,0.642,moderate,udp-n-acetylglucosamine 4,"UDP-N-acetylglucosamine 4,6-dehydratase",1
Caulobacter_vibrioides_NA1000,gene_d77bba30543e,1.0,high,upf0386 protein cc_0226,YjhX toxin domain protein,0
Caulobacter_vibrioides_NA1000,gene_a0aab9cffe64,0.7823,moderate,trna-specific adenosine deaminase,tRNA-specific adenosine deaminase,1
Caulobacter_vibrioides_NA1000,gene_a361615ef8e4,0.4944,low,sensor protein chvg,two-component sensor histidine kinase chvG,1
Caulobacter_vibrioides_NA1000,gene_71259404478b,1.0,high,glucose-6-phosphate isomerase,glucose-6-phosphate isomerase/glucose-6 phosphate 1-epimerase,1
Caulobacter_vibrioides_NA1000,gene_68ff3a1fd8c1,0.35,low,pts system mannose-specific eiiab component,"PTS system, IIA component",1
Caulobacter_vibrioides_NA1000,gene_05973713e395,0.679,moderate,phosphocarrier protein hpr,phosphocarrier protein HPr,1
Caulobacter_vibrioides_NA1000,gene_aabd3fc055b2,0.8787,high,transcriptional regulatory protein chvi,two-component response regulator chvI,0
Caulobacter_vibrioides_NA1000,gene_dc2c72bf831e,1.0,high,pterin-4-alpha-carbinolamine dehydratase,pterin-4-alpha-carbinolamine dehydratase,1
Caulobacter_vibrioides_NA1000,gene_654a202977a8,0.9285,high,photosynthetic apparatus regulatory protein rega,two-component receiver protein SpdR,0
Caulobacter_vibrioides_NA1000,gene_047b0323881e,0.6592,moderate,Replication-related protein,conserved membrane spanning protein,0
Caulobacter_vibrioides_NA1000,gene_fba262e2a412,0.202,speculative,acyl-coa dehydrogenase family member 10,HAD superfamily phophatase,0
Caulobacter_vibrioides_NA1000,gene_3dc23e6977bf,0.6543,moderate,aspartate-semialdehyde dehydrogenase,aspartate-semialdehyde dehydrogenase,1
Caulobacter_vibrioides_NA1000,gene_896d6a0329fc,0.9055,high,Stress Response-related protein,type II secretion pathway protein F,0
Caulobacter_vibrioides_NA1000,gene_2e468d944ec5,0.4845,low,udp-4-amino-4-deoxy-l-arabinose--oxoglutarate aminotransferase,WecE-family cell wall biogenesis enzyme,0
Caulobacter_vibrioides_NA1000,gene_3ab01ae56009,0.439,low,sensor histidine kinase regb,sensor histidine protein kinase SpdS,1
Caulobacter_vibrioides_NA1000,gene_56feee0bc784,0.211,speculative,lipid a galacturonosyltransferase rgtd,undecaprenyl-phosphomannose:protein mannosyltransferase,0
Caulobacter_vibrioides_NA1000,gene_2f3c7300ab47,0.7078,moderate,2-dehydropantoate 2-reductase,ketopantoate reductase panE/ApbA family protein,0
Caulobacter_vibrioides_NA1000,gene_8b833d8b9230,0.377,low,penicillin-binding protein 1a,multimodular transpeptidase-transglycosylase PbpX,0
Caulobacter_vibrioides_NA1000,gene_292b8c17a721,0.7961,moderate,acyltransferase rv0859,3-ketoacyl-CoA thiolase,0
Caulobacter_vibrioides_NA1000,gene_66c12a83d4ba,0.6332,moderate,nad-capped rna hydrolase nudt12,NADH pyrophosphatase,0
Caulobacter_vibrioides_NA1000,gene_0817bff46d3b,0.5516,moderate,pyridoxal kinase pdxy,pyridoxine kinase,0
Caulobacter_vibrioides_NA1000,gene_6acf3385d15b,1.0,high,nucleoid-associated protein cc_0268,YbaB/EbfC-family DNA-binding protein,0
Caulobacter_vibrioides_NA1000,gene_604b4d3908e3,0.4323,low,ribonucleoside-diphosphate reductase small subunit 376l,ribonucleoside-diphosphate reductase beta chain,1
Caulobacter_vibrioides_NA1000,gene_7c9cf425a8be,0.35,low,ATP/GTP binding protein,serine kinase/phosphatase HprK,0
Caulobacter_vibrioides_NA1000,gene_42f75e344187,1.0,high,peptide deformylase,peptide deformylase,1
Caulobacter_vibrioides_NA1000,gene_5fe13fc1d5c1,0.6705,moderate,dna polymerase iii subunit tau,DNA polymerase III subunit gamma/tau,1
Caulobacter_vibrioides_NA1000,gene_9dc647ebf928,1.0,high,trna pseudouridine synthase a,tRNA pseudouridine synthase A,1
Caulobacter_vibrioides_NA1000,gene_f7a4d71b0a5f,1.0,high,methionyl-trna formyltransferase,methionyl-tRNA formyltransferase,1
Caulobacter_vibrioides_NA1000,gene_247c5e6eb390,1.0,high,glutaminase,glutaminase,1
Caulobacter_vibrioides_NA1000,gene_2ac62c2b1533,0.5815,moderate,phyllosphere-induced regulator phyr,two-component receiver domain protein LovR,0
Caulobacter_vibrioides_NA1000,gene_158370d31b57,0.4334,low,blue-light-activated histidine kinase,photosensory histidine protein kinase LovK,0
Caulobacter_vibrioides_NA1000,gene_963aff8d0218,1.0,high,acetylglutamate kinase,acetylglutamate kinase,1
Caulobacter_vibrioides_NA1000,gene_a3ef1404d3ad,0.463,low,glutamate/aspartate-proton symporter gltp,C4-dicarboxylate transport protein,0
Caulobacter_vibrioides_NA1000,gene_f33431a05326,0.4191,low,phosphate regulon sensor protein phor,phosphate regulon sensor protein phoR,1
Caulobacter_vibrioides_NA1000,gene_5dd5666c9023,1.0,high,recombination protein recr,Recombination protein recR,1
Caulobacter_vibrioides_NA1000,gene_517ba765682f,0.468,low,phosphate transport system permease protein psta 1,phosphate transport system permease protein pstA,1
Caulobacter_vibrioides_NA1000,gene_e4e949bed8a8,0.562,moderate,amp nucleosidase,AMP nucleosidase,1
Caulobacter_vibrioides_NA1000,gene_5ff44935701f,1.0,high,succinyl-diaminopimelate desuccinylase,succinyl-diaminopimelate desuccinylase DapE,1
Caulobacter_vibrioides_NA1000,gene_59ec81dd68e6,0.662,moderate,sulfate-binding protein,"ABC-type sulfate transport system, periplasmic component",0
Caulobacter_vibrioides_NA1000,gene_8558acbdffd9,0.35,low,Lipoprotein,conserved hypothetical lipoprotein,1
Caulobacter_vibrioides_NA1000,gene_e5ead42bbcb5,0.393,low,ochratoxinase,imidazolonepropionase-related amidohydrolase,0
Caulobacter_vibrioides_NA1000,gene_86d811b64dca,0.6496,moderate,acyl-coa dehydrogenase family member 10,phosphotransferase family protein,0
Caulobacter_vibrioides_NA1000,gene_2641853919d9,0.4478,low,3-deoxy-d-manno-octulosonic acid transferase,3-deoxy-D-manno-octulosonic-acid transferase,1
Caulobacter_vibrioides_NA1000,gene_b154720ce874,1.0,high,tetraacyldisaccharide 4'-kinase,tetraacyldisaccharide-1-P 4'-kinase,1
Caulobacter_vibrioides_NA1000,gene_d3192db4684b,0.6521,moderate,phosphate regulon transcriptional regulatory protein phob,phosphate regulon response regulator PhoB,1
Caulobacter_vibrioides_NA1000,gene_d24abcace73f,0.61,moderate,histidinol-phosphatase,3'-phosphoadenosine-5'-phosphosulfate (PAPS) 3'-phosphatase family protein,0
Caulobacter_vibrioides_NA1000,gene_f0381f547a71,0.464,low,metalloprotease pmba,Zn-dependent protease family protein,0
Caulobacter_vibrioides_NA1000,gene_5ada6f80dd1c,0.259,speculative,dna recombination protein rmuc homolog,RmuC family protein,1
Caulobacter_vibrioides_NA1000,gene_b138395d0371,1.0,high,phosphoribosylamine--glycine ligase,phosphoribosylamine--glycine ligase,1
Caulobacter_vibrioides_NA1000,gene_44fad040f7fb,1.0,high,phosphate-specific transport system accessory protein phou homolog,phosphate transport system protein phoU,1
Caulobacter_vibrioides_NA1000,gene_a199594434bc,1.0,high,gtpase obg,GTP-binding protein CgtA,0
Caulobacter_vibrioides_NA1000,gene_03e0950d1926,0.35,low,DNA-binding transcription regulator,"peptidase, M14 family",0
Caulobacter_vibrioides_NA1000,gene_e9a10dc9b31c,1.0,high,phosphate import atp-binding protein pstb,phosphate transport ATP-binding protein pstB,1
Caulobacter_vibrioides_NA1000,gene_f338724d1a98,1.0,high,large ribosomal subunit protein bl27,LSU ribosomal protein L27P,0
Caulobacter_vibrioides_NA1000,gene_b39a876ebe8f,0.8737,high,large ribosomal subunit protein bl21,LSU ribosomal protein L21P,0
Caulobacter_vibrioides_NA1000,gene_d7eb2dec59f9,0.6628,moderate,atp-dependent lipid a-core flippase,phospholipid-lipopolysaccharide ABC transporter,0
Caulobacter_vibrioides_NA1000,gene_9923f6a306fe,0.576,moderate,biopolymer transport protein exbd,ExbD-family protein,1
Caulobacter_vibrioides_NA1000,gene_9ee505111c3d,1.0,high,glutamate 5-kinase,glutamate 5-kinase,1
Caulobacter_vibrioides_NA1000,gene_d903a8436512,0.5248,moderate,abc transporter permease protein yqgh,phosphate transport system permease protein pstC,0
Caulobacter_vibrioides_NA1000,gene_30026858a8d3,0.522,moderate,molybdenum-pterin-binding protein mopb,molybdenum-pterin binding protein mopB,1
Caulobacter_vibrioides_NA1000,gene_a5c6cb8b5be0,0.6983,moderate,molybdenum transport system permease protein modb,molybdenum transport system permease protein modB,1
Caulobacter_vibrioides_NA1000,gene_2e121f2adea4,0.35,low,DNA-binding transcription regulator,LytTr DNA-binding domain protein,1
Caulobacter_vibrioides_NA1000,gene_7a1e8c533dc4,0.707,moderate,Metabolism-related protein,CobW-family GTP binding protein ZrpX,0
Caulobacter_vibrioides_NA1000,gene_e1f7f18527c8,1.0,high,biosynthetic peptidoglycan transglycosylase,monofunctional biosynthetic peptidoglycan transglycosylase MtgA,1
Caulobacter_vibrioides_NA1000,gene_e8243e8dd020,0.8292,high,Replication-related protein,"transporter, major facilitator superfamily",0
Caulobacter_vibrioides_NA1000,gene_7d9b6858dd32,0.9628,high,succinate--coa ligase subunit alpha,succinyl-CoA synthetase alpha chain,0
Caulobacter_vibrioides_NA1000,gene_2f9a110d7cec,0.638,moderate,molybdate-binding protein moda,molybdate-binding protein,1
Caulobacter_vibrioides_NA1000,gene_f0aec243fda1,0.8723,high,2-oxoglutarate dehydrogenase e1 component,2-oxoglutarate dehydrogenase E1 component,1
Caulobacter_vibrioides_NA1000,gene_3ea8dc6077fe,1.0,high,succinate--coa ligase subunit beta,succinyl-CoA synthetase beta chain,0
Caulobacter_vibrioides_NA1000,gene_fa32ebd62bff,0.464,low,chemoreceptor y4si,methyl-accepting chemotaxis protein,0
Caulobacter_vibrioides_NA1000,gene_4b4bb38681bb,0.9265,high,dihydrolipoyl dehydrogenase 3,dihydrolipoamide dehydrogenase,0
Caulobacter_vibrioides_NA1000,gene_234623be72c2,0.6912,moderate,replication restart protein pria,primosomal protein N',0
Caulobacter_vibrioides_NA1000,gene_600d754bd3c2,0.8816,high,3-octaprenyl-4-hydroxybenzoate carboxy-lyase,3-polyprenyl-4-hydroxybenzoate decarboxylase,0
Caulobacter_vibrioides_NA1000,gene_7dbae6fb6ebf,1.0,high,outer membrane protein cc_0351,outer membrane protein,1
Caulobacter_vibrioides_NA1000,gene_ff79f4fd234b,0.36,low,zinc uptake regulation protein,zinc uptake regulation protein,1
Caulobacter_vibrioides_NA1000,gene_fa1df2b59f9b,0.9793,high,deoxyhypusine synthase-like protein,deoxyhypusine synthase,1
Caulobacter_vibrioides_NA1000,gene_554e6320c42b,0.5881,moderate,acid phosphatase,PAP2 bacterial acid phosphatase,1
Caulobacter_vibrioides_NA1000,gene_d9cbe9e17e57,0.5978,moderate,phosphonate transport system permease protein phne,phosphonates transport system permease protein phnE,1
Caulobacter_vibrioides_NA1000,gene_3326e8070670,0.35,low,Lipoprotein,secretory tripeptidyl aminopeptidase,0
Caulobacter_vibrioides_NA1000,gene_1ba21828127f,0.7736,moderate,atp synthase subunit b,ATP synthase B chain,1
Caulobacter_vibrioides_NA1000,gene_bd63d124c38e,0.4009,low,atp synthase subunit b 2,ATP synthase B' chain,1
Caulobacter_vibrioides_NA1000,gene_04f37aa02fab,0.6645,moderate,atp synthase subunit c,ATP synthase C chain,1
Caulobacter_vibrioides_NA1000,gene_0635b6f8efab,0.557,moderate,tyrosine recombinase xerc,"integrase/recombinase, XerC-CodV family",1
Caulobacter_vibrioides_NA1000,gene_d0dfd553073b,0.522,moderate,phosphonates-binding periplasmic protein,phosphonates-binding protein,1
Caulobacter_vibrioides_NA1000,gene_681512f5e1e8,1.0,high,chromosome partition protein smc,chromosome partition protein Smc,1
Caulobacter_vibrioides_NA1000,gene_62c30ab7550f,1.0,high,dna methyltransferase ccrm,adenine-specific methyltransferase ccrM,1
Caulobacter_vibrioides_NA1000,gene_e9a0f7fa0199,1.0,high,ribonuclease hii,ribonuclease HII,1
Caulobacter_vibrioides_NA1000,gene_09fd8bc09baa,0.35,low,Serine protease,vegetatible incompatibility protein HET-E-1,0
Caulobacter_vibrioides_NA1000,gene_d69e84c66932,0.9046,high,Replication-related protein,ATP synthase A chain,0
Caulobacter_vibrioides_NA1000,gene_321690c984c6,0.379,low,iron-sulfur cluster assembly factor iba57 homolog,aminomethyltransferase family protein,0
Caulobacter_vibrioides_NA1000,gene_8ffb0cd4441e,0.5912,moderate,upf0053 inner membrane protein yoae,integral membrane protein,0
Caulobacter_vibrioides_NA1000,gene_e527da06f51d,0.8483,high,dihydrolipoyllysine-residue succinyltransferase component of 2-oxoglutarate dehydrogenase complex,dihydrolipoamide succinyltransferase,0
Caulobacter_vibrioides_NA1000,gene_9258311e7053,0.5006,moderate,4-coumarate--coa ligase 3,feruloyl-CoA synthetase,0
Caulobacter_vibrioides_NA1000,gene_e0cfb8f73a7a,0.643,moderate,adenine dna glycosylase,A/G-specific adenine DNA glycosylase,1
Caulobacter_vibrioides_NA1000,gene_361a9cb6bc24,0.5849,moderate,hth-type transcriptional repressor mdtr,MarR/EmrR-family transcriptional regulator,0
Caulobacter_vibrioides_NA1000,gene_9b472178599b,0.3965,low,enoyl-coa delta isomerase 2,enoyl-CoA hydratase,1
Caulobacter_vibrioides_NA1000,gene_45ede17e5d2c,0.516,moderate,dihydroorotase,dihydroorotase,1
Caulobacter_vibrioides_NA1000,gene_5c1f3517f13b,0.5259,moderate,oxidoreductase,short chain dehydrogenase,0
Caulobacter_vibrioides_NA1000,gene_b239bb93539b,0.35,low,Serine protease,esterase lipase Family protein,0
Caulobacter_vibrioides_NA1000,gene_127abf84427a,0.35,low,ATP/GTP binding protein,DNA transformation protein tfoX,0
Caulobacter_vibrioides_NA1000,gene_e94a3cfa2339,0.6077,moderate,acetolactate synthase large subunit ilvx,acetolactate synthase,1
Caulobacter_vibrioides_NA1000,gene_e990c8e3994d,0.498,low,cca trna nucleotidyltransferase 1,poly(A) polymerase/tRNA-nucleotidyltransferase,1
Caulobacter_vibrioides_NA1000,gene_1da262880ecd,0.7668,moderate,hydroxysteroid dehydrogenase-like protein 2,short chain dehydrogenase,0
Caulobacter_vibrioides_NA1000,gene_a63a2f0b1217,0.585,moderate,protein sll1483,fasciclin domain cell surface protein,0
Caulobacter_vibrioides_NA1000,gene_b217fa0764ae,0.7193,moderate,nudix hydrolase dr_1184,CoA pyrophosphatase,0
Caulobacter_vibrioides_NA1000,gene_e410287bc445,0.35,low,DNA-binding transcription regulator,type 1 capsular polysaccharide biosynthesis protein J,0
Caulobacter_vibrioides_NA1000,gene_56e22d3df810,0.7578,moderate,upf0324 membrane protein cc_0425,conserved membrane-spanning protein,0
Caulobacter_vibrioides_NA1000,gene_42c0fedc00fc,0.7069,moderate,dna-3-methyladenine glycosylase 1,DNA-3-methyladenine glycosylase,1
Caulobacter_vibrioides_NA1000,gene_417c2e0bcb42,0.3425,low,glucose 1-dehydrogenase 2,SDR pteridine reductase,0
Caulobacter_vibrioides_NA1000,gene_d259efa6e5c8,0.8096,high,dna-binding transcriptional activator decr,AsnC-family transcriptional regulator,0
Caulobacter_vibrioides_NA1000,gene_60549c782a1c,0.495,low,transcriptional regulator ycf27,chemotaxis receiver domain protein cheYI,0
Caulobacter_vibrioides_NA1000,gene_166ee405bafb,0.371,low,gamma-glutamyl peptidase 4,type 1 glutamine amidotransferase (GATase1) domain protein,0
Caulobacter_vibrioides_NA1000,gene_858474e30431,1.0,high,chemotaxis protein chew,chemotaxis protein cheWI,0
Caulobacter_vibrioides_NA1000,gene_618454be1973,0.5685,moderate,chemotaxis protein methyltransferase,chemotaxis protein methyltransferase CheRI,1
Caulobacter_vibrioides_NA1000,gene_e742d1f75c87,0.594,moderate,chemotaxis protein chey,chemotaxis receiver domain protein cheYII,0
Caulobacter_vibrioides_NA1000,gene_8c6179a3e4da,0.3845,low,transcriptional regulator ycf29,single domain receiver protein CleA,0
Caulobacter_vibrioides_NA1000,gene_028e9178cc75,1.0,high,chemoreceptor glutamine deamidase ched,chemotaxis protein cheD,0
Caulobacter_vibrioides_NA1000,gene_ccb36d3a5975,0.544,moderate,chemoreceptor mcpa,globin-coupled-sensor methyl-accepting chemotaxis protein,0
Caulobacter_vibrioides_NA1000,gene_f56705e683d2,0.5959,moderate,glutamine--fructose-6-phosphate aminotransferase,glucosamine-6-phosphate deaminase,0
Caulobacter_vibrioides_NA1000,gene_153fcc88f69a,0.409,low,hth-type transcriptional repressor nagr,GntR-family transcriptional regulator,0
Caulobacter_vibrioides_NA1000,gene_1e46ef830bf3,0.504,moderate,n-acetylgalactosamine-6-phosphate deacetylase,N-acetylglucosamine-6-phosphate deacetylase,1
Caulobacter_vibrioides_NA1000,gene_0a4adf40d011,0.7008,moderate,acyl-coa dehydrogenase yngj,"acyl-CoA dehydrogenase, short-chain specific",1
Caulobacter_vibrioides_NA1000,gene_ad2903956b6a,0.35,low,DNA-binding transcription regulator,antiporter protein,0
Caulobacter_vibrioides_NA1000,gene_2a8eb1ec987c,0.7553,moderate,Replication-related protein,"PTS system, N-acetylglucosamine-specific IIBC component",0
Caulobacter_vibrioides_NA1000,gene_57c22d4deab5,0.475,low,udp-galactopyranose mutase,UDP-galactopyranose mutase,1
Caulobacter_vibrioides_NA1000,gene_313fa7f7bb12,0.5478,moderate,protein-disulfide oxidoreductase rbe_1288,thiol:disulfide interchange protein dsbA,0
Caulobacter_vibrioides_NA1000,gene_dfb5da4497c9,0.225,speculative,o-antigen transporter,oligosaccharide translocase/flippase,0
Caulobacter_vibrioides_NA1000,gene_6fba7f5048b0,0.6818,moderate,phosphoenolpyruvate-protein phosphotransferase,"phosphoenolpyruvate-protein phosphotransferase/phosphocarrier protein HPr/PTS system, glucose-specific IIA subunit",1
Caulobacter_vibrioides_NA1000,gene_e1d228e45ad0,0.35,low,DNA-binding transcription regulator,GT4 PimA-like glycosyltransferase,0
Caulobacter_vibrioides_NA1000,gene_ab0dd7b2f744,0.577,moderate,chemotaxis protein chea,chemotaxis histidine kinase protein cheAI,0
Caulobacter_vibrioides_NA1000,gene_29fefd617105,0.35,low,DNA-binding transcription regulator,O-antigen polymerase,0
Caulobacter_vibrioides_NA1000,gene_62ee6fd15c2b,0.31,low,colanic acid biosynthesis glycosyl transferase wcai,GT1/WbuB-like N-acetyl-L-fucosamine transferase,0
Caulobacter_vibrioides_NA1000,gene_b6ce11282ea0,0.474,low,beta-n-acetylhexosaminidase amuc_0868,beta-N-acetylhexosaminidase,1
Caulobacter_vibrioides_NA1000,gene_eb5265eccb83,1.0,high,protein-glutamate methylesterase/protein-glutamine glutaminase 1,receiver domain-glutamate methylesterase cheBI,0
Caulobacter_vibrioides_NA1000,gene_06393e1faa35,0.2971,speculative,metallo-hydrolase burps1710b_2304,"Zn-dependent hydrolase, glyoxalase II family",0
Caulobacter_vibrioides_NA1000,gene_930bb2da8189,0.8877,high,gdp-l-fucose synthase,GDP-L-fucose synthase Fcl,1
Caulobacter_vibrioides_NA1000,gene_94472e5d3dde,0.6094,moderate,alkaline phosphatase d,alkaline phosphatase,1
Caulobacter_vibrioides_NA1000,gene_c0cfd194aae8,0.558,moderate,Replication-related protein,amino acid efflux permease,0
Caulobacter_vibrioides_NA1000,gene_f9ec15009b44,0.7337,moderate,ribosomal large subunit pseudouridine synthase d,ribosomal large subunit pseudouridine synthase D,1
Caulobacter_vibrioides_NA1000,gene_733a29ca3e2f,1.0,high,gtp cyclohydrolase 1,GTP cyclohydrolase I,1
Caulobacter_vibrioides_NA1000,gene_b577b72dde0e,1.0,high,phosphoribosyl-amp cyclohydrolase,phosphoribosyl-AMP cyclohydrolase,1
Caulobacter_vibrioides_NA1000,gene_0b2344ca2112,0.35,low,Lipoprotein,NifU/IscU-family protein,0
Caulobacter_vibrioides_NA1000,gene_eaf76523289e,0.6894,moderate,Metabolism-related protein,"bacterial conjugation protein, ATP binding domain trwB",0
Caulobacter_vibrioides_NA1000,gene_2d5ea39e26b3,0.6436,moderate,Translation-related protein,smooth LPS biosynthesis glycosyltransferase,0
Caulobacter_vibrioides_NA1000,gene_c99d5526f418,0.4973,low,3-hydroxy-3-isohexenylglutaryl-coa/hydroxy-methylglutaryl-coa lyase,hydroxymethylglutaryl-CoA lyase,0
Caulobacter_vibrioides_NA1000,gene_e0ce32694cec,0.7771,moderate,Metabolism-related protein,TonB-dependent receptor,0
Caulobacter_vibrioides_NA1000,gene_f65e21561030,0.4313,low,undecaprenyl-phosphate 4-deoxy-4-formamido-l-arabinose transferase,glycosyl transferase family protein,0
Caulobacter_vibrioides_NA1000,gene_239077f6209d,0.5314,moderate,trna (cytidine(34)-2'-o)-methyltransferase,23S rRNA methyltransferase,0
Caulobacter_vibrioides_NA1000,gene_edcc552ca419,0.786,moderate,cytochrome b/c1,cytochrome b,1
Caulobacter_vibrioides_NA1000,gene_6009a18059ac,0.35,low,Lipoprotein,carboxymethylenebutenolidase,0
Caulobacter_vibrioides_NA1000,gene_7c2b479a1693,0.6246,moderate,kinase y4me,toxin protein module HipA,0
Caulobacter_vibrioides_NA1000,gene_6742b601d9ac,0.8414,high,ribosome-binding atpase ychf,"GTP-binding protein, probable translation factor",0
Caulobacter_vibrioides_NA1000,gene_b2f9ff4d085b,0.35,low,DNA-binding transcription regulator,Abi superfamily/CAAX amino terminal protease,0
Caulobacter_vibrioides_NA1000,gene_d040ca3d3054,1.0,high,pirin-like protein cc_0481,YhaK-family redox sensitive bicupin,0
Caulobacter_vibrioides_NA1000,gene_fbef003d36cc,0.588,moderate,cytochrome c1-2,cytochrome c1,1
Caulobacter_vibrioides_NA1000,gene_716195cffd04,1.0,high,cysteine--trna ligase,cysteinyl-tRNA synthetase,0
Caulobacter_vibrioides_NA1000,gene_9490666b26fe,1.0,high,large ribosomal subunit protein bl25,LSU ribosomal protein L25P,0
Caulobacter_vibrioides_NA1000,gene_c2246f00d09d,0.315,low,carboxymethylenebutenolidase,carboxymethylenebutenolidase,1
Caulobacter_vibrioides_NA1000,gene_866c664da763,0.4295,low,protein arginine methyltransferase ndufaf7 homolog,conserved hypothetical cytosolic protein,0
Caulobacter_vibrioides_NA1000,gene_8528097e9fe5,0.6744,moderate,ubiquinol-cytochrome c reductase iron-sulfur subunit,ubiquinol-cytochrome c reductase iron-sulfur subunit,1
Caulobacter_vibrioides_NA1000,gene_d1f581bd0af1,1.0,high,ribose-phosphate pyrophosphokinase,ribose-phosphate pyrophosphokinase,1
Caulobacter_vibrioides_NA1000,gene_0eab96e82629,1.0,high,large ribosomal subunit protein ul10,LSU ribosomal protein L10P,0
Caulobacter_vibrioides_NA1000,gene_338c1bc42a2a,1.0,high,large ribosomal subunit protein bl12,LSU ribosomal protein L12P (L7/L12),0
Caulobacter_vibrioides_NA1000,gene_65a5cbf52cc1,0.4559,low,pyrroline-5-carboxylate reductase,pyrroline-5-carboxylate reductase,1
Caulobacter_vibrioides_NA1000,gene_c3290a8baa50,0.35,low,Lipoprotein,secreted polysaccharide polymerase hfsI,0
Caulobacter_vibrioides_NA1000,gene_bed23476f95c,1.0,high,peptidyl-trna hydrolase,peptidyl-tRNA hydrolase,1
Caulobacter_vibrioides_NA1000,gene_75bfd74860aa,1.0,high,dna-directed rna polymerase subunit beta',DNA-directed RNA polymerase beta' chain,1
Caulobacter_vibrioides_NA1000,gene_5099b80dbe69,1.0,high,threonine--trna ligase,threonyl-tRNA synthetase,0
Caulobacter_vibrioides_NA1000,gene_d1ac43ea5a2c,0.8761,high,acetoacetyl-coa reductase,acetoacetyl-CoA reductase,1
Caulobacter_vibrioides_NA1000,gene_523b033710c5,0.459,low,chemoreceptor mcpa,methyl-accepting chemotaxis protein,0
Caulobacter_vibrioides_NA1000,gene_48534d54aa4f,0.78,moderate,insertion element isr1 uncharacterized 17 kda protein a2,"transposase, IS2 family",0
Caulobacter_vibrioides_NA1000,gene_a2a167c54e35,0.716,moderate,insertion element isr1 uncharacterized 10 kda protein a3,"transposase, HTH-Tnp1 superfamily",0
Caulobacter_vibrioides_NA1000,gene_d4b6a58b71ac,0.35,low,Lipoprotein,cupin superfamily protein,0
Caulobacter_vibrioides_NA1000,gene_378f485d7745,0.77,moderate,hydroxyacylglutathione hydrolase,hydroxyacylglutathione hydrolase,1
Caulobacter_vibrioides_NA1000,gene_80039cc04c76,1.0,high,phosphatidylglycerol--prolipoprotein diacylglyceryl transferase,prolipoprotein diacylglyceryl transferase,1
Caulobacter_vibrioides_NA1000,gene_68a83f171267,0.35,low,Lipoprotein,methionine biosynthesis protein MetW,0
Caulobacter_vibrioides_NA1000,gene_63d32dc61f20,1.0,high,homoserine o-acetyltransferase,homoserine O-acetyltransferase,1
Caulobacter_vibrioides_NA1000,gene_c46df2b6e839,1.0,high,dna-directed rna polymerase subunit beta,DNA-directed RNA polymerase beta chain,1
Caulobacter_vibrioides_NA1000,gene_5308cf301fca,0.8348,high,dihydroorotate dehydrogenase (quinone),dihydroorotate dehydrogenase,1
Caulobacter_vibrioides_NA1000,gene_5729099052c3,0.3327,low,signal transduction histidine-protein kinase afsq2,sensory transduction protein kinase CenK,0
Caulobacter_vibrioides_NA1000,gene_83e2ccd15fac,0.9101,high,nitrogen regulatory protein p-ii 1,nitrogen regulatory protein P-II,1
Caulobacter_vibrioides_NA1000,gene_a0ddd5746800,0.35,low,DNA-binding transcription regulator,SNARE-associated family membrane protein,0
Caulobacter_vibrioides_NA1000,gene_93abecd0815d,1.0,high,d-mannonate dehydratase cc0532,mannonate dehydratase,1
Caulobacter_vibrioides_NA1000,gene_5895eb593fd8,0.485,low,n-acetylgalactosamine-6-phosphate deacetylase,N-acetylglucosamine-6-phosphate deacetylase,1
Caulobacter_vibrioides_NA1000,gene_436f920358cd,0.4101,low,hth-type transcriptional repressor nagr,GntR-family transcriptional regulator,0
Caulobacter_vibrioides_NA1000,gene_ae1604ffbc5b,0.3439,low,peptidoglycan editing factor pgef,multicopper polyphenol oxidase,0
Caulobacter_vibrioides_NA1000,gene_0a7b51c27ffd,0.7553,moderate,Replication-related protein,"PTS system, N-acetylglucosamine-specific IIBC component",0
Caulobacter_vibrioides_NA1000,gene_6a42ed28baec,1.0,high,oxygen-dependent coproporphyrinogen-iii oxidase,coproporphyrinogen III oxidase,1
Caulobacter_vibrioides_NA1000,gene_ca17f6b396f9,0.9926,high,acetyl-coa acetyltransferase,acetyl-CoA acetyltransferase,1
Caulobacter_vibrioides_NA1000,gene_50358e6ba764,0.35,low,DNA-binding transcription regulator,acyltransferase family protein,0
Caulobacter_vibrioides_NA1000,gene_4ba22e4e36a5,0.5937,moderate,glutathione hydrolase proenzyme,gamma-glutamyltranspeptidase,0
Caulobacter_vibrioides_NA1000,gene_a048ab83f3a0,0.7172,moderate,Metabolism-related protein,alpha-N-acetylglucosaminidase,0
Caulobacter_vibrioides_NA1000,gene_2da894e27dbf,0.5838,moderate,glutamine--fructose-6-phosphate aminotransferase,glucosamine-6-phosphate deaminase,0
Caulobacter_vibrioides_NA1000,gene_757de74fccda,0.35,low,ATP/GTP binding protein,AAA ATPase domain protein,0
Caulobacter_vibrioides_NA1000,gene_b9bb823792e1,0.7626,moderate,Metabolism-related protein,"DNA/RNA endonuclease G, NUC1",0
Caulobacter_vibrioides_NA1000,gene_ef104e893aed,0.7252,moderate,Metabolism-related protein,"alpha-1,2-mannosidase",0
Caulobacter_vibrioides_NA1000,gene_8f1299a71bdc,0.35,low,DNA-binding transcription regulator,SpoIIM-family membrane protein,0
Caulobacter_vibrioides_NA1000,gene_5022ebcf9b5d,0.35,low,Lipoprotein,FecR family protein,0
Caulobacter_vibrioides_NA1000,gene_19a72ea3fcdd,0.35,low,ATP/GTP binding protein,family 67 glycosyl hydrolase protein,0
Caulobacter_vibrioides_NA1000,gene_705cd5b3d910,0.598,moderate,isoaspartyl peptidase,L-asparaginase,0
Caulobacter_vibrioides_NA1000,gene_c343733e57d3,0.6767,moderate,leucine-responsive regulatory protein,Lrp-family transcriptional regulator,0
Caulobacter_vibrioides_NA1000,gene_292aef6be7ef,0.4746,low,arginine n-succinyltransferase,"arginine N-succinyltransferase, beta chain",1
Caulobacter_vibrioides_NA1000,gene_3da6ed3fde5f,0.6901,moderate,phosphoenolpyruvate-protein phosphotransferase,"phosphoenolpyruvate-protein phosphotransferase/phosphocarrier protein HPr/PTS system, glucose-specific IIA subunit",1
Caulobacter_vibrioides_NA1000,gene_8ce99f021a1a,1.0,high,acetylornithine aminotransferase 1,acetylornithine aminotransferase/succinyldiaminopimelate aminotransferase,1
Caulobacter_vibrioides_NA1000,gene_22bd1cf0159a,0.446,low,chaperone moxr1,MoxR-like ATPase,0
Caulobacter_vibrioides_NA1000,gene_68c68a12f9cd,0.517,moderate,methyl-accepting chemotaxis protein ii,methyl-accepting chemotaxis protein,1
Caulobacter_vibrioides_NA1000,gene_8e8ebadfabc5,1.0,high,n-succinylglutamate 5-semialdehyde dehydrogenase 1,succinylglutamic semialdehyde dehydrogenase,1
Caulobacter_vibrioides_NA1000,gene_7a3f15bf7122,0.574,moderate,chemotaxis protein chey,chemotaxis protein cheY,1
Caulobacter_vibrioides_NA1000,gene_37fc903b7e22,0.541,moderate,chemotaxis protein chey,chemotaxis receiver domain protein CheYII,0
Caulobacter_vibrioides_NA1000,gene_0e90574e678f,0.5157,moderate,chemotaxis protein methyltransferase cher2,chemotaxis protein methyltransferase CheRII,1
Caulobacter_vibrioides_NA1000,gene_2d8fb6ebd92a,0.7056,moderate,Replication-related protein,chemotaxis histidine kinase protein cheAII,0
Caulobacter_vibrioides_NA1000,gene_729adb5352c9,0.888,high,n-succinylarginine dihydrolase 1,succinylarginine dihydrolase,1
Caulobacter_vibrioides_NA1000,gene_e437dc4f4ca3,0.35,low,Serine protease,"alpha-1,2-mannosidase",0
Caulobacter_vibrioides_NA1000,gene_3c0eac0d9b73,0.6851,moderate,nitrate import permease protein nrtb,nitrate transport permease protein nrtB,1
Caulobacter_vibrioides_NA1000,gene_af9b1c565032,0.86,high,nitrate import atp-binding protein nrtd,nitrate transport ATP-binding protein nrtD,1
Caulobacter_vibrioides_NA1000,gene_10f40734c598,0.3,low,bicarbonate-binding protein cmpa,ABC family transporter protein,0
Caulobacter_vibrioides_NA1000,gene_c86a84d41927,0.4691,low,dna-binding dual master transcriptional regulator rpaa,two-component receiver domain protein,0
Caulobacter_vibrioides_NA1000,gene_c4758557e351,0.685,moderate,nitrate/nitrite binding protein nrta,nitrate binding protein nrtA,1
Caulobacter_vibrioides_NA1000,gene_73985db69c22,0.35,low,Lipoprotein,tetratricopeptide repeat family protein,0
Caulobacter_vibrioides_NA1000,gene_116581755d4c,0.6987,moderate,siroheme synthase,uroporphyrin-III C-methyltransferase,0
Caulobacter_vibrioides_NA1000,gene_84c53b44b860,0.6611,moderate,nitrate reductase,assimilatory nitrate reductase catalytic subunit,1
Caulobacter_vibrioides_NA1000,gene_6913d3f0ff07,0.7176,moderate,nitrite reductase,nitrite reductase (NAD(P)H) catalytic subunit,1
Caulobacter_vibrioides_NA1000,gene_dad8440a54a5,0.5952,moderate,Replication-related protein,transposase,0
Caulobacter_vibrioides_NA1000,gene_abf3e45bc0ca,0.6492,moderate,Replication-related protein,type I restriction-modification system methylation subunit,0
Caulobacter_vibrioides_NA1000,gene_630fa33d1d21,0.6052,moderate,blue-light-activated histidine kinase,GAF-family sensor histidine kinase,0
Caulobacter_vibrioides_NA1000,gene_ebcdd744f216,0.8105,high,Replication-related protein,MFS superfamily nitrate/nitrite transporter NarK,0
Caulobacter_vibrioides_NA1000,gene_fa1459ef3e76,0.6444,moderate,o-antigen export system atp-binding protein rfbe,"ABC-type polysaccharide/polyol phosphate transport system, ATPase component",0
Caulobacter_vibrioides_NA1000,gene_3942eeb6fa2b,1.0,high,c4-dicarboxylate transport protein,C4-dicarboxylate transport protein,1
Caulobacter_vibrioides_NA1000,gene_e2672a84b52a,1.0,high,large ribosomal subunit protein ul1,LSU ribosomal protein L1P,0
Caulobacter_vibrioides_NA1000,gene_9dbaa263ab1b,1.0,high,large ribosomal subunit protein ul11,LSU ribosomal protein L11P,0
Caulobacter_vibrioides_NA1000,gene_f3c192cd4e24,0.394,low,vapc ribonuclease r02377,VapC-like PIN domain ribonuclease,1
Caulobacter_vibrioides_NA1000,gene_7253d0647e67,0.5031,moderate,2-dehydro-3-deoxy-d-gluconate 5-dehydrogenase,short chain dehydrogenase,0
Caulobacter_vibrioides_NA1000,gene_fa8066a4f901,0.7406,moderate,ecf rna polymerase sigma factor rpoe,RNA polymerase sigma factor,1
Caulobacter_vibrioides_NA1000,gene_1616fdda729e,0.201,speculative,ornithine utilization regulator,AraC-family transcriptional regulator,0
Caulobacter_vibrioides_NA1000,gene_998771443082,0.6575,moderate,(6-4) photolyase,Deoxyribodipyrimidine photo-lyase-related protein,0
Caulobacter_vibrioides_NA1000,gene_cc8353ad2626,0.533,moderate,bifunctional diguanylate cyclase/cyclic di-gmp phosphodiesterase mucr,PAS-family GGDEF/EAL protein,0
Caulobacter_vibrioides_NA1000,gene_f6e367077531,1.0,high,ferredoxin-1,ferredoxin,1
Caulobacter_vibrioides_NA1000,gene_717d4b82dcd8,0.6918,moderate,Replication-related protein,FhaB-family exoprotein,0
Caulobacter_vibrioides_NA1000,gene_8c7ebfa729c9,0.6208,moderate,methylated-dna--protein-cysteine methyltransferase,O6-methylguanine-DNA methyltransferase,1
Caulobacter_vibrioides_NA1000,gene_69b19af3f2e5,1.0,high,large ribosomal subunit protein bl28,LSU ribosomal protein L28P,0
Caulobacter_vibrioides_NA1000,gene_845d6be8c5e8,0.35,low,ATP/GTP binding protein,alginate export beta-barrel protein,0
Caulobacter_vibrioides_NA1000,gene_2f919e0b7927,0.8888,high,cold shock protein y4ch,cold shock protein CspB,1
Caulobacter_vibrioides_NA1000,gene_79c128bcc7d7,0.4321,low,sensor protein tors,PAS-family hybrid histidine kinase/receiver protein,0
Caulobacter_vibrioides_NA1000,gene_8ad3a144dff8,1.0,high,protein-glutamate methylesterase/protein-glutamine glutaminase 2,receiver domain-glutamate methylesterase CheBII,0
Caulobacter_vibrioides_NA1000,gene_bd866cdde5a0,0.475,low,aerobic cobaltochelatase subunit cobt,cobaltochelatase cobT subunit,1
Caulobacter_vibrioides_NA1000,gene_e1bcb905a28e,1.0,high,chaperonin groel,chaperonin GroEL,1
Caulobacter_vibrioides_NA1000,gene_0f5520291b5e,0.6158,moderate,atp-dependent rna helicase suv3,DEXQ-box helicase domain protein,0
Caulobacter_vibrioides_NA1000,gene_47f7bf7f8441,0.5923,moderate,methylated-dna--protein-cysteine methyltransferase,O6-methylguanine-DNA methyltransferase,1
Caulobacter_vibrioides_NA1000,gene_5113e2cbb3d3,0.208,speculative,protein long after far-red 3,metal-dependent hydrolase,0
Caulobacter_vibrioides_NA1000,gene_6bf1c54a3fa2,1.0,high,co-chaperonin groes,chaperonin GroES,1
Caulobacter_vibrioides_NA1000,gene_279e516fa65d,0.9091,high,hth-type transcriptional regulator skga,SkaA-family transcriptional regulator,1
Caulobacter_vibrioides_NA1000,gene_2b50326ad3f1,0.35,low,DNA-binding transcription regulator,TonB-dependent receptor,0
Caulobacter_vibrioides_NA1000,gene_32d58c74248e,0.35,low,Serine protease,GumN superfamily protein,0
Caulobacter_vibrioides_NA1000,gene_da5ac3cd61e6,1.0,high,lipoprotein signal peptidase,lipoprotein signal peptidase,1
Caulobacter_vibrioides_NA1000,gene_5f70cb28ac39,0.35,low,Lipoprotein,beta-barrel assembly machine (BAM) protein BamF,0
Caulobacter_vibrioides_NA1000,gene_64f5fd491822,0.4841,low,bifunctional riboflavin kinase/fmn adenylyltransferase,riboflavin kinase/FMN adenylyltransferase,1
Caulobacter_vibrioides_NA1000,gene_c6602ab5ae30,0.6349,moderate,periplasmic serine endoprotease degp-like,DegQ-family trypsin-like serine prototease,0
Caulobacter_vibrioides_NA1000,gene_a17f7d3bb7b8,1.0,high,dna mismatch repair protein mutl,DNA mismatch repair protein mutL,1
Caulobacter_vibrioides_NA1000,gene_f20b50632ffc,0.702,moderate,bifunctional transcriptional activator/dna repair enzyme ada,ADA regulatory protein/O6-methylguanine-DNA,0
Caulobacter_vibrioides_NA1000,gene_5799ab7a5123,1.0,high,isoleucine--trna ligase,isoleucyl-tRNA synthetase,0
Caulobacter_vibrioides_NA1000,gene_5cfef641d0c4,0.575,moderate,(r)-specific enoyl-coa hydratase,3-hydroxybutyryl-CoA dehydratase,0
Caulobacter_vibrioides_NA1000,gene_0b2b960a4ea0,0.5311,moderate,l-lysine 2,"lysine 2,3-aminomutase",1
Caulobacter_vibrioides_NA1000,gene_2236c0920d7e,0.6605,moderate,acyl-coa dehydrogenase dda_0189,acyl-CoA dehydrogenase,1
Caulobacter_vibrioides_NA1000,gene_ee7f5d9bd37c,0.4823,low,elongation factor p--(r)-beta-lysine ligase,lysyl-tRNA synthetase,0
Caulobacter_vibrioides_NA1000,gene_c2e122d61040,0.35,low,Lipoprotein,tellurium resistance protein terB,0
Caulobacter_vibrioides_NA1000,gene_ce36497ea49f,0.4805,low,virulence sensor protein bvgs,two component sensor histidine kinase,0
Caulobacter_vibrioides_NA1000,gene_096c6b95c285,0.8591,high,3-hydroxybutyryl-coa dehydrogenase,3-hydroxybutyryl-CoA dehydrogenase,1
Caulobacter_vibrioides_NA1000,gene_6ba07a821f26,0.815,high,electron transfer flavoprotein subunit alpha,electron transfer flavoprotein alpha subunit,1
Caulobacter_vibrioides_NA1000,gene_92237124aa53,0.6235,moderate,corrinoid adenosyltransferase,cobalamin adenosyltransferase family protein,0
Caulobacter_vibrioides_NA1000,gene_66c178e1a159,0.7066,moderate,Metabolism-related protein,ferrous iron transport protein B,0
Caulobacter_vibrioides_NA1000,gene_8b4a917922ce,0.5192,moderate,hth-type transcriptional regulator acrr,TetR family transcriptional regulator,1
Caulobacter_vibrioides_NA1000,gene_daf32dc66657,0.3282,low,hth-type transcriptional repressor kstr2,TetR family transcriptional regulator,0
Caulobacter_vibrioides_NA1000,gene_af877a0c562e,0.6631,moderate,fe(2+)/mn(2+) transporter pcl1,Nodulin-21 / CCC1-related protein,0
Caulobacter_vibrioides_NA1000,gene_d86ea0f318b2,0.5296,moderate,n-succinyldiaminopimelate aminotransferase dapc,aspartate aminotransferase,0
Caulobacter_vibrioides_NA1000,gene_7cf82534872a,0.343,low,chlorophyllide a oxygenase,ring hydroxylating diooxygenase,0
Caulobacter_vibrioides_NA1000,gene_2c8a348121c7,0.4235,low,n-fatty-acyl-amino acid synthase/hydrolase pm20d1.1,carboxypeptidase S,0
Caulobacter_vibrioides_NA1000,gene_509ec984c089,0.765,moderate,electron transfer flavoprotein subunit beta,electron transfer flavoprotein beta subunit,1
Caulobacter_vibrioides_NA1000,gene_5fb78acdda14,1.0,high,elongation factor p,translation elongation factor P EF-P,1
Caulobacter_vibrioides_NA1000,gene_a182ebb12a0a,0.253,speculative,p-aminobenzoyl-glutamate transport protein,aminobenzoyl-glutamate transport protein,1
Caulobacter_vibrioides_NA1000,gene_392646b0eb57,0.772,moderate,response regulator receiver protein cpdr,two-component receiver protein CpdR,0
Caulobacter_vibrioides_NA1000,gene_a7675d78b16e,0.7152,moderate,Cell Structure-related protein,flagellar motor stator protein MotA,0
Caulobacter_vibrioides_NA1000,gene_0e3f9c96105a,1.0,high,Replication-related protein,"type I secretion protein CdzA, transmembrane ATPase/peptidase",0
Caulobacter_vibrioides_NA1000,gene_dd4ee1b3e80d,0.35,low,Lipoprotein,TonB-dependent receptor,0
Caulobacter_vibrioides_NA1000,gene_da0ab7e59aae,0.7942,moderate,Replication-related protein,"transporter, major facilitator superfamily",0
Caulobacter_vibrioides_NA1000,gene_aa2da683a30a,0.35,low,DNA-binding transcription regulator,conserved membrane spanning protein,0
Caulobacter_vibrioides_NA1000,gene_03736b74c3e1,0.6176,moderate,transcriptional regulatory protein fixj,two-component response regulator FixJ,0
Caulobacter_vibrioides_NA1000,gene_c2c96c2af4e0,0.7506,moderate,Replication-related protein,sphingolipid glucuronosyltransferase,0
Caulobacter_vibrioides_NA1000,gene_2655849e53a5,0.8244,high,sensor protein fixl,oxygen sensory histidine kinase FixL,0
Caulobacter_vibrioides_NA1000,gene_757b731d3e9b,0.8026,high,Replication-related protein,PAS family GGDEF/EAL protein,0
Caulobacter_vibrioides_NA1000,gene_416642c1f489,0.5979,moderate,glutathione/l-cysteine transport system atp-binding/permease protein cydc,"ABC transporter, ATP-binding protein cydC",0
Caulobacter_vibrioides_NA1000,gene_70b3102ea1cd,1.0,high,gtp-binding protein engb,GTP-binding protein YihA,1
Caulobacter_vibrioides_NA1000,gene_1571e13ba697,0.9918,high,trna 5-methylaminomethyl-2-thiouridine biosynthesis bifunctional protein mnmc,tRNA methyltransferase/FAD-dependent oxidoreductase MnmC,0
Caulobacter_vibrioides_NA1000,gene_d82ecdbb0ba3,1.0,high,ribonuclease p protein component,ribonuclease P protein component,1
Caulobacter_vibrioides_NA1000,gene_83a10e5d7477,0.473,low,protein cryzl2,quinone oxidoreductase,0
Caulobacter_vibrioides_NA1000,gene_3106761eab42,0.7017,moderate,serralysin,secreted protease precursor sapA,0
Caulobacter_vibrioides_NA1000,gene_291ff9b9bd56,0.6818,moderate,cytochrome bd ubiquinol oxidase subunit 1,"cytochrome bd-type quinol oxidase, subunit 1 cydA",1
Caulobacter_vibrioides_NA1000,gene_0868d3e8cca1,0.6496,moderate,glutathione/l-cysteine transport system atp-binding/permease protein cydd,"ABC transporter, ATP-binding protein cydD",0
Caulobacter_vibrioides_NA1000,gene_a88e99add77e,0.6228,moderate,Replication-related protein,"lignostilbene-alpha,beta-dioxygenase",0
Caulobacter_vibrioides_NA1000,gene_e95f32fdaadd,0.543,moderate,chemotaxis protein chew,chemotaxis protein cheW,1
Caulobacter_vibrioides_NA1000,gene_876a5a8b7980,0.22,speculative,glutathione s-transferase 3,glutathione S-transferase,1
Caulobacter_vibrioides_NA1000,gene_64919a007fa5,0.6201,moderate,l-sorbosone dehydrogenase,L-sorbosone dehydrogenase,1
Caulobacter_vibrioides_NA1000,gene_583ee9f747e5,0.6643,moderate,2-dehydro-3-deoxygalactonokinase dgok1,2-dehydro-3-deoxygalactonokinase,1
Caulobacter_vibrioides_NA1000,gene_37373d63f196,0.507,moderate,flavin-containing monooxygenase 5,flavin-binding monooxygenase-related protein,1
Caulobacter_vibrioides_NA1000,gene_57e21957e379,0.415,low,tryptophan 7-halogenase prna,tryptophan halogenase,1
Caulobacter_vibrioides_NA1000,gene_a3bd07c52a62,0.655,moderate,steroid 3-ketoacyl-coa thiolase fada6,3-ketoacyl-CoA thiolase,1
Caulobacter_vibrioides_NA1000,gene_f9a26a91847f,0.3128,low,hth-type transcriptional regulator acer,LysR-family transcriptional regulator,1
Caulobacter_vibrioides_NA1000,gene_01631ddb9b5a,1.0,high,nad(p)h dehydrogenase (quinone),NAD(P)H:quinone oxidoreductase,1
Caulobacter_vibrioides_NA1000,gene_2d50537a656d,1.0,high,flagellin fljn,flagellin FljN,1
Caulobacter_vibrioides_NA1000,gene_58a5d220ceeb,1.0,high,flagellin fljo,flagellin FljO,1
Caulobacter_vibrioides_NA1000,gene_324543b135ca,1.0,high,flagellin fljm,flagellin FljM,1
Caulobacter_vibrioides_NA1000,gene_932da35247dc,1.0,high,membrane protein insertase yidc,inner membrane protein translocase component yidC,0
Caulobacter_vibrioides_NA1000,gene_8f97d2720ef5,0.7051,moderate,carboxylic ester hydrolase lipn,acetyl esterase,0
Caulobacter_vibrioides_NA1000,gene_d87fb7ad1627,0.502,moderate,alpha-xylosidase bogh31a,alpha-glucosidase,0
Caulobacter_vibrioides_NA1000,gene_0e4d130661e5,0.215,speculative,beta-galactosidase bgaa,beta-galactosidase,1
Caulobacter_vibrioides_NA1000,gene_ebdcde3da911,0.338,low,retaining alpha-galactosidase,alpha-glucosidase,0
Caulobacter_vibrioides_NA1000,gene_549871927d05,0.345,low,sialate o-acetylesterase,sialic acid-specific 9-O-acetylesterase,0
Caulobacter_vibrioides_NA1000,gene_fd15f6d4941c,0.8003,high,leucine-responsive regulatory protein,leucine-responsive regulatory family protein PutR,1
Caulobacter_vibrioides_NA1000,gene_a2f9f1ce6aca,0.6889,moderate,acetylcholinesterase,carboxylesterase type B,0
Caulobacter_vibrioides_NA1000,gene_6c0997811a57,0.7376,moderate,antibiotic efflux pump outer membrane protein arpc,outer membrane efflux protein,1
Caulobacter_vibrioides_NA1000,gene_82d6e15e8592,0.463,low,lysosomal beta glucosidase,"glucan 1,4-beta-glucosidase",1
Caulobacter_vibrioides_NA1000,gene_e84ca5ce1558,0.3587,low,cytokinin riboside 5'-monophosphate phosphoribohydrolase logl10,3-isopropylmalate dehydrogenase,0
Caulobacter_vibrioides_NA1000,gene_40d64879d80d,0.678,moderate,2-dehydro-3-deoxy-6-phosphogalactonate aldolase,2-dehydro-3-deoxy-6-phosphogalactonate aldolase,1
Caulobacter_vibrioides_NA1000,gene_5190e932028b,0.25,speculative,rhamnogalacturonan acetylesterase yesy,rhamnogalacturonan acetylesterase,1
Caulobacter_vibrioides_NA1000,gene_d6dc9087a033,0.35,low,mannan endo-1,endo-beta-mannanase,0
Caulobacter_vibrioides_NA1000,gene_bfadf84b554b,1.0,high,antitoxin relb1,antitoxin protein relB-1,0
Caulobacter_vibrioides_NA1000,gene_e3ab818596e7,0.8181,high,large ribosomal subunit assembly factor bipa,GTP-binding protein TypA/BipA,0
Caulobacter_vibrioides_NA1000,gene_cd00645f75d7,0.393,low,ribonuclease ttha0252,"RNA processing exonuclease, Cft2 family",0
Caulobacter_vibrioides_NA1000,gene_64ce4b45f720,0.8251,high,Metabolism-related protein,proline dehydrogenase/delta-1-pyrroline-5-carboxylate dehydrogenase PutA,0
Caulobacter_vibrioides_NA1000,gene_26820068e6cb,1.0,high,d-xylose 1-dehydrogenase,xylose dehydrogenase xylB,1
Caulobacter_vibrioides_NA1000,gene_a33569f2c270,1.0,high,d-xylonate dehydratase,xylonate dehydratase xylD,1
Caulobacter_vibrioides_NA1000,gene_091ee9ffb787,0.7058,moderate,aldehyde dehydrogenase,alpha-ketoglutaric semialdehyde dehydrogenase xylA,0
Caulobacter_vibrioides_NA1000,gene_1521a38c4b7c,0.659,moderate,glucose transport protein,glucose/fructose transport protein,1
Caulobacter_vibrioides_NA1000,gene_7b017bb10390,0.723,moderate,glutaredoxin 3,dithiol-glutaredoxin,1
Caulobacter_vibrioides_NA1000,gene_493b2cda6542,0.563,moderate,deaminated glutathione amidase,carbon-nitrogen hydrolase family protein,0
Caulobacter_vibrioides_NA1000,gene_8cc04ea16e0e,0.6508,moderate,ctp pyrophosphohydrolase,"7,8-dihydro-8-oxoguanine-triphosphatase",0
Caulobacter_vibrioides_NA1000,gene_6b42d7cfd2f3,0.4891,low,dna methyltransferase a,DNA modification methyltransferase-related protein,1
Caulobacter_vibrioides_NA1000,gene_560577181570,0.451,low,xylan 1,beta-xylosidase,0
Caulobacter_vibrioides_NA1000,gene_1ddb0567dccc,0.4295,low,blue-light-activated histidine kinase,PAS-family sensor histidine kinase,0
Caulobacter_vibrioides_NA1000,gene_c7ac75a72d0d,0.7044,moderate,atp-dependent rna helicase rhle,ATP-dependent RNA helicase,1
Caulobacter_vibrioides_NA1000,gene_d97a26fcff35,0.35,low,Lipoprotein,MazE-like antitoxin protein,0
Caulobacter_vibrioides_NA1000,gene_03de38154145,1.0,high,ubiquinone biosynthesis o-methyltransferase,3-demethylubiquinone 3-methyltransferase,0
Caulobacter_vibrioides_NA1000,gene_ad8b8020c074,0.5679,moderate,hth-type transcriptional regulator beti,transcriptional regulator TipR,1
Caulobacter_vibrioides_NA1000,gene_37eaa5997e23,0.35,low,Serine protease,poly(3-hydroxyalkanoate) depolymerase,0
Caulobacter_vibrioides_NA1000,gene_399bcdf9e490,1.0,high,d-xylonolactone lactonase,xylonolactonase xylC,0
Caulobacter_vibrioides_NA1000,gene_78f6c340f9da,1.0,high,Metabolism-related protein,cation/multidrug efflux pump acrB2,0
Caulobacter_vibrioides_NA1000,gene_99a1cabce13d,0.862,high,Replication-related protein,"transporter, drug/metabolite exporter family",0
Caulobacter_vibrioides_NA1000,gene_eb955d865d67,0.4379,low,phosphoenolpyruvate-dependent phosphotransferase system,phosphoenolpyruvate-protein phosphotransferase PtsP,1
Caulobacter_vibrioides_NA1000,gene_4c6bdcf621bf,1.0,high,peptide chain release factor 1,bacterial peptide chain Release factor 1 (RF-1),1
Caulobacter_vibrioides_NA1000,gene_1eac39df16de,0.6433,moderate,aspartate kinase ask_lysc,aspartokinase,0
Caulobacter_vibrioides_NA1000,gene_6199eb46d44d,0.4328,low,ribose import binding protein rbsb,"inositol ABC transporter, periplasmic inositol-binding protein IbpA",0
Caulobacter_vibrioides_NA1000,gene_cbd8a850dee4,0.6332,moderate,daunorubicin resistance atp-binding protein drra3,ABC transporter ATP-binding protein,0
Caulobacter_vibrioides_NA1000,gene_815be69e3f3a,1.0,high,4-hydroxy-3-methylbut-2-en-1-yl diphosphate synthase (flavodoxin),1-hydroxy-2-methyl-2-(E)-butenyl 4-diphosphate synthase,1
Caulobacter_vibrioides_NA1000,gene_40e888eb14ae,1.0,high,antitoxin pard1,antitoxin protein parD1,1
Caulobacter_vibrioides_NA1000,gene_d79768176956,1.0,high,toxin pare1,toxin protein parE1,1
Caulobacter_vibrioides_NA1000,gene_7392f4216603,0.468,low,mitochondrial metalloendopeptidase oma1,zinc metalloprotease,0
Caulobacter_vibrioides_NA1000,gene_9c52b3bece50,0.35,low,ATP/GTP binding protein,AAA domain ATPase,0
Caulobacter_vibrioides_NA1000,gene_4e07f2408b39,0.597,moderate,riboflavin biosynthesis protein ribba,"GTP cyclohydrolase II/3,4-dihydroxy-2-butanone-4-phosphate synthase",0
Caulobacter_vibrioides_NA1000,gene_13dc0e14bcce,0.35,low,ATPase,amidophosphoribosyltransferase family protein,0
Caulobacter_vibrioides_NA1000,gene_044f0b390a10,0.7709,moderate,ribose import atp-binding protein rbsa,inositol transport ATP-binding protein IatA,0
Caulobacter_vibrioides_NA1000,gene_d93a1bdc9f32,0.556,moderate,riboflavin synthase,riboflavin synthase alpha chain,1
Caulobacter_vibrioides_NA1000,gene_c1255eca61a4,0.487,low,diguanylate cyclase dgcw,sensory box GGDEF/EAL protein,0
Caulobacter_vibrioides_NA1000,gene_73d68c6ba854,0.8746,high,Replication-related protein,riboflavin biosynthesis protein RibD,0
Caulobacter_vibrioides_NA1000,gene_0da7307c123a,0.683,moderate,flagellar m-ring protein,flagellar M-ring protein FliF,1
Caulobacter_vibrioides_NA1000,gene_e8d5855fff6f,0.95,high,protein flbe,flagellar assembly protein FlbE/FliH,1
Caulobacter_vibrioides_NA1000,gene_35cd16538d06,0.8878,high,flagellar motor switch protein flin,flagellar motor switch protein FliN,1
Caulobacter_vibrioides_NA1000,gene_f553eb1ae941,1.0,high,trna-specific 2-thiouridylase mnma,tRNA (5-methylaminomethyl-2-thiouridylate)-methyltransferase MnmA,0
Caulobacter_vibrioides_NA1000,gene_08160f21072a,0.8935,high,flagellar motor switch protein flig,flagellar motor switch protein FliG,1
Caulobacter_vibrioides_NA1000,gene_36553a3f66c0,0.6544,moderate,flagellar hook protein flge,flagellar hook protein FlgE,1
Caulobacter_vibrioides_NA1000,gene_53ff30ae754a,0.5038,moderate,organic hydroperoxide resistance transcriptional regulator,MarR-family transcriptional regulator,0
Caulobacter_vibrioides_NA1000,gene_dbda2f1b1a52,0.5,moderate,protein sis1,DnaJ-family chaperone protein,0
Caulobacter_vibrioides_NA1000,gene_94716d3d24dd,0.7719,moderate,acetyl-coa acetyltransferase 2,acetyl-CoA acetyltransferase,1
Caulobacter_vibrioides_NA1000,gene_e6bee2d81721,1.0,high,transcriptional regulatory protein flbd,AAA-family response regulator flbD,0
Caulobacter_vibrioides_NA1000,gene_2caa8cc67b74,0.4119,low,sensor protein gacs,two component sensor histidine kinase,0
Caulobacter_vibrioides_NA1000,gene_1d5c303684fd,0.391,low,atrochrysone carboxyl acp thioesterase,hydroxyacylglutathione hydrolase,0
Caulobacter_vibrioides_NA1000,gene_8cb01ef67c2d,0.7254,moderate,3-methylmercaptopropionyl-coa ligase,long-chain-fatty-acid--CoA ligase,0
Caulobacter_vibrioides_NA1000,gene_e28c9f27adf8,0.5186,moderate,zinc metalloprotease lema_p086240,M28 Zn-Peptidase,0
Caulobacter_vibrioides_NA1000,gene_88a95ed2915f,0.367,low,transposase for insertion sequence element is6501,"transposase, DDE family",0
Caulobacter_vibrioides_NA1000,gene_5b903ff373ad,1.0,high,Replication-related protein,flagellar biosynthesis protein FlhA,0
Caulobacter_vibrioides_NA1000,gene_58ce35426510,0.5165,moderate,macrolide export atp-binding/permease protein macb,"ABC-type transport system involved in lipoprotein release, permease component LolE",0
Caulobacter_vibrioides_NA1000,gene_2eb61906a2b0,0.5807,moderate,protease 4,signal peptide peptidase A,0
Caulobacter_vibrioides_NA1000,gene_578151d61c7c,0.6191,moderate,transcriptional regulatory protein ros,ROS/MUCR transcriptional regulator MucR1,0
Caulobacter_vibrioides_NA1000,gene_42a68c289c40,1.0,high,pyridoxine/pyridoxamine 5'-phosphate oxidase,pyridoxamine 5'-phosphate oxidase,1
Caulobacter_vibrioides_NA1000,gene_6211926d5788,0.731,moderate,phosphinothricin n-acetyltransferase,phosphinothricin N-acetyltransferase,1
Caulobacter_vibrioides_NA1000,gene_c1bb372cfa87,0.35,low,Serine protease,general stress protein 17O,0
Caulobacter_vibrioides_NA1000,gene_ee90da7b1c9b,0.95,high,upf0337 protein cc_0938,stress response protein CsbD,0
Caulobacter_vibrioides_NA1000,gene_0ca9f6058941,1.0,high,lipoprotein-releasing system atp-binding protein lold 1,"ABC-type transport system involved in lipoprotein release, ATPase component LolD",0
Caulobacter_vibrioides_NA1000,gene_e7721b4d2e49,0.582,moderate,3-hydroxyacyl-thioester dehydratase z,nodulation protein N,0
Caulobacter_vibrioides_NA1000,gene_fe51ce42ffdb,0.6931,moderate,alcohol dehydrogenase,"oxidoreductase, GMC family",0
Caulobacter_vibrioides_NA1000,gene_7328dc106b17,0.496,low,enoyl-coa hydratase aft3-1,enoyl-CoA hydratase,1
Caulobacter_vibrioides_NA1000,gene_407e9f6a6296,0.7078,moderate,transcriptional regulatory protein ros,ROS/MUCR transcriptional regulator MucR2,0
Caulobacter_vibrioides_NA1000,gene_527064d9e69e,0.6065,moderate,protease 2,protease II PtrB,1
Caulobacter_vibrioides_NA1000,gene_744f891bdc35,0.371,low,cocaine esterase,acyl esterase protein,0
Caulobacter_vibrioides_NA1000,gene_be68ad9ef4d7,0.5663,moderate,flagellar basal-body rod protein flgc,flagellar basal-body rod protein flgC,1
Caulobacter_vibrioides_NA1000,gene_47312342bbe9,0.8168,high,flagellar hook-basal body complex protein flie,flagellar hook-basal body complex protein FliE,1
Caulobacter_vibrioides_NA1000,gene_87ff94629b98,0.4621,low,ribokinase,ribokinase,1
Caulobacter_vibrioides_NA1000,gene_244271538feb,1.0,high,flagellar biosynthetic protein flip,flagellar biosynthesis protein FliP,1
Caulobacter_vibrioides_NA1000,gene_d76341a1fbd0,1.0,high,histidine ammonia-lyase,histidine ammonia-lyase,1
Caulobacter_vibrioides_NA1000,gene_db95d01cf4cc,0.5498,moderate,fatty acid-- ligase scoc,long-chain-fatty-acid--CoA ligase,1
Caulobacter_vibrioides_NA1000,gene_7130f4a48590,0.409,low,formimidoylglutamate deiminase,N-formimino-L-glutamate deiminase,0
Caulobacter_vibrioides_NA1000,gene_e2955565a3cb,0.35,low,Lipoprotein,general stress protein 17O,0
Caulobacter_vibrioides_NA1000,gene_29c44d95a70b,0.6204,moderate,cys-trna(pro)/cys-trna(cys) deacylase ybak,cysteinyl-tRNA(Pro) deacylase,1
Caulobacter_vibrioides_NA1000,gene_ad0330e99315,0.4457,low,tonb-dependent transporter oar,TonB-dependent outer membrane receptor,0
Caulobacter_vibrioides_NA1000,gene_76e85900892e,0.6577,moderate,sensor histidine kinase arus,hybrid sensor histidine kinase/receiver protein,1
Caulobacter_vibrioides_NA1000,gene_aac4c18e7d1f,0.4911,low,feruloyl-coa synthase,acyl-CoA synthetase,0
Caulobacter_vibrioides_NA1000,gene_8d9c5b39ee64,1.0,high,imidazolonepropionase,imidazolonepropionase,1
Caulobacter_vibrioides_NA1000,gene_6dac5c28d4c3,0.9192,high,Metabolism-related protein,multicopper oxidase PcoA,0
Caulobacter_vibrioides_NA1000,gene_22092a482d4e,0.425,low,tryptophan 6-halogenase stth,tryptophan halogenase superfamily protein,1
Caulobacter_vibrioides_NA1000,gene_017e7ee11c29,0.368,low,n-formylglutamate deformylase,N-formylglutamate deformylase,1
Caulobacter_vibrioides_NA1000,gene_e8402da28a6e,0.4,low,copper resistance protein b,copper resistance protein B,1
Caulobacter_vibrioides_NA1000,gene_61339e5e8ab8,0.509,moderate,beta-glucosidase l,beta-glucosidase,1
Caulobacter_vibrioides_NA1000,gene_f8b727e054c5,0.4563,low,peptidyl-prolyl cis-trans isomerase,peptidyl-prolyl cis-trans isomerase,1
Caulobacter_vibrioides_NA1000,gene_85ea849fbdc9,1.0,high,urocanate hydratase,urocanate hydratase,1
Caulobacter_vibrioides_NA1000,gene_be8d2d1b8a6c,0.6771,moderate,l-arabinose 1-dehydrogenase (nad(p)(+)),D-galactose 1-dehydrogenase,0
Caulobacter_vibrioides_NA1000,gene_287825c386f4,0.35,low,ATP/GTP binding protein,TonB-dependent receptor,0
Caulobacter_vibrioides_NA1000,gene_4d944923a1e1,0.368,low,alpha-l-rhamnosidase,alpha-L-rhamnosidase,1
Caulobacter_vibrioides_NA1000,gene_857b83598ee0,0.397,low,uxu operon transcriptional regulator,GntR-family transcriptional regulator,1
Caulobacter_vibrioides_NA1000,gene_1eb010566d4c,0.412,low,tryptophan 7-halogenase prna,tryptophan halogenase superfamily protein,1
Caulobacter_vibrioides_NA1000,gene_5b4742c00a25,0.6099,moderate,hth-type transcriptional regulator dega,LacI-family transcriptional regulator,1
Caulobacter_vibrioides_NA1000,gene_402e6bfbe6f1,0.632,moderate,cytosol aminopeptidase,M17 family aminopeptidase,0
Caulobacter_vibrioides_NA1000,gene_8d3d45eeafcb,0.4819,low,vitamin b12 transporter btub,TonB-dependent outer membrane receptor,0
Caulobacter_vibrioides_NA1000,gene_9140b8450afc,0.3745,low,iron and copper transporter iact,TonB-dependent receptor,0
Caulobacter_vibrioides_NA1000,gene_22a3818f94a7,0.9668,high,peptide methionine sulfoxide reductase msra 1,peptide methionine sulfoxide reductase msrA,1
Caulobacter_vibrioides_NA1000,gene_39b02a06184b,0.35,low,ATP/GTP binding protein,M14 peptidase-family protein,0
Caulobacter_vibrioides_NA1000,gene_5bde7c1af26d,0.7003,moderate,Stress Response-related protein,tryptophan halogenase,0
Caulobacter_vibrioides_NA1000,gene_5370d37e310d,0.334,low,methyltransferase 1,methyltransferase,1
Caulobacter_vibrioides_NA1000,gene_d78261ac11d2,0.35,low,Serine protease,GT1 family glyscosyl transferase,0
Caulobacter_vibrioides_NA1000,gene_47284e8314bb,0.305,low,hypoxia-inducible factor 1-alpha inhibitor,acetyltransferase,0
Caulobacter_vibrioides_NA1000,gene_dc05c9e20744,0.9146,high,Replication-related protein,"transporter, major facilitator superfamily",0
Caulobacter_vibrioides_NA1000,gene_65b149931e1f,0.229,speculative,type i secretion system membrane fusion protein prse,type I secretion adaptor protein RsaE,0
Caulobacter_vibrioides_NA1000,gene_859aeb5652c9,0.7317,moderate,alkaline protease secretion atp-binding protein aprd,type I protein secretion ATP-binding protein RsaD,1
Caulobacter_vibrioides_NA1000,gene_8c04b24a55e4,0.35,low,Lipoprotein,entericidin B-like protein,0
Caulobacter_vibrioides_NA1000,gene_4c8c8c095bc7,0.7165,moderate,atp-binding protein yhes,ABC transporter ATP-binding protein,1
Caulobacter_vibrioides_NA1000,gene_26b01d7f4e9b,0.711,moderate,alpha-ketoglutarate permease,alpha-ketoglutarate permease,1
Caulobacter_vibrioides_NA1000,gene_f74ffb981d90,0.238,speculative,arsenite methyltransferase,methyltransferase,1
Caulobacter_vibrioides_NA1000,gene_2fc8e9107f07,1.0,high,elongation factor 4,GTP-binding protein lepA,0
Caulobacter_vibrioides_NA1000,gene_79efb9039825,0.7934,moderate,gdp-perosamine synthase,perosamine synthetase PerA,0
Caulobacter_vibrioides_NA1000,gene_8e478a233d69,0.7075,moderate,Replication-related protein,DNA-cytosine methyltransferase,0
Caulobacter_vibrioides_NA1000,gene_f79dcc927151,0.35,low,Lipoprotein,ACT domain protein,0
Caulobacter_vibrioides_NA1000,gene_6baf10cdf453,1.0,high,phenylalanine--trna ligase alpha subunit,phenylalanyl-tRNA synthetase alpha chain,0
Caulobacter_vibrioides_NA1000,gene_0c556ed1277c,1.0,high,large ribosomal subunit protein bl20,LSU ribosomal protein L20P,0
Caulobacter_vibrioides_NA1000,gene_e14d8eab2299,0.8425,high,peptide methionine sulfoxide reductase msra 2,peptide methionine sulfoxide reductase,1
Caulobacter_vibrioides_NA1000,gene_416475147221,1.0,high,translation initiation factor if-3,translation initiation factor 3 (IF-3),1
Caulobacter_vibrioides_NA1000,gene_589ed3618353,0.5887,moderate,Metabolism-related protein,acylamino-acid-releasing enzyme,0
Caulobacter_vibrioides_NA1000,gene_7eb53112c81d,0.95,high,orphan antitoxin pard2,antitoxin protein parD2,1
Caulobacter_vibrioides_NA1000,gene_c817fdf5fe6b,0.3604,low,2-dehydro-3-deoxygluconokinase,2-dehydro-3-deoxygluconokinase,1
Caulobacter_vibrioides_NA1000,gene_ad44058b855f,1.0,high,trna uridine(34) hydroxylase,rhodanese-related sulfurtransferase,0
Caulobacter_vibrioides_NA1000,gene_b4ec0d5c1222,0.6972,moderate,Stress Response-related protein,alpha/beta hydrolase family protein,0
Caulobacter_vibrioides_NA1000,gene_f67b1575916a,0.4431,low,histidine protein kinase divj,two component sensor histidine kinase CckN,0
Caulobacter_vibrioides_NA1000,gene_8f3302bb8f7a,0.7037,moderate,Replication-related protein,tetracycline resistance protein,0
Caulobacter_vibrioides_NA1000,gene_1b1f3ecb9ecb,0.7675,moderate,peptide chain release factor 3,peptide chain release factor RF-3,1
Caulobacter_vibrioides_NA1000,gene_2b91c6f87143,0.9765,high,phenylalanine--trna ligase beta subunit,phenylalanyl-tRNA synthetase beta chain,0
Caulobacter_vibrioides_NA1000,gene_4799433f1e17,0.76,moderate,flagellar biosynthetic protein fliq,flagellar biosynthesis protein FliQ,1
Caulobacter_vibrioides_NA1000,gene_61f0b8b7c809,0.6348,moderate,flagellar biosynthetic protein flir,flagellar biosynthesis protein FliR,1
Caulobacter_vibrioides_NA1000,gene_114d9714156a,0.8021,high,csgbac operon transcriptional regulatory protein,LuxR-family transcriptional regulator,0
Caulobacter_vibrioides_NA1000,gene_a5e03e5fb123,1.0,high,large ribosomal subunit protein bl35,LSU ribosomal protein L35P,0
Caulobacter_vibrioides_NA1000,gene_9e24b9eb1b49,0.35,low,Lipoprotein,endoribonuclease L-PSP,0
Caulobacter_vibrioides_NA1000,gene_9eaad718bae7,0.3674,low,alcohol dehydrogenase (quinone),cytochrome c oxidase polypeptide II,0
Caulobacter_vibrioides_NA1000,gene_82c8567c8ed7,0.4511,low,flagellar biosynthetic protein flhb,flagellar biosynthesis protein FlhB,1
Caulobacter_vibrioides_NA1000,gene_08d78a766742,0.35,low,Lipoprotein,acetyltransferase,0
Caulobacter_vibrioides_NA1000,gene_b70d0ea152d6,0.357,low,chromate transport protein,chromate transport protein,1
Caulobacter_vibrioides_NA1000,gene_1897d904b96a,1.0,high,protein reca,RecA protein,1
Caulobacter_vibrioides_NA1000,gene_e424ac4a4f5b,0.7471,moderate,Replication-related protein,"transporter, major facilitator superfamily",0
Caulobacter_vibrioides_NA1000,gene_6561afbb9f84,0.7062,moderate,Replication-related protein,external DNA uptake/catabolism protein,0
Caulobacter_vibrioides_NA1000,gene_a37a60557f4e,0.6713,moderate,sensor kinase ccka,sensory transduction histidine kinase/receiver protein CckA,0
Caulobacter_vibrioides_NA1000,gene_f64ed32e21a8,0.6167,moderate,udp-n-acetylglucosamine--peptide n-acetylglucosaminyltransferase sec,O-linked N-acetylglucosamine transferase,0
Caulobacter_vibrioides_NA1000,gene_146417dfdb9b,0.324,low,mesaconyl-c(4)-coa hydratase,hydroxyacyl-ACP dehydratase HTD2,0
Caulobacter_vibrioides_NA1000,gene_82e144be0b09,0.5321,moderate,l-cystine transporter tcyp,proton/sodium-glutamate symport protein,0
Caulobacter_vibrioides_NA1000,gene_c012befce715,0.6064,moderate,vitamin b12 transporter btub,TonB-dependent outer membrane receptor,0
Caulobacter_vibrioides_NA1000,gene_c5b22649e437,0.35,low,DNA-binding transcription regulator,AIM24 family protein,0
Caulobacter_vibrioides_NA1000,gene_5707e37d1bbc,0.6366,moderate,acyl-coa dehydrogenase fade12,acyl-CoA dehydrogenase,1
Caulobacter_vibrioides_NA1000,gene_9ef88c07e038,0.7902,moderate,siroheme synthase,uroporphyrin-III C-methyltransferase,0
Caulobacter_vibrioides_NA1000,gene_8b47a9cf6ebd,0.35,low,Serine protease,MA superfamily peptidase,0
Caulobacter_vibrioides_NA1000,gene_70d34ef482a5,0.5707,moderate,adenosine 5'-phosphosulfate reductase,3'-phosphoadenosine 5'-phosphosulfate sulfotransferase,0
Caulobacter_vibrioides_NA1000,gene_1297b829c8eb,0.7255,moderate,Metabolism-related protein,beta-D-glucoside glucohydrolase,0
Caulobacter_vibrioides_NA1000,gene_fcb74102db86,0.4359,low,elongation factor 1-gamma,glutathione S-transferase,0
Caulobacter_vibrioides_NA1000,gene_1991aff4a120,0.5241,moderate,glycine cleavage system transcriptional activator,LysR-family transcriptional regulator,0
Caulobacter_vibrioides_NA1000,gene_131c4358c405,0.882,high,beta-ketoadipyl-coa thiolase,3-ketoacyl-CoA thiolase,1
Caulobacter_vibrioides_NA1000,gene_7810d680b768,0.6386,moderate,fructokinase,fructokinase SucC,1
Caulobacter_vibrioides_NA1000,gene_5a3cbb1e6a24,0.4742,low,sulfite reductase,"sulfite reductase, beta subunit",1
Caulobacter_vibrioides_NA1000,gene_c510548ab998,0.5442,moderate,hth-type transcriptional repressor cytr,LacI-family transcriptional regulator SucR,0
Caulobacter_vibrioides_NA1000,gene_b85f76be3be3,0.35,low,ATP/GTP binding protein,TonB-dependent receptor,0
Caulobacter_vibrioides_NA1000,gene_ff7f362c8421,0.5175,moderate,dtdp-4-dehydrorhamnose reductase,dTDP-4-dehydrorhamnose reductase,1
Caulobacter_vibrioides_NA1000,gene_8feaac7cc9e0,0.8412,high,Replication-related protein,"transporter, major facilitator superfamily SucD",0
Caulobacter_vibrioides_NA1000,gene_0ab05dbaa349,0.427,low,amylosucrase,amylosucrase SucB,1
Caulobacter_vibrioides_NA1000,gene_d7f0ec599d84,0.706,moderate,udp-glucuronic acid decarboxylase 5,UDP-glucuronate decarboxylase family protein,1
Caulobacter_vibrioides_NA1000,gene_db87f8bf07c5,0.8482,high,glucose-1-phosphate thymidylyltransferase,glucose-1-phosphate thymidylyltransferase,1
Caulobacter_vibrioides_NA1000,gene_be1d54320458,1.0,high,l-lactate dehydrogenase,L-lactate dehydrogenase,1
Caulobacter_vibrioides_NA1000,gene_f9da7032305f,0.6563,moderate,transcriptional regulatory protein desr,two-component response regulator,0
Caulobacter_vibrioides_NA1000,gene_9a95d34b7d9b,0.95,high,bacterial ceramide synthase,dATP pyrophosphohydrolase,0
Caulobacter_vibrioides_NA1000,gene_76f6ac16ddbc,0.35,low,Lipoprotein,YjgP/YjgQ family membrane permease,0
Caulobacter_vibrioides_NA1000,gene_d42402a5a288,0.7336,moderate,archaetidylinositol phosphate synthase,phosphatidylglycerophosphate synthase,0
Caulobacter_vibrioides_NA1000,gene_ab6e54344c69,0.35,low,ATP/GTP binding protein,sphingosine kinase/diacylglycerol kinase-related protein,0
Caulobacter_vibrioides_NA1000,gene_71d5feff98ab,0.35,low,Serine protease,YjgP/YjgQ family membrane permease,0
Caulobacter_vibrioides_NA1000,gene_a256a26faca7,0.9726,high,serine palmitoyltransferase,BioF-family ceramide biosynthesis protein CcbF,0
Caulobacter_vibrioides_NA1000,gene_67ff2cb622a2,1.0,high,acyl carrier protein ccna_01221,acyl carrier protein,1
Caulobacter_vibrioides_NA1000,gene_8a3f66c8e8fc,0.5437,moderate,ctp:phosphoglutamine cytidylyltransferase,nucleotidyltransferase family protein,0
Caulobacter_vibrioides_NA1000,gene_df7ce6c37e81,1.0,high,acyl-coa synthetase ccna_01223,acyl-CoA synthetase,1
Caulobacter_vibrioides_NA1000,gene_feb69855488f,0.22,speculative,glycerophosphodiester phosphodiesterase gpdq,"phosphohydrolase, Icc family",0
Caulobacter_vibrioides_NA1000,gene_501d0bf558af,0.404,low,ribonuclease z,metal-dependent hydrolase,0
Caulobacter_vibrioides_NA1000,gene_9384743f7e8c,0.665,moderate,formylglycine-generating enzyme,Sulfatase-modifying factor enzyme 1,0
Caulobacter_vibrioides_NA1000,gene_c1d71192501a,0.395,low,sensor histidine kinase gtrs,two-component sensor histidine kinase,1
Caulobacter_vibrioides_NA1000,gene_39c9f526b028,0.5182,moderate,hydroxyacylglutathione hydrolase gloc,"Zn-dependent hydrolase, glyoxalase II family",0
Caulobacter_vibrioides_NA1000,gene_ccf2c495eb01,1.0,high,haloalkane dehalogenase,haloalkane dehalogenase,1
Caulobacter_vibrioides_NA1000,gene_5a8c243b4f6f,0.6314,moderate,branched-chain amino acid permease bcap,amino acid permease,1
Caulobacter_vibrioides_NA1000,gene_c0509f4bcb77,0.5298,moderate,23s rrna (guanosine(2553)-2'-o)-methyltransferase rlmp,23S rRNA methyltransferase,1
Caulobacter_vibrioides_NA1000,gene_c50fdfb5650f,0.353,low,steryl-sulfatase,arylsulfatase family protein,0
Caulobacter_vibrioides_NA1000,gene_221ceef7ca4e,0.542,moderate,pyrimidine monooxygenase ruta,pyrimidine utilization protein A,0
Caulobacter_vibrioides_NA1000,gene_798740af8004,0.6887,moderate,hemin import atp-binding protein hmuv,FepC-type transporter protein,0
Caulobacter_vibrioides_NA1000,gene_3577230858f5,0.4896,low,vitamin b12 import system permease protein btuc,FecCD-family transporter protein,0
Caulobacter_vibrioides_NA1000,gene_b17f73bef097,1.0,high,4-hydroxy-tetrahydrodipicolinate synthase,dihydrodipicolinate synthase,0
Caulobacter_vibrioides_NA1000,gene_c76f181e2804,1.0,high,ssra-binding protein,SsrA-binding protein,1
Caulobacter_vibrioides_NA1000,gene_8e0eeae15e21,0.6537,moderate,atp-dependent rna helicase hrpb,ATP-dependent helicase hrpB,1
Caulobacter_vibrioides_NA1000,gene_213e3e01806e,0.5175,moderate,soluble lytic murein transglycosylase,soluble lytic murein transglycosylase SdpA,1
Caulobacter_vibrioides_NA1000,gene_c867666bbb21,1.0,high,aldolase class 2 protein cc_1201,class II aldolase and Adducin protein,1
Caulobacter_vibrioides_NA1000,gene_d38bce0303bb,0.3212,low,triuret hydrolase trta,pyrazinamidase/nicotinamidase,0
Caulobacter_vibrioides_NA1000,gene_a760e3a174e7,0.3785,low,ribosomal rna large subunit methyltransferase k/l,methyltransferase,1
Caulobacter_vibrioides_NA1000,gene_d7ee61a35442,0.5758,moderate,dna-binding dual transcriptional regulator ompr,two-component response regulator,0
Caulobacter_vibrioides_NA1000,gene_c20fab8f844e,0.67,moderate,cytochrome c,cytochrome c,1
Caulobacter_vibrioides_NA1000,gene_a6752d454640,0.4518,low,solvent efflux pump periplasmic linker srpa,periplasmic multidrug efflux lipoprotein precursor,0
Caulobacter_vibrioides_NA1000,gene_f407ade54493,1.0,high,upf0178 protein cc_1215,YaiI-family protein,0
Caulobacter_vibrioides_NA1000,gene_04abe1694cc1,0.359,low,transketolase,pyruvate dehydrogenase E1 component,0
Caulobacter_vibrioides_NA1000,gene_268fbc96fd79,1.0,high,bifunctional protein fold,"bifunctional 5,10-methylene-tetrahydrofolate dehydrogenase/ 5,10-methylene-tetrahydrofolate cyclohydrolase",0
Caulobacter_vibrioides_NA1000,gene_638b6b2d1a78,0.35,low,Lipoprotein,cytochrome c5,0
Caulobacter_vibrioides_NA1000,gene_7bac302ccb78,0.372,low,gluconolactonase,gluconolactonase,1
Caulobacter_vibrioides_NA1000,gene_0bef9e70ad63,0.9389,high,nad kinase,inorganic polyphosphate/ATP-NAD kinase,1
Caulobacter_vibrioides_NA1000,gene_a218698be75e,0.623,moderate,proline iminopeptidase,proline iminopeptidase,1
Caulobacter_vibrioides_NA1000,gene_bc6ed4986f40,0.7596,moderate,aldehyde dehydrogenase family 7 member a1 homolog,piperideine-6-carboxylate dehydrogenase,0
Caulobacter_vibrioides_NA1000,gene_e5f822a719f5,0.35,low,Lipoprotein,stalk-specific protein X,0
Caulobacter_vibrioides_NA1000,gene_9d8c8dee8d63,0.6781,moderate,peptidyl-trna hydrolase arfb,peptidyl-tRNA hydrolase family protein ArfB,1
Caulobacter_vibrioides_NA1000,gene_ce64a0a27108,0.491,low,sulfur carrier protein fdhd,formate dehydrogenase accessory protein fdhD,0
Caulobacter_vibrioides_NA1000,gene_35cd9e035d4b,0.35,low,Lipoprotein,acetyltransferase domain protein,0
Caulobacter_vibrioides_NA1000,gene_899d235efabf,0.3208,low,acyl-coa dehydrogenase family member 10,phosphotransferase family protein,0
Caulobacter_vibrioides_NA1000,gene_13aaa26325be,1.0,high,large ribosomal subunit protein ul3,LSU ribosomal protein L3P,0
Caulobacter_vibrioides_NA1000,gene_2801e565c4ab,1.0,high,large ribosomal subunit protein ul4,LSU ribosomal protein L1E-L4P,0
Caulobacter_vibrioides_NA1000,gene_b03b3f19e9fc,1.0,high,large ribosomal subunit protein ul23,LSU ribosomal protein L23P,0
Caulobacter_vibrioides_NA1000,gene_6779020501db,1.0,high,large ribosomal subunit protein ul2,LSU ribosomal protein L2P,0
Caulobacter_vibrioides_NA1000,gene_cf07e091d045,1.0,high,small ribosomal subunit protein us19,SSU ribosomal protein S19P,0
Caulobacter_vibrioides_NA1000,gene_1e523fd92537,1.0,high,large ribosomal subunit protein ul22,LSU ribosomal protein L22P,0
Caulobacter_vibrioides_NA1000,gene_c451c50bb575,1.0,high,small ribosomal subunit protein us3,SSU ribosomal protein S3P,0
Caulobacter_vibrioides_NA1000,gene_853f01f0af43,1.0,high,large ribosomal subunit protein ul16,LSU ribosomal protein L16P,0
Caulobacter_vibrioides_NA1000,gene_6648f27c1cba,1.0,high,large ribosomal subunit protein ul29,LSU ribosomal protein L29P,0
Caulobacter_vibrioides_NA1000,gene_fb0d3a63bce2,1.0,high,small ribosomal subunit protein us17,SSU ribosomal protein S17P,0
Caulobacter_vibrioides_NA1000,gene_b251d0e34411,1.0,high,large ribosomal subunit protein ul14,LSU ribosomal protein L14P,0
Caulobacter_vibrioides_NA1000,gene_dda633375c0b,1.0,high,large ribosomal subunit protein ul24,LSU ribosomal protein L24P,0
Caulobacter_vibrioides_NA1000,gene_dffc44e77c28,1.0,high,large ribosomal subunit protein ul5,LSU ribosomal protein L5P,0
Caulobacter_vibrioides_NA1000,gene_9481008c6780,1.0,high,elongation factor tu,translation elongation factor Tu (EF-TU),1
Caulobacter_vibrioides_NA1000,gene_c657ea0486c3,1.0,high,small ribosomal subunit protein us8,SSU ribosomal protein S8P,0
Caulobacter_vibrioides_NA1000,gene_e934007fae81,1.0,high,large ribosomal subunit protein ul6,LSU ribosomal protein L6P,0
Caulobacter_vibrioides_NA1000,gene_5e7369593ef8,1.0,high,large ribosomal subunit protein ul18,LSU ribosomal protein L18P,0
Caulobacter_vibrioides_NA1000,gene_30d6bb401349,1.0,high,small ribosomal subunit protein us5,SSU ribosomal protein S5P,0
Caulobacter_vibrioides_NA1000,gene_f3e1c700fa54,1.0,high,large ribosomal subunit protein ul15,LSU ribosomal protein L15P,0
Caulobacter_vibrioides_NA1000,gene_804c7d981803,0.572,moderate,protein ydep,NAD-dependent formate dehydrogenase alpha subunit,0
Caulobacter_vibrioides_NA1000,gene_56f44c9acc11,1.0,high,small ribosomal subunit protein us10,SSU ribosomal protein S10P,0
Caulobacter_vibrioides_NA1000,gene_7742621c47be,1.0,high,small ribosomal subunit protein us13,SSU ribosomal protein S13P,0
Caulobacter_vibrioides_NA1000,gene_8f37c97ae7c0,1.0,high,small ribosomal subunit protein us11,SSU ribosomal protein S11P,0
Caulobacter_vibrioides_NA1000,gene_16b9e28e4ef2,1.0,high,dna-directed rna polymerase subunit alpha,DNA-directed RNA polymerase alpha chain,1
Caulobacter_vibrioides_NA1000,gene_dad5a1d3338b,1.0,high,small ribosomal subunit protein us14,SSU ribosomal protein S14P,0
Caulobacter_vibrioides_NA1000,gene_e4f999beb7eb,0.6042,moderate,glucose--fructose oxidoreductase,NADP-dependent aldose oxidoreductase,0
Caulobacter_vibrioides_NA1000,gene_e531d53c1e81,0.6716,moderate,bacitracin transport atp-binding protein bcra,"ABC-type multidrug transport system, ATPase component",0
Caulobacter_vibrioides_NA1000,gene_93b178536b1f,0.45,low,Lipoprotein,ABC2-family membrane transporter,0
Caulobacter_vibrioides_NA1000,gene_e9623d845db9,0.4775,low,alcohol dehydrogenase,GMC family oxidoreductase,0
Caulobacter_vibrioides_NA1000,gene_3f874ceb7563,0.5179,moderate,epoxide hydrolase a,epoxide hydrolase,1
Caulobacter_vibrioides_NA1000,gene_abf7bcbff328,1.0,high,adenylate kinase,adenylate kinase/nucleoside-diphosphate kinase,1
Caulobacter_vibrioides_NA1000,gene_fafbf8039c75,0.5536,moderate,nucleotide pyrophosphatase/phosphodiesterase 2,phosphodiesterase I/nucleotide pyrophosphatase,1
Caulobacter_vibrioides_NA1000,gene_128855e08fb4,0.7419,moderate,replication-associated recombination protein a,recombination factor protein RarA,0
Caulobacter_vibrioides_NA1000,gene_6c1731babeeb,1.0,high,large ribosomal subunit protein ul30,LSU ribosomal protein L30P,0
Caulobacter_vibrioides_NA1000,gene_c225f324db75,0.6251,moderate,gluconate 5-dehydrogenase,short chain dehydrogenase,0
Caulobacter_vibrioides_NA1000,gene_a6df758f6e89,1.0,high,large ribosomal subunit protein bl17,LSU ribosomal protein L17P,0
Caulobacter_vibrioides_NA1000,gene_91d5bba733c3,0.367,low,transposase for insertion sequence element is6501,transposase DDE domain protein,0
Caulobacter_vibrioides_NA1000,gene_f9844892ac9d,0.5335,moderate,response regulator mpra,two-component response regulator protein,1
Caulobacter_vibrioides_NA1000,gene_3e2626518991,0.6389,moderate,ribosomal large subunit pseudouridine synthase c,ribosomal large subunit pseudouridine synthase C,1
Caulobacter_vibrioides_NA1000,gene_c09c852543c7,0.459,low,3-phytase,myo-inositol-hexaphosphate 3-phosphohydrolase,0
Caulobacter_vibrioides_NA1000,gene_ed3a1746eb90,0.3767,low,alkaline phosphatase synthesis sensor protein phor,two component sensor histidine kinase,0
Caulobacter_vibrioides_NA1000,gene_7486f06f5a2d,0.8224,high,glycerol kinase,glycerol kinase,1
Caulobacter_vibrioides_NA1000,gene_055f208cb841,0.5694,moderate,5-dehydro-2-deoxygluconokinase,5-dehydro-2-deoxygluconokinase IolC,1
Caulobacter_vibrioides_NA1000,gene_8dba6422b1e3,0.51,moderate,rhizopine catabolism protein mocc,myo-inositol catabolism protein IolE,0
Caulobacter_vibrioides_NA1000,gene_03504ab538ed,0.6337,moderate,5-deoxy-glucuronate isomerase,myo-inositol catabolism protein IolB,0
Caulobacter_vibrioides_NA1000,gene_6d5cc5d7084f,0.5362,moderate,inositol 2-dehydrogenase,myo-inositol 2-dehydrogenase IdhA,1
Caulobacter_vibrioides_NA1000,gene_b4e2e5668a97,0.563,moderate,tetracycline resistance protein,major facilitator superfamily transporter,0
Caulobacter_vibrioides_NA1000,gene_b4155214947d,0.21,speculative,sensor protein kinase cars,two-component sensor histidine kinase UrpS,0
Caulobacter_vibrioides_NA1000,gene_abc2e5e2ae32,0.5736,moderate,nicotinate-nucleotide--dimethylbenzimidazole phosphoribosyltransferase,nicotinate-nucleotide--dimethylbenzimidazole phosphoribosyltransferase,1
Caulobacter_vibrioides_NA1000,gene_1b1d5cc00ea6,0.7748,moderate,malonate-semialdehyde dehydrogenase,malonate-semialdehyde dehydrogenase IolA,1
Caulobacter_vibrioides_NA1000,gene_359c41d7695a,0.3602,low,acryloyl-coa reductase (nadh),"acyl-CoA dehydrogenase, short-chain specific",0
Caulobacter_vibrioides_NA1000,gene_fe9dd7ce6ff2,0.4852,low,cytokinin riboside 5'-monophosphate phosphoribohydrolase,lysine decarboxylase family,0
Caulobacter_vibrioides_NA1000,gene_4f34b00d3d11,0.8609,high,Metabolism-related protein,"Fe-S cluster assembly ABC-type transport system, permease and ATPase components",0
Caulobacter_vibrioides_NA1000,gene_d5bd6b76922e,0.669,moderate,protein translocase subunit secy,protein translocase subunit secY,1
Caulobacter_vibrioides_NA1000,gene_eab696aefaeb,0.5197,moderate,disulfide-bond oxidoreductase yghu,glutathione S-transferase,0
Caulobacter_vibrioides_NA1000,gene_be88c512a362,0.253,speculative,outer membrane efflux protein bepc,type I secretion outer membrane protein rsaFb,0
Caulobacter_vibrioides_NA1000,gene_c308b022ca41,0.5538,moderate,response regulator protein carr,two-component response regulator UrpR,0
Caulobacter_vibrioides_NA1000,gene_39a2206c9ccb,0.6462,moderate,lactoylglutathione lyase,lactoylglutathione lyase,1
Caulobacter_vibrioides_NA1000,gene_a4444a82d636,0.663,moderate,16s/23s rrna (cytidine-2'-o)-methyltransferase tlya,rRNA methylase,0
Caulobacter_vibrioides_NA1000,gene_9cf076be19a6,0.4379,low,acyl-coa dehydrogenase fade17,acyl-CoA dehydrogenase,1
Caulobacter_vibrioides_NA1000,gene_21549cf36351,0.4222,low,demethylmenaquinone methyltransferase,methyltransferase,1
Caulobacter_vibrioides_NA1000,gene_62fe0ff9768a,0.815,high,Metabolism-related protein,amidase family protein,0
Caulobacter_vibrioides_NA1000,gene_e9c46b0ecb21,1.0,high,valine--trna ligase,valyl-tRNA synthetase,0
Caulobacter_vibrioides_NA1000,gene_86a6f4c39e07,0.4312,low,type-4 uracil-dna glycosylase,uracil DNA glycosylase superfamily protein,1
Caulobacter_vibrioides_NA1000,gene_714aa1c586ca,0.6635,moderate,periplasmic serine endoprotease degp-like,DegP/HtrA-family serine protease,0
Caulobacter_vibrioides_NA1000,gene_7efa3190b08e,0.454,low,tpr repeat-containing protein pa4667,tetratricopeptide repeat family protein TtpA,0
Caulobacter_vibrioides_NA1000,gene_8c08aaa60fa9,1.0,high,4-diphosphocytidyl-2-c-methyl-d-erythritol kinase,4-diphosphocytidyl-2-C-methyl-D-erythritol kinase,1
Caulobacter_vibrioides_NA1000,gene_d1010f98589b,0.4669,low,peptidyl-prolyl cis-trans isomerase a,peptidyl-prolyl cis-trans isomerase,1
Caulobacter_vibrioides_NA1000,gene_f1e1f5d3a48d,0.5901,moderate,bifunctional muramidase/lytic transglycosylase cwlq,soluble lytic murein transglycosylase SdpB,0
Caulobacter_vibrioides_NA1000,gene_c48ebbbc9ac1,0.9323,high,nitrogen regulatory protein p-ii,nitrogen regulatory protein GlnK,1
Caulobacter_vibrioides_NA1000,gene_6e079a0df179,1.0,high,glycine--trna ligase alpha subunit,glycyl-tRNA synthetase alpha chain,0
Caulobacter_vibrioides_NA1000,gene_24e5105a78b5,0.5939,moderate,long-chain-fatty-acid--coa ligase,long-chain-fatty-acid--CoA ligase,1
Caulobacter_vibrioides_NA1000,gene_ecd59d5a7a47,0.8335,high,trna-dihydrouridine(20/20a) synthase,tRNA dihydrouridine(20/20a) synthase,1
Caulobacter_vibrioides_NA1000,gene_4979da01b9b5,0.797,moderate,Replication-related protein,CzcO-family flavin monooxygenase,0
Caulobacter_vibrioides_NA1000,gene_6f06ec2653f4,0.275,speculative,protein 2 in pica locus (fragment),acetyltransferase,0
Caulobacter_vibrioides_NA1000,gene_c5feeb3ba0fb,0.5265,moderate,phosphoserine phosphatase 2,histidine phosphatase family protein,0
Caulobacter_vibrioides_NA1000,gene_6543a18522f6,0.664,moderate,delta-aminolevulinic acid dehydratase,delta-aminolevulinic acid dehydratase,1
Caulobacter_vibrioides_NA1000,gene_910cfa3b7a72,0.35,low,Lipoprotein,methyltransferase,0
Caulobacter_vibrioides_NA1000,gene_6e2711d0ceeb,0.7424,moderate,3-hydroxyisobutyrate dehydrogenase,3-hydroxyisobutyrate dehydrogenase,1
Caulobacter_vibrioides_NA1000,gene_f5a5ad163cc3,0.7432,moderate,transcriptional regulatory protein mucr homolog,ROS/MUCR transcriptional regulator,0
Caulobacter_vibrioides_NA1000,gene_cbdf3323d16f,1.0,high,serine hydroxymethyltransferase,serine hydroxymethyltransferase,1
Caulobacter_vibrioides_NA1000,gene_5ad998124ac8,1.0,high,transcriptional repressor nrdr,NrdR family transcriptional regulator,1
Caulobacter_vibrioides_NA1000,gene_ea823a06a667,0.8175,high,electron transfer flavoprotein-ubiquinone oxidoreductase,electron transfer flavoprotein-ubiquinone oxidoreductase FzeA,1
Caulobacter_vibrioides_NA1000,gene_4e8250c1ae88,0.8969,high,isobutyryl-coa dehydrogenase,"acyl-CoA dehydrogenase, short-chain specific",0
Caulobacter_vibrioides_NA1000,gene_5b4c406d6013,0.633,moderate,thiamine-monophosphate kinase,thiamine-monophosphate kinase,1
Caulobacter_vibrioides_NA1000,gene_82fa1d824946,1.0,high,transcription antitermination protein nusb,N utilization substance protein B NusB,0
Caulobacter_vibrioides_NA1000,gene_2f62ed2e25f2,0.5611,moderate,3-hydroxyisobutyryl-coa hydrolase,3-hydroxyisobutyryl-CoA hydrolase,1
Caulobacter_vibrioides_NA1000,gene_1bab6ae8190f,0.371,low,protein-glutamate methylesterase/protein-glutamine glutaminase 1,single domain receiver protein CleB,0
Caulobacter_vibrioides_NA1000,gene_cdf288f3c511,0.9133,high,phosphate acyltransferase,fatty acid/phospholipid synthesis protein plsX,0
Caulobacter_vibrioides_NA1000,gene_c9ece829aed2,1.0,high,integration host factor subunit alpha,integration host factor alpha-subunit,1
Caulobacter_vibrioides_NA1000,gene_331578d8c92e,0.9012,high,5-aminolevulinate synthase,5-aminolevulinic acid synthase,0
Caulobacter_vibrioides_NA1000,gene_f1175addedda,0.8086,high,large ribosomal subunit protein ul13,LSU ribosomal protein L13P,0
Caulobacter_vibrioides_NA1000,gene_3c726cadb71a,1.0,high,n-acetyl-gamma-glutamyl-phosphate reductase,N-acetyl-gamma-glutamyl-phosphate reductase,1
Caulobacter_vibrioides_NA1000,gene_a0ae5ace3d72,0.7177,moderate,poly(3-hydroxyalkanoate) polymerase subunit phac,poly(3-hydroxyalkanoate) polymerase,1
Caulobacter_vibrioides_NA1000,gene_a819c8683ad7,1.0,high,beta-ketoacyl- synthase iii,3-oxoacyl-(acyl-carrier-protein) synthase III,0
Caulobacter_vibrioides_NA1000,gene_2a80d6611dc8,0.661,moderate,homoserine dehydrogenase,homoserine dehydrogenase,1
Caulobacter_vibrioides_NA1000,gene_bd7e2dd75f5a,0.7008,moderate,glycine--trna ligase beta subunit,glycyl-tRNA synthetase beta chain,0
Caulobacter_vibrioides_NA1000,gene_8c4ea838022a,1.0,high,heme a synthase,cytochrome oxidase assembly protein,0
Caulobacter_vibrioides_NA1000,gene_c98038557ec4,0.4937,low,cold shock protein y4ch,cold shock protein cspD,1
Caulobacter_vibrioides_NA1000,gene_c00fbbdfa2f6,0.3587,low,nadh dehydrogenase iron-sulfur protein 4,"electron transport complex I subunit, NADH-ubiquinone oxidoreductase",0
Caulobacter_vibrioides_NA1000,gene_ae9304df11d1,0.4145,low,single-stranded-dna-specific exonuclease recj,single-stranded-DNA-specific exonuclease recJ,1
Caulobacter_vibrioides_NA1000,gene_ec38ff90904d,0.9041,high,Replication-related protein,LL-diaminopimelate aminotransferase,0
Caulobacter_vibrioides_NA1000,gene_cd1603561b30,0.6176,moderate,cbb3-type cytochrome c oxidase subunit fixp,"cytochrome cbb3 oxidase, diheme subunit, membrane-bound ccoP",1
Caulobacter_vibrioides_NA1000,gene_b93f8463459f,0.9895,high,k(+)-insensitive pyrophosphate-energized proton pump,K(+)-insensitive pyrophosphate energized proton pump,1
Caulobacter_vibrioides_NA1000,gene_742a8020345f,0.4,low,nitrogen fixation protein fixs,cytochrome cbb3 oxidase maturation protein ccoS,0
Caulobacter_vibrioides_NA1000,gene_a97cd1fd25d8,0.35,low,Lipoprotein,CRP-family transcription regulator FtrB,0
Caulobacter_vibrioides_NA1000,gene_19316f5d1590,1.0,high,small ribosomal subunit protein us9,SSU ribosomal protein S9P,0
Caulobacter_vibrioides_NA1000,gene_637f07e8e5c6,0.769,moderate,chemoreceptor mcpa,methyl-accepting chemotaxis protein,0
Caulobacter_vibrioides_NA1000,gene_5cf1b7914599,0.942,high,cytochrome c oxidase subunit 1 homolog,cytochrome cbb3 oxidase subunit I ccoN,1
Caulobacter_vibrioides_NA1000,gene_ef849c796091,0.436,low,2-dehydro-3-deoxy-l-arabinonate dehydratase,GguC-family protein,0
Caulobacter_vibrioides_NA1000,gene_74975f129a47,0.603,moderate,nitrogen fixation protein fixg,polyferredoxin protein fixG,0
Caulobacter_vibrioides_NA1000,gene_629452b0f31b,0.7829,moderate,Metabolism-related protein,E1-E2 cation pump ATPase fixI,0
Caulobacter_vibrioides_NA1000,gene_6574e3148116,0.568,moderate,fructose-1,"fructose-1,6-bisphosphatase, class II",1
Caulobacter_vibrioides_NA1000,gene_5077972c0a14,0.6598,moderate,cystathionine beta-lyase,cystathionine beta-lyase,1
Caulobacter_vibrioides_NA1000,gene_ff397d57de1a,0.519,moderate,oxygen-independent coproporphyrinogen iii oxidase,oxygen-independent coproporphyrinogen-III oxidase hemN,1
Caulobacter_vibrioides_NA1000,gene_12edf23ef51c,0.4548,low,tuberculostearic acid methyltransferase ufaa1,cyclopropane-fatty-acyl-phospholipid synthase,0
Caulobacter_vibrioides_NA1000,gene_57d13770fd87,0.7823,moderate,cysteine synthase 1,cysteine synthase,1
Caulobacter_vibrioides_NA1000,gene_5713286f42df,1.0,high,2-dehydro-3-deoxyphosphooctonate aldolase,2-dehydro-3-deoxyphosphooctonate aldolase,1
Caulobacter_vibrioides_NA1000,gene_ea8fb8a75a13,0.508,moderate,galactose mutarotase,aldose 1-epimerase,0
Caulobacter_vibrioides_NA1000,gene_8b60151a2a8c,0.53,moderate,intracellular exo-alpha-l-arabinofuranosidase,alpha-L-arabinofuranosidase,1
Caulobacter_vibrioides_NA1000,gene_41a654fb3152,0.35,low,inner membrane protein yedi,MutK-family membrane protein,0
Caulobacter_vibrioides_NA1000,gene_658035aeb04d,0.8569,high,l-cystine transport system atp-binding protein tcyn,cystine transport ATP-binding protein,1
Caulobacter_vibrioides_NA1000,gene_f228371dae1d,0.7639,moderate,l-cystine transport system permease protein tcyl,cystine transport system permease protein,1
Caulobacter_vibrioides_NA1000,gene_d8792907919e,0.352,low,acetyl-coa acetyltransferase,acetyl-CoA acetyltransferase,1
Caulobacter_vibrioides_NA1000,gene_0844db4f4132,0.4757,low,beta-ketodecanoyl- synthase,3-oxoacyl-(acyl-carrier-protein) synthase III,0
Caulobacter_vibrioides_NA1000,gene_2f24b8e2f987,0.613,moderate,solute-binding protein bpro_3107,C4-dicarboxylate-binding protein,0
Caulobacter_vibrioides_NA1000,gene_eae8c2724137,0.565,moderate,adp-l-glycero-d-manno-heptose-6-epimerase,ADP-L-glycero-D-manno-heptose-6-epimerase,1
Caulobacter_vibrioides_NA1000,gene_9c739d8d4029,0.6568,moderate,thiosulfate/3-mercaptopyruvate sulfurtransferase 1,3-mercaptopyruvate sulfurtransferase,1
Caulobacter_vibrioides_NA1000,gene_3797642f0836,0.3525,low,hydroxymethylglutaryl-coa synthase,3-hydroxy-3-methylglutaryl CoA synthase,1
Caulobacter_vibrioides_NA1000,gene_929971e6966d,0.7613,moderate,amino-acid abc transporter-binding protein path,cystine-binding protein,0
Caulobacter_vibrioides_NA1000,gene_0816eaf221d5,0.35,low,ATP/GTP binding protein,ATP-dependent protease subunit,0
Caulobacter_vibrioides_NA1000,gene_bb6c18f1fd86,0.95,high,protein flaf,flagellar biosynthesis regulatory protein flaF,1
Caulobacter_vibrioides_NA1000,gene_d1ce62d75639,1.0,high,flagellin fljl,flagellin fljL,1
Caulobacter_vibrioides_NA1000,gene_5f8c9bb66291,0.6998,moderate,atp-dependent dna helicase recg,ATP-dependent DNA helicase recG,1
Caulobacter_vibrioides_NA1000,gene_46eeddeaeeb1,0.8047,high,flagellin fljj,flagellin FljJ,1
Caulobacter_vibrioides_NA1000,gene_57bfba14e283,0.35,low,ATPase,universal stress protein family,0
Caulobacter_vibrioides_NA1000,gene_2f1e901621d7,1.0,high,flagellin fljk,flagellin fljK,1
Caulobacter_vibrioides_NA1000,gene_3fac0eb13786,1.0,high,single-stranded dna-binding protein,single-strand DNA binding protein,1
Caulobacter_vibrioides_NA1000,gene_dd9bd5f01a03,0.35,low,Serine protease,ice nucleation protein,0
Caulobacter_vibrioides_NA1000,gene_faf25d79000d,0.485,low,c-5 sterol desaturase,sterol desaturase family protein,1
Caulobacter_vibrioides_NA1000,gene_e648a3ca922d,0.6479,moderate,atp-dependent rna helicase dbpa,DEAD-box RNA helicase-like protein,0
Caulobacter_vibrioides_NA1000,gene_6e045cb25b52,0.4754,low,chaperone protein dnak2,chaperone protein dnaK,0
Caulobacter_vibrioides_NA1000,gene_70dadb470571,0.35,low,DNA-binding transcription regulator,"transporter, major facilitator superfamily",0
Caulobacter_vibrioides_NA1000,gene_75eb230b25a6,0.95,high,protein flba,flagellar modification protein FlbA,1
Caulobacter_vibrioides_NA1000,gene_98622cdf87f2,1.0,high,sulfate adenylyltransferase subunit 2,sulfate adenylyltransferase subunit 2,1
Caulobacter_vibrioides_NA1000,gene_dcccd4042436,0.6432,moderate,d-mannonate oxidoreductase,D-mannonate oxidoreductase,1
Caulobacter_vibrioides_NA1000,gene_b1dc9a824927,0.5724,moderate,hth-type transcriptional repressor purr,LacI-family transcriptional regulator,0
Caulobacter_vibrioides_NA1000,gene_2b480c158687,1.0,high,Translation-related protein,sulfate adenylyltransferase subunit 1/adenylylsulfate kinase,0
Caulobacter_vibrioides_NA1000,gene_ca0127ba3b71,1.0,high,4-deoxy-l-threo-5-hexosulose-uronate ketol-isomerase,4-deoxy-L-threo-5-hexosulose-uronate ketol-isomerase,1
Caulobacter_vibrioides_NA1000,gene_3c5d81279700,0.8489,high,Replication-related protein,D-galactarate dehydratase/Altronate hydrolase,0
Caulobacter_vibrioides_NA1000,gene_4abb2f21982b,0.5575,moderate,Replication-related protein,2-dehydro-3-deoxygluconokinase,0
Caulobacter_vibrioides_NA1000,gene_ba9117c5c879,0.474,low,proline iminopeptidase,proline iminopeptidase,1
Caulobacter_vibrioides_NA1000,gene_6db8cc48c959,1.0,high,pirin-like protein cc_1473,pirin family protein,1
Caulobacter_vibrioides_NA1000,gene_ad4807bdaa56,0.35,low,Lipoprotein,Helix-turn-helix DNA-binding protein,0
Caulobacter_vibrioides_NA1000,gene_70fd1cd4ad99,0.6979,moderate,arsenate reductase arsi2,arsenate reductase,1
Caulobacter_vibrioides_NA1000,gene_b9e0e3e6f646,0.625,moderate,aquaglyceroporin aqps,major intrinsic protein (MIP)-family channel protein,0
Caulobacter_vibrioides_NA1000,gene_92aa3df7176f,1.0,high,uronate isomerase,glucuronate isomerase,0
Caulobacter_vibrioides_NA1000,gene_48a82391ac71,0.5623,moderate,aldose sugar dehydrogenase ylii,glucose / sorbosone dehydrogenase,0
Caulobacter_vibrioides_NA1000,gene_20a25aaa2ff4,0.7685,moderate,ribosomal rna dihydrouridine synthase,NAD(FAD)-utilizing dehydrogenase,0
Caulobacter_vibrioides_NA1000,gene_af214f4a02b8,0.35,low,Lipoprotein,2-keto-4-pentenoate hydratase family protein,0
Caulobacter_vibrioides_NA1000,gene_dfe698b8812e,0.5549,moderate,peptidoglycan l,M15 superfamily membrane peptidase,0
Caulobacter_vibrioides_NA1000,gene_f9edebe232ca,0.384,low,penicillin-binding protein 1a,multimodular transpeptidase-transglycosylase PBP 1A,0
Caulobacter_vibrioides_NA1000,gene_6724f85b4bcb,0.6352,moderate,abc transporter atp-binding protein nosf,"ABC transporter, ATP-binding protein",1
Caulobacter_vibrioides_NA1000,gene_c339840fa271,1.0,high,methionine--trna ligase,methionyl-tRNA synthetase,0
Caulobacter_vibrioides_NA1000,gene_4f4dec594355,0.7044,moderate,Replication-related protein,"L,D-transpeptidase LdtD",0
Caulobacter_vibrioides_NA1000,gene_5e3c442c0ae1,0.4005,low,dna polymerase iii polc-type,DNA polymerase III epsilon-like protein,1
Caulobacter_vibrioides_NA1000,gene_db9fcb6551c4,0.547,moderate,na(+)/h(+) antiporter nhas4,Kef-type K+ transport system,0
Caulobacter_vibrioides_NA1000,gene_52c846207c8f,0.947,high,ribosomal protein l11 methyltransferase,ribosomal protein L11 methyltransferase,1
Caulobacter_vibrioides_NA1000,gene_c49f310afdaa,0.7601,moderate,nadph-dependent fmn reductase arsh,arsenic resistance protein arsH,0
Caulobacter_vibrioides_NA1000,gene_eceb2b33e9b8,1.0,high,dna ligase,NAD-dependent DNA ligase,1
Caulobacter_vibrioides_NA1000,gene_2f7b29ad1ddb,0.35,low,Serine protease,ABC type-2 transporter,0
Caulobacter_vibrioides_NA1000,gene_ae9a96982388,0.262,speculative,metal-pseudopaline receptor cnto,TonB-dependent receptor,0
Caulobacter_vibrioides_NA1000,gene_6cb09c7de065,0.414,low,tryptophan 6-halogenase stth,tryptophan halogenase family protein,1
Caulobacter_vibrioides_NA1000,gene_623498d9db44,0.5628,moderate,nadph:quinone oxidoreductase 1,NADPH-dependent FMN reductase family protein,0
Caulobacter_vibrioides_NA1000,gene_71ad76536ff4,0.2,speculative,protein sphx,phosphate-binding protein,0
Caulobacter_vibrioides_NA1000,gene_48c029cfb1e8,0.7538,moderate,dna helicase ii homolog,DNA helicase II,1
Caulobacter_vibrioides_NA1000,gene_5098892be7c5,1.0,high,cell shape-determining protein mreb,rod shape-determining protein MreB,1
Caulobacter_vibrioides_NA1000,gene_84929ab4a22b,0.514,moderate,alkyl/aryl-sulfatase bds1,alkyl sulfatase,1
Caulobacter_vibrioides_NA1000,gene_1bc7da28a0a0,0.7181,moderate,Metabolism-related protein,Xaa-pro aminopeptidase,0
Caulobacter_vibrioides_NA1000,gene_da922dce8b4e,0.5512,moderate,peptidoglycan glycosyltransferase mrdb,SEDS-family peptidoglycan polymerase RodA,0
Caulobacter_vibrioides_NA1000,gene_20a70652249f,0.28,speculative,low amplitude and bright protein laba,NYN domain protein,0
Caulobacter_vibrioides_NA1000,gene_c314b45391c0,0.3125,low,2-amino-4-hydroxy-6-hydroxymethyldihydropteridine pyrophosphokinase,2-amino-4-hydroxy-6- hydroxymethyldihydropteridine pyrophosphokinase,1
Caulobacter_vibrioides_NA1000,gene_d7852d0dfc09,1.0,high,dna-directed rna polymerase subunit omega,DNA-directed RNA polymerase omega chain,1
Caulobacter_vibrioides_NA1000,gene_12f58a5dc3ca,0.5656,moderate,peptidoglycan d,"cell elongation specific D,D-transpeptidase",0
Caulobacter_vibrioides_NA1000,gene_a6ae4fd75d44,1.0,high,orotate phosphoribosyltransferase,orotate phosphoribosyltransferase,1
Caulobacter_vibrioides_NA1000,gene_840d15bbadf6,1.0,high,cell shape-determining protein mrec,rod shape-determining protein MreC,1
Caulobacter_vibrioides_NA1000,gene_fa0b5fa036fc,1.0,high,pyridoxine 5'-phosphate synthase,pyridoxal phosphate biosynthetic protein pdxJ,0
Caulobacter_vibrioides_NA1000,gene_97c524504f5f,1.0,high,holo- synthase,Holo-(acyl-carrier protein) synthase,1
Caulobacter_vibrioides_NA1000,gene_80c8c4bc1693,0.5714,moderate,gtp pyrophosphokinase rsh,Rsh ppGpp hydrolase-synthetase,0
Caulobacter_vibrioides_NA1000,gene_18d071f130cd,1.0,high,ribonuclease 3,ribonuclease III,1
Caulobacter_vibrioides_NA1000,gene_1c92862c9533,0.4363,low,arylamine n-acetyltransferase,arylamine N-acetyltransferase,1
Caulobacter_vibrioides_NA1000,gene_3e1bf161bfb2,1.0,high,dna repair protein reco,DNA repair protein recO,1
Caulobacter_vibrioides_NA1000,gene_9c4bf25a93a1,0.6702,moderate,signal peptidase i,signal peptidase I,1
Caulobacter_vibrioides_NA1000,gene_226dbf79c6f6,1.0,high,gtpase era,GTP-binding protein Era,0
Caulobacter_vibrioides_NA1000,gene_302d22d604f0,0.3592,low,type-5 uracil-dna glycosylase,uracil-DNA glycosylase,1
Caulobacter_vibrioides_NA1000,gene_29b5a5c85dfc,0.997,high,dna topoisomerase 4 subunit a,topoisomerase IV subunit A,1
Caulobacter_vibrioides_NA1000,gene_feca47bf95ff,0.486,low,rhamnolipids biosynthesis 3-oxoacyl- reductase,gluconate 5-dehydrogenase,0
Caulobacter_vibrioides_NA1000,gene_3c225f44d12f,1.0,high,atp-dependent dethiobiotin synthetase biod,dethiobiotin synthetase,1
Caulobacter_vibrioides_NA1000,gene_9e856f014b3f,0.6508,moderate,alkaline phosphatase d,alkaline phosphatase,1
Caulobacter_vibrioides_NA1000,gene_9f88806cbafe,0.408,low,motility protein b,chemotaxis protein MotB,0
Caulobacter_vibrioides_NA1000,gene_cce9caa8d5c2,0.35,low,Lipoprotein,"transporter, drug/metabolite exporter family",0
Caulobacter_vibrioides_NA1000,gene_312471e89450,0.961,high,Replication-related protein,adenosylmethionine-8-amino-7-oxononanoate,0
Caulobacter_vibrioides_NA1000,gene_6dc3c5578cb8,1.0,high,aspartate/glutamate leucyltransferase,arginine-tRNA-protein transferase,0
Caulobacter_vibrioides_NA1000,gene_0683e960db5e,1.0,high,phosphopantetheine adenylyltransferase,phosphopantetheine adenylyltransferase,1
Caulobacter_vibrioides_NA1000,gene_06432a5dc1d6,0.6411,moderate,dna gyrase subunit a,DNA gyrase subunit A,1
Caulobacter_vibrioides_NA1000,gene_8bbf7f5fa196,0.5836,moderate,peptidyl-prolyl cis-trans isomerase,cyclophilin-type peptidylprolyl cis-trans isomerase,1
Caulobacter_vibrioides_NA1000,gene_a4f4a803497f,0.8148,high,peptidyl-prolyl cis-trans isomerase,cyclophilin-type peptidylprolyl cis-trans isomerase,1
Caulobacter_vibrioides_NA1000,gene_473d5c869961,0.35,low,DNA-binding transcription regulator,endonuclease/exonuclease/phosphatase family protein,0
Caulobacter_vibrioides_NA1000,gene_f2564db7fa5e,1.0,high,s-adenosylmethionine:trna ribosyltransferase-isomerase,S-adenosylmethionine:tRNA ribosyltransferase-isomerase,1
Caulobacter_vibrioides_NA1000,gene_9a913e1285c4,0.3712,low,nadph-dependent quinone oxidoreductase vat1,quinone oxidoreductase,1
Caulobacter_vibrioides_NA1000,gene_bb961a816b94,1.0,high,2-isopropylmalate synthase,2-isopropylmalate synthase,1
Caulobacter_vibrioides_NA1000,gene_7ef4bb826498,1.0,high,potassium-transporting atpase kdpc subunit,potassium-transporting ATPase C chain,1
Caulobacter_vibrioides_NA1000,gene_0e7a0ddda2a5,0.355,low,protein ure2,glutathione S-transferase,0
Caulobacter_vibrioides_NA1000,gene_f37de74d790b,0.5758,moderate,kdp operon transcriptional regulatory protein kdpe,two-component response regulator kdpE,0
Caulobacter_vibrioides_NA1000,gene_4de525a46d8d,0.5809,moderate,sulfate transport system permease protein cyst,sulfate transport system permease protein cysT,1
Caulobacter_vibrioides_NA1000,gene_46913259f8f3,0.7884,moderate,sulfate transport system permease protein cysw,sulfate transport system permease protein cysW,1
Caulobacter_vibrioides_NA1000,gene_ca13f9c196db,1.0,high,superoxide dismutase,copper/zinc superoxide dismutase,1
Caulobacter_vibrioides_NA1000,gene_2965b35c7e6d,1.0,high,potassium-transporting atpase atp-binding subunit,potassium-transporting ATPase B chain,1
Caulobacter_vibrioides_NA1000,gene_559b752642dc,0.4977,low,arginine n-succinyltransferase,"arginine N-succinyltransferase, beta chain",1
Caulobacter_vibrioides_NA1000,gene_97692581e478,0.87,high,n-succinylarginine dihydrolase 2,succinylarginine dihydrolase,1
Caulobacter_vibrioides_NA1000,gene_4abd42a03095,0.4497,low,peptidyl-prolyl cis-trans isomerase sll0227,cyclophilin-type peptidylprolyl cis-trans isomerase,1
Caulobacter_vibrioides_NA1000,gene_4a1e95a6534c,0.35,low,Lipoprotein,LytT-family response regulator,0
Caulobacter_vibrioides_NA1000,gene_301c16855471,1.0,high,8-amino-7-oxononanoate synthase,8-amino-7-oxononanoate synthase,1
Caulobacter_vibrioides_NA1000,gene_5d0506866c8d,1.0,high,phenylalanine-4-hydroxylase,phenylalanine-4-hydroxylase,1
Caulobacter_vibrioides_NA1000,gene_b9fb0e7c5108,1.0,high,sulfate/thiosulfate import atp-binding protein cysa,sulfate transport ATP-binding protein cysA,1
Caulobacter_vibrioides_NA1000,gene_d5c2bc579066,0.4455,low,potassium channel protein 1,potassium channel protein,1
Caulobacter_vibrioides_NA1000,gene_0dab1a209642,1.0,high,potassium-transporting atpase potassium-binding subunit,potassium-transporting ATPase A chain,1
Caulobacter_vibrioides_NA1000,gene_0bb310077689,0.9246,high,inosine-5'-monophosphate dehydrogenase,inosine-5'-monophosphate dehydrogenase,1
Caulobacter_vibrioides_NA1000,gene_42e61e2ab76d,1.0,high,gmp synthase,GMP synthase GuaA,1
Caulobacter_vibrioides_NA1000,gene_35cc61e59702,1.0,high,n-succinylglutamate 5-semialdehyde dehydrogenase 2,succinylglutamic semialdehyde dehydrogenase,1
Caulobacter_vibrioides_NA1000,gene_e586e52da185,0.35,low,DNA-binding transcription regulator,acetyltransferase family protein,0
Caulobacter_vibrioides_NA1000,gene_f8b8bf89e6e2,0.6378,moderate,Replication-related protein,aminobenzoyl-glutamate transport protein,0
Caulobacter_vibrioides_NA1000,gene_75775c2e00c9,0.4119,low,regulatory protein nocr,LysR-family transcriptional regulator,0
Caulobacter_vibrioides_NA1000,gene_82c79dde9304,0.211,speculative,nucleoside transporter yegt,3-ketohexose transporter,0
Caulobacter_vibrioides_NA1000,gene_7a3818d95cd9,0.3646,low,ribosomal rna small subunit methyltransferase b,tRNA/rRNA methyltransferase,0
Caulobacter_vibrioides_NA1000,gene_2c5e856a6ad0,0.6244,moderate,hth-type transcriptional repressor cytr,LacI-family transcriptional regulator,0
Caulobacter_vibrioides_NA1000,gene_ff58077f841c,0.489,low,cytochrome c,"periplasmic glucoside 3-dehydrogenase, cytochrome c2 component",1
Caulobacter_vibrioides_NA1000,gene_439903e103e7,0.9903,high,ribosomal rna large subunit methyltransferase e,FtsJ-family 23S rRNA methylase,0
Caulobacter_vibrioides_NA1000,gene_581d34680f1b,0.47,low,6'''-hydroxyparomomycin c oxidase,"periplasmic glucoside 3-dehydrogenase, lacA subunit",0
Caulobacter_vibrioides_NA1000,gene_fec18ee65e26,0.369,low,protein yffb,Spx/MgsR-related protein,0
Caulobacter_vibrioides_NA1000,gene_afafbc038d4e,0.4624,low,outer membrane protein assembly factor bamb,beta-barrel assembly machine (BAM) protein BamB,0
Caulobacter_vibrioides_NA1000,gene_c19566c06198,0.3796,low,phosphoglycolate phosphatase,GPH-family phosphatase,0
Caulobacter_vibrioides_NA1000,gene_fde5fa5ca027,0.786,moderate,chemoreceptor mcpe,methyl-accepting chemotaxis protein,0
Caulobacter_vibrioides_NA1000,gene_d97af138c830,1.0,high,3-methyl-2-oxobutanoate hydroxymethyltransferase,3-methyl-2-oxobutanoate hydroxymethyltransferase,1
Caulobacter_vibrioides_NA1000,gene_44b563a4801d,0.35,low,Lipoprotein,MecR antirepressor / ankyrin repeat family protein,0
Caulobacter_vibrioides_NA1000,gene_ddf0fa753c5a,1.0,high,alanine racemase,alanine racemase,1
Caulobacter_vibrioides_NA1000,gene_ae0ff2a991b8,0.6817,moderate,replicative dna helicase dnab,replicative DNA helicase,1
Caulobacter_vibrioides_NA1000,gene_4b9bb2e984da,1.0,high,large ribosomal subunit protein bl9,LSU ribosomal protein L9P,0
Caulobacter_vibrioides_NA1000,gene_5f09e96e3ab3,1.0,high,small ribosomal subunit protein bs18,SSU ribosomal protein S18P,0
Caulobacter_vibrioides_NA1000,gene_166ea9d6763b,1.0,high,small ribosomal subunit protein bs6,SSU ribosomal protein S6P,0
Caulobacter_vibrioides_NA1000,gene_21fb66ebd6bc,0.8104,high,amidophosphoribosyltransferase,amidophosphoribosyltransferase,1
Caulobacter_vibrioides_NA1000,gene_11dc34224761,1.0,high,Metabolism-related protein,EngA-subfamily GTPase protein,0
Caulobacter_vibrioides_NA1000,gene_a9dae8f821c2,0.8786,high,3-oxoacyl- reductase fabg,3-oxoacyl-(acyl-carrier protein) reductase,1
Caulobacter_vibrioides_NA1000,gene_332b5aa5552b,0.8314,high,3-oxoacyl- synthase 2,3-oxoacyl-(acyl-carrier-protein) synthase II,1
Caulobacter_vibrioides_NA1000,gene_555f09e87bad,0.2603,speculative,endolytic murein transglycosylase,aminodeoxychorismate lyase,0
Caulobacter_vibrioides_NA1000,gene_86341fde0c8c,0.343,low,endoribonuclease yicc,YicC-family protein,1
Caulobacter_vibrioides_NA1000,gene_fc56f4818d21,0.7864,moderate,dna repair protein rada,DNA repair protein RadA,1
Caulobacter_vibrioides_NA1000,gene_2797167e3f41,0.571,moderate,Replication-related protein,sterol desaturase family protein,0
Caulobacter_vibrioides_NA1000,gene_878e9b2b36d1,1.0,high,ribosomal rna small subunit methyltransferase a,dimethyladenosine transferase,0
Caulobacter_vibrioides_NA1000,gene_ee5931d8bee7,0.5955,moderate,blue-light-activated histidine kinase 1,two component sensor histidine kinase,0
Caulobacter_vibrioides_NA1000,gene_8a159c166d5c,0.4093,low,upf0056 inner membrane protein marc,MarC family integral membrane protein,1
Caulobacter_vibrioides_NA1000,gene_b40d23d4eb44,0.509,moderate,malonyl coa-acyl carrier protein transacylase,malonyl-CoA-(acyl-carrier-protein) transacylase FabD,1
Caulobacter_vibrioides_NA1000,gene_2f0112bbd728,0.8784,high,4-hydroxythreonine-4-phosphate dehydrogenase,4-hydroxythreonine-4-phosphate dehydrogenase,1
Caulobacter_vibrioides_NA1000,gene_620459c263b4,1.0,high,cytosol aminopeptidase,multifunctional aminopeptidase,0
Caulobacter_vibrioides_NA1000,gene_73ca11808c0c,0.9923,high,guanylate kinase,guanylate kinase,1
Caulobacter_vibrioides_NA1000,gene_e6b38d2275db,0.7543,moderate,Metabolism-related protein,peptidyl-prolyl cis-trans isomerase,0
Caulobacter_vibrioides_NA1000,gene_976c60437ad4,0.6965,moderate,atp-binding protein yhes,ABC transporter ATP-binding protein,1
Caulobacter_vibrioides_NA1000,gene_3c5d3f082f51,1.0,high,nucleoside diphosphate kinase,nucleoside diphosphate kinase,1
Caulobacter_vibrioides_NA1000,gene_a9a539e7429a,0.8941,high,phosphoribosylformylglycinamidine cyclo-ligase,phosphoribosylformylglycinamidine cyclo-ligase,1
Caulobacter_vibrioides_NA1000,gene_44fd38094d62,0.7541,moderate,Replication-related protein,hybrid sensor histidine kinase/receiver domain protein,0
Caulobacter_vibrioides_NA1000,gene_2940126e22dd,0.35,low,Lipoprotein,"peptidase inhibitor, I78 family",0
Caulobacter_vibrioides_NA1000,gene_c579887fa958,1.0,high,acyl carrier protein,acyl carrier protein,1
Caulobacter_vibrioides_NA1000,gene_de24470aa50f,0.35,low,ATP/GTP binding protein,chromosome replication regulator protein HdaA,0
Caulobacter_vibrioides_NA1000,gene_ed4e0d93f047,1.0,high,large ribosomal subunit protein bl32,LSU ribosomal protein L32P,0
Caulobacter_vibrioides_NA1000,gene_89bdd5fb4697,1.0,high,ctp synthase,CTP synthase,1
Caulobacter_vibrioides_NA1000,gene_b064ef8d649b,0.7463,moderate,polyphosphate kinase,polyphosphate kinase 1,1
Caulobacter_vibrioides_NA1000,gene_963f46b071a8,0.485,low,enoyl-coa hydratase 1,enoyl-CoA hydratase/isomerase family,1
Caulobacter_vibrioides_NA1000,gene_04d23b19ec71,0.9107,high,pyruvate dehydrogenase e1 component subunit beta,pyruvate dehydrogenase E1 component beta subunit,1
Caulobacter_vibrioides_NA1000,gene_c53dfcb56c0e,0.266,speculative,protein ecsc,EcsC family protein,1
Caulobacter_vibrioides_NA1000,gene_b89b514b1063,0.7403,moderate,dihydrolipoyllysine-residue acetyltransferase component of pyruvate dehydrogenase complex,"pyruvate dehydrogenase complex, dihydrolipoamide acetyltransferase component",1
Caulobacter_vibrioides_NA1000,gene_4c4c82904914,0.8253,high,glutathione peroxidase,glutathione peroxidase,1
Caulobacter_vibrioides_NA1000,gene_4e0f2c7b14a1,0.8714,high,pyruvate dehydrogenase e1 component subunit alpha,pyruvate dehydrogenase E1 component alpha subunit,1
Caulobacter_vibrioides_NA1000,gene_38bc4883d8a1,0.458,low,bifunctional protein aas,acyl-acyl carrier protein synthetase,0
Caulobacter_vibrioides_NA1000,gene_d392c3f5e61c,0.5425,moderate,ribosome association toxin rata,type II toxin-antitoxin system RatA family toxin,0
Caulobacter_vibrioides_NA1000,gene_4316f2762558,0.5978,moderate,nicotinamide-nucleotide amidohydrolase pncc,competence/damage-inducible protein CinA,0
Caulobacter_vibrioides_NA1000,gene_a28010420abf,0.584,moderate,ribonuclease d,ribonuclease D,1
Caulobacter_vibrioides_NA1000,gene_d69fd3121172,0.7358,moderate,trna-dihydrouridine synthase,tRNA-dihydrouridine synthase,1
Caulobacter_vibrioides_NA1000,gene_cbcc1fe71a27,1.0,high,enolase,phosphopyruvate hydratase,0
Caulobacter_vibrioides_NA1000,gene_617dba751737,0.552,moderate,sensory histidine kinase/phosphatase ntrb,nitrogen regulation protein ntrB,0
Caulobacter_vibrioides_NA1000,gene_f90559b169ed,0.472,low,sensor histidine kinase ntry-like,nitrogen regulation protein ntrY,0
Caulobacter_vibrioides_NA1000,gene_c6f8b208697c,1.0,high,rna-binding protein hfq,"RNA-binding protein, Hfq family",1
Caulobacter_vibrioides_NA1000,gene_6c95a5c2546e,0.8621,high,Metabolism-related protein,GTP-binding protein hflX,0
Caulobacter_vibrioides_NA1000,gene_c7eacae6bd07,1.0,high,bifunctional enzyme ispd/ispf,"2-C-methyl-D-erythritol 4-phosphate cytidylyltransferase/2-C-methyl-D-erythritol 2,4-cyclodiphosphate synthase",0
Caulobacter_vibrioides_NA1000,gene_f724de849ded,0.8155,high,Metabolism-related protein,vitamin B12 transporter BtuB,0
Caulobacter_vibrioides_NA1000,gene_dc79e711b023,0.7891,moderate,Metabolism-related protein,melibiose carrier protein,0
Caulobacter_vibrioides_NA1000,gene_50817a31ac70,0.37,low,hth-type transcriptional regulator dega,SalR-family ligand-binding transcriptional regulator,0
Caulobacter_vibrioides_NA1000,gene_a12aa75fdb73,0.4669,low,d-alanine aminotransferase,D-alanine aminotransferase,1
Caulobacter_vibrioides_NA1000,gene_aad03ac3b8d4,0.423,low,tryptophan 7-halogenase prna,tryptophan halogenase superfamily protein,1
Caulobacter_vibrioides_NA1000,gene_29d54dd1c432,0.633,moderate,nucleoside triphosphate pyrophosphohydrolase,nucleoside triphosphate pyrophosphohydrolase,1
Caulobacter_vibrioides_NA1000,gene_7fac44954b8b,0.208,speculative,endo-1,glucosylceramidase,0
Caulobacter_vibrioides_NA1000,gene_4c6bb496be63,0.7006,moderate,Metabolism-related protein,beta-glucosidase,0
Caulobacter_vibrioides_NA1000,gene_c28ab4dc9d80,0.7938,moderate,lipoprotein-releasing system atp-binding protein lold 2,ABC transporter ATP-binding protein,0
Caulobacter_vibrioides_NA1000,gene_bee804d49956,0.7536,moderate,Phage Lysis-related protein,acyl-CoA thioesterase I/lysophospholipase,0
Caulobacter_vibrioides_NA1000,gene_cac859470023,0.371,low,transposase insi for insertion sequence element is30a,"transposase, IS30 family",0
Caulobacter_vibrioides_NA1000,gene_7ef516a0fe50,0.35,low,DNA-binding transcription regulator,ABC-type transport permease involved in lysophospholipase L1 biosynthesis,0
Caulobacter_vibrioides_NA1000,gene_a2f8b80061ae,1.0,high,lipoyl synthase,lipoic acid synthetase,0
Caulobacter_vibrioides_NA1000,gene_0e41bd84699f,0.6018,moderate,hth-type transcriptional regulator ramb,MerR-family transcriptional regulator,1
Caulobacter_vibrioides_NA1000,gene_3f02339af6a7,0.9229,high,cobyric acid synthase,cobyric acid synthase CobQ,1
Caulobacter_vibrioides_NA1000,gene_7e23a6b2e9b8,0.5725,moderate,cytochrome bo(3) ubiquinol oxidase subunit 4,quinol cytochrome oxidase polypeptide IV,1
Caulobacter_vibrioides_NA1000,gene_20b10b35c7c2,0.7373,moderate,isocitrate lyase,isocitrate lyase,1
Caulobacter_vibrioides_NA1000,gene_2d73ae6fab66,0.6165,moderate,cytochrome bo(3) ubiquinol oxidase subunit 2,quinol cytochrome oxidase polypeptide II,1
Caulobacter_vibrioides_NA1000,gene_7765196b4167,0.7727,moderate,dihydrolipoyl dehydrogenase,dihydrolipoamide dehydrogenase,0
Caulobacter_vibrioides_NA1000,gene_84594fdf378c,0.687,moderate,superoxide dismutase,iron/manganese superoxide dismutase,1
Caulobacter_vibrioides_NA1000,gene_2eb8f91ef44c,0.35,low,Serine protease,TonB-dependent receptor,0
Caulobacter_vibrioides_NA1000,gene_a76b2e5248b8,0.469,low,isonitrile hydratase,AraC-family transcriptional regulator,0
Caulobacter_vibrioides_NA1000,gene_fdc70802c183,0.8105,high,malate synthase,malate synthase,1
Caulobacter_vibrioides_NA1000,gene_ce9f4d19af21,0.5215,moderate,acid tolerance regulatory protein actr,two-component response regulator protein,0
Caulobacter_vibrioides_NA1000,gene_0c91a542db2e,0.5449,moderate,outer membrane protein oprn,outer membrane efflux protein,1
Caulobacter_vibrioides_NA1000,gene_3db71e56aa87,0.45,low,surfeit locus protein 1,cytochrome c oxidase assembly protein Surf1,0
Caulobacter_vibrioides_NA1000,gene_7e33ce9e19ab,0.35,low,Lipoprotein,periplasmic multidrug efflux lipoprotein precursor,1
Caulobacter_vibrioides_NA1000,gene_f063ed4a1959,0.35,low,ATP/GTP binding protein,MFS sugar transporter,0
Caulobacter_vibrioides_NA1000,gene_33719bbf9804,0.8979,high,dna-binding transcriptional regulator ntrc,nitrogen assimilation regulatory protein NtrC,0
Caulobacter_vibrioides_NA1000,gene_a8bb5a6a0bd7,0.745,moderate,Replication-related protein,NagC-family transcriptional regulator,0
Caulobacter_vibrioides_NA1000,gene_c3813dd4cfd2,0.8671,high,Replication-related protein,TonB-dependent receptor,0
Caulobacter_vibrioides_NA1000,gene_962e283dae7e,0.6849,moderate,acyl-coa dehydrogenase yngj,"acyl-CoA dehydrogenase, short-chain specific",1
Caulobacter_vibrioides_NA1000,gene_4adf33788a4a,0.4059,low,nadh oxidase,"NADH:flavin oxidoreductase, old yellow enzyme family",0
Caulobacter_vibrioides_NA1000,gene_07088a01d884,0.528,moderate,phenylacetone monooxygenase,oxidoreductase,0
Caulobacter_vibrioides_NA1000,gene_983fcadcf5fc,0.3646,low,acyl-coa dehydrogenase yngj,"acyl-CoA dehydrogenase, short-chain specific",1
Caulobacter_vibrioides_NA1000,gene_eaf4e052a147,0.6096,moderate,diacetyl reductase,short chain dehydrogenase,0
Caulobacter_vibrioides_NA1000,gene_490564a0bd63,0.228,speculative,pentonolactonase xacc,SMP-30/gluconolaconase/LRE-like protein,0
Caulobacter_vibrioides_NA1000,gene_43f127eeaf49,0.4709,low,acyl-coa dehydrogenase fade17,acyl-CoA dehydrogenase,1
Caulobacter_vibrioides_NA1000,gene_1f6b01fc00af,0.225,speculative,peroxisomal fatty acid beta-oxidation multifunctional protein aim1,enoyl-CoA hydratase/isomerase family protein,0
Caulobacter_vibrioides_NA1000,gene_34013121411d,0.7509,moderate,3-methylmercaptopropionyl-coa ligase,long-chain-fatty-acid--CoA ligase,0
Caulobacter_vibrioides_NA1000,gene_df249d884ed0,0.3734,low,mfs-type efflux pump msmeg_3705,"transporter, major facilitator superfamily",0
Caulobacter_vibrioides_NA1000,gene_c6fab6a9f94c,0.6734,moderate,Metabolism-related protein,enoyl-CoA hydratase/carnithine racemase,0
Caulobacter_vibrioides_NA1000,gene_40fa7132e26b,0.7034,moderate,3'-5' ssdna/rna exonuclease tatd,Mg-dependent Dnase TatD,0
Caulobacter_vibrioides_NA1000,gene_630d2ec04c22,0.35,low,ATP/GTP binding protein,TonB-dependent receptor,0
Caulobacter_vibrioides_NA1000,gene_743eaa5ca778,1.0,high,thymidylate kinase,thymidylate kinase,1
Caulobacter_vibrioides_NA1000,gene_e18f145a55f8,0.7914,moderate,endolytic peptidoglycan transglycosylase rlpa,RipA-family peptidoglycan hydrolase,0
Caulobacter_vibrioides_NA1000,gene_6c43ca882acd,0.3003,low,nickel-responsive regulator,nickel-responsive regulator NikR,1
Caulobacter_vibrioides_NA1000,gene_231887eade5e,0.574,moderate,medium/long-chain-fatty-acid--coa/3-oxocholest-4-en-26-oate--coa ligase,long-chain-fatty-acid--CoA ligase,1
Caulobacter_vibrioides_NA1000,gene_af4ae6f7496d,0.6139,moderate,inner membrane metabolite transport protein yhje,major facilitator superfamily transporter,0
Caulobacter_vibrioides_NA1000,gene_7e16e9270dbe,0.4218,low,dna polymerase iii subunit delta',"DNA polymerase III, delta' subunit",1
Caulobacter_vibrioides_NA1000,gene_4a2b007c9675,0.35,low,Serine protease,metal-dependent hydrolase,0
Caulobacter_vibrioides_NA1000,gene_a7d6f0b610e9,0.35,low,DNA-binding transcription regulator,"ABC-type transporter, permease component",0
Caulobacter_vibrioides_NA1000,gene_5dc201cbb8b1,0.35,low,Lipoprotein,ABC transporter substrate-binding protein,0
Caulobacter_vibrioides_NA1000,gene_2eaed4971d2c,0.7058,moderate,atp-binding protein bab2_1147,ABC transporter ATP-binding protein,0
Caulobacter_vibrioides_NA1000,gene_4d6fb382ff28,0.6746,moderate,Replication-related protein,16S rRNA m(2)G 1207 methyltransferase RsmC,0
Caulobacter_vibrioides_NA1000,gene_b76df652cd4c,0.5362,moderate,ribosomal small subunit pseudouridine synthase a,ribosomal small subunit pseudouridine synthase A,1
Caulobacter_vibrioides_NA1000,gene_ac27af293abe,0.35,low,Lipoprotein,cyclic di-GMP effector protein PopA,0
Caulobacter_vibrioides_NA1000,gene_72b4a50bf4f5,0.5956,moderate,demethylmenaquinone methyltransferase,SAM-dependent methyltransferase,0
Caulobacter_vibrioides_NA1000,gene_086e2b1d818e,0.7351,moderate,atp-dependent rna helicase rhle,ATP-dependent RNA helicase RhlB,1
Caulobacter_vibrioides_NA1000,gene_1b41696c766d,0.5933,moderate,cis-4-hydroxycyclohexanecarboxylate dehydrogenase,3-ketoacyl-(acyl-carrier-protein) reductase FabG,0
Caulobacter_vibrioides_NA1000,gene_b0947272e4a1,1.0,high,coniferyl aldehyde dehydrogenase,coniferyl aldehyde dehydrogenase,1
Caulobacter_vibrioides_NA1000,gene_201568caab84,0.35,low,Serine protease,capsular polysaccharide biosynthesis protein,0
Caulobacter_vibrioides_NA1000,gene_07e0c49ab6dc,0.6498,moderate,transcription-repair-coupling factor,transcription-repair coupling factor Mfd,1
Caulobacter_vibrioides_NA1000,gene_9b4be1087d02,0.665,moderate,Metabolism-related protein,TonB-dependent receptor,0
Caulobacter_vibrioides_NA1000,gene_e6f90ef48eb3,0.9221,high,Metabolism-related protein,cysteine desulfurase/selenocysteine lyase,0
Caulobacter_vibrioides_NA1000,gene_8bf202418e94,0.7672,moderate,allophanate hydrolase,allophanate hydrolase,1
Caulobacter_vibrioides_NA1000,gene_f70fc3d77cad,0.8675,high,atp-dependent transporter sufc,ATP-dependent transporter SufC,1
Caulobacter_vibrioides_NA1000,gene_6bc97f0d9ff9,0.414,low,diguanylate cyclase dosc,GGDEF diguanylate cyclase DgcB,1
Caulobacter_vibrioides_NA1000,gene_16651eca0456,0.7023,moderate,metallopterin-dependent ergothioneine synthase,cysteine desulfhydrase/Selenocysteine lyase,0
Caulobacter_vibrioides_NA1000,gene_eca058087454,0.8328,high,Metabolism-related protein,alpha/beta hydrolase family protein,0
Caulobacter_vibrioides_NA1000,gene_567fe6a99619,0.914,high,anhydro-n-acetylmuramic acid kinase,anhydro-N-acetylmuramic acid kinase,1
Caulobacter_vibrioides_NA1000,gene_6a69d1acd419,0.546,moderate,alpha-methylacyl-coa racemase,alpha-methylacyl-CoA racemase,1
Caulobacter_vibrioides_NA1000,gene_7225bec7b511,0.56,moderate,peroxiredoxin bcp,thioredoxin peroxidase,0
Caulobacter_vibrioides_NA1000,gene_960a23b93578,0.623,moderate,dd-carboxypeptidase/endopeptidase mpg,M23 family peptidoglycan-specific endopeptidase LdpA,0
Caulobacter_vibrioides_NA1000,gene_b3bd7883ce4f,0.237,speculative,bactofilin baco,bactofilin A BacA,0
Caulobacter_vibrioides_NA1000,gene_1ffff3f37cb5,0.473,low,fe-s protein maturation auxiliary factor pg_1777,FeS assembly SUF system protein,0
Caulobacter_vibrioides_NA1000,gene_f9e85b567a5c,0.7916,moderate,hth-type transcriptional regulator iscr,Rrf2 family protein,0
Caulobacter_vibrioides_NA1000,gene_6c880420d451,0.442,low,n-acetylmuramoyl-l-alanine amidase amia,N-acetylmuramoyl-L-alanine amidase AmiC,1
Caulobacter_vibrioides_NA1000,gene_50b55cd26720,0.7734,moderate,urea amidolyase,urea carboxylase,0
Caulobacter_vibrioides_NA1000,gene_2e8f2555779c,1.0,high,peptide chain release factor 2,peptide chain release factor 2 (RF-2),1
Caulobacter_vibrioides_NA1000,gene_7bc5290f4a94,1.0,high,thiazole synthase,thiazole biosynthesis protein ThiG,0
Caulobacter_vibrioides_NA1000,gene_946b247febd2,0.506,moderate,thiazole synthase,ThiaminS ubiquitin-like sulfur carrier protein ThiS,0
Caulobacter_vibrioides_NA1000,gene_c5c43737b514,1.0,high,3-dehydroquinate dehydratase,3-dehydroquinate dehydratase,1
Caulobacter_vibrioides_NA1000,gene_b3192e983127,0.567,moderate,biotin carboxyl carrier protein of acetyl-coa carboxylase,acetyl-CoA carboxylase biotin carboxyl carrier protein subunit,1
Caulobacter_vibrioides_NA1000,gene_024bd1795d3c,1.0,high,Metabolism-related protein,biotin carboxylase,0
Caulobacter_vibrioides_NA1000,gene_4efec7a5b171,0.458,low,ribonuclease e,ribonuclease E,1
Caulobacter_vibrioides_NA1000,gene_e075ab1e5d2c,0.5142,moderate,nadh dehydrogenase 1 alpha subcomplex subunit 12,NADH:ubiquinone oxidoreductase subunit NDUFA12,0
Caulobacter_vibrioides_NA1000,gene_8d1570a460a4,1.0,high,leucyl/phenylalanyl-trna--protein transferase,leucyl/phenylalanyl-tRNA--protein transferase,1
Caulobacter_vibrioides_NA1000,gene_2e491cea6251,0.8887,high,Metabolism-related protein,multimodular transpeptidase-transglycosylase PbpY,0
Caulobacter_vibrioides_NA1000,gene_11067c7d8bbb,0.844,high,anthranilate synthase component 2,anthranilate synthase component II/para-aminobenzoate synthase glutamine amidotransferase component II,1
Caulobacter_vibrioides_NA1000,gene_fc9dd7e49a2f,0.5956,moderate,anthranilate synthase component 1,anthranilate synthase component I,1
Caulobacter_vibrioides_NA1000,gene_393e99346932,1.0,high,indole-3-glycerol phosphate synthase,Indole-3-glycerol phosphate synthase,1
Caulobacter_vibrioides_NA1000,gene_816946e2c54c,1.0,high,aspartate--trna(asp/asn) ligase,aspartyl-tRNA synthetase,0
Caulobacter_vibrioides_NA1000,gene_fb8e43998ada,0.3322,low,2-methylisocitrate lyase,PEP phosphonomutase related enzyme,0
Caulobacter_vibrioides_NA1000,gene_4ad58b1dd610,1.0,high,lexa repressor,LexA repressor,1
Caulobacter_vibrioides_NA1000,gene_864e84e0648b,1.0,high,glutamate--trna ligase,glutamyl-tRNA synthetase,0
Caulobacter_vibrioides_NA1000,gene_9bc91be11f61,1.0,high,tyrosine--trna ligase,tyrosyl-tRNA synthetase,0
Caulobacter_vibrioides_NA1000,gene_ed4097af378e,1.0,high,anthranilate phosphoribosyltransferase,anthranilate phosphoribosyltransferase,1
Caulobacter_vibrioides_NA1000,gene_5f9366d347c0,0.4834,low,lipid-a-disaccharide synthase,lipid-A-disaccharide synthase,1
Caulobacter_vibrioides_NA1000,gene_4e97847c4e51,1.0,high,acyl---udp-n-acetylglucosamine o-acyltransferase,UDP-N-acetylglucosamine O-acyltransferase LpxA,1
Caulobacter_vibrioides_NA1000,gene_2bc3c863eaad,1.0,high,3-hydroxyacyl- dehydratase fabz,(3R)-hydroxymyristoyl-ACP dehydratase FabZ,1
Caulobacter_vibrioides_NA1000,gene_203eb731f861,1.0,high,udp-3-o-acylglucosamine n-acyltransferase,UDP-3-O-(3-hydroxymyristoyl) glucosamine N-acyltransferase LpxD,0
Caulobacter_vibrioides_NA1000,gene_efb1777a7c85,0.9653,high,citrate synthase,citrate synthase,1
Caulobacter_vibrioides_NA1000,gene_3d57d35be1e4,0.927,high,metalloprotease mmpa,membrane endopeptidase MmpA,0
Caulobacter_vibrioides_NA1000,gene_c207b20ea13b,0.6323,moderate,phosphatidate cytidylyltransferase,phosphatidate cytidylyltransferase,1
Caulobacter_vibrioides_NA1000,gene_5ad9cd6cfef7,0.9934,high,isoprenyl transferase,undecaprenyl pyrophosphate synthetase,0
Caulobacter_vibrioides_NA1000,gene_c64d395ca323,1.0,high,ribosome-recycling factor,ribosome recycling factor (RRF),1
Caulobacter_vibrioides_NA1000,gene_7434ca97d87f,1.0,high,1-deoxy-d-xylulose 5-phosphate reductoisomerase,1-deoxy-D-xylulose 5-phosphate reductoisomerase,1
Caulobacter_vibrioides_NA1000,gene_e56676147b5a,1.0,high,elongation factor ts,translation elongation factor Ts (EF-Ts),1
Caulobacter_vibrioides_NA1000,gene_65fa67f0a942,1.0,high,small ribosomal subunit protein us2,SSU ribosomal protein S2P,0
Caulobacter_vibrioides_NA1000,gene_46abb99fd8dc,0.9969,high,uridylate kinase,uridylate kinase,1
Caulobacter_vibrioides_NA1000,gene_1062e89da5f6,0.4449,low,vitamin b12-dependent ribonucleotide reductase,vitamin B12-dependent ribonucleotide reductase,1
Caulobacter_vibrioides_NA1000,gene_91a77c40a5d9,0.4174,low,lipoprotein-releasing system transmembrane protein lolc,lipoprotein releasing system transmembrane protein lolE,1
Caulobacter_vibrioides_NA1000,gene_d27fbe3304b9,1.0,high,triosephosphate isomerase,triosephosphate isomerase,1
Caulobacter_vibrioides_NA1000,gene_0bf9c2826a32,0.703,moderate,ethylmalonyl-coa/methylmalonyl-coa epimerase,methylmalonyl CoA epimerase,1
Caulobacter_vibrioides_NA1000,gene_c26e09cd1dc7,0.5239,moderate,outer membrane protein assembly factor bama,beta-barrel assembly machine (BAM) protein BamA,0
Caulobacter_vibrioides_NA1000,gene_764a3f22e0e1,1.0,high,type iii pantothenate kinase,pantothenate kinase/Bvg accessory factor,0
Caulobacter_vibrioides_NA1000,gene_57ceca933844,0.6261,moderate,biotin-- ligase,Biotin-(acetyl-CoA carboxylase) ligase,1
Caulobacter_vibrioides_NA1000,gene_88b212a60693,1.0,high,lipoprotein-releasing system atp-binding protein lold 2,lipoprotein releasing system ATP-binding protein lolD,1
Caulobacter_vibrioides_NA1000,gene_3e881a4ca79b,0.7236,moderate,nadh-quinone oxidoreductase subunit m,NADH-quinone oxidoreductase chain M,1
Caulobacter_vibrioides_NA1000,gene_e56c74618baa,1.0,high,dna polymerase iii subunit alpha,DNA polymerase III alpha subunit,1
Caulobacter_vibrioides_NA1000,gene_bb9b2a22effb,1.0,high,nadh-quinone oxidoreductase subunit k,NADH-quinone oxidoreductase chain K,1
Caulobacter_vibrioides_NA1000,gene_93f8856bb990,0.6381,moderate,nadh-quinone oxidoreductase subunit j,NADH-quinone oxidoreductase chain J,1
Caulobacter_vibrioides_NA1000,gene_71afac4ea7a0,1.0,high,proline--trna ligase,prolyl-tRNA synthetase,0
Caulobacter_vibrioides_NA1000,gene_bb76b49a0cc7,1.0,high,nadh-quinone oxidoreductase subunit h,NADH-quinone oxidoreductase chain H,1
Caulobacter_vibrioides_NA1000,gene_e434e6d414f0,0.45,low,Lipoprotein,HAD/PGPPase-family phosphohydrolase,0
Caulobacter_vibrioides_NA1000,gene_508541de16ac,1.0,high,nadh-quinone oxidoreductase subunit f 1,NADH-quinone oxidoreductase chain F,1
Caulobacter_vibrioides_NA1000,gene_9469c8dc2819,0.7824,moderate,nadh-quinone oxidoreductase chain 2,NADH-quinone oxidoreductase chain E,1
Caulobacter_vibrioides_NA1000,gene_bad85bc83b86,0.95,high,udp-2,"UDP-2,3-diacylglucosamine pyrophosphatase LpxI",1
Caulobacter_vibrioides_NA1000,gene_20734ba12aa8,1.0,high,nadh-quinone oxidoreductase subunit d,NADH-quinone oxidoreductase chain D,1
Caulobacter_vibrioides_NA1000,gene_14367e24cd2c,1.0,high,nadh-quinone oxidoreductase subunit c,NADH-quinone oxidoreductase chain C,1
Caulobacter_vibrioides_NA1000,gene_82851a789b4e,1.0,high,nadh-quinone oxidoreductase subunit b,NADH-quinone oxidoreductase chain B,1
Caulobacter_vibrioides_NA1000,gene_96f0bf32feb6,0.8189,high,nadh-quinone oxidoreductase subunit 7,NADH-quinone oxidoreductase chain A,1
Caulobacter_vibrioides_NA1000,gene_2046f9863531,0.63,moderate,luciferase-like monooxygenase,luciferase-like monooxygenase,1
Caulobacter_vibrioides_NA1000,gene_3bddd072487d,0.8011,high,nadh-quinone oxidoreductase chain 3,NADH-quinone oxidoreductase chain G,1
Caulobacter_vibrioides_NA1000,gene_6ecc98f8fe06,1.0,high,dna-binding protein hu,DNA-binding protein HU,1
Caulobacter_vibrioides_NA1000,gene_b9b1ff3038ca,1.0,high,atp-dependent clp protease atp-binding subunit clpx,"ATP-dependent endopeptidase clp, ATP-binding subunit ClpX",1
Caulobacter_vibrioides_NA1000,gene_76fb0f219f00,0.485,low,ribonuclease j,ribonuclease J1/J2,1
Caulobacter_vibrioides_NA1000,gene_681b4cf3ed06,1.0,high,atp-dependent clp protease proteolytic subunit,"ATP-dependent endopeptidase clp, proteolytic subunit ClpP",1
Caulobacter_vibrioides_NA1000,gene_1ad079808f1e,1.0,high,trigger factor,trigger factor chaperone,1
Caulobacter_vibrioides_NA1000,gene_62f1e8b79dbc,0.544,moderate,sulfoquinovosyl transferase sqd2,glycosyltransferase,0
Caulobacter_vibrioides_NA1000,gene_4be81b3814b0,1.0,high,nitrogen regulatory protein p-ii,nitrogen regulatory protein P-II,1
Caulobacter_vibrioides_NA1000,gene_a1c4223dfeda,0.9778,high,glutamine synthetase,glutamine synthetase,1
Caulobacter_vibrioides_NA1000,gene_f0a2ae0f7542,0.469,low,acetyl-coa acetyltransferase,acetyl-coenzyme A synthetase,0
Caulobacter_vibrioides_NA1000,gene_f8a19397d49b,0.5365,moderate,iron and copper transporter iact,TonB-dependent receptor,0
Caulobacter_vibrioides_NA1000,gene_b42e25134964,0.5875,moderate,nadh-quinone oxidoreductase chain 12,NADH-quinone oxidoreductase chain L,1
Caulobacter_vibrioides_NA1000,gene_aafaa3bf73ac,1.0,high,nadh-quinone oxidoreductase subunit i,NADH-quinone oxidoreductase chain I,1
Caulobacter_vibrioides_NA1000,gene_7171e45b7503,0.3593,low,atp synthase mitochondrial f1 complex assembly factor 2,ATP12 family chaperone protein,0
Caulobacter_vibrioides_NA1000,gene_e239d15b36e7,0.7284,moderate,Metabolism-related protein,enoyl-CoA hydratase,0
Caulobacter_vibrioides_NA1000,gene_327494d8baa0,1.0,high,fluoride-specific ion channel fluc,CrcB family protein,0
Caulobacter_vibrioides_NA1000,gene_b6cd4932182f,1.0,high,protein cica,HAD-IB family hydrolase,0
Caulobacter_vibrioides_NA1000,gene_69d0f62c4aaf,1.0,high,dna topoisomerase 4 subunit b,topoisomerase IV subunit B,1
Caulobacter_vibrioides_NA1000,gene_e7a5b0a605c3,0.35,low,DNA-binding transcription regulator,conserved membrane spanning protein,0
Caulobacter_vibrioides_NA1000,gene_6eb88224ad3f,0.79,moderate,udp-3-o-acyl-n-acetylglucosamine deacetylase,UDP-3-O-(3-hydroxymyristoyl) N-acetylglucosamine deacetylase,1
Caulobacter_vibrioides_NA1000,gene_4ccfefa9dc49,0.535,moderate,protein translocase subunit secf,protein translocase subunit secF,1
Caulobacter_vibrioides_NA1000,gene_ad36030ea374,0.7288,moderate,Stress Response-related protein,imidazolonepropionase related amidohydrolase,0
Caulobacter_vibrioides_NA1000,gene_947804024436,0.534,moderate,sec translocon accessory complex subunit yajc,protein translocase subunit YajC,0
Caulobacter_vibrioides_NA1000,gene_1744b16a5465,0.35,low,ATP/GTP binding protein,ATP-dependent protease subunit,0
Caulobacter_vibrioides_NA1000,gene_cb205107afde,0.5819,moderate,bifunctional nad(p)h-hydrate repair enzyme nnr,NAD(P)H-hydrate repair enzyme Nnr,1
Caulobacter_vibrioides_NA1000,gene_15491694b47e,0.7526,moderate,Metabolism-related protein,acylamino-acid-releasing enzyme,0
Caulobacter_vibrioides_NA1000,gene_85b1bfc3f576,1.0,high,protein-l-isoaspartate o-methyltransferase,protein-L-isoaspartate O-methyltransferase,1
Caulobacter_vibrioides_NA1000,gene_4bbaf3bb005e,1.0,high,5'-nucleotidase sure,5'(3')-nucleotidase/polyphosphatase SurE,1
Caulobacter_vibrioides_NA1000,gene_83cad3a6f58d,0.566,moderate,sec-independent protein translocase protein tatc,Sec-independent protein translocase protein tatC,1
Caulobacter_vibrioides_NA1000,gene_d64127a0d43e,1.0,high,sec-independent protein translocase protein tatb,Sec-independent protein translocase protein tatB,1
Caulobacter_vibrioides_NA1000,gene_bd67ffe3179f,1.0,high,sec-independent protein translocase protein tata,Sec-independent protein translocase protein tatA,1
Caulobacter_vibrioides_NA1000,gene_a2c76f40f7e2,0.456,low,segregation and condensation protein b,chromosome segregation and condensation protein B scpB,1
Caulobacter_vibrioides_NA1000,gene_1ed078fb1607,0.612,moderate,protein translocase subunit secd,protein translocase subunit secD,1
Caulobacter_vibrioides_NA1000,gene_a7b1b76403c7,0.614,moderate,dna repair protein recn,DNA repair protein recN,1
Caulobacter_vibrioides_NA1000,gene_f3b37807dbfa,0.659,moderate,iron-sulfur cluster insertion protein erpa,iron-sulfur cluster insertion protein ErpA,1
Caulobacter_vibrioides_NA1000,gene_fe9a82a2bca5,0.6105,moderate,amidohydrolase task,imidazolonepropionase related amidohydrolase,0
Caulobacter_vibrioides_NA1000,gene_1285b1e9a8f7,0.3833,low,homoserine/homoserine lactone efflux protein,amino acid efflux permease,0
Caulobacter_vibrioides_NA1000,gene_64598f8e3265,0.5995,moderate,ribosomal large subunit pseudouridine synthase c,ribosomal large subunit pseudouridine synthase C,1
Caulobacter_vibrioides_NA1000,gene_3b4e766e963b,0.4046,low,udp-n-acetylglucosamine 3-dehydrogenase,MviM-like NAD-dependent oxidoreductase,0
Caulobacter_vibrioides_NA1000,gene_c626bb6fabd0,0.5164,moderate,nadp-dependent oxidoreductase yfmj,NAD/NADH-dependent eicosanoid dehydrogenase,0
Caulobacter_vibrioides_NA1000,gene_4f2f4ae3bb0e,0.9892,high,glucans biosynthesis glucosyltransferase h,MdoH-family membrane glycosyltransferase,0
Caulobacter_vibrioides_NA1000,gene_4a6b78bfd279,0.35,low,Lipoprotein,CusF-family protein,0
Caulobacter_vibrioides_NA1000,gene_4ed8b781d9a1,1.0,high,multidrug resistance protein norm,Na+ driven multidrug efflux pump,0
Caulobacter_vibrioides_NA1000,gene_f253ef2fd334,0.373,low,segregation and condensation protein a,chromosome segregation and condensation protein fusion scpA,1
Caulobacter_vibrioides_NA1000,gene_9bc1348b81f0,0.5,low,aspartate racemase,aspartate racemase,1
Caulobacter_vibrioides_NA1000,gene_f88dba7e9266,0.35,low,Lipoprotein,secreted pectate lyase-family protein,0
Caulobacter_vibrioides_NA1000,gene_0b0747f92f63,1.0,high,deoxyguanosinetriphosphate triphosphohydrolase-like protein,deoxyguanosinetriphosphate triphosphohydrolase,1
Caulobacter_vibrioides_NA1000,gene_29f649b52c27,0.7166,moderate,l-cysteate sulfo-lyase,D-cysteine desulfhydrase,0
Caulobacter_vibrioides_NA1000,gene_3ae1ebf25c2b,0.445,low,beta-hexosaminidase,anhydromuramoyl-peptide exo-beta-N-acetylglucosaminidase,0
Caulobacter_vibrioides_NA1000,gene_b48d33436831,1.0,high,cell division protein dipm,peptidoglycan binding endopeptidase DipM,0
Caulobacter_vibrioides_NA1000,gene_7ba68bb6665f,0.5299,moderate,atp-dependent dna helicase ding,"ATP-dependent helicase, dinG family",1
Caulobacter_vibrioides_NA1000,gene_7d21c090aa32,0.5641,moderate,acyl-coa dehydrogenase ipde1,acyl-CoA dehydrogenase,1
Caulobacter_vibrioides_NA1000,gene_0a8ded9888c2,0.5091,moderate,(2s)-methylsuccinyl-coa dehydrogenase,"acyl-CoA dehydrogenase, short-chain specific",0
Caulobacter_vibrioides_NA1000,gene_4e104765889b,0.95,high,localization factor podjl,polar development protein podJ,0
Caulobacter_vibrioides_NA1000,gene_b9b6a7cc45a7,1.0,high,phosphomethylpyrimidine synthase,thiamine biosynthesis protein thiC,0
Caulobacter_vibrioides_NA1000,gene_8d50d0300ee3,0.6292,moderate,hth-type transcriptional regulator dega,LacI-family transcriptional regulator,1
Caulobacter_vibrioides_NA1000,gene_a23b406a7450,0.5455,moderate,atp-dependent helicase lhr-core,ligase-associated DNA damage response DEXH box helicase,0
Caulobacter_vibrioides_NA1000,gene_786f012afd57,0.3793,low,phosphatidylglycerol lysyltransferase,bifunctional lysylphosphatidylglycerol flippase/synthetase MprF,0
Caulobacter_vibrioides_NA1000,gene_4d239d4eb86a,1.0,high,6-phosphogluconolactonase,6-phosphogluconolactonase,1
Caulobacter_vibrioides_NA1000,gene_fef8c7924d68,0.7192,moderate,pyruvate kinase,pyruvate kinase,1
Caulobacter_vibrioides_NA1000,gene_6d2c41b2e7f5,0.7357,moderate,glucose-6-phosphate 1-dehydrogenase,glucose-6-phosphate 1-dehydrogenase,1
Caulobacter_vibrioides_NA1000,gene_8361cdbe9793,1.0,high,flagellar motor switch protein flim,flagellar motor switch protein fliM,1
Caulobacter_vibrioides_NA1000,gene_b8c2691636cd,0.9,high,flagellar flil protein,flagellar fliL protein,1
Caulobacter_vibrioides_NA1000,gene_7d2b0f5abd72,0.8805,high,flagellar basal-body rod protein flgf,flagellar basal-body rod protein flgF,1
Caulobacter_vibrioides_NA1000,gene_69afd68e6142,0.95,high,distal basal body ring component protein,flagella basal body P ring formation protein flgA,1
Caulobacter_vibrioides_NA1000,gene_4aa2ee530f7a,0.9439,high,flagellar l-ring protein,flagellar L-ring protein flgH,1
Caulobacter_vibrioides_NA1000,gene_84d7a4a13e3b,0.8429,high,flagellar basal-body rod protein flgg,flagellar basal-body rod protein flgG,1
Caulobacter_vibrioides_NA1000,gene_e3ca3d40f83e,1.0,high,glucokinase,glucokinase,1
Caulobacter_vibrioides_NA1000,gene_9b13bc7de925,1.0,high,exodeoxyribonuclease 7 small subunit,exodeoxyribonuclease VII small subunit,1
Caulobacter_vibrioides_NA1000,gene_78c205506926,0.435,low,histone deacetylase-like amidohydrolase,acetylspermidine deacetylase,0
Caulobacter_vibrioides_NA1000,gene_d81962644d85,0.7011,moderate,farnesyl diphosphate synthase,dimethylallyltransferase/geranyltranstransferase ,0
Caulobacter_vibrioides_NA1000,gene_f09a206f0cf6,0.3584,low,n-acetylglucosaminyl-diphospho-decaprenol l-rhamnosyltransferase,GT2 family glycosyltransferase,0
Caulobacter_vibrioides_NA1000,gene_692aa48ab05b,0.35,low,Serine protease,calcium-binding RTX toxin-related protein,0
Caulobacter_vibrioides_NA1000,gene_53861c401280,1.0,high,1-deoxy-d-xylulose-5-phosphate synthase,1-deoxy-D-xylulose 5-phosphate synthase,1
Caulobacter_vibrioides_NA1000,gene_a16c34aa8d6a,0.2036,speculative,glutathione s-transferase theta-2b,glutathione S-transferase,1
Caulobacter_vibrioides_NA1000,gene_7024b292453e,0.763,moderate,phosphogluconate dehydratase,phosphogluconate dehydratase,1
Caulobacter_vibrioides_NA1000,gene_35fdc5ad0b3a,0.35,low,DNA-binding transcription regulator,"ABC-type transporter, permease component",0
Caulobacter_vibrioides_NA1000,gene_11ca87831e93,0.6823,moderate,lipoprotein-releasing system atp-binding protein lold,ABC transporter ATP-binding protein,0
Caulobacter_vibrioides_NA1000,gene_472d59549d5b,0.35,low,Lipoprotein,lysophospholipase,0
Caulobacter_vibrioides_NA1000,gene_ab29a8117f19,0.365,low,lysosomal beta glucosidase,"glucan 1,4-beta-glucosidase",1
Caulobacter_vibrioides_NA1000,gene_00c317830546,0.431,low,hexitol phosphatase b,phosphatase/phosphohexomutase family protein,0
Caulobacter_vibrioides_NA1000,gene_6f0746af92e7,1.0,high,trna dimethylallyltransferase,tRNA delta(2)-isopentenylpyrophosphate transferase,0
Caulobacter_vibrioides_NA1000,gene_0b36b48edf5f,0.479,low,cina-like protein,competence damage-inducible protein cinA,1
Caulobacter_vibrioides_NA1000,gene_04e353c98c0a,0.5549,moderate,acetolactate synthase small subunit,acetolactate synthase small subunit,1
Caulobacter_vibrioides_NA1000,gene_28804d0966d0,0.829,high,Metabolism-related protein,iron-sulfur cluster assembly/repair protein ApbC,0
Caulobacter_vibrioides_NA1000,gene_de807c0c0a89,0.35,low,Lipoprotein,"peptidase, C13 family",0
Caulobacter_vibrioides_NA1000,gene_0fff03b45804,0.6176,moderate,acetolactate synthase isozyme 3 large subunit,acetolactate synthase large subunit,1
Caulobacter_vibrioides_NA1000,gene_b5fd03cb4e93,0.45,low,DNA-binding transcription regulator,YccF-family membrane protein,0
Caulobacter_vibrioides_NA1000,gene_b1bdb53104ea,0.29,speculative,esterase pae1329,PaaI-family thioesterase,0
Caulobacter_vibrioides_NA1000,gene_0badbce8d108,0.7035,moderate,octaprenyl diphosphate synthase,trans-isoprenyl diphosphate synthase,1
Caulobacter_vibrioides_NA1000,gene_21f107506e0a,0.4196,low,nucleoside permease nupc,nucleoside permease nupC,1
Caulobacter_vibrioides_NA1000,gene_bcc635604aa0,0.421,low,protein ycei,YceI-family protein,1
Caulobacter_vibrioides_NA1000,gene_bf8d3a8a78d9,0.35,low,ATP/GTP binding protein,penicillin-binding protein,0
Caulobacter_vibrioides_NA1000,gene_d0367f7f0f2c,0.35,low,DNA-binding transcription regulator,RcnB family protein,0
Caulobacter_vibrioides_NA1000,gene_f0ede47665af,1.0,high,serine--trna ligase,seryl-tRNA synthetase,0
Caulobacter_vibrioides_NA1000,gene_2b3982191ed2,1.0,high,thymidylate synthase,thymidylate synthase,1
Caulobacter_vibrioides_NA1000,gene_4c955792e17e,0.3811,low,2-haloacrylate reductase,zinc-binding dehydrogenase,0
Caulobacter_vibrioides_NA1000,gene_3bc151a44cd1,0.6851,moderate,dihydrofolate reductase,dihydrofolate reductase,1
Caulobacter_vibrioides_NA1000,gene_9e0249ed8630,1.0,high,ketol-acid reductoisomerase (nadp(+)),ketol-acid reductoisomerase/2-dehydropantoate 2-reductase,1
Caulobacter_vibrioides_NA1000,gene_e54160697fa1,0.5604,moderate,phosphoserine phosphatase,phosphoserine phosphatase,1
Caulobacter_vibrioides_NA1000,gene_938c77a06611,0.4339,low,12-oxophytodienoate reductase 7,old yellow enzyme (OYE)-family NADH:flavin oxidoreductase,0
Caulobacter_vibrioides_NA1000,gene_71449a82248b,0.6598,moderate,methionine synthase (fragment),5-methyltetrahydrofolate--homocysteine methyltransferase homocysteine-binding subunit,0
Caulobacter_vibrioides_NA1000,gene_1e3524f138a5,0.223,speculative,metallo-beta-lactamase l1 type 3,CAU/MBL1b family subclass B3 metallo-beta-lactamase,1
Caulobacter_vibrioides_NA1000,gene_38e7deb7bb34,0.9,high,methionine synthase,methionine synthase I metH,1
Caulobacter_vibrioides_NA1000,gene_3a921c12131e,0.7601,moderate,signal peptidase i,signal peptidase I,1
Caulobacter_vibrioides_NA1000,gene_87541a3a96ce,0.4152,low,acyl-coa dehydrogenase fade17,acyl-CoA dehydrogenase,1
Caulobacter_vibrioides_NA1000,gene_5501698cacb6,0.373,low,hth-type transcriptional activator nagr,LysR-family transcriptional regulator,0
Caulobacter_vibrioides_NA1000,gene_491152eda2fb,0.8618,high,Metabolism-related protein,Dipeptidyl aminopeptidase,0
Caulobacter_vibrioides_NA1000,gene_19a6894ceb79,0.95,high,dnaj-related protein timb,DnaJ domain protein,1
Caulobacter_vibrioides_NA1000,gene_339be5aa8131,0.35,low,Lipoprotein,DUF1489 family protein,0
Caulobacter_vibrioides_NA1000,gene_58bc48130481,0.425,low,d-alanyl-d-alanine carboxypeptidase daca,D-alanyl-D-alanine serine-type carboxypeptidase CrbA,1
Caulobacter_vibrioides_NA1000,gene_e708031a6fdd,0.47,low,enoyl-coa hydratase aft6-1,methylglutaconyl-CoA hydratase,1
Caulobacter_vibrioides_NA1000,gene_18ef6958fea8,0.8993,high,Metabolism-related protein,methylcrotonyl-CoA carboxylase biotin-containing subunit,0
Caulobacter_vibrioides_NA1000,gene_01b203c36369,0.4198,low,endolysin,lysozyme-family localization factor spmX,0
Caulobacter_vibrioides_NA1000,gene_2be91199f280,0.5752,moderate,glyoxylate/hydroxypyruvate reductase a hpr2,Hydroxy(phenyl)pyruvate reductase,0
Caulobacter_vibrioides_NA1000,gene_6d67d08c7d0c,1.0,high,pantothenate synthetase,pantoate-beta-alanine ligase,0
Caulobacter_vibrioides_NA1000,gene_8b84de3eb729,0.8901,high,energy-dependent translational throttle protein etta,ABC transporter ATP-binding protein,0
Caulobacter_vibrioides_NA1000,gene_c249b315d6f8,0.268,speculative,magnesium transporter mgte,Mg2+ transporter mgtE,1
Caulobacter_vibrioides_NA1000,gene_5140dc2abcf6,1.0,high,peptide methionine sulfoxide reductase msrb,peptide methionine sulfoxide reductase msrB,1
Caulobacter_vibrioides_NA1000,gene_9ac621d17684,0.35,low,DNA-binding transcription regulator,zinc ribbon domain protein,0
Caulobacter_vibrioides_NA1000,gene_fb33495d02e2,0.35,low,Protein with ef_hand_1 motif,EF-Hand domain protein,1
Caulobacter_vibrioides_NA1000,gene_031deb1d0375,0.35,low,Lipoprotein,HNH endonuclease family protein,0
Caulobacter_vibrioides_NA1000,gene_67a9c9147301,0.2454,speculative,dna-3-methyladenine glycosylase 1,DNA-3-methyladenine glycosylase II,1
Caulobacter_vibrioides_NA1000,gene_eeda59904690,0.5527,moderate,transcription elongation factor grea,transcription elongation factor GreA,1
Caulobacter_vibrioides_NA1000,gene_ea37d9eb86a5,1.0,high,Metabolism-related protein,propionyl-CoA carboxylase biotin-containing subunit,0
Caulobacter_vibrioides_NA1000,gene_7a3abbba8eaa,0.5369,moderate,glutamyl-q trna(asp) synthetase,"tRNA synthetase class I, catalytic domain protein",0
Caulobacter_vibrioides_NA1000,gene_a69a56dceae3,0.35,low,DNA-binding transcription regulator,Acyltransferase 3 family protein,0
Caulobacter_vibrioides_NA1000,gene_b0ddfefc3172,0.6013,moderate,thiol-disulfide oxidoreductase resa,thiol:disulfide interchange protein tlpA,0
Caulobacter_vibrioides_NA1000,gene_29e5b121b8b0,0.9462,high,isovaleryl-coa dehydrogenase,isovaleryl-CoA dehydrogenase,1
Caulobacter_vibrioides_NA1000,gene_50610bfeb7db,1.0,high,Metabolism-related protein,diaminopimelate decarboxylase,0
Caulobacter_vibrioides_NA1000,gene_7c899f8b5c22,0.5684,moderate,hypoxanthine-guanine phosphoribosyltransferase,hypoxanthine-guanine phosphoribosyltransferase,1
Caulobacter_vibrioides_NA1000,gene_5838099f2cb2,0.5703,moderate,nadph-dependent 3-demethoxyubiquinone 3-hydroxylase,demethoxyubiquinone hydroxylase family protein,1
Caulobacter_vibrioides_NA1000,gene_b3454ed7e2c4,0.35,low,ATP/GTP binding protein,laminin G domain protein,0
Caulobacter_vibrioides_NA1000,gene_901769391b4c,0.4119,low,gamma-glutamylcyclotransferase 2-3,cation transport protein chaC,0
Caulobacter_vibrioides_NA1000,gene_2bae029b2d0b,0.5706,moderate,cyclohexadienyl dehydrogenase,prephenate/arogenate dehydrogenase family protein,0
Caulobacter_vibrioides_NA1000,gene_cbc367fc3c80,0.7104,moderate,Replication-related protein,DedA family protein,0
Caulobacter_vibrioides_NA1000,gene_c42154b393c6,0.35,low,Protein with ef_hand_1 motif,EF hand domain protein,1
Caulobacter_vibrioides_NA1000,gene_9b8bad892f63,0.7714,moderate,Metabolism-related protein,"glycosyl hydrolase, family 9",0
Caulobacter_vibrioides_NA1000,gene_aedd63080574,1.0,high,argininosuccinate lyase,argininosuccinate lyase,1
Caulobacter_vibrioides_NA1000,gene_ca898a46421a,0.7853,moderate,cell division atp-binding protein ftse,cell division ATP-binding protein FtsE,1
Caulobacter_vibrioides_NA1000,gene_f448c8588cab,0.302,low,dctp deaminase,2'-deoxycytidine 5'-triphosphate deaminase,0
Caulobacter_vibrioides_NA1000,gene_20178ba6cf19,0.35,low,Serine protease,alpha/beta hydrolase family protein,0
Caulobacter_vibrioides_NA1000,gene_d55e3bfd2946,1.0,high,protein apag,Co2+/Mg2+ efflux protein ApaG,1
Caulobacter_vibrioides_NA1000,gene_ee955f108fb2,1.0,high,33 kda chaperonin,Hsp33 family molecular chaperone,0
Caulobacter_vibrioides_NA1000,gene_41c44857efbf,0.586,moderate,o-succinylhomoserine sulfhydrylase,O-succinylhomoserine sulfhydrylase,1
Caulobacter_vibrioides_NA1000,gene_73616adf3972,0.3839,low,inner membrane transport permease yadh,ABC transporter permease protein,0
Caulobacter_vibrioides_NA1000,gene_f2fe17a30eb9,0.35,low,Serine protease,M23 family peptidoglycan-specific endopeptidase LdpB,0
Caulobacter_vibrioides_NA1000,gene_18c1742d83d8,1.0,high,acetylornithine aminotransferase 2,aspartate aminotransferase family protein,0
Caulobacter_vibrioides_NA1000,gene_70d9eaa23ccf,0.4394,low,bifunctional phosphatase impl2,inositol monophosphatase family protein,0
Caulobacter_vibrioides_NA1000,gene_39f1ff99d560,0.6329,moderate,hydroxysteroid dehydrogenase-like protein 2,nonspecific lipid-transfer protein,0
Caulobacter_vibrioides_NA1000,gene_389211e4358a,1.0,high,exodeoxyribonuclease 7 large subunit,exodeoxyribonuclease VII large subunit,1
Caulobacter_vibrioides_NA1000,gene_56699fd2907d,1.0,high,ornithine carbamoyltransferase,ornithine carbamoyltransferase,1
Caulobacter_vibrioides_NA1000,gene_ed2def5b8ce7,0.35,low,Lipoprotein,lysophospholipase L2,0
Caulobacter_vibrioides_NA1000,gene_57d5f5092779,0.35,low,Lipoprotein,class I SAM-dependent methyltransferase,0
Caulobacter_vibrioides_NA1000,gene_7e6a3fd1374e,0.45,low,peptidyl-lysine n-acetyltransferase yjab,"acetyltransferase, GNAT family",0
Caulobacter_vibrioides_NA1000,gene_19ec47be7711,0.6833,moderate,isoquinoline 1-oxidoreductase subunit alpha,membrane-bound aldehyde dehydrogenase iron-sulfur protein,0
Caulobacter_vibrioides_NA1000,gene_878f30b944d6,0.841,high,histidinol-phosphate aminotransferase 1,histidinol-phosphate aminotransferase,1
Caulobacter_vibrioides_NA1000,gene_be4073e2badf,0.49,low,endonuclease iii,endonuclease III,1
Caulobacter_vibrioides_NA1000,gene_147657286a6c,0.35,low,Lipoprotein,pentapeptide repeat-containing protein,0
Caulobacter_vibrioides_NA1000,gene_83b2751a7f71,0.4642,low,isoquinoline 1-oxidoreductase subunit beta,xanthine dehydrogenase family protein molybdopterin-binding subunit,0
Caulobacter_vibrioides_NA1000,gene_5a2d3a6a9aff,0.744,moderate,malonate-semialdehyde dehydrogenase,CoA-acylating methylmalonate-semialdehyde dehydrogenase,0
Caulobacter_vibrioides_NA1000,gene_fd461ad5cb03,0.7296,moderate,Metabolism-related protein,holdfast glycosyl transferase family 2 protein HfsL,0
Caulobacter_vibrioides_NA1000,gene_34974fcbaada,0.625,moderate,Replication-related protein,cytoplasmic membrane maltose transporter malY,0
Caulobacter_vibrioides_NA1000,gene_fc537bfdb67a,0.598,moderate,alpha-glucosidase,alpha-glucosidase,1
Caulobacter_vibrioides_NA1000,gene_0227d8b92420,0.7253,moderate,free methionine-r-sulfoxide reductase,GAF domain-containing protein,0
Caulobacter_vibrioides_NA1000,gene_1fe6c4b35d22,0.5685,moderate,arabinose 5-phosphate isomerase kdsd,arabinose-5-phosphate isomerase,1
Caulobacter_vibrioides_NA1000,gene_7b30b630a422,0.391,low,tryptophan 6-halogenase stth,tryptophan halogenase superfamily protein,1
Caulobacter_vibrioides_NA1000,gene_3fd8d992ce79,0.7374,moderate,Metabolism-related protein,glucoamylase,0
Caulobacter_vibrioides_NA1000,gene_c0b663ddbefc,0.716,moderate,insertion element isr1 uncharacterized 10 kda protein a3,transposase,0
Caulobacter_vibrioides_NA1000,gene_3b9d3d68ced2,0.35,low,Serine protease,TonB-dependent maltose outer membrane transporter malA,0
Caulobacter_vibrioides_NA1000,gene_530abd380628,1.0,high,aspartate 1-decarboxylase,aspartate 1-decarboxylase PanD,1
Caulobacter_vibrioides_NA1000,gene_e81d5c9f5cee,1.0,high,uracil phosphoribosyltransferase,uracil phosphoribosyltransferase,1
Caulobacter_vibrioides_NA1000,gene_051974f6aa2b,0.486,low,isoprenylcysteine alpha-carbonyl methylesterase icme,alpha/beta hydrolase family protein,0
Caulobacter_vibrioides_NA1000,gene_1408bf80abf0,0.5201,moderate,hth-type transcriptional regulator dega,CelR-family transcriptional regulator,1
Caulobacter_vibrioides_NA1000,gene_2c7da98133cd,0.35,low,Lipoprotein,M23 family membrane peptidase LdpC,0
Caulobacter_vibrioides_NA1000,gene_a97048efa1e4,0.6413,moderate,polysaccharide ligase rc0486,O-antigen ligase related enzyme,0
Caulobacter_vibrioides_NA1000,gene_0717f44e2a87,1.0,high,ribose-5-phosphate isomerase a,ribose 5-phosphate isomerase,1
Caulobacter_vibrioides_NA1000,gene_8f6aa3ebe5f2,0.8796,high,Metabolism-related protein,very-long-chain acyl-CoA synthetase,0
Caulobacter_vibrioides_NA1000,gene_2f61a44cd31a,0.9074,high,phosphoglycolate phosphatase,phosphoglycolate phosphatase,1
Caulobacter_vibrioides_NA1000,gene_88fd080cdb63,0.4211,low,peroxisomal reductase activating ppar-gamma,SDR family oxidoreductase,0
Caulobacter_vibrioides_NA1000,gene_9f3b98efff96,0.514,moderate,alpha-amylase,alpha-amylase,1
Caulobacter_vibrioides_NA1000,gene_90af1f3508c8,1.0,high,bifunctional protein glmu,glucosamine-1-phosphate acetyltransferase/UDP-N-acetylglucosamine pyrophosphorylase,0
Caulobacter_vibrioides_NA1000,gene_165035cd91e6,0.6704,moderate,metallo-hydrolase burps1710b_2304,beta-lactamse domain-containing protein,0
Caulobacter_vibrioides_NA1000,gene_5e8a689d5479,0.35,low,DNA-binding transcription regulator,"transporter, major facilitator superfamily",0
Caulobacter_vibrioides_NA1000,gene_f970f8cb75e0,0.78,moderate,insertion element isr1 uncharacterized 17 kda protein a2,transposase,0
Caulobacter_vibrioides_NA1000,gene_4bedd9ea6207,0.4244,low,abc transporter permease protein rf_0080,ABC transporter permease protein,1
Caulobacter_vibrioides_NA1000,gene_9a3f48137baf,0.3925,low,isoprene-epoxide--glutathione s-transferase,GST / metaxin-like protein,0
Caulobacter_vibrioides_NA1000,gene_3ab8e6bff908,0.369,low,acyl-coenzyme a diphosphatase nudt19,"hydrolase, nudix family",0
Caulobacter_vibrioides_NA1000,gene_4d2637b44c1d,0.458,low,chemoreceptor mcpa,methyl-accepting chemotaxis protein,0
Caulobacter_vibrioides_NA1000,gene_2239a373b7a6,0.5386,moderate,(r)-2-hydroxy-4-methylpentanoate coa-transferase,alpha-methylacyl-CoA racemase,0
Caulobacter_vibrioides_NA1000,gene_700bb5ad6619,0.269,speculative,endolysin gp144,soluble lytic transglycosylase PleA,0
Caulobacter_vibrioides_NA1000,gene_ee4e1252c5cd,0.674,moderate,intermembrane phospholipid transport system atp-binding protein mlaf,ABC transporter ATP-binding protein,0
Caulobacter_vibrioides_NA1000,gene_19cc638a0e66,0.4625,low,acyl-coa dehydrogenase fade12,acyl-CoA dehydrogenase,1
Caulobacter_vibrioides_NA1000,gene_dbacbcaef557,0.648,moderate,phospho-2-dehydro-3-deoxyheptonate aldolase 1,3-deoxy-7-phosphoheptulonate synthase,0
Caulobacter_vibrioides_NA1000,gene_bdb014418afb,0.7534,moderate,dna-binding protein hu-beta,DNA-binding protein HU,1
Caulobacter_vibrioides_NA1000,gene_353e7c449332,0.556,moderate,methyl-accepting chemotaxis aspartate transducer,methyl-accepting chemotaxis protein,1
Caulobacter_vibrioides_NA1000,gene_3f41ee763dd8,0.5381,moderate,type-4 uracil-dna glycosylase,uracil DNA glycosylase superfamily protein,1
Caulobacter_vibrioides_NA1000,gene_a27d44151db8,0.539,moderate,biopolymer transport protein exbd,TonB accessory protein exbD,0
Caulobacter_vibrioides_NA1000,gene_9c6f74bd2ea6,0.6247,moderate,very-long-chain 3-oxoacyl-coa reductase,short chain dehydrogenase,0
Caulobacter_vibrioides_NA1000,gene_2d98cb1380c1,0.7597,moderate,glutathione reductase,glutathione-disulfide reductase,1
Caulobacter_vibrioides_NA1000,gene_4a9fc56d3eb3,1.0,high,dna gyrase inhibitor yacg,DNA gyrase inhibitor YacG,1
Caulobacter_vibrioides_NA1000,gene_1e3e4aa4597d,0.6447,moderate,small heat shock protein ibpa,Hsp20 family protein,0
Caulobacter_vibrioides_NA1000,gene_9bcadf7b5bd0,1.0,high,translation initiation factor if-1,translation initiation factor 1 IF-1,1
Caulobacter_vibrioides_NA1000,gene_e2632c74d751,1.0,high,upf0262 protein cc_2345,UPF0262 family protein,1
Caulobacter_vibrioides_NA1000,gene_a2ef1b522578,0.35,low,Lipoprotein,DadA-related amino acid oxidase,0
Caulobacter_vibrioides_NA1000,gene_f686349289bd,0.607,moderate,purine-uracil permease ncs1,NCS1 family nucleobase:cation symporter-1,0
Caulobacter_vibrioides_NA1000,gene_22e155570656,0.3146,low,hth-type transcriptional regulator mt1864,TetR-family transcriptional regulator,1
Caulobacter_vibrioides_NA1000,gene_852e3742a07e,1.0,high,udp-n-acetylglucosamine 1-carboxyvinyltransferase,UDP-N-acetylglucosamine 1-carboxyvinyltransferase,1
Caulobacter_vibrioides_NA1000,gene_5ec5708d4cda,0.4079,low,hth-type transcriptional regulator clcr,LysR-family transcriptional regulator,1
Caulobacter_vibrioides_NA1000,gene_712c17eb833c,0.463,low,biopolymer transport protein exbb,TonB accessory protein exbB,0
Caulobacter_vibrioides_NA1000,gene_1fd989eeba18,0.5292,moderate,tartrate transporter,"transporter, major facilitator superfamily",0
Caulobacter_vibrioides_NA1000,gene_48a5264831df,0.9272,high,dttp/utp pyrophosphatase,septum formation protein Maf,0
Caulobacter_vibrioides_NA1000,gene_483c0c9161b3,0.8076,high,Metabolism-related protein,cellulase family glycosylhydrolase,0
Caulobacter_vibrioides_NA1000,gene_642e974952b5,0.77,moderate,n(4)-(beta-n-acetylglucosaminyl)-l-asparaginase,N(4)-(beta-N-acetylglucosaminyl)-L-asparaginase,1
Caulobacter_vibrioides_NA1000,gene_b41cc9d9198e,1.0,high,pf03932 family protein cutc,copper homeostasis protein cutC,0
Caulobacter_vibrioides_NA1000,gene_628440d15e1e,0.35,low,Lipoprotein,membrane integrity-associated transporter subunit PqiC,0
Caulobacter_vibrioides_NA1000,gene_6386f8daf7a4,0.35,low,Serine protease,PspA/IM30 family regulatory protein,0
Caulobacter_vibrioides_NA1000,gene_3870ddf9e437,0.5714,moderate,acid--amine ligase ygic,glutathionylspermidine synthase family protein,0
Caulobacter_vibrioides_NA1000,gene_6ed1fbe0ae91,0.4779,low,low molecular weight phosphotyrosine protein phosphatase,protein tyrosine phosphatase,0
Caulobacter_vibrioides_NA1000,gene_17546c15b08d,0.431,low,manganese exporter,TMEM165/GDT1 family protein,0
Caulobacter_vibrioides_NA1000,gene_b17f5061f320,1.0,high,histidinol dehydrogenase,histidinol dehydrogenase,1
Caulobacter_vibrioides_NA1000,gene_63c9b3ad92ae,0.442,low,methylmalonyl-coa mutase small subunit,methylmalonyl-CoA mutase beta subunit,1
Caulobacter_vibrioides_NA1000,gene_c8bc14e4ca33,0.35,low,DNA-binding transcription regulator,DUF4112 domain-containing protein,0
Caulobacter_vibrioides_NA1000,gene_c0bcfd9b8d64,1.0,high,upf0145 protein cc_2377,YbjQ family protein,0
Caulobacter_vibrioides_NA1000,gene_32ce746e4069,0.35,low,Lipoprotein,DUF1190 domain-containing protein,0
Caulobacter_vibrioides_NA1000,gene_7cab0b3ac8b0,0.698,moderate,udp-glucose 4-epimerase,UDP-glucose 4-epimerase,1
Caulobacter_vibrioides_NA1000,gene_82e384983ae4,0.511,moderate,quinone-oxidoreductase homolog,NAD(P)-dependent alcohol dehydrogenase,0
Caulobacter_vibrioides_NA1000,gene_b07bee59bfd7,0.3196,low,serine/threonine-protein kinase toxin hipa,type II toxin-antitoxin system HipA family toxin,0
Caulobacter_vibrioides_NA1000,gene_3a76d5939dc6,0.6557,moderate,udp-glucose 6-dehydrogenase,UDP-glucose/GDP-mannose dehydrogenase family protein,1
Caulobacter_vibrioides_NA1000,gene_3c448c1896e0,0.35,low,Lipoprotein,cobalt-zinc-cadmium resistance protein czcB,0
Caulobacter_vibrioides_NA1000,gene_e9e725b99acd,0.809,high,methylmalonyl-coa mutase large subunit,methylmalonyl-CoA mutase alpha subunit,1
Caulobacter_vibrioides_NA1000,gene_f7910a240102,0.6348,moderate,udp-glucose:undecaprenyl-phosphate glucose-1-phosphate transferase,polyisoprenylphosphate hexose-1-phosphotransferase pssZ,0
Caulobacter_vibrioides_NA1000,gene_faaf0ef7bab9,0.873,high,vanillate o-demethylase oxygenase subunit,vanillate demethylase oxygenase subunit A vanA,1
Caulobacter_vibrioides_NA1000,gene_14f3a33e2bb7,0.8074,high,Replication-related protein,hydantoinase B/oxoprolinase family protein,0
Caulobacter_vibrioides_NA1000,gene_2416ca297fe4,0.3752,low,dihydrolipoyllysine-residue acetyltransferase component of acetoin cleaving system,alpha/beta fold hydrolase,0
Caulobacter_vibrioides_NA1000,gene_7b0b52e438d6,0.6535,moderate,udp-glucose 6-dehydrogenase,UDP-glucose/GDP-mannose dehydrogenase family protein,1
Caulobacter_vibrioides_NA1000,gene_e936a0e106b6,0.7105,moderate,vanillin dehydrogenase,NAD-dependent benzaldehyde dehydrogenase II,0
Caulobacter_vibrioides_NA1000,gene_2668bc9e0d63,0.3626,low,transcriptional activator fear,AraC-family transcriptional regulator,0
Caulobacter_vibrioides_NA1000,gene_aae61db7e879,0.6697,moderate,indoleacetate--coa ligase,acyl-CoA synthetase,0
Caulobacter_vibrioides_NA1000,gene_fff4e922cdb8,1.0,high,Replication-related protein,aldehyde dehydrogenase,0
Caulobacter_vibrioides_NA1000,gene_00feb8e81b06,0.7735,moderate,vanillate o-demethylase oxidoreductase,vanillate demethylase oxidoreductase subunit vanB,1
Caulobacter_vibrioides_NA1000,gene_79f643d6605f,0.761,moderate,succinyl-coa:3-ketoacid coenzyme a transferase subunit a,"acetate/3-ketoacid CoA transferase, subunit A",1
Caulobacter_vibrioides_NA1000,gene_3016f12dd8ac,0.5886,moderate,hth-type transcriptional regulator ascg,SalR-family ligand-binding transcriptional regulator,0
Caulobacter_vibrioides_NA1000,gene_f01642d685ed,0.703,moderate,protocatechuate 3,"protocatechuate 3,4-dioxygenase beta chain",1
Caulobacter_vibrioides_NA1000,gene_8f215992d5bc,0.607,moderate,protocatechuate 3,"protocatechuate 3,4-dioxygenase alpha chain",1
Caulobacter_vibrioides_NA1000,gene_b0241082b6ba,0.797,moderate,Metabolism-related protein,"3-carboxy-cis,cis-muconate cycloisomerase",0
Caulobacter_vibrioides_NA1000,gene_4ff8b1cf5a91,0.5772,moderate,iron and copper transporter iact,TonB-dependent receptor,0
Caulobacter_vibrioides_NA1000,gene_79c17b225ea8,0.59,moderate,hydroxycinnamoyl-coa hydratase-lyase,p-hydroxycinnamoyl CoA hydratase/lyase,1
Caulobacter_vibrioides_NA1000,gene_30f38269f9ff,0.9267,high,succinyl-coa:3-ketoacid coenzyme a transferase subunit b,"acetate/3-ketoacid CoA transferase, subunit B",1
Caulobacter_vibrioides_NA1000,gene_9ac5ed244651,0.475,low,4-carboxymuconolactone decarboxylase,3-oxoadipate enol-lactonase/4-carboxymuconolactone decarboxylase,1
Caulobacter_vibrioides_NA1000,gene_48ee0052b4fc,0.6269,moderate,type iv secretion system atpase virb11,"type IV secretory pathway, VirB11 ATPase",0
Caulobacter_vibrioides_NA1000,gene_815c1405a694,0.88,high,beta-ketoadipyl-coa thiolase,3-ketoacyl-CoA thiolase,1
Caulobacter_vibrioides_NA1000,gene_d97221d05b1d,0.461,low,type iv secretion system protein virb10,"type IV secretory pathway, VirB10 channel protein",0
Caulobacter_vibrioides_NA1000,gene_8ee9209e8e92,0.6094,moderate,type iv secretion system atpase virb4,"type IV secretory pathway, VirB4 ATPase",0
Caulobacter_vibrioides_NA1000,gene_663cfcfb1bc6,0.35,low,ATPase,glycosyltransferase hfsG,0
Caulobacter_vibrioides_NA1000,gene_5fe7aae8cb92,0.4702,low,disulfide-bond oxidoreductase yfcg,glutathione S-transferase,0
Caulobacter_vibrioides_NA1000,gene_38a3f00ab63b,0.7319,moderate,aryl-alcohol dehydrogenase,NAD(P)-dependent alcohol dehydrogenase,1
Caulobacter_vibrioides_NA1000,gene_6ad248d64300,1.0,high,glutamyl-trna(gln) amidotransferase subunit a,aspartyl/glutamyl-tRNA(Asn/Gln) amidotransferase subunit A,1
Caulobacter_vibrioides_NA1000,gene_fbbddbab2a7f,0.4863,low,udp-glucose:undecaprenyl-phosphate glucose-1-phosphate transferase,polyisoprenylphosphate hexose-1-phosphotransferase hfsE,0
Caulobacter_vibrioides_NA1000,gene_ce66b8ead8fd,1.0,high,pre-16s rrna nuclease,Holliday junction resolvase RuvX,0
Caulobacter_vibrioides_NA1000,gene_29f62b34353e,0.45,low,dihydroorotase,dihydroorotase,1
Caulobacter_vibrioides_NA1000,gene_6e98f000f9b2,0.4615,low,dna-processing protein a,"DNA recombination-mediator protein A, SMF family",0
Caulobacter_vibrioides_NA1000,gene_c80e80c2959c,1.0,high,aspartyl/glutamyl-trna(asn/gln) amidotransferase subunit b,aspartyl/glutamyl-tRNA(Asn/Gln) amidotransferase subunit B,1
Caulobacter_vibrioides_NA1000,gene_f5cb9ccdd48a,1.0,high,glutamyl-trna(gln) amidotransferase subunit c,aspartyl/glutamyl-tRNA(Asn/Gln) amidotransferase subunit C,1
Caulobacter_vibrioides_NA1000,gene_d56f99b29324,0.31,low,acetylxylan esterase / glucomannan deacetylase,SGNH/GDSL hydrolase family protein,0
Caulobacter_vibrioides_NA1000,gene_f13059b0f075,1.0,high,aspartate carbamoyltransferase catalytic subunit,aspartate carbamoyltransferase,1
Caulobacter_vibrioides_NA1000,gene_050d5eb707ab,0.6327,moderate,hydrolase sll0100,N-acyl-L-amino acid amidohydrolase,0
Caulobacter_vibrioides_NA1000,gene_cd37f5980784,0.7456,moderate,dna topoisomerase 1,type I DNA topoisomerase,1
Caulobacter_vibrioides_NA1000,gene_ae255abe75f9,1.0,high,large ribosomal subunit protein bl33,LSU ribosomal protein L33P,0
Caulobacter_vibrioides_NA1000,gene_5edca417b487,0.3059,low,alkaline phosphatase phok,alkaline phosphatase,1
Caulobacter_vibrioides_NA1000,gene_baff9dc6d145,0.9212,high,polar-differentiation response regulator divk,response regulator receiver protein DivK,1
Caulobacter_vibrioides_NA1000,gene_0063a73624d7,0.6148,moderate,valine--pyruvate aminotransferase,aminotransferase class I/II-fold pyridoxal phosphate-dependent enzyme,0
Caulobacter_vibrioides_NA1000,gene_b364a056139b,1.0,high,atp-dependent clp protease adapter protein clps,ATP-dependent Clp protease adaptor protein ClpS,1
Caulobacter_vibrioides_NA1000,gene_4e24d63dcf95,1.0,high,response regulator pled,GGDEF/response regulator protein PleD,1
Caulobacter_vibrioides_NA1000,gene_08a2b7097f05,0.486,low,protein hit,HIT family protein,1
Caulobacter_vibrioides_NA1000,gene_7bb417170fd8,0.495,low,ribonuclease r,ribonuclease R,1
Caulobacter_vibrioides_NA1000,gene_df8e7276f33e,0.8292,high,bifunctional muramidase/lytic transglycosylase cwlq,soluble lytic transglycosylase SdpC,0
Caulobacter_vibrioides_NA1000,gene_1cf052a88147,0.33,low,acyl-coenzyme a diphosphatase nudt19,MutT/nudix family phosphohydrolase,0
Caulobacter_vibrioides_NA1000,gene_82fab43b4ff0,0.457,low,amidase at4g34880,enantioselective peptide amidase,0
Caulobacter_vibrioides_NA1000,gene_e9d63c25204a,0.4335,low,acyl-coa dehydrogenase fade17,acyl-CoA dehydrogenase,1
Caulobacter_vibrioides_NA1000,gene_6440020f0f2f,0.8487,high,dna polymerase iv,DNA polymerase IV-kappa DinB,1
Caulobacter_vibrioides_NA1000,gene_ff7051a89ae7,1.0,high,glycerol-3-phosphate acyltransferase,PlsY-like acyl-phosphate glycerol 3-phosphate acyltransferase,1
Caulobacter_vibrioides_NA1000,gene_8ff32104e9ea,0.3092,low,glutathione s-transferase 1,glutathione S-transferase,1
Caulobacter_vibrioides_NA1000,gene_21af9624563a,0.35,low,Lipoprotein,stalk cross-band protein StpC,0
Caulobacter_vibrioides_NA1000,gene_421591339d5e,1.0,high,aminopeptidase n,membrane alanine aminopeptidase,1
Caulobacter_vibrioides_NA1000,gene_55d0b9693b29,0.615,moderate,Replication-related protein,major facilitator superfamily transporter,0
Caulobacter_vibrioides_NA1000,gene_1015b4d4e0f4,0.5297,moderate,acyl-coa dehydrogenase ipde2,"acyl-CoA dehydrogenase, short-chain specific",1
Caulobacter_vibrioides_NA1000,gene_5f64e487b1ef,0.5086,moderate,phosphoribosylformylglycinamidine synthase subunit purs,"phosphoribosylformylglycinamidine synthase, purS component",1
Caulobacter_vibrioides_NA1000,gene_f8fdd72adb14,0.3241,low,mfs-type efflux pump msmeg_3705,major facilitator superfamily transporter,0
Caulobacter_vibrioides_NA1000,gene_cc7c7567562f,0.77,moderate,rubredoxin,rubredoxin,1
Caulobacter_vibrioides_NA1000,gene_0c75905b7e4a,0.9228,high,phosphoribosylformylglycinamidine synthase subunit purq,phosphoribosylformylglycinamidine synthase I,1
Caulobacter_vibrioides_NA1000,gene_971129869aeb,0.9301,high,atp-dependent clp protease atp-binding subunit clpa,ATP-dependent clp protease ATP-binding subunit ClpA,1
Caulobacter_vibrioides_NA1000,gene_3cf13b4385fb,0.35,low,Lipoprotein,stalk cross-band protein StpA,0
Caulobacter_vibrioides_NA1000,gene_4350f05210b9,0.4273,low,two-component system protein a,PAS-family sensor histidine kinase,0
Caulobacter_vibrioides_NA1000,gene_a5a59a4872c5,1.0,high,non-motile and phage-resistance protein,sensory transduction histidine kinase pleC,0
Caulobacter_vibrioides_NA1000,gene_251f45b981b9,0.8008,high,Regulation-related protein,BolA-related transcriptional regulator,0
Caulobacter_vibrioides_NA1000,gene_cebca74055af,0.593,moderate,monothiol glutaredoxin 2,Grx4 family monothiol glutaredoxin,1
Caulobacter_vibrioides_NA1000,gene_833b2f1c912f,1.0,high,small ribosomal subunit protein us4,SSU ribosomal protein S4P,0
Caulobacter_vibrioides_NA1000,gene_5ed27de9e8d3,1.0,high,toxin rele2,toxin protein relE2,1
Caulobacter_vibrioides_NA1000,gene_742bb0d9d5b7,0.95,high,antitoxin relb2,antitoxin protein relB-2,0
Caulobacter_vibrioides_NA1000,gene_5970b8d8a993,1.0,high,protease htpx homolog,heat shock endopeptidase HtpX,0
Caulobacter_vibrioides_NA1000,gene_da5fe4efae2e,0.9943,high,alcohol dehydrogenase class-3,glutathione-dependent formaldehyde dehydrogenase,0
Caulobacter_vibrioides_NA1000,gene_c8c4d7fbc277,1.0,high,isocitrate dehydrogenase,isocitrate dehydrogenase,1
Caulobacter_vibrioides_NA1000,gene_d09038be7dd7,0.6191,moderate,s-formylglutathione hydrolase,S-formylglutathione hydrolase,1
Caulobacter_vibrioides_NA1000,gene_ea3269afce96,0.306,low,trna (cytidine-2'-o-)-methyltransferase trmj,LasT-family rRNA methylase,0
Caulobacter_vibrioides_NA1000,gene_6d3348ee3c25,0.7528,moderate,adenylosuccinate lyase,adenylosuccinate lyase,1
Caulobacter_vibrioides_NA1000,gene_2fc063878779,0.6973,moderate,fructokinase,ROK family protein,0
Caulobacter_vibrioides_NA1000,gene_6eea64aeaa57,0.635,moderate,4-hydroxyphenylpyruvate dioxygenase,4-hydroxyphenylpyruvate dioxygenase,1
Caulobacter_vibrioides_NA1000,gene_d7f3d8312ebd,1.0,high,homogentisate 1,"homogentisate 1,2-dioxygenase",1
Caulobacter_vibrioides_NA1000,gene_c814af9291e3,0.8501,high,Transcription-related protein,AsnC-family transcriptional regulator,0
Caulobacter_vibrioides_NA1000,gene_ad4b3186c6aa,0.35,low,Lipoprotein,stomatin/prohibitin-related protein,0
Caulobacter_vibrioides_NA1000,gene_acf28c0df4e2,0.629,moderate,cytochrome p450-terp,cytochrome P450,1
Caulobacter_vibrioides_NA1000,gene_92eae894c2ea,0.35,low,Serine protease,M61 glycyl aminopeptidase,0
Caulobacter_vibrioides_NA1000,gene_cdf8f7521a8e,0.48,low,cell division protein ftsa,cell division protein FtsA,1
Caulobacter_vibrioides_NA1000,gene_24cafc60fe58,1.0,high,d-alanine--d-alanine ligase,D-alanine--D-alanine ligase,1
Caulobacter_vibrioides_NA1000,gene_9ab6c715d5c4,0.419,low,carboxypeptidase q,M20/M25/M40 family metallo-hydrolase,0
Caulobacter_vibrioides_NA1000,gene_86518be2b341,1.0,high,alanine--trna ligase,alanyl-tRNA synthetase,0
Caulobacter_vibrioides_NA1000,gene_c8318c520b62,1.0,high,udp-n-acetylmuramate--l-alanine ligase,UDP-N-acetylmuramate--alanine ligase,1
Caulobacter_vibrioides_NA1000,gene_92f883c2fe77,0.35,low,Lipoprotein,CAAX amino terminal protease family,0
Caulobacter_vibrioides_NA1000,gene_9a1ddb17074b,1.0,high,cell division protein ftsz,cell division protein FtsZ,1
Caulobacter_vibrioides_NA1000,gene_4443d62c6d65,1.0,high,cell division protein ftsq,cell division protein FtsQ,1
Caulobacter_vibrioides_NA1000,gene_0e7801b15fa8,0.8291,high,peptidoglycan glycosyltransferase ftsw,SEDS-family peptidoglycan polymerase FtsW,1
Caulobacter_vibrioides_NA1000,gene_ea7024e32e89,1.0,high,udp-n-acetylglucosamine--n-acetylmuramyl-(pentapeptide) pyrophosphoryl-undecaprenol n-acetylglucosamine transferase,undecaprenyldiphospho-muramoylpentapeptide beta-N-acetylglucosaminyltransferase,0
Caulobacter_vibrioides_NA1000,gene_bdaa5b41b369,0.35,low,DNA-binding transcription regulator,CLC voltage-gated chloride channel,0
Caulobacter_vibrioides_NA1000,gene_1745453c8a72,1.0,high,udp-n-acetylenolpyruvoylglucosamine reductase,UDP-N-acetylenolpyruvoylglucosamine reductase,1
Caulobacter_vibrioides_NA1000,gene_8b67943777aa,0.3994,low,udp-n-acetylmuramoyl-tripeptide--d-alanyl-d-alanine ligase,UDP-N-acetylmuramoyl-tripeptide--D-alanyl-D- alanine ligase,1
Caulobacter_vibrioides_NA1000,gene_543292eeb34c,0.4548,low,sensory/regulatory protein rpfc,hybrid sensor histidine kinase/receiver domain protein,0
Caulobacter_vibrioides_NA1000,gene_33b7586a18bc,0.35,low,Lipoprotein,membrane-bound glycosyl hydrolase,0
Caulobacter_vibrioides_NA1000,gene_407d08a68ba0,1.0,high,udp-n-acetylmuramoylalanine--d-glutamate ligase,UDP-N-acetylmuramoylalanine--D-glutamate ligase,1
Caulobacter_vibrioides_NA1000,gene_6a7d343b0113,1.0,high,transcriptional regulator mraz,cell division protein MraZ,0
Caulobacter_vibrioides_NA1000,gene_c785c458501e,1.0,high,phospho-n-acetylmuramoyl-pentapeptide-transferase,phospho-N-acetylmuramoyl-pentapeptide- transferase,1
Caulobacter_vibrioides_NA1000,gene_f61d2b299904,1.0,high,udp-n-acetylmuramoyl-l-alanyl-d-glutamate--2,"UDP-N-acetylmuramoylalanyl-D-glutamate--2, 6-diaminopimelate ligase",0
Caulobacter_vibrioides_NA1000,gene_b9124b5e8d49,0.5678,moderate,blue-light-activated histidine kinase,PAS-family sensor histidine kinase,0
Caulobacter_vibrioides_NA1000,gene_ec82ea953779,0.35,low,DNA-binding transcription regulator,drug/metabolite transporter (DMT) family protein,0
Caulobacter_vibrioides_NA1000,gene_c08cfad1b8c1,0.8887,high,histidinol-phosphate aminotransferase 2,histidinol-phosphate transaminase,1
Caulobacter_vibrioides_NA1000,gene_e6ce68ddca28,1.0,high,ribosomal rna small subunit methyltransferase h,S-adenosyl-methyltransferase MraW,0
Caulobacter_vibrioides_NA1000,gene_d667f384091a,1.0,high,rna polymerase-binding transcription factor dksa,RNA polymerase-binding protein DksA,1
Caulobacter_vibrioides_NA1000,gene_fe2d2ba06636,0.448,low,enoyl-coa hydratase echa8,crotonase/enoyl-CoA hydratase family protein,1
Caulobacter_vibrioides_NA1000,gene_313f38cfd384,1.0,high,flagellar p-ring protein,flagellar P-ring protein FlgI,1
Caulobacter_vibrioides_NA1000,gene_dd9c83649fab,0.95,high,flagellar basal-body protein flby,flagellar basal-body protein FlbY,1
Caulobacter_vibrioides_NA1000,gene_90f00a1b2d92,0.35,low,Lipoprotein,alpha/beta hydrolase family protein,0
Caulobacter_vibrioides_NA1000,gene_04f9aad3f803,0.629,moderate,atp-binding protein uup,ABC transporter ATP-binding protein,1
Caulobacter_vibrioides_NA1000,gene_7fcbb6975bb8,0.3568,low,glutathione s-transferase 2,glutathione S-transferase,1
Caulobacter_vibrioides_NA1000,gene_55edd8e6c8bd,0.8875,high,Stress Response-related protein,NAD(P)/FAD-dependent oxidoreductase,0
Caulobacter_vibrioides_NA1000,gene_2c9fb42f7f71,1.0,high,methylenetetrahydrofolate--trna-(uracil-5-)-methyltransferase trmfo,tRNA (uracil-5-)-methyltransferase GidA,1
Caulobacter_vibrioides_NA1000,gene_843334953c2e,0.95,high,chemotactic signal-response protein chel,chemotactic signal-response protein CheL,1
Caulobacter_vibrioides_NA1000,gene_efa9067c015c,0.308,low,protoporphyrinogen oxidase 2,FAD dependent oxidoreductase,0
Caulobacter_vibrioides_NA1000,gene_9a7df9f60a54,0.6501,moderate,n-carbamoyl-l-amino acid amidohydrolase,N-carbamoyl-L-amino acid hydrolase,1
Caulobacter_vibrioides_NA1000,gene_4f94c357ecc1,0.355,low,polysaccharide deacetylase,PuuE-related allantoinase,0
Caulobacter_vibrioides_NA1000,gene_e46296ff1d77,0.38,low,2-oxo-4-hydroxy-4-carboxy-5-ureidoimidazoline decarboxylase,2-oxo-4-hydroxy-4-carboxy-5-ureidoimidazoline decarboxylase,1
Caulobacter_vibrioides_NA1000,gene_971360068ce8,0.677,moderate,(s)-ureidoglycine--glyoxylate transaminase,serine-pyruvate aminotransferase,0
Caulobacter_vibrioides_NA1000,gene_cdbfeabfaa0c,0.95,high,flagellar assembly protein flix,flagellar assembly regulator FliX,1
Caulobacter_vibrioides_NA1000,gene_272743631017,0.35,low,DNA-binding transcription regulator,conserved transmembrane protein,0
Caulobacter_vibrioides_NA1000,gene_0b43dccfd37b,0.4467,low,(s)-coclaurine n-methyltransferase,cyclopropane fatty acid synthase-like protein,0
Caulobacter_vibrioides_NA1000,gene_769418a81918,0.5746,moderate,xanthine dehydrogenase,xanthine dehydrogenase small subunit,1
Caulobacter_vibrioides_NA1000,gene_b1238ce9daae,0.676,moderate,guanine deaminase,guanine deaminase,1
Caulobacter_vibrioides_NA1000,gene_0954e808f091,0.7445,moderate,cold shock protein y4ch,cold shock protein CspC,1
Caulobacter_vibrioides_NA1000,gene_40da2f00b497,0.6059,moderate,hth-type transcriptional regulator rrf2-like,Rrf2 family protein,1
Caulobacter_vibrioides_NA1000,gene_989a7f6b46b1,0.35,low,DNA-binding transcription regulator,rhomboid family intramembrane serine protease,0
Caulobacter_vibrioides_NA1000,gene_26483b692552,1.0,high,transcription activator protein hfab,holdfast attachment protein HfaB,0
Caulobacter_vibrioides_NA1000,gene_66fcf190f479,0.986,high,5-hydroxyisourate hydrolase,5-hydroxyisourate hydrolase,1
Caulobacter_vibrioides_NA1000,gene_8af65e8cecb7,0.9453,high,atp-binding protein uup,ABC-F family ATP-binding cassette domain-containing protein,1
Caulobacter_vibrioides_NA1000,gene_2709b6f80561,0.5939,moderate,sensor histidine kinase arus,MASE1-family sensor histidine kinase,1
Caulobacter_vibrioides_NA1000,gene_8a8f151a1c34,0.579,moderate,protein ycei,YceI-family polyisoprenoid-binding protein,1
Caulobacter_vibrioides_NA1000,gene_af80317cfe68,0.436,low,bicarbonate transport system permease protein cmpb,ABC transporter ATP-binding protein,0
Caulobacter_vibrioides_NA1000,gene_d86c4ac5752e,0.35,low,DNA-binding transcription regulator,urate hydroxylase,0
Caulobacter_vibrioides_NA1000,gene_5313ebd232b6,0.7,moderate,1-carboxybiuret hydrolase subunit atze,AtzE family amidohydrolase,0
Caulobacter_vibrioides_NA1000,gene_8e7e6a313bb5,0.35,low,Lipoprotein,holdfast attachment protein HfaE,0
Caulobacter_vibrioides_NA1000,gene_1befaf7106a6,0.7164,moderate,aliphatic sulfonates import atp-binding protein ssub 1,ABC transporter ATP-binding protein,0
Caulobacter_vibrioides_NA1000,gene_41f88a3d2cae,0.7311,moderate,choline dehydrogenase,choline dehydrogenase,1
Caulobacter_vibrioides_NA1000,gene_1f0fe56b912b,0.6219,moderate,1-deoxyxylulose-5-phosphate synthase yajo,Aldo-keto reductase,0
Caulobacter_vibrioides_NA1000,gene_e155bf1f1dbb,0.8719,high,Metabolism-related protein,PhoH family protein,0
Caulobacter_vibrioides_NA1000,gene_91908fb85474,0.6549,moderate,glutathione s-transferase gstb,glutathione S-transferase,1
Caulobacter_vibrioides_NA1000,gene_9f0dd818f4bb,0.7001,moderate,nadp-dependent malic enzyme,NADP-dependent malic enzyme,1
Caulobacter_vibrioides_NA1000,gene_15eef12ba25d,0.8019,high,serine acetyltransferase,serine O-acetyltransferase,1
Caulobacter_vibrioides_NA1000,gene_dcb7231e989e,1.0,high,nadph-dependent 7-cyano-7-deazaguanine reductase,NADPH-dependent 7-cyano-7-deazaguanine reductase QueF,1
Caulobacter_vibrioides_NA1000,gene_96cf221f093b,0.35,low,Lipoprotein,ABC transporter substrate-binding protein,0
Caulobacter_vibrioides_NA1000,gene_a52146e926dd,0.5952,moderate,Replication-related protein,Rve-family integrase core domain protein,0
Caulobacter_vibrioides_NA1000,gene_8c2d19ab9182,0.5582,moderate,zinc protease pqql,"peptidase, M16 family",0
Caulobacter_vibrioides_NA1000,gene_0741cf992348,0.5377,moderate,glutaminyl-peptide cyclotransferase,glutaminyl-peptide cyclotransferase,1
Caulobacter_vibrioides_NA1000,gene_f693d076d8e8,0.6798,moderate,Replication-related protein,oligopeptide transporter,0
Caulobacter_vibrioides_NA1000,gene_b9867fab027d,0.5773,moderate,d-methionine transport system permease protein meti,ABC transporter permease protein,0
Caulobacter_vibrioides_NA1000,gene_9e0825f70823,0.921,high,holdfast attachment protein d,holdfast attachment protein HfaD,1
Caulobacter_vibrioides_NA1000,gene_69b380f8f11e,0.569,moderate,d-methionine-binding lipoprotein metq,ABC transporter substrate-binding protein,0
Caulobacter_vibrioides_NA1000,gene_4ffe35296740,0.5,moderate,Protein with hemolysin_calcium motif,M10 peptidase-related protein,0
Caulobacter_vibrioides_NA1000,gene_8f9a6341421a,0.5479,moderate,bifunctional fad diphosphatase/fad synthase,competence/damage-inducible protein CinA,0
Caulobacter_vibrioides_NA1000,gene_a669adf3e3a6,1.0,high,sugar fermentation stimulation protein homolog,DNA/RNA nuclease SfsA,0
Caulobacter_vibrioides_NA1000,gene_a29e6fe1ac52,1.0,high,methionine import atp-binding protein metn,ABC transporter ATP-binding protein,0
Caulobacter_vibrioides_NA1000,gene_806b6fdd79c1,0.746,moderate,methionine aminopeptidase,type I methionyl aminopeptidase,0
Caulobacter_vibrioides_NA1000,gene_a14c0c62127e,0.6324,moderate,granaticin polyketide synthase ketoacyl reductase 2,SDR family oxidoreductase,0
Caulobacter_vibrioides_NA1000,gene_23afa0fe2e5c,0.35,low,Lipoprotein,conjugal transfer protein TrbG,0
Caulobacter_vibrioides_NA1000,gene_33d32e4ea824,0.713,moderate,upf0758 protein rheciat_ch0001935,DNA repair protein RadC,0
Caulobacter_vibrioides_NA1000,gene_72a8d8e4d0b2,0.716,moderate,insertion element isr1 uncharacterized 10 kda protein a3,transposase,0
Caulobacter_vibrioides_NA1000,gene_a1d0217c19e4,0.78,moderate,insertion element isr1 uncharacterized 17 kda protein a2,transposase,0
Caulobacter_vibrioides_NA1000,gene_aa87b54d6e5a,0.324,low,glutamyl endopeptidase,S9 family peptidase,0
Caulobacter_vibrioides_NA1000,gene_3d5954c5872e,0.7102,moderate,Replication-related protein,conjugal transfer protein TrbL,0
Caulobacter_vibrioides_NA1000,gene_1c8aea3a12f2,0.693,moderate,pycsar effector protein bcpyctir,TIR-like nucleotide binding protein,0
Caulobacter_vibrioides_NA1000,gene_5e5d5e7f0596,0.526,moderate,uridylate cyclase,adenylate/guanylate cyclase domain-containing protein,0
Caulobacter_vibrioides_NA1000,gene_eadde6dccbe9,0.7958,moderate,Translation-related protein,GAF/PAS-family histidine kinase/receiver protein,0
Caulobacter_vibrioides_NA1000,gene_aa03f5753dbe,0.238,speculative,ferric citrate uptake sigma factor feci,RNA polymerase ECF-type sigma factor,0
Caulobacter_vibrioides_NA1000,gene_dfecdad94c53,0.8424,high,Metabolism-related protein,methyl-accepting chemotaxis protein,0
Caulobacter_vibrioides_NA1000,gene_7febb116ea5f,0.9156,high,cobyric acid synthase,cobyric acid synthase CobQ,1
Caulobacter_vibrioides_NA1000,gene_48b27b36b981,0.35,low,Lipoprotein,HTH transcriptional regulator,0
Caulobacter_vibrioides_NA1000,gene_8ab65081aeb1,0.222,speculative,cobalt-zinc-cadmium resistance protein czcc,TolC family resistance protein,0
Caulobacter_vibrioides_NA1000,gene_ccc42d8a326c,0.43,low,upf0166 protein sco7045,PII-like signaling protein,0
Caulobacter_vibrioides_NA1000,gene_ebb49a7a7e00,0.696,moderate,uridylate cyclase,two-component response regulator,0
Caulobacter_vibrioides_NA1000,gene_73913f70eb4c,0.8333,high,Replication-related protein,heavy metal translocating P-type ATPase,0
Caulobacter_vibrioides_NA1000,gene_51203cc3003d,0.542,moderate,nickel-cobalt-cadmium resistance protein nccb,efflux RND transporter periplasmic adaptor subunit,0
Caulobacter_vibrioides_NA1000,gene_bd65058fc81f,0.716,moderate,insertion element isr1 uncharacterized 10 kda protein a3,transposase,0
Caulobacter_vibrioides_NA1000,gene_40e1cd68d0a0,0.78,moderate,insertion element isr1 uncharacterized 17 kda protein a2,transposase,0
Caulobacter_vibrioides_NA1000,gene_1421b61a9579,0.867,high,upf0758 protein oant_1909,DNA repair protein RadC,0
Caulobacter_vibrioides_NA1000,gene_79fe26fb6b9e,0.23,speculative,kinase y4me,hipA-related phosphatidylinositol 3/4-kinase,0
Caulobacter_vibrioides_NA1000,gene_f241fa5d5693,0.815,high,protein-methionine-sulfoxide reductase heme-binding subunit msrq,sulfoxide reductase heme-binding subunit protein,1
Caulobacter_vibrioides_NA1000,gene_4f8813bf1c21,0.5635,moderate,ecf rna polymerase sigma factor sigw,RNA polymerase ECF-type sigma factor,1
Caulobacter_vibrioides_NA1000,gene_b262ba4c491a,0.45,low,Protein with ef_hand_1 motif,EF hand domain protein,1
Caulobacter_vibrioides_NA1000,gene_7df6129aa840,0.35,low,Lipoprotein,MecR1 antirepressor protein,0
Caulobacter_vibrioides_NA1000,gene_00b20dc7d99d,0.517,moderate,transposase y4pf/y4sb,transposase,1
Caulobacter_vibrioides_NA1000,gene_c9e9513a76de,0.95,high,toxin pare3,type II toxin-antitoxin system toxin protein parE3,1
Caulobacter_vibrioides_NA1000,gene_8f0785b5ae70,0.95,high,antitoxin pard3,type II toxin-antitoxin system antitoxin protein parD3,1
Caulobacter_vibrioides_NA1000,gene_063ea84a362e,0.5369,moderate,transcriptional activator protein copr,two-component response regulator,0
Caulobacter_vibrioides_NA1000,gene_3fd1b8cb936d,0.7879,moderate,bifunctional glutamine synthetase adenylyltransferase/adenylyl-removing enzyme,glutamate-ammonia-ligase adenylyltransferase,0
Caulobacter_vibrioides_NA1000,gene_b3ab84e57a67,0.547,moderate,cytochrome c-type biogenesis protein ccmh,cytochrome c-type biogenesis protein ccmH,1
Caulobacter_vibrioides_NA1000,gene_2d050d7c9c79,0.6514,moderate,periplasmic serine endoprotease degp-like,DegP/HtrA-family serine protease,0
Caulobacter_vibrioides_NA1000,gene_033eed8eae3b,1.0,high,cytochrome c-type biogenesis protein ccme,cytochrome c-type biogenesis heme chaperone,1
Caulobacter_vibrioides_NA1000,gene_c588f2e2217e,0.369,low,sensor histidine kinase bfpk,two-component sensor histidine kinase,1
Caulobacter_vibrioides_NA1000,gene_af35b4145e1e,0.2201,speculative,non-heme bromoperoxidase bpoc,alpha/beta hydrolase family protein,0
Caulobacter_vibrioides_NA1000,gene_c93284e5eaee,0.634,moderate,vitamin b12 transporter btub,TonB-dependent outer membrane receptor,0
Caulobacter_vibrioides_NA1000,gene_4b5de78218aa,0.7642,moderate,transcriptional regulatory protein phop,two-component response regulator,0
Caulobacter_vibrioides_NA1000,gene_4d91d9a10bba,0.5952,moderate,Replication-related protein,transposase,0
Caulobacter_vibrioides_NA1000,gene_c02b70f766a3,1.0,high,protein-methionine-sulfoxide reductase catalytic subunit msrp,sulfoxide reductase catalytic subunit protein,1
Caulobacter_vibrioides_NA1000,gene_b64786e8001c,0.35,low,Lipoprotein,phage-derived conserved hypothetical protein,0
Caulobacter_vibrioides_NA1000,gene_6660cdb88f57,0.415,low,sensor protein kinase cars,two-component sensor histidine kinase,0
Caulobacter_vibrioides_NA1000,gene_603d6b5ca759,0.35,low,Lipoprotein,GTA-gp10 phage tail tube protein,0
Caulobacter_vibrioides_NA1000,gene_34224f50e0f0,0.536,moderate,bleomycin resistance protein,"glyoxalase/bleomycin resistance protein, dioxygenase superfamily",1
Caulobacter_vibrioides_NA1000,gene_402d441ed0af,0.252,speculative,prohead protease,phage prohead protease,1
Caulobacter_vibrioides_NA1000,gene_b4d99459a5fb,0.35,low,ATP/GTP binding protein,terminase-like family protein,0
Caulobacter_vibrioides_NA1000,gene_a0854bb65d9b,0.325,low,cytochrome c-type biogenesis protein cych,cytochrome c-type biogenesis protein ccmI,1
Caulobacter_vibrioides_NA1000,gene_f9fcde05208d,0.5918,moderate,hth-type transcriptional regulator rutr,TetR-family transcriptional regulator,1
Caulobacter_vibrioides_NA1000,gene_76caae486be5,1.0,high,ureidoacrylate amidohydrolase rutb,pyrimidine utilization protein B,0
Caulobacter_vibrioides_NA1000,gene_4f3aa3c0b816,1.0,high,carbamate hydrolase rutd,pyrimidine utilization protein D,0
Caulobacter_vibrioides_NA1000,gene_08237706750e,0.4706,low,dnaj-like protein slr0093,DnaJ-class molecular chaperone,0
Caulobacter_vibrioides_NA1000,gene_321d1435450a,0.5725,moderate,outer membrane protein mip,FKBP-type peptidyl-prolyl cis-trans isomerase,0
Caulobacter_vibrioides_NA1000,gene_7b8a041f59a5,0.425,low,non-reducing end alpha-l-arabinofuranosidase bogh43a,beta-xylosidase/alpha-L-arabinofuranosidase,0
Caulobacter_vibrioides_NA1000,gene_bdaf3474b3cc,1.0,high,3-aminoacrylate deaminase rutc,pyrimidine utilization protein C,0
Caulobacter_vibrioides_NA1000,gene_722ccf53eaa2,0.6876,moderate,Stress Response-related protein,tryptophan halogenase,0
Caulobacter_vibrioides_NA1000,gene_f21826612489,0.9079,high,alpha-ketoglutaric semialdehyde dehydrogenase 3,oxoglutarate semialdehyde dehydrogenase,1
Caulobacter_vibrioides_NA1000,gene_9b0d40de8dca,0.6948,moderate,Stress Response-related protein,tryptophan halogenase,0
Caulobacter_vibrioides_NA1000,gene_ba8851ccc945,1.0,high,pyrimidine monooxygenase ruta,pyrimidine utilization protein A,0
Caulobacter_vibrioides_NA1000,gene_e48008994fe6,0.35,low,Lipoprotein,methyl-accepting chemotaxis protein,0
Caulobacter_vibrioides_NA1000,gene_bb8d5dbbc18a,1.0,high,d-mannonate dehydratase cc2812,bifunctional D-altronate/D-mannonate dehydratase,1
Caulobacter_vibrioides_NA1000,gene_56fa2db2240c,0.393,low,uxu operon transcriptional regulator,GntR-family transcriptional regulator,1
Caulobacter_vibrioides_NA1000,gene_976d0c4bf5f1,0.417,low,n(alpha)-acyl-glutamine aminoacylase,N-acyl-L-amino acid amidohydrolase,0
Caulobacter_vibrioides_NA1000,gene_56e08c844022,0.419,low,tryptophan 5-halogenase pyrh,tryptophan halogenase,1
Caulobacter_vibrioides_NA1000,gene_630d2d628de2,0.7056,moderate,Translation-related protein,TonB-dependent receptor,0
Caulobacter_vibrioides_NA1000,gene_b2a4c8e1e96b,0.568,moderate,alpha-glucuronidase,"xylan alpha-1,2-glucuronosidase",0
Caulobacter_vibrioides_NA1000,gene_e6f3b0034377,0.35,low,DNA-binding transcription regulator,acyltransferase family protein,0
Caulobacter_vibrioides_NA1000,gene_2c2f27cd5cd3,0.9411,high,carbamoyl phosphate synthase small chain,carbamoyl-phosphate synthase small chain,1
Caulobacter_vibrioides_NA1000,gene_d8f23265c4e4,0.4598,low,metalloprotease mth_856,TldD/PmbA family protein,0
Caulobacter_vibrioides_NA1000,gene_1bd60ec48113,0.7166,moderate,3-oxoacyl- reductase fabg,SDR family oxidoreductase,0
Caulobacter_vibrioides_NA1000,gene_2c4875daf880,0.815,high,Replication-related protein,AAA-family ATPase,0
Caulobacter_vibrioides_NA1000,gene_f568bfcf342f,0.5877,moderate,glutathione s-transferase 3,glutathione S-transferase,1
Caulobacter_vibrioides_NA1000,gene_2608d3e8c9f5,0.5,moderate,chemoreceptor mcpa,methyl-accepting chemotaxis protein,0
Caulobacter_vibrioides_NA1000,gene_53e2d41dc5bf,0.6849,moderate,outer membrane protein 40,outer membrane protein A,1
Caulobacter_vibrioides_NA1000,gene_2403a298efcf,0.6978,moderate,Metabolism-related protein,mitochondrial fission ELM1 family protein,0
Caulobacter_vibrioides_NA1000,gene_afb9a604bf5d,0.3339,low,zinc metalloprotease lema_p049800,M20/M25/M40 family metallo-hydrolase,0
Caulobacter_vibrioides_NA1000,gene_fd90a83aee52,0.366,low,spore coat polysaccharide biosynthesis protein spsf,spsF-related cytidylyltransferase,0
Caulobacter_vibrioides_NA1000,gene_72108159e774,0.6276,moderate,nadph-dependent 3-dehydrocapnine reductase,SDR family NAD(P)-dependent oxidoreductase,0
Caulobacter_vibrioides_NA1000,gene_a21f9159fad2,0.4368,low,membrane transporter protein pd_1894,sulfite exporter TauE/SafE family protein,0
Caulobacter_vibrioides_NA1000,gene_e9faf28a2494,0.7236,moderate,Replication-related protein,rhodanese-related sulfurtransferase,0
Caulobacter_vibrioides_NA1000,gene_3db4f1b8e7dc,0.4923,low,hth-type transcriptional regulator ygav,ArsR-family transcriptional regulator,1
Caulobacter_vibrioides_NA1000,gene_3768c0da61ab,0.6282,moderate,metallo-hydrolase burps1710b_2304,MBL fold metallo-hydrolase,0
Caulobacter_vibrioides_NA1000,gene_4360fb001bf4,1.0,high,transcription elongation factor grea,transcription elongation factor greA,1
Caulobacter_vibrioides_NA1000,gene_1bfa2b8d0887,0.8976,high,thioredoxin reductase,thioredoxin-disulfide reductase,1
Caulobacter_vibrioides_NA1000,gene_fd2ee4b3a505,0.5234,moderate,pseudaminic acid synthase,NeuB-family N-acetylneuraminate synthase,0
Caulobacter_vibrioides_NA1000,gene_de09591b74f9,0.528,moderate,methyl-accepting chemotaxis protein ii,methyl-accepting chemotaxis protein,1
Caulobacter_vibrioides_NA1000,gene_6a0d2297cab7,0.95,high,antitoxin relb3,antitoxin protein relB-3,0
Caulobacter_vibrioides_NA1000,gene_5943138be3bd,0.95,high,toxin rele3,toxin protein relE3,1
Caulobacter_vibrioides_NA1000,gene_cd96b0f70160,0.461,low,ecf rna polymerase sigma factor ecfg,RNA polymerase ECF-type sigma factor sigU,1
Caulobacter_vibrioides_NA1000,gene_86101281f3de,0.402,low,autoinducer 2 sensor kinase/phosphatase luxq,PAS-family sensor histidine kinase,0
Caulobacter_vibrioides_NA1000,gene_d7fc79666e07,1.0,high,tryptophan 2,"tryptophan 2,3-dioxygenase",1
Caulobacter_vibrioides_NA1000,gene_feb5bc24bc9e,0.5791,moderate,proline dehydrogenase transcriptional activator,AsnC-family transcriptional regulator,0
Caulobacter_vibrioides_NA1000,gene_7abb04cadc85,0.6802,moderate,Metabolism-related protein,PAS-family sensor histidine kinase,0
Caulobacter_vibrioides_NA1000,gene_2a04a893cce4,0.35,low,DNA-binding transcription regulator,GtrA family protein,0
Caulobacter_vibrioides_NA1000,gene_193bec0c40f8,0.4515,low,ubiquinone biosynthesis o-methyltransferase,class I SAM-dependent methyltransferase,0
Caulobacter_vibrioides_NA1000,gene_e1ec907f95ef,0.7324,moderate,dna protection during starvation protein,non-specific DNA-binding protein Dps/iron-binding ferritin-like antioxidant protein/ferroxidase,0
Caulobacter_vibrioides_NA1000,gene_40bdb44fa72a,0.5354,moderate,sensor histidine kinase bb2109,two-component sensor histidine kinase,1
Caulobacter_vibrioides_NA1000,gene_f04d67a2f49f,0.9118,high,uvrabc system protein c,excinuclease ABC subunit C,0
Caulobacter_vibrioides_NA1000,gene_eef354d8c2a2,0.3848,low,glutathione s-transferase,glutathione S-transferase,1
Caulobacter_vibrioides_NA1000,gene_7b6236e94170,0.35,low,DNA-binding transcription regulator,DUF998 domain-containing protein,0
Caulobacter_vibrioides_NA1000,gene_1790dccfd6c6,0.9497,high,cold shock protein y4ch,cold shock protein CspA,1
Caulobacter_vibrioides_NA1000,gene_6ce64935a7ff,0.6196,moderate,cdp-diacylglycerol--glycerol-3-phosphate 3-phosphatidyltransferase,CDP-diacylglycerol--glycerol-3-phosphate 3-phosphatidyltransferase,1
Caulobacter_vibrioides_NA1000,gene_d02322d76a22,1.0,high,carbamoyl phosphate synthase large chain,carbamoyl-phosphate synthase large chain,1
Caulobacter_vibrioides_NA1000,gene_df8e9abf5f85,0.35,low,ATP/GTP binding protein,nucleoside/nucleotide kinase,0
Caulobacter_vibrioides_NA1000,gene_c7bd85afb4cc,0.8289,high,l-aspartate oxidase,L-aspartate oxidase,1
Caulobacter_vibrioides_NA1000,gene_ae8104f5a481,0.35,low,Lipoprotein,patatin family phospholipase domain protein,0
Caulobacter_vibrioides_NA1000,gene_7083446dc923,0.7669,moderate,nicotinate-nucleotide pyrophosphorylase,nicotinate-nucleotide pyrophosphorylase,1
Caulobacter_vibrioides_NA1000,gene_41576a78394f,0.8541,high,alkyl hydroperoxide reductase c,alkyl hydroperoxide reductase subunit C,1
Caulobacter_vibrioides_NA1000,gene_cb8bd2c7dcff,1.0,high,quinolinate synthase,quinolinate synthetase A,0
Caulobacter_vibrioides_NA1000,gene_477e6060c938,1.0,high,multinuclear non-heme iron-dependent oxidase cc_2906,DUF692 domain-containing protein,0
Caulobacter_vibrioides_NA1000,gene_56b897258acb,0.6715,moderate,branched-chain-amino-acid aminotransferase,branched-chain amino acid aminotransferase,1
Caulobacter_vibrioides_NA1000,gene_9f47e5e06c8c,0.4222,low,sensor histidine kinase gtrs,two-component sensor histidine kinase,1
Caulobacter_vibrioides_NA1000,gene_d55975b3ee1d,0.6565,moderate,3-deoxy-manno-octulosonate cytidylyltransferase,3-deoxy-manno-octulosonate cytidylyltransferase,1
Caulobacter_vibrioides_NA1000,gene_aeb8ac425313,0.9836,high,alkyl hydroperoxide reductase subunit f,alkyl hydroperoxide reductase subunit F,1
Caulobacter_vibrioides_NA1000,gene_e8d7d2918ea4,0.35,low,Lipoprotein,TadB-related pilus assembly protein CpaG,0
Caulobacter_vibrioides_NA1000,gene_25616705a872,0.35,low,ATP/GTP binding protein,PiuB-family transmembrane transporter,0
Caulobacter_vibrioides_NA1000,gene_a44831a0f6b4,0.65,moderate,bifunctional n-acyl-homoserine lactone acylase/prephenate dehydratase,prephenate dehydratase,1
Caulobacter_vibrioides_NA1000,gene_a05bd8ba62fd,0.35,low,Lipoprotein,pilus assembly protein CpaD,0
Caulobacter_vibrioides_NA1000,gene_557a826407a5,0.631,moderate,protein petr,two-component response regulator petR,1
Caulobacter_vibrioides_NA1000,gene_2ec0a1a247a6,0.4794,low,aminodeoxychorismate synthase component 1,"aminodeoxychorismate synthase, component I",1
Caulobacter_vibrioides_NA1000,gene_14740b800650,0.5539,moderate,tyrosine-protein phosphatase h16_a0669,protein tyrosine phosphatase,1
Caulobacter_vibrioides_NA1000,gene_6779c0662ebf,0.35,low,DNA-binding transcription regulator,TadC-related pilus assembly protein CpaH,0
Caulobacter_vibrioides_NA1000,gene_9a2812fba420,0.418,low,isonitrile hydratase,AraC-family transcriptional regulator,0
Caulobacter_vibrioides_NA1000,gene_4ac3e595c0a0,0.9475,high,Metabolism-related protein,leucyl aminopeptidase,0
Caulobacter_vibrioides_NA1000,gene_99c5a5a73dd7,1.0,high,upf0339 protein cc_2965,YegP family protein,0
Caulobacter_vibrioides_NA1000,gene_449b051ec29c,0.8323,high,Metabolism-related protein,TonB-dependent receptor,0
Caulobacter_vibrioides_NA1000,gene_5a6e9091b160,0.3624,low,hth-type transcriptional regulator cdhr,AraC-family transcriptional regulator,1
Caulobacter_vibrioides_NA1000,gene_2f87faf41f57,0.35,low,DNA-binding transcription regulator,MFS transporter,0
Caulobacter_vibrioides_NA1000,gene_74922ff95b27,0.593,moderate,flagellin fljo,flagellar hook-associated protein FlgL,0
Caulobacter_vibrioides_NA1000,gene_96272757eba3,0.35,low,Lipoprotein,DUF3429 domain-containing protein,0
Caulobacter_vibrioides_NA1000,gene_53183aed9f77,0.3898,low,glutathione s-transferase gst-6.0,glutathione S-transferase,1
Caulobacter_vibrioides_NA1000,gene_edb330afe299,0.5382,moderate,autoinducer 2 sensor kinase/phosphatase luxq,GAF/PAS-family sensor histidine kinase,0
Caulobacter_vibrioides_NA1000,gene_f1278f7bdb79,0.95,high,antitoxin pard4,antitoxin protein parD4,1
Caulobacter_vibrioides_NA1000,gene_da378aa7f514,0.94,high,toxin pare4,toxin protein parE4,1
Caulobacter_vibrioides_NA1000,gene_e18c4578da2d,0.471,low,tautomerase k2,4-oxalocrotonate tautomerase,1
Caulobacter_vibrioides_NA1000,gene_7c627df49c44,1.0,high,acetyl-coenzyme a carboxylase carboxyl transferase subunit alpha,acetyl-coenzyme A carboxylase carboxyl transferase subunit alpha,1
Caulobacter_vibrioides_NA1000,gene_ef0935182b0b,0.349,low,glutamine-dependent nad(+) synthetase,carbon-nitrogen hydrolase,0
Caulobacter_vibrioides_NA1000,gene_4e5dbdf84504,0.2361,speculative,branched-chain-amino-acid aminotransferase,aminotransferase class IV,0
Caulobacter_vibrioides_NA1000,gene_5631ea9af898,0.679,moderate,nadh:quinone reductase,nitronate monooxygenase,0
Caulobacter_vibrioides_NA1000,gene_dcf46b2c9dd1,0.35,low,Serine protease,SDR family oxidoreductase,0
Caulobacter_vibrioides_NA1000,gene_30f0031668f3,0.4339,low,sensory/regulatory protein rpfc,hybrid sensor histidine kinase/receiver domain protein,0
Caulobacter_vibrioides_NA1000,gene_1805756e9d46,0.864,high,Metabolism-related protein,pilus assembly ATPase CpaF,0
Caulobacter_vibrioides_NA1000,gene_38cf3908c5c0,0.6572,moderate,phosphonoacetate hydrolase yjdm,alkylphosphonate utilization operon protein PhnA,0
Caulobacter_vibrioides_NA1000,gene_bab977cc9bd4,1.0,high,tyrosine recombinase xerd,site-specific tyrosine recombinase XerD,1
Caulobacter_vibrioides_NA1000,gene_e4498ebdc000,0.6483,moderate,sensor histidine kinase arus,two-component sensor histidine kinase,1
Caulobacter_vibrioides_NA1000,gene_cfecc358455d,0.46,low,cytochrome p450 4f2,cytochrome P450 family protein,1
Caulobacter_vibrioides_NA1000,gene_c28101d3f45c,0.35,low,Lipoprotein,OsmC family protein,0
Caulobacter_vibrioides_NA1000,gene_3bc083425f92,0.428,low,upf0053 inner membrane protein yfjd,magnesium and cobalt efflux protein corB,0
Caulobacter_vibrioides_NA1000,gene_d087fd45537a,0.557,moderate,mechanosensitive channel msck,small-conductance mechanosensitive channel,1
Caulobacter_vibrioides_NA1000,gene_30ec9c823ad3,0.6228,moderate,Replication-related protein,membrane-associated phospholipid phosphatase,0
Caulobacter_vibrioides_NA1000,gene_0573f758d7f0,0.95,high,Metabolism-related protein,cobaltochelatase cobS subunit,0
Caulobacter_vibrioides_NA1000,gene_a6f90bbe8a5d,1.0,high,3-dehydroquinate synthase,3-dehydroquinate synthase,1
Caulobacter_vibrioides_NA1000,gene_e45459e49b40,0.493,low,chemotaxis protein chew,chemotaxis protein cheW,1
Caulobacter_vibrioides_NA1000,gene_7dc5b75a5477,0.35,low,Lipoprotein,SdpI family protein,0
Caulobacter_vibrioides_NA1000,gene_a6d253f22904,0.67,moderate,s-(hydroxymethyl)glutathione dehydrogenase,Zn-dependent alcohol dehydrogenase,0
Caulobacter_vibrioides_NA1000,gene_7d3f74c3b16d,0.7267,moderate,Replication-related protein,MFS transporter,0
Caulobacter_vibrioides_NA1000,gene_80e99636319c,0.5344,moderate,non-hemolytic phospholipase c,"phospholipase C, phosphocholine-specific",0
Caulobacter_vibrioides_NA1000,gene_cb83eccb83e4,1.0,high,shikimate kinase,shikimate kinase,1
Caulobacter_vibrioides_NA1000,gene_83c501d5acc8,1.0,high,cell cycle transcriptional regulator ctra,cell cycle response regulator CtrA,1
Caulobacter_vibrioides_NA1000,gene_9516654eb027,0.4,low,peptidoglycan dd-endopeptidase shyc,M23 family peptidoglycan-specific endopeptidase LdpD,0
Caulobacter_vibrioides_NA1000,gene_80d71b1ff10b,0.9,high,flagellar flij protein,flagellar biosynthesis chaperone FliJ,1
Caulobacter_vibrioides_NA1000,gene_3cc1a028cf8d,0.7723,moderate,Metabolism-related protein,"endo-1,4-beta-xylanase",0
Caulobacter_vibrioides_NA1000,gene_bfb2a1b62d09,0.5364,moderate,vitamin b12 transporter btub,TonB-dependent outer membrane receptor ChvT,0
Caulobacter_vibrioides_NA1000,gene_fa45a9e74e00,0.7376,moderate,hth-type transcriptional regulator ilvr,LysR-family transcriptional regulator,1
Caulobacter_vibrioides_NA1000,gene_ee5b05b8c77c,1.0,high,dihydroxy-acid dehydratase,dihydroxy-acid dehydratase,1
Caulobacter_vibrioides_NA1000,gene_db650bff0218,0.223,speculative,blue-light-activated histidine kinase,PAS-family sensor histidine kinase,0
Caulobacter_vibrioides_NA1000,gene_0636ee2f65a7,0.356,low,sialate o-acetylesterase,sialic acid-specific 9-O-acetylesterase,0
Caulobacter_vibrioides_NA1000,gene_ca71ace20ede,1.0,high,rna polymerase sigma factor rpod,RNA polymerase sigma factor rpoD,1
Caulobacter_vibrioides_NA1000,gene_bd4170765639,0.4009,low,blue-light-activated histidine kinase,PAS-family sensor histidine kinase/receiver protein,0
Caulobacter_vibrioides_NA1000,gene_9b22630dba90,1.0,high,catalase-peroxidase,peroxidase/catalase katG,1
Caulobacter_vibrioides_NA1000,gene_dc643b3abadb,0.461,low,beta-xylosidase,beta-glucosidase/beta-xylosidase,1
Caulobacter_vibrioides_NA1000,gene_97c62b174671,0.378,low,fad:protein fmn transferase,FAD:protein FMN transferase ApbE,1
Caulobacter_vibrioides_NA1000,gene_5eb8a95987bd,0.351,low,molybdenum cofactor guanylyltransferase,molybdopterin-guanine dinucleotide biosynthesis protein A,0
Caulobacter_vibrioides_NA1000,gene_bea19604fa1f,0.5828,moderate,hth-type transcriptional repressor purr,transcriptional regulator xylR,0
Caulobacter_vibrioides_NA1000,gene_d8718ccb0619,0.6517,moderate,dna primase,DNA primase,1
Caulobacter_vibrioides_NA1000,gene_9a05e64310ef,0.5694,moderate,drug efflux pump jefa,major facilitator superfamily transporter,0
Caulobacter_vibrioides_NA1000,gene_076363b685ec,1.0,high,protein translocase subunit seca,protein translocase subunit secA,1
Caulobacter_vibrioides_NA1000,gene_9ff7ea345cf2,0.35,low,Lipoprotein,SH3 domain protein,0
Caulobacter_vibrioides_NA1000,gene_8e07efa94508,0.6373,moderate,dehydrogenase/reductase sdr family member 4 (fragment),3-oxoacyl-(acyl-carrier protein) reductase,0
Caulobacter_vibrioides_NA1000,gene_9840a3ca6898,0.6439,moderate,autoinducer 2 sensor kinase/phosphatase luxq,hybrid sensor histidine kinase/receiver domain protein,0
Caulobacter_vibrioides_NA1000,gene_2a82626d0328,0.349,low,protein adenylyltransferase mj0435,nucleotidyltransferase family protein,0
Caulobacter_vibrioides_NA1000,gene_aab942c7f01e,0.3683,low,multidrug-efflux transporter mt1670,major facilitator superfamily transporter,0
Caulobacter_vibrioides_NA1000,gene_e55337304c97,0.6977,moderate,mercuric resistance operon regulatory protein,MerR-family transcriptional regulator,0
Caulobacter_vibrioides_NA1000,gene_c2e39b5636bb,0.4885,low,nadh-dependent flavin oxidoreductase iccg,NADH-dependent flavin oxidoreductase,1
Caulobacter_vibrioides_NA1000,gene_b5d4ad9846d2,0.35,low,Lipoprotein,peptidyl-prolyl cis-trans isomerase,0
Caulobacter_vibrioides_NA1000,gene_b69ed5db25c8,0.7718,moderate,crotonyl-coa carboxylase/reductase,crotonyl-CoA carboxylase/reductase,1
Caulobacter_vibrioides_NA1000,gene_dbbe555fb1c2,0.5682,moderate,Replication-related protein,2OG-Fe dioxygenase,0
Caulobacter_vibrioides_NA1000,gene_643e2a91e0ed,0.741,moderate,(2s)-methylsuccinyl-coa dehydrogenase,acyl-CoA dehydrogenase,1
Caulobacter_vibrioides_NA1000,gene_132595e396b1,0.35,low,ATPase,DUF2855 family protein,0
Caulobacter_vibrioides_NA1000,gene_006b94578945,0.3389,low,amino-acid metabolite efflux pump,EamA family transporter,0
Caulobacter_vibrioides_NA1000,gene_eabeb0f8174c,0.358,low,sulfite reductase flavoprotein alpha-component,sulfite reductase (NADPH) flavoprotein alpha-component,1
Caulobacter_vibrioides_NA1000,gene_a68b065c179b,0.5506,moderate,unguisins hydrolase ungd,beta-lactamase family protein,0
Caulobacter_vibrioides_NA1000,gene_b80c5813a9b5,0.35,low,Serine protease,TonB-dependent receptor,0
Caulobacter_vibrioides_NA1000,gene_054899a6862e,0.5287,moderate,metallothiol transferase fosb,VOC family protein,0
Caulobacter_vibrioides_NA1000,gene_e78aaf6c1e58,0.338,low,low specificity l-threonine aldolase,low-specificity L-threonine aldolase,1
Caulobacter_vibrioides_NA1000,gene_237b83184b8c,0.35,low,Serine protease,two-component receiver protein CleD,0
Caulobacter_vibrioides_NA1000,gene_aecd544812cb,0.4354,low,epoxide hydrolase,epoxide hydrolase,1
Caulobacter_vibrioides_NA1000,gene_2eeeb537bf4a,1.0,high,adenylosuccinate synthetase,adenylosuccinate synthetase,1
Caulobacter_vibrioides_NA1000,gene_acba49d6241e,0.5456,moderate,l-threo-3-hydroxyaspartate ammonia-lyase,threonine/serine dehydratase,0
Caulobacter_vibrioides_NA1000,gene_673990f3cb52,0.236,speculative,glutathione s-transferase 3,glutathione S-transferase,1
Caulobacter_vibrioides_NA1000,gene_414234a52ae1,0.73,moderate,ethylmalonyl-coa mutase,methylmalonyl-CoA mutase MeaA,1
Caulobacter_vibrioides_NA1000,gene_3f14a0f8898b,0.395,low,3-hydroxy-d-aspartate aldolase,alanine racemase,0
Caulobacter_vibrioides_NA1000,gene_489aab70d406,1.0,high,arginine biosynthesis bifunctional protein argj,bifunctional ornithine acetyltransferase/N-acetylglutamate synthase,0
Caulobacter_vibrioides_NA1000,gene_73bfe562d7d3,1.0,high,rna polymerase sigma factor rpoh,RNA polymerase sigma factor RpoH,1
Caulobacter_vibrioides_NA1000,gene_5b910a0c7938,1.0,high,flagellum-specific atp synthase,flagellar protein export ATPase FliL,0
Caulobacter_vibrioides_NA1000,gene_a125fd7f2a16,0.6239,moderate,pyridine nucleotide-disulfide oxidoreductase domain-containing protein 2,NAD(P)/FAD-dependent oxidoreductase,0
Caulobacter_vibrioides_NA1000,gene_02d38a8493bf,0.35,low,Lipoprotein,ARO8 family aminotransferase/HTH DNA-binding protein,0
Caulobacter_vibrioides_NA1000,gene_a43277eda279,0.5983,moderate,sensor protein gacs,hybrid sensor histidine kinase/receiver domain protein,0
Caulobacter_vibrioides_NA1000,gene_057bb61090b0,0.9485,high,Replication-related protein,L-Ala-D/L-Glu racemase,0
Caulobacter_vibrioides_NA1000,gene_ec63b8979489,0.717,moderate,Metabolism-related protein,TPR repeat sulfotransferase family protein,0
Caulobacter_vibrioides_NA1000,gene_0c8c076a26b6,0.35,low,ATP/GTP binding protein,Metallo-dependent hydrolase,0
Caulobacter_vibrioides_NA1000,gene_95ac27373426,0.5683,moderate,gamma-glutamylputrescine synthetase puua,glutamine synthetase,0
Caulobacter_vibrioides_NA1000,gene_ab23535d8e1e,0.95,high,antitoxin relb4,anti-toxin protein relB-4,0
Caulobacter_vibrioides_NA1000,gene_aa00aedf4691,1.0,high,toxin rele4,toxin protein relE4,1
Caulobacter_vibrioides_NA1000,gene_4b845d1e00d0,0.396,low,arginine/agmatine antiporter,basic amino acid/polyamine antiporter (APA) family transporter,0
Caulobacter_vibrioides_NA1000,gene_b91c4644215a,0.4519,low,gamma-glutamyl-gamma-aminobutyrate hydrolase,gamma-glutamyl-gamma-aminobutyrate hydrolase family protein,1
Caulobacter_vibrioides_NA1000,gene_7b97b9880dc7,0.597,moderate,l-serine dehydratase,L-serine dehydratase,1
Caulobacter_vibrioides_NA1000,gene_8b1284562d57,0.4966,low,spermidine/putrescine transport system permease protein potc,spermidine/putrescine transport system permease protein potC,1
Caulobacter_vibrioides_NA1000,gene_59831053d334,0.7887,moderate,spermidine/putrescine import atp-binding protein pota,spermidine/putrescine transport ATP-binding protein potA,1
Caulobacter_vibrioides_NA1000,gene_9f987380ea23,0.4779,low,spermidine/putrescine transport system permease protein potb,"ABC-type spermidine/putrescine transport system, permease component II",1
Caulobacter_vibrioides_NA1000,gene_fa14774ddd0e,0.349,low,putrescine-binding periplasmic protein potf,spermidine/putrescine-binding protein,1
Caulobacter_vibrioides_NA1000,gene_6c04d69ce832,0.5938,moderate,glutamate--isopropylamine ligase,glutamine synthetase,0
Caulobacter_vibrioides_NA1000,gene_bba23d6ca974,0.3175,low,oxidoreductase ordl,FAD dependent oxidoreductase,0
Caulobacter_vibrioides_NA1000,gene_56c9d58aa1b9,0.363,low,carnitine monooxygenase oxygenase subunit,"ring hydroxylating dioxygenase, alpha-subunit",0
Caulobacter_vibrioides_NA1000,gene_4259c616eb5a,0.35,low,Serine protease,DUF2332 family protein,0
Caulobacter_vibrioides_NA1000,gene_8efff8cfcfb3,0.8736,high,Phage Lysis-related protein,periplasmic multidrug efflux lipoprotein precursor,0
Caulobacter_vibrioides_NA1000,gene_e07fc0e2587c,0.98,high,omega-aminotransferase,beta alanine-pyruvate transaminase,0
Caulobacter_vibrioides_NA1000,gene_11be54019f39,0.528,moderate,methyl-accepting chemotaxis serine transducer,methyl-accepting chemotaxis protein,1
Caulobacter_vibrioides_NA1000,gene_9570234efdfd,0.493,low,glutamate-1-semialdehyde 2,"glutamate-1-semialdehyde 2,1-aminomutase",1
Caulobacter_vibrioides_NA1000,gene_965466e25cc0,0.35,low,Serine protease,TonB-dependent receptor,0
Caulobacter_vibrioides_NA1000,gene_e8c2bbe8b20d,0.3833,low,sensor histidine kinase ssra,two-component receiver protein CleE,0
Caulobacter_vibrioides_NA1000,gene_b14d13678caf,0.269,speculative,6-carboxy-5,queuosine biosynthesis protein QueD,0
Caulobacter_vibrioides_NA1000,gene_755c428f535b,0.3815,low,hth-type transcriptional regulator beti,TetR-family transcriptional regulator,1
Caulobacter_vibrioides_NA1000,gene_574d23bb5a5e,0.4533,low,pectate lyase c,pectate lyase,1
Caulobacter_vibrioides_NA1000,gene_a7aa3b620b6a,0.7684,moderate,nadp/nad-dependent aldehyde dehydrogenase puuc,NADP+-dependent gamma-glutamyl-gamma-aminobutyraldehyde dehydrogenase,0
Caulobacter_vibrioides_NA1000,gene_566106069297,0.471,low,transcription factor skn7,CBS pair-family sensor histidine kinase/receiver domain protein,0
Caulobacter_vibrioides_NA1000,gene_b4491e9e2e24,0.879,high,glucokinase-like protein cc_3167,glucokinase,1
Caulobacter_vibrioides_NA1000,gene_7de334c4cf01,1.0,high,chorismate synthase,chorismate synthase,1
Caulobacter_vibrioides_NA1000,gene_34a993078d07,0.6669,moderate,leucine-responsive regulatory protein,AsnC-family transcriptional regulator,0
Caulobacter_vibrioides_NA1000,gene_80304973446b,0.4482,low,blue-light-activated histidine kinase,two-component sensor histidine kinase,0
Caulobacter_vibrioides_NA1000,gene_9f358b5ce535,0.8661,high,l-methionine gamma-lyase,methionine gamma-lyase,1
Caulobacter_vibrioides_NA1000,gene_ccf4a9aa58fb,0.4174,low,amylovoran biosynthesis glycosyltransferase amsk,glycosyltransferase,1
Caulobacter_vibrioides_NA1000,gene_cb2b110748b7,0.6142,moderate,cyclohexanol dehydrogenase,SDR family oxidoreductase,0
Caulobacter_vibrioides_NA1000,gene_04081c260275,1.0,high,7-cyano-7-deazaguanine synthase,queuosine biosynthesis protein QueC,0
Caulobacter_vibrioides_NA1000,gene_3877303b58af,0.7354,moderate,Transcription-related protein,Lrp-family transcriptional regulator,0
Caulobacter_vibrioides_NA1000,gene_1044e8226c70,1.0,high,pirin-like protein cc_3178,pirin family protein,1
Caulobacter_vibrioides_NA1000,gene_472da4a110ac,0.4137,low,iron and copper transporter iact,TonB-dependent receptor,0
Caulobacter_vibrioides_NA1000,gene_8edd672a5c0f,0.9624,high,7-carboxy-7-deazaguanine synthase,queuosine biosynthesis protein QueE,0
Caulobacter_vibrioides_NA1000,gene_4c2f0f94250d,0.427,low,glycerophosphodiester phosphodiesterase 1,glycerophosphoryl diester phosphodiesterase,0
Caulobacter_vibrioides_NA1000,gene_e90c5d9d4116,0.35,low,ATPase,WecE-family pyridoxal phosphate-dependent enzyme,0
Caulobacter_vibrioides_NA1000,gene_452bdd1ca35e,1.0,high,Replication-related protein,NAD-dependent succinate-semialdehyde dehydrogenase,0
Caulobacter_vibrioides_NA1000,gene_298cc073a1a1,0.583,moderate,peroxisomal bifunctional enzyme,multifunctional fatty acid oxidation complex subunit alpha FadJ,0
Caulobacter_vibrioides_NA1000,gene_5aa7c3a6e91c,0.724,moderate,l-2-hydroxyglutarate dehydrogenase,NAD(P)/FAD-dependent oxidoreductase,0
Caulobacter_vibrioides_NA1000,gene_e38806f7fcf3,0.9487,high,Replication-related protein,aspartate aminotransferase family protein,0
Caulobacter_vibrioides_NA1000,gene_99dc0ad0a297,0.4943,low,pyoverdine export outer membrane protein opmq,TolC-family outer membrane protein,0
Caulobacter_vibrioides_NA1000,gene_398647ef00ab,1.0,high,adenine deaminase,adenosine deaminase,0
Caulobacter_vibrioides_NA1000,gene_ce791c77f03e,0.374,low,nodulation protein nolg,efflux RND transporter permease subunit,0
Caulobacter_vibrioides_NA1000,gene_5bc75047001f,1.0,high,elongation factor tu,translation elongation factor Tu (EF-TU),1
Caulobacter_vibrioides_NA1000,gene_e983c74b43fe,1.0,high,small ribosomal subunit protein us7,SSU ribosomal protein S7P,0
Caulobacter_vibrioides_NA1000,gene_16cca25c9e0f,1.0,high,small ribosomal subunit protein us12,SSU ribosomal protein S12P,0
Caulobacter_vibrioides_NA1000,gene_8af6303af90c,0.4834,low,acyltransferase,homoserine O-acetyltransferase metX1,0
Caulobacter_vibrioides_NA1000,gene_f988064dc52d,1.0,high,elongation factor g,translation elongation factor G (EF-G),1
Caulobacter_vibrioides_NA1000,gene_26158c43310a,0.6517,moderate,flavodoxin/ferredoxin--nadp reductase,ferredoxin-NADP reductase,1
Caulobacter_vibrioides_NA1000,gene_000725e06d7e,0.824,high,transcription termination/antitermination protein nusg,transcription antitermination protein NusG,1
Caulobacter_vibrioides_NA1000,gene_22bf368c6248,0.4746,low,sensor histidine kinase arus,PAS-family sensor histidine kinase,1
Caulobacter_vibrioides_NA1000,gene_3aeb753d9b1d,0.5685,moderate,fatty acid-- ligase scoc,long-chain-fatty-acid--CoA ligase,1
Caulobacter_vibrioides_NA1000,gene_025536f7a531,0.408,low,colicin i receptor,TonB-dependent outer membrane receptor,0
Caulobacter_vibrioides_NA1000,gene_aa51d9a0aade,0.95,high,protein imub,DNA polymerase Y-family protein ImuB,1
Caulobacter_vibrioides_NA1000,gene_c9b527cfd414,0.6652,moderate,d-3-phosphoglycerate dehydrogenase,D-3-phosphoglycerate dehydrogenase,1
Caulobacter_vibrioides_NA1000,gene_01b8b22a6cb9,0.473,low,capsular polysaccharide biosynthesis protein capd,"UDP-N-acetylglucosamine 4,6-dehydratase/UDP-D-quinovosamine 4-dehydrogenase",0
Caulobacter_vibrioides_NA1000,gene_e9cc62bdd4f1,0.5879,moderate,dihydropteroate synthase,dihydropteroate synthase,1
Caulobacter_vibrioides_NA1000,gene_187a2eaada24,1.0,high,error-prone dna polymerase,DNA polymerase III alpha subunit DnaE2/ImuC,0
Caulobacter_vibrioides_NA1000,gene_4d93aa8fa968,0.6303,moderate,sensor histidine kinase arus,two-component sensor histidine kinase,1
Caulobacter_vibrioides_NA1000,gene_c0ba4d02185c,0.681,moderate,trna(ile)-lysidine synthase,PP-loop family ATPase,0
Caulobacter_vibrioides_NA1000,gene_ff65b69ddcf0,0.7093,moderate,phosphoserine aminotransferase,phosphoserine aminotransferase,1
Caulobacter_vibrioides_NA1000,gene_8effca237dda,0.8669,high,peptidoglycan-associated lipoprotein,peptidoglycan-associated lipoprotein pal,1
Caulobacter_vibrioides_NA1000,gene_3b9e599f14f5,0.4354,low,molybdopterin molybdenumtransferase 2,molybdopterin biosynthesis MoeA protein,0
Caulobacter_vibrioides_NA1000,gene_84b93ada1483,1.0,high,atp-dependent zinc metalloprotease ftsh,cell division protein FtsH,0
Caulobacter_vibrioides_NA1000,gene_e9ee0b615da2,0.445,low,biopolymer transport protein exbb,TolQ protein,0
Caulobacter_vibrioides_NA1000,gene_7ec3c90fc00f,0.6505,moderate,acyl-coa thioester hydrolase ybgc,tol-pal system-associated acyl-CoA thioesterase,0
Caulobacter_vibrioides_NA1000,gene_fc3b94902302,0.8902,high,Metabolism-related protein,Acetyl-CoA carboxylase,0
Caulobacter_vibrioides_NA1000,gene_7ca45a2d0cc3,1.0,high,holliday junction branch migration complex subunit ruvb,Holliday junction DNA helicase RuvB,1
Caulobacter_vibrioides_NA1000,gene_1be38ee0f085,1.0,high,holliday junction branch migration complex subunit ruva,Holliday junction DNA helicase RuvA,1
Caulobacter_vibrioides_NA1000,gene_b208e9e3d57a,1.0,high,crossover junction endodeoxyribonuclease ruvc,crossover junction endodeoxyribonuclease ruvC,1
Caulobacter_vibrioides_NA1000,gene_4ab310f4c0b5,1.0,high,protein imua,ImuA family protein,1
Caulobacter_vibrioides_NA1000,gene_c28e48a7a2d9,0.475,low,blue-light-activated protein,PAS-family sensor histidine kinase,0
Caulobacter_vibrioides_NA1000,gene_2aaecb000581,1.0,high,transcriptional regulatory protein cc_3243,YebC/PmpR transcriptional regulator,0
Caulobacter_vibrioides_NA1000,gene_924c30fbaf0d,0.7909,moderate,Stress Response-related protein,N-acyl-L-amino acid amidohydrolase,0
Caulobacter_vibrioides_NA1000,gene_d31148c7625e,0.508,moderate,biopolymer transport protein exbd,ExbD/TolR family protein,0
Caulobacter_vibrioides_NA1000,gene_081bd518b9e5,0.2212,speculative,5-formyltetrahydrofolate cyclo-ligase,5-formyltetrahydrofolate cyclo-ligase,1
Caulobacter_vibrioides_NA1000,gene_251e55fda1b1,1.0,high,phosphoglycerate kinase,phosphoglycerate kinase,1
Caulobacter_vibrioides_NA1000,gene_914f80e4773c,0.5978,moderate,hydroxymethylpyrimidine/phosphomethylpyrimidine kinase,phosphomethylpyrimidine kinase/hydroxymethylpyrimidine kinase,1
Caulobacter_vibrioides_NA1000,gene_ee996682935c,0.5188,moderate,anti-sigma-f factor nrsf,DUF1109 domain-containing protein,0
Caulobacter_vibrioides_NA1000,gene_81e00fb4109f,0.7563,moderate,ecf rna polymerase sigma factor sigf,ECF-family RNA polymerase sigma factor SigF,1
Caulobacter_vibrioides_NA1000,gene_79deb05933cd,1.0,high,multinuclear non-heme iron-dependent oxidase cc_3255,DUF692 domain-containing protein,0
Caulobacter_vibrioides_NA1000,gene_c7a7d127be73,0.759,moderate,bacterioferritin bfrb,bacterioferritin,1
Caulobacter_vibrioides_NA1000,gene_ebd49da19212,0.8344,high,thiamine-phosphate synthase,thiamine phosphate synthase,1
Caulobacter_vibrioides_NA1000,gene_4bbd84360199,0.9505,high,glyceraldehyde-3-phosphate dehydrogenase,glyceraldehyde 3-phosphate dehydrogenase,1
Caulobacter_vibrioides_NA1000,gene_2ebacc42c37b,1.0,high,inositol-1-monophosphatase,SuhB-family inositol monophosphatase protein,1
Caulobacter_vibrioides_NA1000,gene_3443ec02e783,0.426,low,glycerophosphodiester phosphodiesterase gdpd6,glycerophosphoryl diester phosphodiesterase,0
Caulobacter_vibrioides_NA1000,gene_ed57f30bd784,1.0,high,large ribosomal subunit protein bl31,LSU ribosomal protein L31P,0
Caulobacter_vibrioides_NA1000,gene_112a33ecb69a,1.0,high,upf0260 protein cc_3276,YcgN family cysteine cluster protein,0
Caulobacter_vibrioides_NA1000,gene_5f78d1c8a5fe,0.545,moderate,l-aspartate/glutamate-specific racemase,aspartate racemase,1
Caulobacter_vibrioides_NA1000,gene_22b4b94ca8f6,1.0,high,Regulation-related protein,fructose-bisphosphate aldolase class II,0
Caulobacter_vibrioides_NA1000,gene_2ea3b5df88ba,0.669,moderate,bacitracin transport atp-binding protein bcra,ABC transporter ATP-binding cassette domain protein,0
Caulobacter_vibrioides_NA1000,gene_e38042092c1b,0.787,moderate,n5-carboxyaminoimidazole ribonucleotide mutase,phosphoribosylcarboxyaminoimidazole (NCAIR) mutase,0
Caulobacter_vibrioides_NA1000,gene_f92eaeacedeb,0.431,low,diguanylate cyclase dgcq,GGDEF diguanylate cyclase DgcA,1
Caulobacter_vibrioides_NA1000,gene_d24301105863,0.7159,moderate,mitochondrial potassium channel atp-binding subunit,ABC transporter ATP-binding protein/permease,0
Caulobacter_vibrioides_NA1000,gene_d839d8eea92a,0.6843,moderate,flavin prenyltransferase ubix,UbiX family flavin prenyltransferase,1
Caulobacter_vibrioides_NA1000,gene_7946ce801e4a,0.35,low,ATP/GTP binding protein,RNA polymerase-associated protein TrcR,0
Caulobacter_vibrioides_NA1000,gene_b14fbbb3e314,0.8184,high,Translation-related protein,multimodular transpeptidase-transglycosylase PbpC,0
Caulobacter_vibrioides_NA1000,gene_ac9faf1e3b4b,1.0,high,small ribosomal subunit protein bs21,SSU ribosomal protein S21P,0
Caulobacter_vibrioides_NA1000,gene_8f18b756d02e,0.6088,moderate,Replication-related protein,ABC transporter permease,0
Caulobacter_vibrioides_NA1000,gene_8b2a2b766e11,0.4523,low,transporter efuk,alpha/beta hydrolase family protein,0
Caulobacter_vibrioides_NA1000,gene_cbbd3b71e857,0.3461,low,ecf rna polymerase sigma factor sigj,"RNA polymerase sigma factor, SigJ family",1
Caulobacter_vibrioides_NA1000,gene_53f6b885754d,0.5944,moderate,quinone oxidoreductase pig3,"NAD(P)H quinone oxidoreductase, PIG3 family",1
Caulobacter_vibrioides_NA1000,gene_79723015e2c2,0.7783,moderate,nad(p) transhydrogenase subunit alpha part 1,Re/Si-specific NAD(P)(+) transhydrogenase subunit alpha,1
Caulobacter_vibrioides_NA1000,gene_d6ccdf319618,0.35,low,Lipoprotein,glycosyltransferase family 9 protein,0
Caulobacter_vibrioides_NA1000,gene_a6d92142cb4b,0.5545,moderate,n5-carboxyaminoimidazole ribonucleotide synthase,phosphoribosylaminoimidazole carboxylase ATPase subunit,0
Caulobacter_vibrioides_NA1000,gene_25cfd8881959,0.8733,high,nad(p) transhydrogenase subunit beta,NAD(P)(+) transhydrogenase (Re/Si-specific) subunit beta,1
Caulobacter_vibrioides_NA1000,gene_7cb69a1fd64a,0.35,low,DNA-binding transcription regulator,M3 family oligoendopeptidase,0
Caulobacter_vibrioides_NA1000,gene_dbeb45b881f0,0.9943,high,Replication-related protein,AAA-family response regulator tacA,0
Caulobacter_vibrioides_NA1000,gene_a348c1d88f34,1.0,high,upf0335 protein cc_3319,chromosome binding protein GapR,0
Caulobacter_vibrioides_NA1000,gene_43713993c2f4,1.0,high,large ribosomal subunit protein bl36,LSU ribosomal protein L36P,0
Caulobacter_vibrioides_NA1000,gene_beb4599e2694,0.588,moderate,membrane-bound lytic murein transglycosylase b,membrane-bound lytic murein transglycosylase B,1
Caulobacter_vibrioides_NA1000,gene_8cf57b6658f6,0.4647,low,sensory transduction protein regx3,two-component response regulator,0
Caulobacter_vibrioides_NA1000,gene_318c29c02249,0.3543,low,sensor protein cuts,CHASE sensor histidine kinase,0
Caulobacter_vibrioides_NA1000,gene_b5df27059bfb,0.6154,moderate,protein nucleotidyltransferase ydiu,YdiU family protein,1
Caulobacter_vibrioides_NA1000,gene_80ed89ef8bcd,0.367,low,transposase for insertion sequence element is6501,transposase,1
Caulobacter_vibrioides_NA1000,gene_12eaac24ccc3,0.5,moderate,dd-carboxypeptidase/endopeptidase mpg,M23 family peptidoglycan-specific endopeptidase LdpE,0
Caulobacter_vibrioides_NA1000,gene_76c5413bb8ab,0.5149,moderate,long-chain-fatty-acid--coa ligase 4,feruloyl-CoA synthetase,0
Caulobacter_vibrioides_NA1000,gene_b60e084c5e84,0.35,low,DNA-binding transcription regulator,horizontally transferred transmembrane domain (HTTM) protein,0
Caulobacter_vibrioides_NA1000,gene_dc0fa79566c3,0.3564,low,serine/threonine-protein kinase abka,AarF/ABC1/UbiB kinase family protein,0
Caulobacter_vibrioides_NA1000,gene_87ebf52aa984,0.3172,low,glycogen synthase,glycosyltransferase family 4 protein,0
Caulobacter_vibrioides_NA1000,gene_40334fba9c31,1.0,high,glycine cleavage system h protein,glycine cleavage system H protein,1
Caulobacter_vibrioides_NA1000,gene_a761d9d61635,0.5369,moderate,aminomethyltransferase,glycine cleavage system aminomethyltransferase GcvT,1
Caulobacter_vibrioides_NA1000,gene_7ad71bba93af,0.761,moderate,chemoreceptor y4fa,methyl-accepting chemotaxis protein,0
Caulobacter_vibrioides_NA1000,gene_9bc369c740a3,0.5984,moderate,iron and copper transporter iact,TonB-dependent receptor,0
Caulobacter_vibrioides_NA1000,gene_ff6db830b759,0.8304,high,glycine dehydrogenase (decarboxylating) subunit 2,"glycine cleavage system protein P, C-terminal domain",0
Caulobacter_vibrioides_NA1000,gene_c7df46253217,0.35,low,DNA-binding transcription regulator,"SpoVT-AbrB family transcription factor, phd antitoxin",0
Caulobacter_vibrioides_NA1000,gene_be31d9441cc9,1.0,high,ribonuclease hi,ribonuclease HI,1
Caulobacter_vibrioides_NA1000,gene_98a1fd961e56,0.505,moderate,quinone oxidoreductase 2,triphenylmethane reductase (TMR)-like protein,0
Caulobacter_vibrioides_NA1000,gene_5e83360bb719,0.811,high,Regulation-related protein,transcriptional regulator FtrA,0
Caulobacter_vibrioides_NA1000,gene_4618640b4966,0.4378,low,inner membrane transport permease yadh,ABC transporter permease protein,0
Caulobacter_vibrioides_NA1000,gene_54b03f4a9dcc,0.799,moderate,protein qmca,"membrane protease family, stomatin/prohibitin-like protein",0
Caulobacter_vibrioides_NA1000,gene_80c98c2b309d,1.0,high,arginine--trna ligase,arginyl-tRNA synthetase,0
Caulobacter_vibrioides_NA1000,gene_9e6f1418375c,0.6169,moderate,2-dehydro-3-deoxy-d-gluconate 5-dehydrogenase,gluconate 5-dehydrogenase (Ga5DH)-related protein,1
Caulobacter_vibrioides_NA1000,gene_09fe40f2acbe,0.563,moderate,chemoreceptor y4si,methyl-accepting chemotaxis protein,0
Caulobacter_vibrioides_NA1000,gene_1050dfc70f14,0.6167,moderate,adp-ribose pyrophosphatase,"ADP-ribose pyrophosphatase, nudix family",1
Caulobacter_vibrioides_NA1000,gene_c1d9dcfdf2dc,0.514,moderate,(3as,nitronate monooxygenase,0
Caulobacter_vibrioides_NA1000,gene_5ec189dd6d54,1.0,high,upf0246 protein cc_3385,peroxide stress protein YaaA,0
Caulobacter_vibrioides_NA1000,gene_34cd166365bf,0.4618,low,d-2-hydroxyglutarate dehydrogenase,FAD-binding oxidoreductase,0
Caulobacter_vibrioides_NA1000,gene_50adf8f23256,0.4651,low,threonylcarbamoyl-amp synthase,threonylcarbamoyl-AMP synthase,1
Caulobacter_vibrioides_NA1000,gene_74bec88b1c8a,1.0,high,glycine dehydrogenase (decarboxylating) subunit 1,"glycine cleavage system protein P, N-terminal domain",0
Caulobacter_vibrioides_NA1000,gene_689e8cbd528e,0.5988,moderate,zinc metalloprotease rip2,M50-like Site-2 protease,0
Caulobacter_vibrioides_NA1000,gene_d74ea0f5ce09,0.6191,moderate,cytochrome c oxidase assembly protein ctag,cytochrome c oxidase assembly protein ctaG,1
Caulobacter_vibrioides_NA1000,gene_9f7480f350e2,0.6554,moderate,3-methylmercaptopropionyl-coa dehydrogenase,acyl-CoA dehydrogenase,1
Caulobacter_vibrioides_NA1000,gene_507d9eb50533,0.381,low,upf0312 protein pst_3941,polyisoprenoid-binding protein,0
Caulobacter_vibrioides_NA1000,gene_755352923de4,0.6775,moderate,threonine synthase,threonine synthase,1
Caulobacter_vibrioides_NA1000,gene_0f6970f73015,0.8236,high,glutamate--cysteine ligase,glutamate-cysteine ligase family 2,1
Caulobacter_vibrioides_NA1000,gene_7fa0f1178951,0.7811,moderate,d-beta-hydroxybutyrate dehydrogenase,D-beta-hydroxybutyrate dehydrogenase,1
Caulobacter_vibrioides_NA1000,gene_24f8395ffec8,1.0,high,protoheme ix farnesyltransferase,protoheme IX farnesyltransferase coxE,1
Caulobacter_vibrioides_NA1000,gene_1ad9acf67930,0.7433,moderate,cytochrome c oxidase subunit 2,cytochrome c oxidase polypeptide II coxB,1
Caulobacter_vibrioides_NA1000,gene_dd97966f560d,0.9374,high,Replication-related protein,"multidrug resistance ABC transporter, ATP-binding and permease components",0
Caulobacter_vibrioides_NA1000,gene_fa0d169b3818,0.35,low,DNA-binding transcription regulator,fatty acid desaturase,0
Caulobacter_vibrioides_NA1000,gene_6f1b97b6d613,0.3716,low,ribosomal rna small subunit methyltransferase e,RNA methyltransferase,1
Caulobacter_vibrioides_NA1000,gene_b478f84e79af,0.6088,moderate,cytochrome c oxidase subunit 3,cytochrome c oxidase subunit III coxC,1
Caulobacter_vibrioides_NA1000,gene_9dab598b3701,1.0,high,gamma-glutamyl phosphate reductase,glutamate-5-semialdehyde dehydrogenase,0
Caulobacter_vibrioides_NA1000,gene_90bab954af39,0.8741,high,aldo-keto reductase msmeg_2408/msmei_2347,aldo/keto reductase,1
Caulobacter_vibrioides_NA1000,gene_b5f6c0fd4331,0.5446,moderate,ribosomal silencing factor rsfs,ribosome silencing factor,1
Caulobacter_vibrioides_NA1000,gene_37de17121753,1.0,high,ribosomal rna large subunit methyltransferase h,rRNA large subunit methyltransferase,1
Caulobacter_vibrioides_NA1000,gene_0c7e5e73000a,0.6092,moderate,gdp-polyphosphate phosphotransferase,polyphosphate kinase 2,0
Caulobacter_vibrioides_NA1000,gene_802e08e44c82,0.7445,moderate,Metabolism-related protein,S41 family peptidase,0
Caulobacter_vibrioides_NA1000,gene_5bfb7d7b6272,0.8201,high,nicotinate-nucleotide adenylyltransferase,nicotinate-nucleotide adenylyltransferase,1
Caulobacter_vibrioides_NA1000,gene_adbdec2076c7,0.798,moderate,guanidinium exporter,multidrug efflux system protein,0
Caulobacter_vibrioides_NA1000,gene_dbbad8ad7eaf,0.9444,high,atp synthase epsilon chain,ATP synthase epsilon chain,1
Caulobacter_vibrioides_NA1000,gene_a98d1c93d98d,1.0,high,atp synthase gamma chain,ATP synthase gamma chain,1
Caulobacter_vibrioides_NA1000,gene_00b7ef439fa3,1.0,high,atp synthase subunit alpha,ATP synthase alpha chain,1
Caulobacter_vibrioides_NA1000,gene_3adf01cc1ad0,0.35,low,Lipoprotein,LemA family protein,0
Caulobacter_vibrioides_NA1000,gene_26dcba471285,0.264,speculative,upf0603 protein ygcg,YgcG family protein,1
Caulobacter_vibrioides_NA1000,gene_6abe3747ff43,1.0,high,rna pyrophosphohydrolase,RNA pyrophosphohydrolase,1
Caulobacter_vibrioides_NA1000,gene_00313198bd57,1.0,high,atp synthase subunit beta,ATP synthase beta chain,1
Caulobacter_vibrioides_NA1000,gene_4b9e99ac8840,0.7187,moderate,4-hydroxybenzoate polyprenyltransferase,4-hydroxybenzoate polyprenyltransferase,1
Caulobacter_vibrioides_NA1000,gene_0f76978b4f7f,1.0,high,atp synthase subunit delta,ATP synthase delta chain,1
Caulobacter_vibrioides_NA1000,gene_d031659a9295,0.638,moderate,pyrroloquinoline quinone transporter,TonB-dependent receptor,0
Caulobacter_vibrioides_NA1000,gene_967d03eba239,0.5692,moderate,threonine/homoserine exporter rhta,DMT family transporter,0
Caulobacter_vibrioides_NA1000,gene_ca3eb6a899d2,0.3058,low,acyl-coa dehydrogenase yngj,acyl-CoA dehydrogenase,1
Caulobacter_vibrioides_NA1000,gene_b63b81542ec3,0.419,low,chemotaxis protein chey-3,chemotaxis receiver domain protein CheYIV,0
Caulobacter_vibrioides_NA1000,gene_ebe3c65cb771,0.7377,moderate,dna polymerase i,DNA polymerase I,1
Caulobacter_vibrioides_NA1000,gene_01a7846ce94e,0.35,low,Lipoprotein,entericidin A/B family lipoprotein,1
Caulobacter_vibrioides_NA1000,gene_ff6268e7f22d,0.3197,low,sensor histidine kinase pdtas,two-component sensor histidine kinase PhyK,1
Caulobacter_vibrioides_NA1000,gene_fb27093e0f25,0.396,low,pesticin receptor,TonB-dependent receptor,0
Caulobacter_vibrioides_NA1000,gene_aa3a97e2f9d9,0.7383,moderate,phyllosphere-induced regulator phyr,anti-anti sigma factor/receiver protein PhyR,0
Caulobacter_vibrioides_NA1000,gene_bcfe951d62a3,0.4944,low,atp-dependent dna helicase recq,ATP-dependent DNA helicase recQ,1
Caulobacter_vibrioides_NA1000,gene_955532523af5,0.8693,high,nad-dependent protein deacylase,NAD-dependent deacylase,1
Caulobacter_vibrioides_NA1000,gene_7c0180bb737c,0.8688,high,Metabolism-related protein,"3'(2'),5'-bisphosphate nucleotidase CysQ",0
Caulobacter_vibrioides_NA1000,gene_021662c7d681,0.35,low,Lipoprotein,CAAX amino terminal protease family,0
Caulobacter_vibrioides_NA1000,gene_4471613c08bc,0.8855,high,aspartate-semialdehyde dehydrogenase,aspartate-semialdehyde dehydrogenase,1
Caulobacter_vibrioides_NA1000,gene_2c0cf408ad88,0.9216,high,sensor protein divl,two-component sensor histidine kinase DivL,1
Caulobacter_vibrioides_NA1000,gene_f50348a2e9f5,0.6077,moderate,thiol s-methyltransferase tmt1b,S-adenosylmethionine-dependent methyltransferase,0
Caulobacter_vibrioides_NA1000,gene_c6c92ec2bcfb,0.4588,low,ecf rna polymerase sigma factor ecfg,RNA polymerase EcfG family sigma factor sigT,1
Caulobacter_vibrioides_NA1000,gene_bf7b02cf6933,0.6546,moderate,outer membrane lipoprotein blc,lipocalin family protein,0
Caulobacter_vibrioides_NA1000,gene_aeb0bd4c98f0,0.492,low,3-hydroxybutyryl-coa dehydratase,MaoC family dehydratase,0
Caulobacter_vibrioides_NA1000,gene_25513e2b23aa,0.4592,low,upf0073 inner membrane protein yqfa,hemolysin III-related membrane protein,0
Caulobacter_vibrioides_NA1000,gene_d4f6267b0f28,0.4614,low,ribonucleoside-diphosphate reductase large subunit,ribonucleoside-diphosphate reductase alpha chain,1
Caulobacter_vibrioides_NA1000,gene_c431d7cef55d,0.3678,low,phosphoethanolamine n-methyltransferase 1,methyltransferase,1
Caulobacter_vibrioides_NA1000,gene_febe042173af,0.6856,moderate,cytochrome c oxidase assembly factor sco2,SCO1/SenC family protein,0
Caulobacter_vibrioides_NA1000,gene_a2abaf899a0f,0.622,moderate,3-ketoacyl-coa thiolase,acetyl-CoA C-acyltransferase,0
Caulobacter_vibrioides_NA1000,gene_411fcbacfffe,0.35,low,Lipoprotein,AraC-family transcriptional regulator,0
Caulobacter_vibrioides_NA1000,gene_46f13ac69feb,0.35,low,Lipoprotein,PiuB-related membrane protein,0
Caulobacter_vibrioides_NA1000,gene_e2b245625d16,0.479,low,endothelin-converting enzyme 1,zinc metalloprotease,0
Caulobacter_vibrioides_NA1000,gene_b4c0c12c080f,0.314,low,beta-lactamase,beta-lactamase family protein,1
Caulobacter_vibrioides_NA1000,gene_3013d257c01f,0.881,high,histidine--trna ligase,histidyl-tRNA synthetase,0
Caulobacter_vibrioides_NA1000,gene_c7c01f133cc8,1.0,high,dna replication inhibitor toxin socb,DNA replication inhibitor toxin SocB,1
Caulobacter_vibrioides_NA1000,gene_b11cc7ce52cc,0.4599,low,hth-type transcriptional regulator dgdr,transcriptional regulator CztR,1
Caulobacter_vibrioides_NA1000,gene_05eb4607b701,1.0,high,atp phosphoribosyltransferase,ATP phosphoribosyltransferase,1
Caulobacter_vibrioides_NA1000,gene_d8c5a18fccf9,0.28,speculative,inorganic triphosphatase,inorganic triphosphatase,1
Caulobacter_vibrioides_NA1000,gene_78460ba26a25,0.6177,moderate,k(+) efflux antiporter 1,cation:proton antiporter,0
Caulobacter_vibrioides_NA1000,gene_99441dfbcb01,0.7107,moderate,ferredoxin reductase ctmf,phenylpropionate dioxygenase ferredoxin reductase subunit,1
Caulobacter_vibrioides_NA1000,gene_cbff420db287,1.0,high,biotin synthase,biotin synthase,1
Caulobacter_vibrioides_NA1000,gene_9f3835d8dbcf,0.9701,high,succinate dehydrogenase flavoprotein subunit,succinate dehydrogenase flavoprotein subunit,1
Caulobacter_vibrioides_NA1000,gene_f6941defeb27,0.3763,low,chemotaxis protein methyltransferase 1,chemotaxis protein methyltransferase CheRIII,1
Caulobacter_vibrioides_NA1000,gene_d62466820807,0.35,low,Lipoprotein,MecR1 antirepressor protein,0
Caulobacter_vibrioides_NA1000,gene_a23d7805b3ce,0.7488,moderate,afg1-like atpase,cell division protein ZapE,0
Caulobacter_vibrioides_NA1000,gene_6d7181de21ea,0.9639,high,succinate dehydrogenase iron-sulfur subunit,succinate dehydrogenase iron-sulfur protein,1
Caulobacter_vibrioides_NA1000,gene_5bc555a0edc6,0.6389,moderate,n-acetylmuramate/n-acetylglucosamine kinase,N-acetylmuramate/N-acetylglucosamine kinase AmgK,1
Caulobacter_vibrioides_NA1000,gene_26de29a0b7ed,1.0,high,2fe-2s ferredoxin,"ferredoxin, 2Fe-2s",1
Caulobacter_vibrioides_NA1000,gene_35d5424161f7,0.7329,moderate,n-acetylmuramate alpha-1-phosphate uridylyltransferase,N-acetylmuramate alpha-1-phosphate uridylyltransferase MurU,1
Caulobacter_vibrioides_NA1000,gene_c804e4c31f3b,0.608,moderate,folylpolyglutamate synthase,folylpolyglutamate synthase/dihydrofolate synthase,1
Caulobacter_vibrioides_NA1000,gene_bf43bdb866f2,1.0,high,acetyl-coenzyme a carboxylase carboxyl transferase subunit beta,acetyl-coenzyme A carboxylase carboxyl transferase subunit beta,1
Caulobacter_vibrioides_NA1000,gene_be71bdaa361f,0.777,moderate,thioredoxin,thioredoxin,1
Caulobacter_vibrioides_NA1000,gene_a4a03855a894,1.0,high,tryptophan synthase beta chain,tryptophan synthase beta chain,1
Caulobacter_vibrioides_NA1000,gene_57afedb89915,0.9492,high,n-(5'-phosphoribosyl)anthranilate isomerase,N-(5'-phosphoribosyl)anthranilate isomerase,1
Caulobacter_vibrioides_NA1000,gene_266b74dd9ac7,1.0,high,protein usg,Usg protein,1
Caulobacter_vibrioides_NA1000,gene_457f920fcd49,0.5138,moderate,atp-dependent helicase/nuclease subunit a,ATP-dependent nuclease subunit A AddA,1
Caulobacter_vibrioides_NA1000,gene_1d18e87c6060,0.8089,high,nadp-dependent malic enzyme,NADP-dependent malic enzyme,1
Caulobacter_vibrioides_NA1000,gene_5a27e71b2b7a,0.6374,moderate,trna threonylcarbamoyladenosine biosynthesis protein tsae,tRNA A37 threonylcarbamoyladenosine biosynthesis protein,1
Caulobacter_vibrioides_NA1000,gene_39e5c94c3058,0.674,moderate,superoxide dismutase,superoxide dismutase,1
Caulobacter_vibrioides_NA1000,gene_ccb71cf8012f,0.7352,moderate,aminoglycoside n(6')-acetyltransferase type 1,GNAT acetyltransferase protein,0
Caulobacter_vibrioides_NA1000,gene_c5728ab6e968,0.5542,moderate,succinyl-coa--d-citramalate coa-transferase,CoA-transferase family III protein,1
Caulobacter_vibrioides_NA1000,gene_62838b575ba9,0.6483,moderate,linearmycin resistance atp-binding protein lnrl,ABC transporter ATP-binding protein,0
Caulobacter_vibrioides_NA1000,gene_35c691a9b761,0.488,low,fumarylpyruvate hydrolase,fumarylacetoacetate hydrolase family protein,0
Caulobacter_vibrioides_NA1000,gene_7d08a9558d06,0.6899,moderate,maleylpyruvate isomerase,maleylpyruvate isomerase,1
Caulobacter_vibrioides_NA1000,gene_784d8cb6c67b,1.0,high,tryptophan synthase alpha chain,tryptophan synthase alpha chain,1
Caulobacter_vibrioides_NA1000,gene_8ff770d20227,0.683,moderate,carbonic anhydrase,carbonic anhydrase,1
Caulobacter_vibrioides_NA1000,gene_529cc69a3182,1.0,high,4-hydroxy-tetrahydrodipicolinate reductase,4-hydroxy-tetrahydrodipicolinate reductase,1
Caulobacter_vibrioides_NA1000,gene_182b2618f53d,0.35,low,Lipoprotein,DUF4142 domain-containing protein,0
Caulobacter_vibrioides_NA1000,gene_b695d13aa44e,0.5571,moderate,3-deoxy-manno-octulosonate cytidylyltransferase,SpsF-family polysaccharide biosynthesis protein,0
Caulobacter_vibrioides_NA1000,gene_b60f9828cdac,0.433,low,mycofactocin precursor peptide peptidase,creatininase family protein,0
Caulobacter_vibrioides_NA1000,gene_6f0dd350a32d,0.8147,high,alanine dehydrogenase,alanine dehydrogenase,1
Caulobacter_vibrioides_NA1000,gene_6a1f795ca362,1.0,high,aldehyde dehydrogenase,aldehyde dehydrogenase,1
Caulobacter_vibrioides_NA1000,gene_1735d751cba7,1.0,high,acetyl-coenzyme a synthetase,acetyl-coenzyme A synthetase,1
Caulobacter_vibrioides_NA1000,gene_dda92a6e809a,0.312,low,penicillin-binding protein 1c,multimodular transpeptidase-transglycosylase PbpZ,0
Caulobacter_vibrioides_NA1000,gene_f4e2a3300f6f,1.0,high,large-conductance mechanosensitive channel,large-conductance mechanosensitive channel,1
Caulobacter_vibrioides_NA1000,gene_2b60bd547361,1.0,high,integration host factor subunit beta,integration host factor beta subunit,1
Caulobacter_vibrioides_NA1000,gene_dc06f12592ad,1.0,high,cytidylate kinase,cytidylate kinase,1
Caulobacter_vibrioides_NA1000,gene_ec5d1ce4cc94,0.5656,moderate,blue-light-activated histidine kinase,PAS-family sensor histidine kinase SkaH,0
Caulobacter_vibrioides_NA1000,gene_92c87455c8cb,0.8218,high,Replication-related protein,Hsp20 family protein,0
Caulobacter_vibrioides_NA1000,gene_469ccf3974db,0.367,low,transposase for insertion sequence element is6501,transposase,1
Caulobacter_vibrioides_NA1000,gene_c11f703fc767,0.5959,moderate,nitrogen regulatory protein,nitrogen regulatory IIA protein,1
Caulobacter_vibrioides_NA1000,gene_53dc9d22f321,0.3471,low,ribosome hibernation promotion factor,ribosome-associated factor Y,1
Caulobacter_vibrioides_NA1000,gene_0bff4dadbc13,1.0,high,3-phosphoshikimate 1-carboxyvinyltransferase,3-phosphoshikimate 1-carboxyvinyltransferase,1
Caulobacter_vibrioides_NA1000,gene_2a2818eceb5f,0.6737,moderate,gdp-mannose pyrophosphatase,nucleotide-sugar pyrophosphatase,0
Caulobacter_vibrioides_NA1000,gene_1f1b8dfd6d18,0.8849,high,abc transporter atp-binding protein azc_3926,LPS export ABC transporter ATP-binding protein,1
Caulobacter_vibrioides_NA1000,gene_560a12be706e,0.35,low,Serine protease,OstA-like protein,0
Caulobacter_vibrioides_NA1000,gene_59a41695a6c8,0.585,moderate,Replication-related protein,ribonuclease D,0
Caulobacter_vibrioides_NA1000,gene_98a152c85b84,0.45,low,Lipoprotein,carbonic anhydrase,0
Caulobacter_vibrioides_NA1000,gene_1718eae78082,1.0,high,undecaprenyl-diphosphatase,undecaprenyl diphosphatase,1
Caulobacter_vibrioides_NA1000,gene_e7062ee22ed9,0.8398,high,Metabolism-related protein,"peptidase, M16 family",0
Caulobacter_vibrioides_NA1000,gene_6e3bf63059fe,0.7379,moderate,small ribosomal subunit protein bs1,SSU ribosomal protein S1P,0
Caulobacter_vibrioides_NA1000,gene_113a229e1a24,0.7563,moderate,udp-2-acetamido-2-deoxy-3-oxo-d-glucuronate aminotransferase,"dTDP-4-amino-4,6-dideoxygalactose transaminase, WecE family",0
Caulobacter_vibrioides_NA1000,gene_418894c56814,0.5476,moderate,dna ligase,ATP-dependent DNA ligase,1
Caulobacter_vibrioides_NA1000,gene_4c9919bc0f02,0.4893,low,dtdp-4-dehydrorhamnose reductase,dTDP-4-dehydrorhamnose reductase,1
Caulobacter_vibrioides_NA1000,gene_3809b309931e,0.47,low,d-glycero-beta-d-manno-heptose-1,HAD family hydrolase,0
Caulobacter_vibrioides_NA1000,gene_b6fe5994fd1b,1.0,high,rna polymerase sigma-54 factor,RNA polymerase sigma-54 factor rpoN,1
Caulobacter_vibrioides_NA1000,gene_e25fef8f8f57,0.464,low,xanthan biosynthesis protein xanb,mannose-1-phosphate guanylyltransferase,0
Caulobacter_vibrioides_NA1000,gene_a928eb0abe47,1.0,high,transaldolase,fructose-6-phosphate aldolase,0
Caulobacter_vibrioides_NA1000,gene_5ee4c6183514,0.9317,high,Replication-related protein,transketolase,0
Caulobacter_vibrioides_NA1000,gene_1f58378377a4,0.2537,speculative,nadh dehydrogenase 1 alpha subcomplex subunit 9,NADH-ubiquinone oxidoreductase subunit,0
Caulobacter_vibrioides_NA1000,gene_897666a2ae96,1.0,high,upf0235 protein cc_3622,YggU superfamily protein,0
Caulobacter_vibrioides_NA1000,gene_972d886b662a,0.8391,high,glutamine-dependent nad(+) synthetase,glutamine-dependent NAD synthetase,1
Caulobacter_vibrioides_NA1000,gene_00e425163d73,0.43,low,type ii nicking enzyme v.xoriip,very short patch repair endonuclease,0
Caulobacter_vibrioides_NA1000,gene_cf8919419310,0.657,moderate,o-acetylserine sulfhydrylase,cysteine synthase,0
Caulobacter_vibrioides_NA1000,gene_99f4f61a350a,0.399,low,autoinducer 2 sensor kinase/phosphatase luxq,hybrid histidine kinase/receiver domain protein,0
Caulobacter_vibrioides_NA1000,gene_08b57ed36bd2,0.7085,moderate,Transport-related protein,small-conductance mechanosensitive channel mcsS,0
Caulobacter_vibrioides_NA1000,gene_7bf77d2ab814,0.7864,moderate,glutamate synthase large chain,glutamate synthase (NADPH) large chain GltB,1
Caulobacter_vibrioides_NA1000,gene_9325ee1d3133,0.6873,moderate,glutamate synthase small chain,glutamate synthase (NADPH) small chain GltD,1
Caulobacter_vibrioides_NA1000,gene_353d42dc05d3,0.386,low,mannose-6-phosphate isomerase,phosphomannose isomerase,0
Caulobacter_vibrioides_NA1000,gene_b2247a4caf23,0.5296,moderate,type ii methyltransferase m.nlax,DNA-cytosine methyltransferase,0
Caulobacter_vibrioides_NA1000,gene_0c9a02145d25,0.557,moderate,formyltetrahydrofolate deformylase,formyltetrahydrofolate deformylase,1
Caulobacter_vibrioides_NA1000,gene_27c4186b8122,0.9442,high,Metabolism-related protein,"dTDP-glucose 4,6-dehydratase RfbB",0
Caulobacter_vibrioides_NA1000,gene_1f864568c4a5,0.509,moderate,acetylornithine deacetylase,acetylornithine deacetylase,1
Caulobacter_vibrioides_NA1000,gene_fa218a889310,0.606,moderate,3-hydroxybutyrate-oligomer hydrolase,alpha/beta hydrolase,0
Caulobacter_vibrioides_NA1000,gene_e5474b6daa56,0.619,moderate,dtdp-4-dehydrorhamnose 3,"dTDP-4-dehydrorhamnose 3,5-epimerase",1
Caulobacter_vibrioides_NA1000,gene_470575b09893,0.6667,moderate,l-threonine ammonia-lyase,threonine dehydratase,0
Caulobacter_vibrioides_NA1000,gene_2c8d8fba0446,0.6447,moderate,utp--glucose-1-phosphate uridylyltransferase,UTP-glucose-1-phosphate uridylyltransferase,1
Caulobacter_vibrioides_NA1000,gene_5198a9e48330,0.7201,moderate,epoxyqueuosine reductase,epoxyqueuosine reductase,1
Caulobacter_vibrioides_NA1000,gene_2b66ff894779,1.0,high,ftsz-localized protein a,FtsZ-binding protein FzlA,0
Caulobacter_vibrioides_NA1000,gene_a798216ebb22,1.0,high,bifunctional protein hlde,bifunctional D-glycero-D-manno-heptose-7-phosphate 1-kinase/D-glycero-D-manno-heptose-1-phosphate adenylyltransferase,0
Caulobacter_vibrioides_NA1000,gene_5698846fe643,0.408,low,cation-efflux pump fief,cation efflux family transporter,1
Caulobacter_vibrioides_NA1000,gene_f5ed0b608291,0.6379,moderate,citrate synthase 1,citrate synthase,1
Caulobacter_vibrioides_NA1000,gene_cd074e9c30d0,0.4845,low,citrate synthase,citrate synthase,1
Caulobacter_vibrioides_NA1000,gene_747a2be93c3a,0.527,moderate,acyl-coa thioesterase 2,acyl-CoA thioesterase,1
Caulobacter_vibrioides_NA1000,gene_c2b4eef9b5ed,0.9133,high,ribosome maturation factor rimm,16S rRNA processing protein RimM,0
Caulobacter_vibrioides_NA1000,gene_3f6f67dd9dc2,1.0,high,small ribosomal subunit protein bs16,SSU ribosomal protein S16P,0
Caulobacter_vibrioides_NA1000,gene_12a96215b854,0.972,high,Metabolism-related protein,"signal recognition particle GTPase, SRP",0
Caulobacter_vibrioides_NA1000,gene_a7f9d8456532,1.0,high,malate dehydrogenase,malate dehydrogenase,1
Caulobacter_vibrioides_NA1000,gene_5cd7cda80f4a,0.55,moderate,mesaconyl-coa hydratase,MaoC family dehydratase,0
Caulobacter_vibrioides_NA1000,gene_b9f27e059805,0.523,moderate,(3s)-malyl-coa thioesterase,citrate lyase beta chain/citryl-CoA lyase subunit,0
Caulobacter_vibrioides_NA1000,gene_f9fdb71a6a8d,0.267,speculative,rna 2',2'-5' RNA ligase,1
Caulobacter_vibrioides_NA1000,gene_2356d394df39,0.541,moderate,protein tas,NADP(H)-dependent aldo-keto reductase,0
Caulobacter_vibrioides_NA1000,gene_e7f57fe66ba4,0.975,high,cytochrome c biogenesis atp-binding export protein ccma,cytochrome c biogenesis ATP-binding export protein CcmA,1
Caulobacter_vibrioides_NA1000,gene_50c09da7a648,0.5388,moderate,heme exporter protein b,cytochrome c biogenesis ABC transporter permease component CcmB,0
Caulobacter_vibrioides_NA1000,gene_41dbace77c74,0.35,low,DNA-binding transcription regulator,DMT family transporter,0
Caulobacter_vibrioides_NA1000,gene_c500218719b3,0.829,high,aconitate hydratase a,aconitate hydratase,1
Caulobacter_vibrioides_NA1000,gene_4c3185aab126,0.6022,moderate,heme exporter protein c,heme chaperone heme-lyase,0
Caulobacter_vibrioides_NA1000,gene_724b0a44c6f7,0.579,moderate,thiol:disulfide interchange protein helx,thiol:disulfide interchange protein tlpA,1
Caulobacter_vibrioides_NA1000,gene_e14953845c1a,0.4066,low,transcriptional regulatory protein for hcr operon,MarR-family transcriptional regulator,0
Caulobacter_vibrioides_NA1000,gene_95cb906ec4a6,0.731,moderate,inner membrane-spanning protein ycib,intracellular septation protein,0
Caulobacter_vibrioides_NA1000,gene_a656fb3605ab,0.4658,low,upf0126 membrane protein,TRIC cation channel family protein,0
Caulobacter_vibrioides_NA1000,gene_f19a4c3c599a,1.0,high,Metabolism-related protein,cell division protein FtsY,0
Caulobacter_vibrioides_NA1000,gene_6f24325a4045,0.5844,moderate,3beta-hydroxysteroid dehydrogenase 2,short chain dehydrogenase,0
Caulobacter_vibrioides_NA1000,gene_12863255d5f6,1.0,high,diaminopimelate epimerase,diaminopimelate epimerase,1
Caulobacter_vibrioides_NA1000,gene_4722a21905b1,0.68,moderate,threonylcarbamoyladenosine trna methylthiotransferase mtab,tRNA 2-methylthioadenosine synthase-like protein,0
Caulobacter_vibrioides_NA1000,gene_70620aba436f,0.317,low,transcriptional regulator yqji,PadR-family transcriptional regulator,1
Caulobacter_vibrioides_NA1000,gene_33261cb87902,0.5044,moderate,intermembrane phospholipid transport system binding protein mlad,organic solvent resistance transport system Ttg2C protein,0
Caulobacter_vibrioides_NA1000,gene_12adb1b5cdf0,0.6191,moderate,abc transporter permease protein rf_0080,organic solvent resistance transport system permease,0
Caulobacter_vibrioides_NA1000,gene_50c96aed41b9,0.6907,moderate,ribonucleotide transport atp-binding protein mkl,organic solvent resistance transport system ATP-binding protein,0
Caulobacter_vibrioides_NA1000,gene_42fe82fc521a,1.0,high,alkyl hydroperoxide reductase ahpd,AhpD-family alkylhydroperoxidase,0
Caulobacter_vibrioides_NA1000,gene_27002df59c02,0.529,moderate,dipeptidyl carboxypeptidase,peptidyl-dipeptidase DCP,0
Caulobacter_vibrioides_NA1000,gene_edfa397e82db,0.94,high,glutamate racemase,glutamate racemase,1
Caulobacter_vibrioides_NA1000,gene_55d805fdf836,0.35,low,Serine protease,LolA-family outer membrane lipoprotein carrier protein,0
Caulobacter_vibrioides_NA1000,gene_9eb6688720c3,0.5426,moderate,dna-(apurinic or apyrimidinic site) endonuclease,exodeoxyribonuclease III,0
Caulobacter_vibrioides_NA1000,gene_be2e08f72b9a,1.0,high,dna translocase ftsk,cell division protein FtsK,0
Caulobacter_vibrioides_NA1000,gene_4af2ebaa1cf4,1.0,high,formamidopyrimidine-dna glycosylase,formamidopyrimidine-DNA glycosylase,1
Caulobacter_vibrioides_NA1000,gene_c52d370ff132,1.0,high,ubiquinone/menaquinone biosynthesis c-methyltransferase ubie,ubiquinone/menaquinone biosynthesis methyltransferase UbiE,1
Caulobacter_vibrioides_NA1000,gene_198bd302341d,0.6152,moderate,protein kinase ubib,2-polyprenylphenol 6-hydroxylase accessory protein UbiB,0
Caulobacter_vibrioides_NA1000,gene_69877c65c868,0.35,low,Lipoprotein,pyocin large subunit family protein,0
Caulobacter_vibrioides_NA1000,gene_115b6cb05607,0.5512,moderate,coenzyme a biosynthesis bifunctional protein coabc,bifunctional phosphopantothenoylcysteine decarboxylase/phosphopantothenate synthase,0
Caulobacter_vibrioides_NA1000,gene_84a9372629b5,1.0,high,deoxyuridine 5'-triphosphate nucleotidohydrolase,deoxyuridine 5'-triphosphate nucleotidohydrolase,1
Caulobacter_vibrioides_NA1000,gene_3b00d6825932,0.6478,moderate,multidrug export protein emra,HlyD family secretion protein,0
Caulobacter_vibrioides_NA1000,gene_a47b1f857450,0.5648,moderate,multidrug export protein emrb,major facilitator superfamily transporter,0
Caulobacter_vibrioides_NA1000,gene_aede294d375a,0.7703,moderate,enoyl- reductase 2,enoyl-(acyl-carrier protein) reductase FabI,1
Caulobacter_vibrioides_NA1000,gene_eca053527e37,0.4464,low,udp-n-acetylglucosamine--peptide n-acetylglucosaminyltransferase sec,tetratricopeptide repeat family protein,0
Caulobacter_vibrioides_NA1000,gene_f53676c0d59a,0.7302,moderate,3-oxoacyl- synthase 1,3-oxoacyl-(acyl-carrier-protein) synthase,1
Caulobacter_vibrioides_NA1000,gene_e4d6f3585080,1.0,high,3-hydroxydecanoyl- dehydratase,3-hydroxydecanoyl-(acyl-carrier-protein) dehydratase,1
Caulobacter_vibrioides_NA1000,gene_a4888da3361a,0.7148,moderate,glyoxylate reductase,gluconate 2-dehydrogenase/glyoxylate reductase/hydroxypyruvate reductase,1
Caulobacter_vibrioides_NA1000,gene_f5f2e0b39822,0.6099,moderate,succinyl-coa:acetate coa-transferase,succinyl-CoA:coenzyme A transferase,1
Caulobacter_vibrioides_NA1000,gene_7268b43c012c,0.8179,high,Metabolism-related protein,S9 family peptidase,0
Caulobacter_vibrioides_NA1000,gene_2784d44ed183,0.5993,moderate,sulfur carrier protein adenylyltransferase,molybdopterin biosynthesis protein MoeB,0
Caulobacter_vibrioides_NA1000,gene_99fadf0acfad,1.0,high,atp-dependent protease subunit hslv,ATP-dependent endopeptidase hsl proteolytic subunit HslV,1
Caulobacter_vibrioides_NA1000,gene_6e3d8d354590,1.0,high,atp-dependent protease atpase subunit hslu,ATP-dependent endopeptidase hsl ATP-binding subunit HslU,1
Caulobacter_vibrioides_NA1000,gene_f7405b302c2f,0.7342,moderate,bifunctional transcriptional activator/dna repair enzyme ada,ADA regulatory protein/O6-methylguanine-DNA methyltransferase,0
Caulobacter_vibrioides_NA1000,gene_a6d2d4a78d48,0.732,moderate,endonuclease iii,endonuclease III,1
Caulobacter_vibrioides_NA1000,gene_103c15faea0c,0.232,speculative,cycloserine biosynthesis protein dcsg,ATP-grasp domain protein,0
Caulobacter_vibrioides_NA1000,gene_584fa027c361,1.0,high,imidazoleglycerol-phosphate dehydratase,imidazoleglycerol-phosphate dehydratase,1
Caulobacter_vibrioides_NA1000,gene_4f6de5524fea,1.0,high,1-(5-phosphoribosyl)-5- imidazole-4-carboxamide isomerase,phosphoribosylformimino-5-aminoimidazole carboxamide ribonucleotide isomerase,0
Caulobacter_vibrioides_NA1000,gene_da1007dd2880,1.0,high,imidazole glycerol phosphate synthase subunit hisf,"imidazole glycerol phosphate synthase, cyclase subunit",1
Caulobacter_vibrioides_NA1000,gene_5c2a2ec47b77,1.0,high,phosphoribosyl-atp pyrophosphatase,phosphoribosyl-ATP pyrophosphatase,1
Caulobacter_vibrioides_NA1000,gene_dbf0b9779062,0.35,low,Lipoprotein,membrane-bound lytic murein transglycosylase A,0
Caulobacter_vibrioides_NA1000,gene_62eb75eafe3a,0.95,high,tim44-like protein tima,Tim44-like domain protein,1
Caulobacter_vibrioides_NA1000,gene_03ceed6d519d,1.0,high,protein-export protein secb,protein translocase subunit secB,0
Caulobacter_vibrioides_NA1000,gene_c06f987ba0e9,0.4906,low,transcriptional regulatory protein walr,two-component response regulator cenR,0
Caulobacter_vibrioides_NA1000,gene_dcfc8f1ac1d4,0.442,low,pyridoxal phosphate homeostasis protein,pyridoxal 5'-phosphate dependent enzyme class III,0
Caulobacter_vibrioides_NA1000,gene_0a0b1e8edf21,0.35,low,Lipoprotein,LptE superfamily protein,0
Caulobacter_vibrioides_NA1000,gene_eb6d0aebed71,1.0,high,leucine--trna ligase,leucyl-tRNA synthetase,0
Caulobacter_vibrioides_NA1000,gene_97bb37f08fc0,1.0,high,chromosome-partitioning protein parb,chromosome partitioning protein ParB,1
Caulobacter_vibrioides_NA1000,gene_9645cba3b09c,1.0,high,chromosome partitioning protein para,chromosome partitioning protein ParA,1
Caulobacter_vibrioides_NA1000,gene_ef09202351fe,1.0,high,ribosomal rna small subunit methyltransferase g,methyltransferase GidB,0
Caulobacter_vibrioides_NA1000,gene_4e9ac0ce0737,1.0,high,trna uridine 5-carboxymethylaminomethyl modification enzyme mnmg,tRNA uridine 5-carboxymethylaminomethyl modification enzyme GidA,1
Caulobacter_vibrioides_NA1000,gene_163a6182437c,1.0,high,trna modification gtpase mnme,tRNA (5-carboxymethylaminomethyl-2-thiouridylate) synthase,0
Caulobacter_vibrioides_NA1000,gene_12a68a868750,0.591,moderate,carboxymethylenebutenolidase,carboxymethylenebutenolidase,1
Caulobacter_vibrioides_NA1000,gene_2d9c8dc551b5,0.611,moderate,quinone oxidoreductase,quinone oxidoreductase,1
Caulobacter_vibrioides_NA1000,gene_adff23f18a7d,1.0,high,transcription termination factor rho,transcription termination factor rho,1
Caulobacter_vibrioides_NA1000,gene_fb5d516cc624,0.6436,moderate,protoporphyrinogen ix oxidase,CopD family protein,0
Caulobacter_vibrioides_NA1000,gene_9be2c43f86d6,1.0,high,ferrochelatase,ferrochelatase,1
Caulobacter_vibrioides_NA1000,gene_5b3198beb782,1.0,high,uroporphyrinogen decarboxylase,uroporphyrinogen decarboxylase,1
Listeria_monocytogenes_EGDe,gene_63a1ec26c033,0.9492,high,dna gyrase subunit a,DNA gyrase subunit A,1
Listeria_monocytogenes_EGDe,gene_7ebb2b88916c,0.439,low,diphosphomevalonate decarboxylase,mevalonate diphosphate decarboxylase,0
Listeria_monocytogenes_EGDe,gene_c2cbf8f3459e,0.6454,moderate,Replication-related protein,mevalonate kinase,0
Listeria_monocytogenes_EGDe,gene_fdcf9080db91,0.7456,moderate,quinol oxidase subunit 4,quinol oxidase aa3-600 subunit IV,1
Listeria_monocytogenes_EGDe,gene_55c3e386dbb7,1.0,high,dna replication and repair protein recf,recombination protein F,0
Listeria_monocytogenes_EGDe,gene_1671b8fe15cf,0.477,low,pts system mannose-specific eiic component,PTS fructose transporter subunit IIC,0
Listeria_monocytogenes_EGDe,gene_32cdad932f6e,0.781,moderate,spermidine n(1)-acetyltransferase,spermidine acetyltransferase,1
Listeria_monocytogenes_EGDe,gene_473babb48042,0.7786,moderate,quinol oxidase subunit 3,AA3-600 quinol oxidase subunit III,1
Listeria_monocytogenes_EGDe,gene_b5d10f2e82b1,0.6407,moderate,beta sliding clamp,DNA polymerase III subunit beta,0
Listeria_monocytogenes_EGDe,gene_c05e35df3f93,0.454,low,pts system sorbose-specific eiib component,PTS fructose transporter subunit IIB,0
Listeria_monocytogenes_EGDe,gene_9ac8874556f8,0.8042,high,quinol oxidase subunit 2,AA3-600 quinol oxidase subunit II,1
Listeria_monocytogenes_EGDe,gene_0ac8bb65efff,0.512,moderate,cardiolipin synthase 1,cardiolipin synthase,1
Listeria_monocytogenes_EGDe,gene_eb9e195d18ca,0.9574,high,Metabolism-related protein,beta-glucosidase,0
Listeria_monocytogenes_EGDe,gene_52cb385d6746,1.0,high,chromosomal replication initiator protein dnaa,chromosome replication initiator DnaA,1
Listeria_monocytogenes_EGDe,gene_063097488198,0.5144,moderate,phosphomevalonate kinase,mevalonate kinase,0
Listeria_monocytogenes_EGDe,gene_0241d174f805,0.9956,high,dna gyrase subunit b,DNA gyrase subunit B,1
Listeria_monocytogenes_EGDe,gene_e3071fe6f4f9,1.0,high,upf0309 protein lmo0025,phosphoheptose isomerase,0
Listeria_monocytogenes_EGDe,gene_835a5898a556,0.623,moderate,pf03932 family protein cutc,copper homeostasis protein CutC,0
Listeria_monocytogenes_EGDe,gene_0d015aacbaec,0.5782,moderate,hth-type transcriptional repressor purr,LacI family transcription regulator,0
Listeria_monocytogenes_EGDe,gene_860006d9b4fa,0.3679,low,n-acetylmannosamine kinase,xylose repressor,0
Listeria_monocytogenes_EGDe,gene_d593c664e762,0.236,speculative,pts system sorbose-specific eiia component,PTS fructose transporter subunit IIA,0
Listeria_monocytogenes_EGDe,gene_bd9b44117583,0.393,low,pts system mannose-specific eiid component,PTS mannose transporter subunit IID,0
Listeria_monocytogenes_EGDe,gene_3b5bcd6c13ca,0.4191,low,permease iic component ywba,PTS cellbiose transporter subunit IIC,0
Listeria_monocytogenes_EGDe,gene_3c40bfb2c111,0.616,moderate,agmatine/putrescine antiporter agud,amino acid transporter,0
Listeria_monocytogenes_EGDe,gene_197b377d69f5,0.578,moderate,protein deda,DedA protein,1
Listeria_monocytogenes_EGDe,gene_cead4e2ae124,1.0,high,small ribosomal subunit protein bs6,30S ribosomal protein S6,0
Listeria_monocytogenes_EGDe,gene_844e4a754f81,1.0,high,single-stranded dna-binding protein 1,single-strand binding protein,1
Listeria_monocytogenes_EGDe,gene_d43f5daa0736,1.0,high,small ribosomal subunit protein bs18,30S ribosomal protein S18,0
Listeria_monocytogenes_EGDe,gene_f7bf1e18ece3,1.0,high,agrb-like protein,sensor histidine kinase AgrB,1
Listeria_monocytogenes_EGDe,gene_e6f7bfc54304,1.0,high,agmatine deiminase 1,agmatine deiminase,1
Listeria_monocytogenes_EGDe,gene_8e9aa62fd01f,0.5175,moderate,accessory gene regulator protein a,response regulator,0
Listeria_monocytogenes_EGDe,gene_c7606192b6e1,1.0,high,large ribosomal subunit protein bl9,50S ribosomal protein L9,0
Listeria_monocytogenes_EGDe,gene_c890d5a06907,0.934,high,replicative dna helicase dnac,replicative DNA helicase,1
Listeria_monocytogenes_EGDe,gene_c447c9b36425,0.583,moderate,type vii secretion system extracellular protein a,heat shock protein,0
Listeria_monocytogenes_EGDe,gene_d6a9677327d5,1.0,high,putrescine carbamoyltransferase,putrescine carbamoyltransferase,1
Listeria_monocytogenes_EGDe,gene_99ef31f1f2ff,1.0,high,adenylosuccinate synthetase,adenylosuccinate synthetase,1
Listeria_monocytogenes_EGDe,gene_4fb755327ad9,0.35,low,DNA-binding transcription regulator,histidine kinase,0
Listeria_monocytogenes_EGDe,gene_673b591abf77,1.0,high,agmatine deiminase 2,agmatine deiminase,1
Listeria_monocytogenes_EGDe,gene_f5e6a1a2c2bd,1.0,high,arginine deiminase,arginine deiminase,1
Listeria_monocytogenes_EGDe,gene_8813dafef179,0.7183,moderate,bifunctional transcriptional activator/dna repair enzyme ada,O6-methylguanine-DNA methyltransferase,0
Listeria_monocytogenes_EGDe,gene_02d474ac55bf,0.7725,moderate,2-hydroxyacid dehydrogenase sh0752,phosphoglycerate dehydrogenase,0
Listeria_monocytogenes_EGDe,gene_bdbb5060982a,0.3674,low,2-methylisocitrate lyase,carboxyphosphonoenolpyruvate phosphonomutase,0
Listeria_monocytogenes_EGDe,gene_bb3fc3d4f900,0.3774,low,adp-ribosylarginine hydrolase tri1,dinitrogenase reductase ADP-ribosylation protein,0
Listeria_monocytogenes_EGDe,gene_bd6831c7aeff,0.658,moderate,pts system mannose-specific eiic component,PTS mannose transporter subunit IIC,0
Listeria_monocytogenes_EGDe,gene_bb84c0761c70,0.5428,moderate,nad(p)h nitroreductase ydgi,NADH oxidase,0
Listeria_monocytogenes_EGDe,gene_c4240a8faaca,1.0,high,atp synthase subunit alpha 1,ATP synthase F0F1 subunit alpha,1
Listeria_monocytogenes_EGDe,gene_22cbe4aac454,0.6881,moderate,atp synthase subunit c,ATP synthase subunit C,1
Listeria_monocytogenes_EGDe,gene_1f43a901e87b,1.0,high,atp synthase subunit beta 1,ATP synthase F0F1 subunit beta,1
Listeria_monocytogenes_EGDe,gene_e65ffd52853a,0.7231,moderate,Phage Lysis-related protein,lipase,0
Listeria_monocytogenes_EGDe,gene_e8e9734f6dd4,0.4926,low,mmsab operon regulatory protein,AraC family transcriptional regulator,0
Listeria_monocytogenes_EGDe,gene_bdfc2f51925a,0.5116,moderate,aldo-keto reductase 2,oxidoreductase,0
Listeria_monocytogenes_EGDe,gene_d0def9d2a070,0.4955,low,oligopeptide transport system permease protein appb,peptide ABC transporter permease,0
Listeria_monocytogenes_EGDe,gene_2afefad225e5,0.483,low,oligopeptide-binding protein appa,peptide ABC transporter substrate-binding protein,0
Listeria_monocytogenes_EGDe,gene_1b2f46cbe16a,1.0,high,cell wall protein lmo0130,5'-nucleotidase,0
Listeria_monocytogenes_EGDe,gene_f5232e8838db,0.9761,high,Transcription-related protein,ABC transporter ATP-binding protein,0
Listeria_monocytogenes_EGDe,gene_f4b371a70e8b,0.48,low,dipeptide-binding protein,peptide ABC transporter substrate-binding protein,0
Listeria_monocytogenes_EGDe,gene_0060e7379319,0.7081,moderate,manganese export abc transporter atp-binding/permease protein yknv,ABC transporter ATP-binding protein,1
Listeria_monocytogenes_EGDe,gene_1a36668ef68d,0.8007,high,zinc transport system atp-binding protein adcc,zinc ABC transporter ATP-binding protein,1
Listeria_monocytogenes_EGDe,gene_1aed91730d82,0.4918,low,high-affinity zinc uptake system membrane protein znub,zinc ABC transporter permease,0
Listeria_monocytogenes_EGDe,gene_9039cb78d266,0.7291,moderate,inosine-5'-monophosphate dehydrogenase,inosine 5-monophosphate dehydrogenase,1
Listeria_monocytogenes_EGDe,gene_683dac096128,0.45,low,DNA-binding transcription regulator,phage tail protein,0
Listeria_monocytogenes_EGDe,gene_29cef5fdecde,0.337,low,dna polymerase iii subunit delta',DNA polymerase III subunit delta',1
Listeria_monocytogenes_EGDe,gene_8027e5598551,0.6106,moderate,atp-dependent dna helicase yoaa,ATP-dependent helicase,1
Listeria_monocytogenes_EGDe,gene_c433e93509f5,1.0,high,replication initiation control protein yaba,DNA replication intiation control protein YabA,1
Listeria_monocytogenes_EGDe,gene_e3da81fda166,1.0,high,upf0213 protein lmo0166,GIY-YIG nuclease,0
Listeria_monocytogenes_EGDe,gene_eba287f2289c,0.68,moderate,stage v sporulation protein t,AbrB family transcriptional regulator,0
Listeria_monocytogenes_EGDe,gene_06438eb12380,1.0,high,sugar uptake protein lmo0169,glucose transporter,0
Listeria_monocytogenes_EGDe,gene_fe863f365bdc,0.698,moderate,high-affinity zinc uptake system protein znua,zinc ABC transporter substrate-binding protein,0
Listeria_monocytogenes_EGDe,gene_7234aeb7f37e,1.0,high,methionine--trna ligase,methionyl-tRNA synthetase,0
Listeria_monocytogenes_EGDe,gene_cce17f7bf8fc,0.4467,low,abc transporter permease protein yesp,sugar ABC transporter permease,1
Listeria_monocytogenes_EGDe,gene_7a145f5f48eb,0.4797,low,oligopeptide transport system permease protein appc,peptide ABC transporter permease,0
Listeria_monocytogenes_EGDe,gene_ec0807dd6ff0,0.5794,moderate,Transport-related protein,sugar ABC transporter substrate-binding protein,0
Listeria_monocytogenes_EGDe,gene_1ea5f75de8fc,0.42,low,internalin j,peptidoglycan-binding protein,0
Listeria_monocytogenes_EGDe,gene_58f7ffd6338b,1.0,high,sugar uptake protein lmo0176,glucose transporter,0
Listeria_monocytogenes_EGDe,gene_f750be4070be,0.688,moderate,oligo-1,"oligo-1,6-glucosidase",1
Listeria_monocytogenes_EGDe,gene_9adeaed557a3,0.4453,low,arabinooligosaccharides transport system permease protein araq,sugar ABC transporter permease,0
Listeria_monocytogenes_EGDe,gene_1fe9fb0ef003,0.647,moderate,protein veg,Veg protein,1
Listeria_monocytogenes_EGDe,gene_6bc1298a061e,1.0,high,4-diphosphocytidyl-2-c-methyl-d-erythritol kinase,4-diphosphocytidyl-2-C-methyl-D-erythritol kinase,1
Listeria_monocytogenes_EGDe,gene_54fbdb50a7c2,1.0,high,ribosomal rna small subunit methyltransferase a,dimethyladenosine transferase,0
Listeria_monocytogenes_EGDe,gene_b8c0ccaac46c,0.6627,moderate,purine biosynthesis transcriptional repressor purr,PurR family transcriptional regulator,0
Listeria_monocytogenes_EGDe,gene_8d60518f77d9,0.4196,low,macrolide export atp-binding/permease protein macb,ABC transporter permease,0
Listeria_monocytogenes_EGDe,gene_e600a33900cf,1.0,high,septation protein spovg 1,regulatory protein SpoVG,0
Listeria_monocytogenes_EGDe,gene_29df32d0a8cf,0.335,low,internalin j,internalin,1
Listeria_monocytogenes_EGDe,gene_9c28eafad7bd,1.0,high,bifunctional protein glmu,bifunctional N-acetylglucosamine-1-phosphate uridyltransferase/glucosamine-1-phosphate acetyltransferase,0
Listeria_monocytogenes_EGDe,gene_29f64fd2a3f2,1.0,high,listeriolysin regulatory protein,listeriolysin positive regulatory protein,1
Listeria_monocytogenes_EGDe,gene_1b3a518532c4,1.0,high,1-phosphatidylinositol phosphodiesterase,phosphatidylinositol-specific phospholipase c,0
Listeria_monocytogenes_EGDe,gene_aceac7b9be67,0.8539,high,Metabolism-related protein,alpha-glucosidase,0
Listeria_monocytogenes_EGDe,gene_9d7e78b4a11a,1.0,high,zinc metalloproteinase,Zinc metalloproteinase precursor,1
Listeria_monocytogenes_EGDe,gene_0a3eacda51ec,1.0,high,listeriolysin o,listeriolysin O precursor,1
Listeria_monocytogenes_EGDe,gene_f47fbffde50a,1.0,high,carbohydrate deacetylase,phospho-beta-glucosidase,0
Listeria_monocytogenes_EGDe,gene_80ad0b5322dc,0.95,high,actin assembly-inducing protein,actin-assembly inducing protein precursor,1
Listeria_monocytogenes_EGDe,gene_9f8dfa024e3c,1.0,high,phospholipase c,phospholipase C,1
Listeria_monocytogenes_EGDe,gene_de79625423f6,1.0,high,large ribosomal subunit protein bl25,50S ribosomal protein L25,0
Listeria_monocytogenes_EGDe,gene_161cde533a60,1.0,high,ribose-phosphate pyrophosphokinase 1,ribose-phosphate pyrophosphokinase,1
Listeria_monocytogenes_EGDe,gene_fbceff2ee976,0.7917,moderate,transcription-repair-coupling factor,transcription-repair coupling factor,1
Listeria_monocytogenes_EGDe,gene_1b21fa5e5de7,1.0,high,type iii pantothenate kinase,pantothenate kinase,1
Listeria_monocytogenes_EGDe,gene_bab996eea9cb,0.9502,high,atp-dependent zinc metalloprotease ftsh,cell division protein FtsH,0
Listeria_monocytogenes_EGDe,gene_e172aedcb2e1,0.6389,moderate,dihydropteroate synthase,dihydropteroate synthases,0
Listeria_monocytogenes_EGDe,gene_d3b61e55eba7,0.608,moderate,dihydroneopterin aldolase,dihydroneopterin aldolase,1
Listeria_monocytogenes_EGDe,gene_11443f804181,1.0,high,peptidyl-trna hydrolase,peptidyl-tRNA hydrolase,1
Listeria_monocytogenes_EGDe,gene_fcdc117fe0c7,0.9696,high,cysteine synthase,cysteine synthase,1
Listeria_monocytogenes_EGDe,gene_438125cd9c90,1.0,high,lysine--trna ligase,lysyl-tRNA synthetase,0
Listeria_monocytogenes_EGDe,gene_f891ae8b093c,1.0,high,protein-arginine kinase,ATP:guanido phosphotransferase,0
Listeria_monocytogenes_EGDe,gene_bd9ea2f84cdf,1.0,high,l-lactate dehydrogenase 1,L-lactate dehydrogenase,1
Listeria_monocytogenes_EGDe,gene_27510637c3ab,1.0,high,dna repair protein rada,DNA repair protein RadA,1
Listeria_monocytogenes_EGDe,gene_bed2917f0113,0.7195,moderate,transcriptional regulator ctsr,CtsR family transcriptional regulator,1
Listeria_monocytogenes_EGDe,gene_5a0cae38f648,1.0,high,2-c-methyl-d-erythritol 4-phosphate cytidylyltransferase,2-C-methyl-D-erythritol 4-phosphate cytidylyltransferase,1
Listeria_monocytogenes_EGDe,gene_c5ceebaa1cc1,1.0,high,2-c-methyl-d-erythritol 2,"2-C-methyl-D-erythritol 2,4-cyclodiphosphate synthase",1
Listeria_monocytogenes_EGDe,gene_7c25384f09c5,1.0,high,atp-dependent clp protease atp-binding subunit clpc,endopeptidase Clp ATP-binding chain C,1
Listeria_monocytogenes_EGDe,gene_defd353a532e,0.6363,moderate,serine acetyltransferase,serine O-acetyltransferase,1
Listeria_monocytogenes_EGDe,gene_98887dcab355,1.0,high,33 kda chaperonin,heat shock protein 33,0
Listeria_monocytogenes_EGDe,gene_2aa2ce846ddc,1.0,high,septation protein spovg 2,regulatory protein SpoVG,0
Listeria_monocytogenes_EGDe,gene_07651eb4f8fc,0.725,moderate,protein translocase subunit sece,preprotein translocase subunit SecE,1
Listeria_monocytogenes_EGDe,gene_72a660ee58ea,1.0,high,transcription termination/antitermination protein nusg,transcription antitermination protein NusG,1
Listeria_monocytogenes_EGDe,gene_41696aed5d76,1.0,high,glutamate--trna ligase,glutamyl-tRNA synthetase,0
Listeria_monocytogenes_EGDe,gene_9050ef0ae799,1.0,high,large ribosomal subunit protein ul1,50S ribosomal protein L1,0
Listeria_monocytogenes_EGDe,gene_ea72110ca473,1.0,high,large ribosomal subunit protein ul10,50S ribosomal protein L10,0
Listeria_monocytogenes_EGDe,gene_7f7830568b82,1.0,high,large ribosomal subunit protein bl12,50S ribosomal protein L7/L12,0
Listeria_monocytogenes_EGDe,gene_5d678090e19c,1.0,high,large ribosomal subunit protein ul11,50S ribosomal protein L11,0
Listeria_monocytogenes_EGDe,gene_a5e1c42e569a,0.4077,low,rna polymerase sigma-h factor,RNA polymerase factor sigma-70,1
Listeria_monocytogenes_EGDe,gene_dcf4acf663aa,0.9091,high,Metabolism-related protein,phospho-beta-glucosidase,0
Listeria_monocytogenes_EGDe,gene_0ff2e8d6559a,1.0,high,cysteine--trna ligase,cysteinyl-tRNA synthetase,0
Listeria_monocytogenes_EGDe,gene_0daea2e937c2,1.0,high,internalin h,internalin H,1
Listeria_monocytogenes_EGDe,gene_7628721f5e25,0.655,moderate,internalin a,internalin G,1
Listeria_monocytogenes_EGDe,gene_0a197f2b89d4,1.0,high,dna-directed rna polymerase subunit beta',DNA-directed RNA polymerase subunit beta',1
Listeria_monocytogenes_EGDe,gene_225df30be61d,0.7103,moderate,2-amino-4-hydroxy-6-hydroxymethyldihydropteridine pyrophosphokinase,"7,8-dihydro-6-hydroxymethylpterin pyrophosphokinase",0
Listeria_monocytogenes_EGDe,gene_d55b6c5dac15,1.0,high,dna-directed rna polymerase subunit beta,DNA-directed RNA polymerase subunit beta,1
Listeria_monocytogenes_EGDe,gene_080333404b0a,0.931,high,internalin h,internalin E,1
Listeria_monocytogenes_EGDe,gene_0b8f098d4965,0.4953,low,d-xylose 1-dehydrogenase (nadp(+)),oxidoreductase,0
Listeria_monocytogenes_EGDe,gene_b96b33514669,0.35,low,Lipoprotein,transporter,0
Listeria_monocytogenes_EGDe,gene_eb2fd0be4294,0.6611,moderate,anaerobic ribonucleoside-triphosphate reductase-activating protein,anaerobic ribonucleotide reductase activator protein,0
Listeria_monocytogenes_EGDe,gene_cf4c3019e1a8,0.9911,high,oligosaccharides import atp-binding protein msmx,sugar ABC transporter ATP-binding protein,0
Listeria_monocytogenes_EGDe,gene_00b070fcfbc7,0.5109,moderate,d-methionine transport system permease protein meti,ABC transporter permease,0
Listeria_monocytogenes_EGDe,gene_88b00f1dc64b,1.0,high,methionine import atp-binding protein metn 1,ABC transporter ATP-binding protein,0
Listeria_monocytogenes_EGDe,gene_ac1fcd487c5a,0.636,moderate,d-methionine-binding lipoprotein metq,lipoprotein,1
Listeria_monocytogenes_EGDe,gene_a7dbe0d82205,0.9635,high,transcriptional regulatory protein walr,two-component response regulator,0
Listeria_monocytogenes_EGDe,gene_859e3f896b4f,0.7995,moderate,anaerobic ribonucleoside-triphosphate reductase,anaerobic ribonucleoside triphosphate reductase,1
Listeria_monocytogenes_EGDe,gene_d728c925ae3a,1.0,high,ribosomal rna large subunit methyltransferase h,rRNA large subunit methyltransferase,1
Listeria_monocytogenes_EGDe,gene_07fc994af1a5,0.5083,moderate,hth-type transcriptional regulator czcr,LysR family transcriptional regulator,1
Listeria_monocytogenes_EGDe,gene_a67c73a8f07a,0.5912,moderate,sensor histidine kinase walk,two-component sensor histidine kinase,1
Listeria_monocytogenes_EGDe,gene_59212c64f147,0.703,moderate,Replication-related protein,PTS beta-glucoside transporter subunit IIC,0
Listeria_monocytogenes_EGDe,gene_4920c3c05d44,0.685,moderate,succinyl-diaminopimelate desuccinylase,succinyl-diaminopimelate desuccinylase,1
Listeria_monocytogenes_EGDe,gene_fda89d422bb8,0.244,speculative,lichenan-specific phosphotransferase enzyme iia component,PTS beta-glucoside transporter subunit IIA,0
Listeria_monocytogenes_EGDe,gene_2e124f539943,0.35,low,Lipoprotein,"putaive secreted, lysin rich protein",0
Listeria_monocytogenes_EGDe,gene_e8c36e1265d4,0.375,low,low-specificity l-threonine aldolase,L-allo-threonine aldolase,1
Listeria_monocytogenes_EGDe,gene_4bc46d273af7,0.4764,low,fmn reductase (nadph),FMN-containing NADPH-linked nitro/flavin reductase,1
Listeria_monocytogenes_EGDe,gene_31dda2666328,0.8052,high,Replication-related protein,phospho-beta-galactosidase,0
Listeria_monocytogenes_EGDe,gene_c8d53b2fbeb4,1.0,high,hydroxyethylthiazole kinase,hydroxyethylthiazole kinase,1
Listeria_monocytogenes_EGDe,gene_3d38041849c1,0.3234,low,aminopyrimidine aminohydrolase,thiamin biosynthesis protein,0
Listeria_monocytogenes_EGDe,gene_3d9ced5a980f,1.0,high,thiamine-phosphate synthase,thiamine-phosphate pyrophosphorylase,1
Listeria_monocytogenes_EGDe,gene_524484ccf868,0.7256,moderate,Stress Response-related protein,cell surface protein,0
Listeria_monocytogenes_EGDe,gene_44e6c4aaf0fa,1.0,high,transaldolase 2,translaldolase,0
Listeria_monocytogenes_EGDe,gene_8f8abc702ed4,0.7992,moderate,ribose-5-p isomerase b,sugar-phosphate isomerase,0
Listeria_monocytogenes_EGDe,gene_28d01fe700bb,1.0,high,triosephosphate isomerase 2,triosephosphate isomerase,1
Listeria_monocytogenes_EGDe,gene_2f848a512c2b,0.8974,high,pep-dependent dihydroxyacetone kinase 2,dihydroxyacetone kinase,1
Listeria_monocytogenes_EGDe,gene_e69c2c74a7d8,0.7347,moderate,pep-dependent dihydroxyacetone kinase 2,phosphotransferase mannnose-specific family component IIA,0
Listeria_monocytogenes_EGDe,gene_9cbb29765343,0.8105,high,hth-type transcriptional regulator golr,DeoR family transcriptional regulator,1
Listeria_monocytogenes_EGDe,gene_0f6d5699277f,0.339,low,internalin j,internalin,1
Listeria_monocytogenes_EGDe,gene_8b859ad5b8c6,0.5523,moderate,medium/long-chain-fatty-acid--coa ligase fadd8,fatty-acid--CoA ligase,1
Listeria_monocytogenes_EGDe,gene_78b858d671de,0.253,speculative,pts system mannose-specific eiibca component,PTS sugar transporter subunit IIA,0
Listeria_monocytogenes_EGDe,gene_625fc4f0aa1d,0.539,moderate,d-tagatose-1,"D-fructose-1,6-biphosphate aldolase",0
Listeria_monocytogenes_EGDe,gene_7a43e1ee8818,0.3607,low,hth-type transcriptional repressor glcr,DeoR family transcriptional regulator,0
Listeria_monocytogenes_EGDe,gene_8920a2672872,1.0,high,Replication-related protein,transketolase,0
Listeria_monocytogenes_EGDe,gene_ba3490814206,0.8803,high,Replication-related protein,PTS fructose transporter subunit IIBC,0
Listeria_monocytogenes_EGDe,gene_c8bfc98c9054,1.0,high,internalin i,internalin,1
Listeria_monocytogenes_EGDe,gene_45c3ba570600,0.3965,low,hth-type transcriptional regulator gmur,GntR family transcriptional regulator,1
Listeria_monocytogenes_EGDe,gene_71628c4e296e,0.9482,high,nad-dependent glycerol dehydrogenase,short chain dehydrogenase,0
Listeria_monocytogenes_EGDe,gene_8ae175c566d2,0.607,moderate,pts system cellobiose-specific eiib component,PTS beta-glucoside transporter subunit IIB,0
Listeria_monocytogenes_EGDe,gene_78c572a4d5dd,0.6238,moderate,hth-type transcriptional regulator iolr,transcriptional regulator,1
Listeria_monocytogenes_EGDe,gene_b5a34f037c96,0.7269,moderate,nadh:fumarate oxidoreductase,fumarate reductase subunit A,0
Listeria_monocytogenes_EGDe,gene_570e6db20a41,1.0,high,5-deoxy-glucuronate isomerase,IolB protein,0
Listeria_monocytogenes_EGDe,gene_b36c75df9dba,1.0,high,5-dehydro-2-deoxygluconokinase,IolC protein,0
Listeria_monocytogenes_EGDe,gene_eeeac4a5b6b2,1.0,high,sec-independent protein translocase protein tatc,membrane protein,0
Listeria_monocytogenes_EGDe,gene_fd26091d1767,1.0,high,uracil-dna glycosylase 1,uracil-DNA glycosylase,1
Listeria_monocytogenes_EGDe,gene_b1662ef851d3,0.639,moderate,endopeptidase p60,P60 protein,1
Listeria_monocytogenes_EGDe,gene_0870b168b323,1.0,high,malonate-semialdehyde dehydrogenase,methylmalonate-semialdehyde dehydrogenase,1
Listeria_monocytogenes_EGDe,gene_539881da5e06,0.7743,moderate,pyrroline-5-carboxylate reductase,pyrroline-5-carboxylate reductase,1
Listeria_monocytogenes_EGDe,gene_5a9c82903d36,0.7752,moderate,Replication-related protein,PTS beta-glucoside transporter subunit IIC,0
Listeria_monocytogenes_EGDe,gene_122e56ea96c7,0.249,speculative,mannosylglycerate hydrolase,alpha-mannosidase,0
Listeria_monocytogenes_EGDe,gene_e6eb323f858d,0.8843,high,rifampicin phosphotransferase,phosphoenolpyruvate synthase,0
Listeria_monocytogenes_EGDe,gene_b8d86add7b40,0.611,moderate,internalin a,internalin,1
Listeria_monocytogenes_EGDe,gene_4ebb0070f562,0.7337,moderate,Replication-related protein,PTS fructose transporter subunit IIC,0
Listeria_monocytogenes_EGDe,gene_9e8fd2bfbfd5,0.608,moderate,pts system fructose-like eiib component 2,PTS fructose transporter subunit IIB,0
Listeria_monocytogenes_EGDe,gene_8396edb7ff0b,0.5859,moderate,pts system fructose-specific eiiabc component,PTS fructose transporter subunit IIA,0
Listeria_monocytogenes_EGDe,gene_10e41d911ab3,0.661,moderate,pts system fructose-like eiib component 2,PTS fructose transporter subunit IIB,0
Listeria_monocytogenes_EGDe,gene_1c949752de76,0.4801,low,fructose-like permease iic component 2,PTS fructose transporter subunit IIC,0
Listeria_monocytogenes_EGDe,gene_d100753c10c4,1.0,high,peptidoglycan-n-acetylglucosamine deacetylase pgda,"endo-1,4-beta-xylanase",0
Listeria_monocytogenes_EGDe,gene_6d2585375629,0.3668,low,hth-type transcriptional regulator cynr,LysR family transcriptional regulator,1
Listeria_monocytogenes_EGDe,gene_10995fc4c3b9,0.6508,moderate,acetyltransferase c18b11.09c,acetyltransferase,1
Listeria_monocytogenes_EGDe,gene_ac3321f94edd,1.0,high,internalin a,internalin A,1
Listeria_monocytogenes_EGDe,gene_6bb31d3fa559,1.0,high,sugar uptake protein lmo0424,glucose uptake protein,0
Listeria_monocytogenes_EGDe,gene_0fa8f2591e71,1.0,high,internalin b,internalin B,1
Listeria_monocytogenes_EGDe,gene_f134ab084725,0.5886,moderate,low-affinity inorganic phosphate transporter,phosphate transporter,1
Listeria_monocytogenes_EGDe,gene_5090e2d83c98,0.7721,moderate,Metabolism-related protein,LytR family transcriptional regulator,0
Listeria_monocytogenes_EGDe,gene_4405ae066150,1.0,high,glutamate decarboxylase alpha,glutamate decarboxylase,1
Listeria_monocytogenes_EGDe,gene_440e5fd14280,0.586,moderate,conjugated bile acid hydrolase,penicillin acylase,0
Listeria_monocytogenes_EGDe,gene_313001792019,0.6727,moderate,Replication-related protein,rod shape-determining protein RodA,0
Listeria_monocytogenes_EGDe,gene_71f2469f9fec,0.8304,high,Replication-related protein,permease,0
Listeria_monocytogenes_EGDe,gene_827d29c00d80,0.7086,moderate,Metabolism-related protein,hydantoinase,0
Listeria_monocytogenes_EGDe,gene_3be51bb445f0,0.5514,moderate,mannosylglycerate hydrolase,sugar hydrolase,0
Listeria_monocytogenes_EGDe,gene_7cb0be7683bc,1.0,high,dual-specificity rna methyltransferase rlmn,ribosomal RNA large subunit methyltransferase N,0
Listeria_monocytogenes_EGDe,gene_5904540568ac,1.0,high,heme-degrading monooxygenase,heme-degrading monooxygenase IsdG,1
Listeria_monocytogenes_EGDe,gene_e86db85e18c2,1.0,high,large ribosomal subunit protein bl32a,50S ribosomal protein L32,0
Listeria_monocytogenes_EGDe,gene_a8967f69dc37,1.0,high,shikimate dehydrogenase (nadp(+)),shikimate 5-dehydrogenase,1
Listeria_monocytogenes_EGDe,gene_d89c31868089,1.0,high,3-dehydroquinate dehydratase,3-dehydroquinate dehydratase,1
Listeria_monocytogenes_EGDe,gene_d3dddc472fa8,0.35,low,ATP/GTP binding protein,acylase,0
Listeria_monocytogenes_EGDe,gene_9884cb375eb7,0.3844,low,poly(ribitol-phosphate) beta-glucosyltransferase,sugar transferase,0
Listeria_monocytogenes_EGDe,gene_06383a3ded31,0.537,moderate,ribulose-phosphate 3-epimerase,ribulose-5-phosphate 3 epimerase,1
Listeria_monocytogenes_EGDe,gene_72f415ec8cf6,0.472,low,transaldolase,transaldolase,1
Listeria_monocytogenes_EGDe,gene_8a5f73b71e6d,0.6318,moderate,arabinose 5-phosphate isomerase kdsd,sugar-phosphate isomerase,1
Listeria_monocytogenes_EGDe,gene_53468c97d5a2,0.615,moderate,galactitol 1-phosphate 5-dehydrogenase,sorbitol dehydrogenase,0
Listeria_monocytogenes_EGDe,gene_4c0863db2dfe,0.319,low,pts system galactitol-specific eiib component,PTS galactitol transporter subunit IIB,0
Listeria_monocytogenes_EGDe,gene_8129b7d2b063,0.343,low,internalin i,internalin,1
Listeria_monocytogenes_EGDe,gene_8f88e4370648,0.5525,moderate,capsule biosynthesis protein capa,encapsulation protein CapA,0
Listeria_monocytogenes_EGDe,gene_87efbe735c59,0.5472,moderate,ribose-5-phosphate isomerase b,5-phosphate isomerase,1
Listeria_monocytogenes_EGDe,gene_f73acaf47323,1.0,high,ribose-phosphate pyrophosphokinase 2,phosphoribosyl pyrophosphate synthetase,0
Listeria_monocytogenes_EGDe,gene_65268ac82a84,0.7291,moderate,Stress Response-related protein,transcriptional regulator,0
Listeria_monocytogenes_EGDe,gene_f4504222c518,0.35,low,Lipoprotein,phosphoglycerate mutase,0
Listeria_monocytogenes_EGDe,gene_7f6076c258aa,0.3683,low,sulfate transporter 4.1,sulfate transporter,1
Listeria_monocytogenes_EGDe,gene_0f8da0509f13,0.73,moderate,6-phospho-beta-glucosidase,6-phospho-beta-glucosidase,1
Listeria_monocytogenes_EGDe,gene_b0fb4dda5553,0.662,moderate,ribulose-phosphate 3-epimerase,ribulose-5-phosphate 3-epimerase,1
Listeria_monocytogenes_EGDe,gene_813569493127,0.657,moderate,6-phospho-beta-glucosidase,6-phospho-beta-glucosidase,1
Listeria_monocytogenes_EGDe,gene_44e3aed2508b,0.5585,moderate,hth-type transcriptional repressor purr,LacI family transcriptional regulator,0
Listeria_monocytogenes_EGDe,gene_a94da1dcc74e,0.4555,low,hth-type transcriptional activator mta,transcriptional regulator,0
Listeria_monocytogenes_EGDe,gene_66b6a3600c54,1.0,high,tagatose 1,"tagatose 1,6-diphosphate aldolase",1
Listeria_monocytogenes_EGDe,gene_c4e78d64cc55,0.5306,moderate,abc transporter substrate-binding lipoprotein yhfq,ABC transporter substrate-binding protein,1
Listeria_monocytogenes_EGDe,gene_f86e7f957a96,0.207,speculative,pts system glucitol/sorbitol-specific eiia component,PTS sorbitol transporter subunit IIA,0
Listeria_monocytogenes_EGDe,gene_b912a16ef6cb,0.515,moderate,pts system glucitol/sorbitol-specific eiib component,PTS sorbitol transporter subunit IIBC,0
Listeria_monocytogenes_EGDe,gene_9d0d398d7426,0.5017,moderate,n-carbamoyl-l-amino-acid amidohydrolase,allantoate amidohydrolase,0
Listeria_monocytogenes_EGDe,gene_de95ba8a72e4,0.7332,moderate,amidohydrolase yhaa,N-acyl-L-amino acid amidohydrolase,0
Listeria_monocytogenes_EGDe,gene_b1cfbb9e80b2,0.35,low,pts system glucitol/sorbitol-specific eiic component,PTS sorbitol transporter subunit IIC,0
Listeria_monocytogenes_EGDe,gene_e227eb9c245b,0.9144,high,Replication-related protein,di-tripeptide transporter,0
Listeria_monocytogenes_EGDe,gene_eb83116b6f46,0.353,low,phosphoglycerate mutase gpmb,phosphoglycerate mutase,1
Listeria_monocytogenes_EGDe,gene_aa22e789fc0f,0.531,moderate,glycosyltransferase ydam,glucosaminyltransferase,0
Listeria_monocytogenes_EGDe,gene_61a68c804a42,0.231,speculative,internalin i,internalin,1
Listeria_monocytogenes_EGDe,gene_ff42810d4b3c,1.0,high,phosphoribosyl-atp pyrophosphatase,phosphoribosyl-ATP pyrophosphatase,1
Listeria_monocytogenes_EGDe,gene_1cff874f47b8,1.0,high,phosphoribosyl-amp cyclohydrolase,phosphoribosyl-AMP cyclohydrolase,1
Listeria_monocytogenes_EGDe,gene_78962988e31e,1.0,high,1-(5-phosphoribosyl)-5- imidazole-4-carboxamide isomerase,1-(5-phosphoribosyl)-5-[(5- phosphoribosylamino)methylideneamino] imidazole-4-carboxamide isomerase,1
Listeria_monocytogenes_EGDe,gene_7f2dfe1ce2e3,1.0,high,imidazole glycerol phosphate synthase subunit hish,imidazole glycerol phosphate synthase subunit HisH,1
Listeria_monocytogenes_EGDe,gene_6be41b7d338c,1.0,high,imidazoleglycerol-phosphate dehydratase,imidazoleglycerol-phosphate dehydratase,1
Listeria_monocytogenes_EGDe,gene_39bc7d51a47e,1.0,high,histidinol dehydrogenase,histidinol dehydrogenase,1
Listeria_monocytogenes_EGDe,gene_f8423751f67b,1.0,high,atp phosphoribosyltransferase,ATP phosphoribosyltransferase,1
Listeria_monocytogenes_EGDe,gene_17df4a152e17,1.0,high,atp phosphoribosyltransferase regulatory subunit,ATP phosphoribosyltransferase,1
Listeria_monocytogenes_EGDe,gene_df75571d3b03,0.8875,high,nadp-specific glutamate dehydrogenase,glutamate dehydrogenase,1
Listeria_monocytogenes_EGDe,gene_37f4b9e22d10,0.4378,low,bifunctional methyltransferase/endonuclease,methyltransferase,1
Listeria_monocytogenes_EGDe,gene_b36030ed9ab9,1.0,high,lincomycin resistance protein lmrb,multidrug resistance protein,0
Listeria_monocytogenes_EGDe,gene_8e4cd3cbb5c3,1.0,high,imidazole glycerol phosphate synthase subunit hisf,imidazole glycerol phosphate synthase subunit HisF,1
Listeria_monocytogenes_EGDe,gene_9569a4cd475e,1.0,high,endopeptidase p60,invasion associated secreted endopeptidase,0
Listeria_monocytogenes_EGDe,gene_e89f5f1ef6d5,1.0,high,protein translocase subunit seca 2,preprotein translocase subunit SecA,1
Listeria_monocytogenes_EGDe,gene_57d297b42d41,0.3235,low,histidinol-phosphatase,histidinol-phosphatase,1
Listeria_monocytogenes_EGDe,gene_2f523d9d9a8b,1.0,high,homoserine o-acetyltransferase,homoserine O-acetyltransferase,1
Listeria_monocytogenes_EGDe,gene_6888d23d5a61,0.4455,low,hth-type transcriptional regulator gmur,GntR family transcriptional regulator,1
Listeria_monocytogenes_EGDe,gene_c1e32bbd5330,0.7565,moderate,Replication-related protein,DNA photolyase,0
Listeria_monocytogenes_EGDe,gene_7271aa4e72c8,0.8748,high,Replication-related protein,NADH-dependent butanol dehydrogenase,0
Listeria_monocytogenes_EGDe,gene_ac8e352203c9,0.2482,speculative,thiosulfate sulfurtransferase glpe,phage shock protein E,0
Listeria_monocytogenes_EGDe,gene_ba65c70fc8e0,0.8347,high,homocysteine synthase,O-acetylhomoserine sulfhydrylase,0
Listeria_monocytogenes_EGDe,gene_ab0c7b3a196b,1.0,high,fmn-dependent nadh:quinone oxidoreductase 1,azoreductase,0
Listeria_monocytogenes_EGDe,gene_dcfa536addfd,0.5637,moderate,organic hydroperoxide resistance transcriptional regulator,MarR family transcriptional evidence,0
Listeria_monocytogenes_EGDe,gene_f9adcc0812d1,0.4746,low,nadph-dependent alkenal/one oxidoreductase,oxidoreductase,1
Listeria_monocytogenes_EGDe,gene_74b212d508a4,0.384,low,internalin i,internalin,1
Listeria_monocytogenes_EGDe,gene_cccb2d35f517,0.5181,moderate,serine/threonine-protein kinase pknb,protein kinase,1
Listeria_monocytogenes_EGDe,gene_c8b94d415ce7,0.7122,moderate,drug eflux atp-binding/permease protein msmeg_5008,ABC transporter ATP-binding protein,0
Listeria_monocytogenes_EGDe,gene_c8d029a75bcd,0.5648,moderate,fructose-like permease iic component 2,PTS fructose transporter subunit IIC,0
Listeria_monocytogenes_EGDe,gene_a38ebd99f6e2,0.686,moderate,pts system fructose-like eiib component 2,PTS fructose transporter subunit IIB,0
Listeria_monocytogenes_EGDe,gene_56161a074cad,0.35,low,Lipoprotein,Crp/Fnr family transcriptional regulator,0
Listeria_monocytogenes_EGDe,gene_2c47c498a3cb,0.35,low,DNA-binding transcription regulator,transcripitonal regulator,0
Listeria_monocytogenes_EGDe,gene_39dcd43cc436,0.517,moderate,fructose-6-phosphate aldolase,transaldolase,0
Listeria_monocytogenes_EGDe,gene_1968b456dd85,0.7194,moderate,zinc-transporting atpase,heavy metal-transporting ATPase,1
Listeria_monocytogenes_EGDe,gene_d8affc5a0256,0.35,low,ATP/GTP binding protein,transposase,0
Listeria_monocytogenes_EGDe,gene_dd82d6a2199c,0.6818,moderate,maltose o-acetyltransferase,acetyl transferase,0
Listeria_monocytogenes_EGDe,gene_23efa5618f03,0.592,moderate,bis(5'-nucleosyl)-tetraphosphatase,phosphoprotein phosphatase,0
Listeria_monocytogenes_EGDe,gene_e7e095442408,0.7568,moderate,inner membrane transport permease yadh,ABC transporter permease,0
Listeria_monocytogenes_EGDe,gene_bcc9603e6c63,0.35,low,DNA-binding transcription regulator,transcriptional antiterminator BglG,0
Listeria_monocytogenes_EGDe,gene_7bb2e219e797,0.6924,moderate,pyridoxine kinase,phosphomethylpyrimidine kinase,0
Listeria_monocytogenes_EGDe,gene_56ce8d5f629d,0.4317,low,flagellar biosynthetic protein fliq,flagellar biosynthesis protein FliQ,1
Listeria_monocytogenes_EGDe,gene_3d629cda406e,0.6487,moderate,Metabolism-related protein,flagellar biosynthesis regulator FlhF,0
Listeria_monocytogenes_EGDe,gene_d8e8f12a2724,0.538,moderate,motility protein a,flagellar motor protein MotA,0
Listeria_monocytogenes_EGDe,gene_b3de972978eb,0.4625,low,flagellar biosynthetic protein flip,flagellar biosynthesis protein FliP,1
Listeria_monocytogenes_EGDe,gene_2dbfb3914ff6,0.533,moderate,chemotaxis protein chev,chemotaxis protein CheV,1
Listeria_monocytogenes_EGDe,gene_d02ec26cbe22,0.9892,high,flagellin,flagellin,1
Listeria_monocytogenes_EGDe,gene_34649fd6c6e1,0.7932,moderate,Replication-related protein,flagellar biosynthesis protein FlhA,0
Listeria_monocytogenes_EGDe,gene_1295b2e9549a,1.0,high,chemotaxis protein chea,two-component sensor histidine kinase CheA,0
Listeria_monocytogenes_EGDe,gene_d0341f55db63,0.51,moderate,motility protein b,flagellar motor rotation MotB,0
Listeria_monocytogenes_EGDe,gene_8694d27d7d0e,1.0,high,chemotaxis protein chey,chemotaxis response regulator CheY,1
Listeria_monocytogenes_EGDe,gene_83dc327a5b98,0.7704,moderate,Replication-related protein,flagellar hook protein FlgE,0
Listeria_monocytogenes_EGDe,gene_8de8d1f544ee,0.9855,high,chemotaxis protein methyltransferase,chemotaxis protein CheR,0
Listeria_monocytogenes_EGDe,gene_f68106027b85,0.3537,low,flagellar motor switch protein flin,flagellar motor switch protein FliY,1
Listeria_monocytogenes_EGDe,gene_b8ba4a043e2f,0.4108,low,flagellar biosynthetic protein flhb,flagellar biosynthesis protein FlhB,1
Listeria_monocytogenes_EGDe,gene_b4acc7e8a232,0.331,low,flagellar motor switch phosphatase fliy,flagellar motor switch protein FliY,1
Listeria_monocytogenes_EGDe,gene_077532e14320,0.3736,low,flagellar basal body rod protein flgb,flagellar basal-body rod protein FlgB,1
Listeria_monocytogenes_EGDe,gene_84ef1a8e6d43,1.0,high,flagellar hook-basal body complex protein flie,flagellar hook-basal body protein FliE,1
Listeria_monocytogenes_EGDe,gene_ba2e87b117d6,0.4071,low,flagellar motor switch protein flig,flagellar motor switch protein FliG,1
Listeria_monocytogenes_EGDe,gene_9baa18956684,0.589,moderate,bifunctional muramidase/lytic transglycosylase cwlq,transglycosylase,1
Listeria_monocytogenes_EGDe,gene_0aee8df7c951,0.658,moderate,thiamine pyrophosphate-containing protein ydap,pyruvate oxidase,0
Listeria_monocytogenes_EGDe,gene_84537d065766,0.35,low,DNA-binding transcription regulator,flagellar MS-ring protein FliF,0
Listeria_monocytogenes_EGDe,gene_fefb788ac181,1.0,high,fad synthetase,riboflavin kinase / FAD synthase,0
Listeria_monocytogenes_EGDe,gene_b87d9b238fa9,1.0,high,glutamine--fructose-6-phosphate aminotransferase,glucosamine--fructose-6-phosphate aminotransferase,1
Listeria_monocytogenes_EGDe,gene_9aa2157d50b1,0.6964,moderate,flagellum-specific atp synthase,flagellum-specific ATP synthase,1
Listeria_monocytogenes_EGDe,gene_fad2fe4fecf2,0.583,moderate,hth-type transcriptional repressor purr,LacI family transcriptional regulator,0
Listeria_monocytogenes_EGDe,gene_ffab8698f6e4,0.445,low,ribulose-phosphate 3-epimerase,ribulose-5-phosphate 3-epimerase,1
Listeria_monocytogenes_EGDe,gene_2a3388d18da6,0.6345,moderate,ribose-5-phosphate isomerase b,ribose-5-phosphate isomerase B,1
Listeria_monocytogenes_EGDe,gene_4811fde3998a,0.275,speculative,hth-type transcriptional repressor ytra,GntR family transcriptional regulator,0
Listeria_monocytogenes_EGDe,gene_e135fd614a47,0.7538,moderate,Metabolism-related protein,6-phospho-beta-glucosidase,0
Listeria_monocytogenes_EGDe,gene_a438bf1e5e89,0.35,low,ATP/GTP binding protein,ABC transporter ATP-binding protein,1
Listeria_monocytogenes_EGDe,gene_81b35746e3df,0.627,moderate,pts system beta-glucoside-specific eiibca component,PTS beta-glucoside transporter subunit IIABC,0
Listeria_monocytogenes_EGDe,gene_5d274466dac7,0.5694,moderate,hth-type transcriptional regulator rv0792c,LacI family transcriptional regulator,1
Listeria_monocytogenes_EGDe,gene_7d27c8e823d9,0.5509,moderate,quinone oxidoreductase yhfp,alcohol dehydrogenase,0
Listeria_monocytogenes_EGDe,gene_85436b645955,0.6934,moderate,lipoate-protein ligase lplj,lipoate-protein ligase,1
Listeria_monocytogenes_EGDe,gene_344488de96ad,0.7466,moderate,Replication-related protein,transcriptional regulator,0
Listeria_monocytogenes_EGDe,gene_ba23ecb2aacc,0.773,moderate,pts system mannose-specific eiiab component,PTS mannose transporter subunit IIB,0
Listeria_monocytogenes_EGDe,gene_2b08c842b009,0.588,moderate,pts system mannose-specific eiiab component,PTS mannose transporter subunit IIB,0
Listeria_monocytogenes_EGDe,gene_491b57f940bf,0.4376,low,arabinooligosaccharides transport system permease protein araq,ABC transporter permease,0
Listeria_monocytogenes_EGDe,gene_db7eb032500f,0.7649,moderate,Metabolism-related protein,ATP/GTP-binding protein,0
Listeria_monocytogenes_EGDe,gene_a894647f5161,0.7206,moderate,cys-trna(pro)/cys-trna(cys) deacylase ebsc,transcriptional regulator,0
Listeria_monocytogenes_EGDe,gene_a5fee8cefca5,1.0,high,fmn-dependent nadh:quinone oxidoreductase 2,ACP phosphodiesterase,0
Listeria_monocytogenes_EGDe,gene_b379608c6b22,0.87,high,pts system mannose-specific eiic component,PTS mannose transporter subunit IIC,0
Listeria_monocytogenes_EGDe,gene_d24c09b840c3,0.4299,low,abc transporter permease protein yesp,sugar ABC transporter permease,1
Listeria_monocytogenes_EGDe,gene_f18c0ac4c6f7,0.457,low,internalin a,internalin,1
Listeria_monocytogenes_EGDe,gene_043d1c8490ea,1.0,high,spermidine/putrescine import atp-binding protein pota,spermidine/putrescine ABC transporter ATP-binding protein,1
Listeria_monocytogenes_EGDe,gene_743338a1de2b,0.6573,moderate,transcriptional regulatory protein levr,transcriptional regulator,0
Listeria_monocytogenes_EGDe,gene_4a081ef35e28,0.4519,low,spermidine/putrescine transport system permease protein potb,spermidine/putrescine ABC transporter permease,1
Listeria_monocytogenes_EGDe,gene_53aa0ea83caf,0.8359,high,lysine-specific permease lysp,lysine-specific permease,1
Listeria_monocytogenes_EGDe,gene_233e79738d2f,0.457,low,spermidine/putrescine transport system permease protein potc,spermidine/putrescine ABC transporter permease,1
Listeria_monocytogenes_EGDe,gene_770665aac652,0.441,low,spermidine/putrescine-binding periplasmic protein,spermidine/putrescine ABC transporter substrate-binding protein,1
Listeria_monocytogenes_EGDe,gene_2fb3bc7c5d20,0.8858,high,Replication-related protein,ABC transporter ATP-binding protein,0
Listeria_monocytogenes_EGDe,gene_7ad0647e6807,0.7727,moderate,fructokinase,fructokinase,1
Listeria_monocytogenes_EGDe,gene_4a3ca9acf3a3,0.4624,low,spermidine/spermine n(1)-acetyltransferase,regulatory protein PaiA,0
Listeria_monocytogenes_EGDe,gene_4db9a24bc75b,0.785,moderate,Replication-related protein,cation-transporting ATPase,0
Listeria_monocytogenes_EGDe,gene_da068b95cb44,0.9321,high,glyoxal reductase,oxidoreductase,0
Listeria_monocytogenes_EGDe,gene_0dd680bd76aa,0.6372,moderate,3-hydroxy-3-methylglutaryl-coenzyme a reductase,3-hydroxy-3-methylglutaryl-CoA reductase,1
Listeria_monocytogenes_EGDe,gene_98f87c834fd4,1.0,high,fructose-1,"fructose-1,6-bisphosphatase",1
Listeria_monocytogenes_EGDe,gene_d7ca26fa0ead,0.8457,high,pyruvate:flavodoxin oxidoreductase,pyruvate-flavodoxin oxidoreductase,1
Listeria_monocytogenes_EGDe,gene_7b672e5a6bdb,0.333,low,internalin j,peptidoglycan binding protein,0
Listeria_monocytogenes_EGDe,gene_56f3d884fe41,1.0,high,protein psie homolog,phosphate-starvation-inducible protein PsiE,0
Listeria_monocytogenes_EGDe,gene_01b464e2231d,0.8174,high,Transport-related protein,sugar:phosphate antiporter,0
Listeria_monocytogenes_EGDe,gene_85a424e70147,0.42,low,tetracycline resistance protein,tetracycline resistance protein,1
Listeria_monocytogenes_EGDe,gene_5a84c1003c7b,0.7072,moderate,uvrabc system protein c,excinuclease ABC subunit C,0
Listeria_monocytogenes_EGDe,gene_4a157030b5fc,0.9677,high,calcium-transporting atpase lmo0841,calcium-transporting ATPase,1
Listeria_monocytogenes_EGDe,gene_f7a8d197d385,0.4786,low,arginine transport system permease protein artq,glutamine ABC transporter,0
Listeria_monocytogenes_EGDe,gene_fa5c96688613,0.9008,high,arginine transport atp-binding protein artm,amino acid ABC transporter ATP-binding protein,0
Listeria_monocytogenes_EGDe,gene_ebb03045971e,0.7231,moderate,Translation-related protein,amidase,0
Listeria_monocytogenes_EGDe,gene_667e66100a5e,0.6814,moderate,biofilm operon icaadbc hth-type negative transcriptional regulator icar,TetR family transcriptional regulator,0
Listeria_monocytogenes_EGDe,gene_4ddec5b3aaf9,0.7903,moderate,guanidinium exporter,SugE protein,0
Listeria_monocytogenes_EGDe,gene_f7f62c42d9bc,0.5787,moderate,guanidinium exporter,SugE protein,0
Listeria_monocytogenes_EGDe,gene_480b2742a6be,1.0,high,d-alanine--d-alanine ligase,D-alanyl-alanine synthetase A,0
Listeria_monocytogenes_EGDe,gene_10c88fe120b2,0.6706,moderate,udp-n-acetylmuramoyl-tripeptide--d-alanyl-d-alanine ligase,"UDP-N-acetylmuramoylalanyl-D-glutamyl-2, 6-diamino pimelate-D-alanyl-D-alanyl ligase",0
Listeria_monocytogenes_EGDe,gene_0479c8f23564,0.6408,moderate,Metabolism-related protein,carboxylesterase,0
Listeria_monocytogenes_EGDe,gene_375fe110bf22,0.35,low,Lipoprotein,sugar ABC transporter substrate-binding protein,0
Listeria_monocytogenes_EGDe,gene_2d0ed3c876a8,0.3796,low,diacetylchitobiose uptake system permease protein ngcf,sugar ABC transporter permease,0
Listeria_monocytogenes_EGDe,gene_bc24dbe5494d,0.3844,low,trehalose transport system permease protein sugb,sugar ABC transporter permease,0
Listeria_monocytogenes_EGDe,gene_dc8ad7c3941c,0.436,low,oligo-1,"oligo-1,6-glucosidase",1
Listeria_monocytogenes_EGDe,gene_e6ce528a33de,0.585,moderate,phosphoglucomutase,phosphomannomutase,0
Listeria_monocytogenes_EGDe,gene_2090a295c065,1.0,high,atp-dependent rna helicase csha,ATP-dependent RNA helicase,1
Listeria_monocytogenes_EGDe,gene_ba86310a8833,0.8002,high,Replication-related protein,antibiotic resistance protein,0
Listeria_monocytogenes_EGDe,gene_e5ce1be3c647,0.462,low,pts system lactose-specific eiia component,PTS sugar transporter subunit IIA,0
Listeria_monocytogenes_EGDe,gene_f5c4efd1b153,0.298,speculative,pts system cellobiose-specific eiib component,PTS beta-glucoside transporter subunit IIB,0
Listeria_monocytogenes_EGDe,gene_1369f5fa97bb,0.201,speculative,lichenan permease iic component,PTS sugar transporter subunit IIC,0
Listeria_monocytogenes_EGDe,gene_4b8d3130a507,0.7865,moderate,Replication-related protein,glucosamine-6-phosphate isomerase,0
Listeria_monocytogenes_EGDe,gene_0b89b57b8fb4,0.95,high,cell wall protein lmo0880,wall associated protein precursor,0
Listeria_monocytogenes_EGDe,gene_c804501b77ec,0.6306,moderate,coproporphyrinogen iii oxidase,protoporphyrinogen oxidase,0
Listeria_monocytogenes_EGDe,gene_24249922f36f,1.0,high,holo- synthase,4'-phosphopantetheinyl transferase,0
Listeria_monocytogenes_EGDe,gene_475900b968dd,1.0,high,alanine racemase,alanine racemase,1
Listeria_monocytogenes_EGDe,gene_559d210571be,0.656,moderate,rsbt co-antagonist protein rsbra,positive regulator of sigma-B activity,0
Listeria_monocytogenes_EGDe,gene_0e6b457f9feb,0.641,moderate,rsbt antagonist protein rsbs,negative regulation of sigma-B activity,0
Listeria_monocytogenes_EGDe,gene_f7c72ffad529,0.403,low,phosphoserine phosphatase rsbu,serine phosphatase,0
Listeria_monocytogenes_EGDe,gene_472ec842e086,1.0,high,anti-sigma-b factor antagonist,anti-anti-sigma factor (antagonist of RsbW),1
Listeria_monocytogenes_EGDe,gene_88b559ebae56,1.0,high,serine-protein kinase rsbw,serine-protein kinase RsbW,1
Listeria_monocytogenes_EGDe,gene_406c348dcb1c,0.7847,moderate,rna polymerase sigma-b factor,RNA polymerase sigma factor SigB,1
Listeria_monocytogenes_EGDe,gene_b6b8954e1003,1.0,high,Replication-related protein,transporter,0
Listeria_monocytogenes_EGDe,gene_de605de75ea5,0.3843,low,hth-type transcriptional regulator gmur,GntR family transcriptional regulator,1
Listeria_monocytogenes_EGDe,gene_2d868d8b3852,0.9247,high,glutathione reductase,glutathione reductase,1
Listeria_monocytogenes_EGDe,gene_9dc30aff52c8,0.9962,high,Replication-related protein,formate transporter,0
Listeria_monocytogenes_EGDe,gene_9015a9004e64,0.5934,moderate,3-sulfolactaldehyde dehydrogenase,succinate semialdehyde dehydrogenase,0
Listeria_monocytogenes_EGDe,gene_020b63a8e098,0.35,low,Lipoprotein,PTS sugar transporter subunit IIC,0
Listeria_monocytogenes_EGDe,gene_68604dc94447,0.219,speculative,glca/glcb genes antiterminator,transcription antiterminator BglG,0
Listeria_monocytogenes_EGDe,gene_38c3bf2d790c,0.6798,moderate,macrolide resistance translation factor msrd,antibiotic ABC transporter ATP-binding protein,0
Listeria_monocytogenes_EGDe,gene_c7c00f4e6287,1.0,high,pantothenate kinase,pantothenate kinase,1
Listeria_monocytogenes_EGDe,gene_494dc8a132ca,0.6159,moderate,nod factor export atp-binding protein i,ABC transporter ATP-binding protein,0
Listeria_monocytogenes_EGDe,gene_7ecb2571631e,1.0,high,3-methyladenine dna glycosylase,3-methyladenine DNA glycosylase,1
Listeria_monocytogenes_EGDe,gene_eabc713a06ff,1.0,high,sortase a,sortase,1
Listeria_monocytogenes_EGDe,gene_e01cc6a51647,0.6334,moderate,lipoate-protein ligase lplj,lipoate protein ligase A,1
Listeria_monocytogenes_EGDe,gene_967f236b1614,1.0,high,trna (cytidine(34)-2'-o)-methyltransferase,rRNA methylase,0
Listeria_monocytogenes_EGDe,gene_f752711d8812,0.5883,moderate,fmn reductase (nadph),nitroflavin reductase,0
Listeria_monocytogenes_EGDe,gene_df6ef1c4c24b,0.5432,moderate,low molecular weight protein-tyrosine-phosphatase yfkj,protein-tyrosine-phosphatase,1
Listeria_monocytogenes_EGDe,gene_7fe57d233a42,1.0,high,dna protection during starvation protein,non-heme iron-binding ferritin,0
Listeria_monocytogenes_EGDe,gene_9598643351d4,0.35,low,Lipoprotein,competence protein ComEC,0
Listeria_monocytogenes_EGDe,gene_568b9212183e,0.483,low,mannosyl-d-glycerate transport/metabolism system repressor mngr,transcriptional regulator,0
Listeria_monocytogenes_EGDe,gene_907678a3a071,0.6299,moderate,n-acetylglucosamine-6-phosphate deacetylase,N-acetylglucosamine-6P-phosphate deacetylase,1
Listeria_monocytogenes_EGDe,gene_7d9b9257f65f,1.0,high,glucosamine-6-phosphate deaminase,glucosamine-6-phosphate isomerase,1
Listeria_monocytogenes_EGDe,gene_d5e96814557c,0.3729,low,hth-type transcriptional repressor nagr,GntR family transcirptional regulator,0
Listeria_monocytogenes_EGDe,gene_7aa57807558b,0.6327,moderate,undecaprenyl-phosphate n-acetylglucosaminyl 1-phosphate transferase,undacaprenyl-phosphate N-acetylglucosaminyltransferase,0
Listeria_monocytogenes_EGDe,gene_39648cb9fb09,0.237,speculative,trna hydroxylation protein p2,protease,0
Listeria_monocytogenes_EGDe,gene_23f9532646c2,0.6493,moderate,trna hydroxylation protein p1,protease,0
Listeria_monocytogenes_EGDe,gene_54b3e47b513b,0.603,moderate,protein lema,LemA protein,1
Listeria_monocytogenes_EGDe,gene_60f838bdfbc2,1.0,high,protease htpx homolog,heat shock protein HtpX,0
Listeria_monocytogenes_EGDe,gene_d2c5e3bd16af,0.7008,moderate,enoyl- reductase fabi,enoyl-ACP reductase,1
Listeria_monocytogenes_EGDe,gene_3780c9114182,0.301,low,protein dltd,DltD protein for D-alanine esterification of lipoteichoic acid and wall teichoic acid,1
Listeria_monocytogenes_EGDe,gene_cb46c4a70187,1.0,high,d-alanyl carrier protein,D-alanine--poly(phosphoribitol) ligase subunit 2,0
Listeria_monocytogenes_EGDe,gene_08057080e079,1.0,high,d-alanine--d-alanyl carrier protein ligase,D-alanine--poly(phosphoribitol) ligase subunit 1,0
Listeria_monocytogenes_EGDe,gene_ad037b67cc19,1.0,high,ribose-5-phosphate isomerase a,ribose-5-phosphate isomerase A,1
Listeria_monocytogenes_EGDe,gene_71dfe9643bd2,0.8971,high,branched-chain-amino-acid aminotransferase,branched-chain amino acid aminotransferase,1
Listeria_monocytogenes_EGDe,gene_9611e56b3950,0.7756,moderate,daunorubicin resistance atp-binding protein drra1,daunorubicin resistance ATP-binding protein,1
Listeria_monocytogenes_EGDe,gene_d1ae2cefefa6,0.6794,moderate,Replication-related protein,ABC transporter permease,0
Listeria_monocytogenes_EGDe,gene_639b763d91b9,0.602,moderate,aminopeptidase yhfe,peptidase,0
Listeria_monocytogenes_EGDe,gene_f73c862e98ba,0.8078,high,glutathione peroxidase,glutathione peroxidase,1
Listeria_monocytogenes_EGDe,gene_41da8680779a,0.6504,moderate,linearmycin resistance atp-binding protein lnrl,antibiotic ABC transporter ATP-binding protein,0
Listeria_monocytogenes_EGDe,gene_14618f6e7bb5,1.0,high,peptide chain release factor 3,peptide chain release factor 3,1
Listeria_monocytogenes_EGDe,gene_5eaed074c173,0.5457,moderate,methylated-dna--protein-cysteine methyltransferase,methylated-DNA-protein-cysteine methyltransferase,1
Listeria_monocytogenes_EGDe,gene_aa7df968032a,0.9089,high,atp-dependent clp protease atp-binding subunit clpe,ATP-dependent protease,1
Listeria_monocytogenes_EGDe,gene_6f11faefc594,1.0,high,phosphocarrier protein hpr,phosphocarrier protein HPr,1
Listeria_monocytogenes_EGDe,gene_166edd20053c,1.0,high,phosphoenolpyruvate-protein phosphotransferase,phosphotransferase system enzyme I,0
Listeria_monocytogenes_EGDe,gene_5a7189c0b2d2,0.8671,high,Replication-related protein,aminotransferase,0
Listeria_monocytogenes_EGDe,gene_4274f0e62395,1.0,high,n-acetyldiaminopimelate deacetylase,N-acyl-L-amino acid amidohydrolase,0
Listeria_monocytogenes_EGDe,gene_35ad1d5425db,0.8414,high,glycine betaine/carnitine transport permease protein gbub,glycine/betaine ABC transporter permease,1
Listeria_monocytogenes_EGDe,gene_c8043f49a087,1.0,high,glycine betaine/carnitine transport atp-binding protein gbua,glycine/betaine ABC transporter ATP-binding protein,1
Listeria_monocytogenes_EGDe,gene_81e1bc49efc3,1.0,high,glycine betaine/carnitine transport binding protein gbuc,glycine/betaine ABC transporter substrate-binding protein,0
Listeria_monocytogenes_EGDe,gene_350f653311f6,0.6,moderate,phosphotransferase enzyme iia component ptsa,PTS glucose transporter subunit IIA,0
Listeria_monocytogenes_EGDe,gene_653f9825e0ad,0.371,low,pf03932 family protein cutc,copper homeostasis protein CutC,0
Listeria_monocytogenes_EGDe,gene_deea22a16509,0.49,low,sensor protein vras,two-component sensor histidine kinase,0
Listeria_monocytogenes_EGDe,gene_4ffa77a0dbd7,0.638,moderate,ktr system potassium uptake protein c,potassium transporter,0
Listeria_monocytogenes_EGDe,gene_b9bc9946999c,0.943,high,transcriptional regulatory protein liar,two-component response regulator,0
Listeria_monocytogenes_EGDe,gene_053d4c3088f5,0.4959,low,polyisoprenyl-teichoic acid--peptidoglycan teichoic acid transferase tagu,LytR protein,0
Listeria_monocytogenes_EGDe,gene_d1dac6a1fa26,0.7294,moderate,Replication-related protein,LacI family transcriptional regulator,0
Listeria_monocytogenes_EGDe,gene_01f7a7dee1d6,0.553,moderate,apulose-4-phosphate transketolase subunit b,transketolase,1
Listeria_monocytogenes_EGDe,gene_407da7e177b7,0.6881,moderate,molybdate/tungstate import atp-binding protein wtpc,ABC transporter ATP-binding protein,0
Listeria_monocytogenes_EGDe,gene_4f3a66306002,0.721,moderate,Metabolism-related protein,molybdenum ABC transporter permease,0
Listeria_monocytogenes_EGDe,gene_bf425c52a387,0.294,speculative,abc transporter substrate-binding lipoprotein yvgl,molybdate ABC transporter substrate-binding protein,1
Listeria_monocytogenes_EGDe,gene_4a35d9637056,0.7092,moderate,Replication-related protein,molybdopterin biosynthesis protein MoeA,0
Listeria_monocytogenes_EGDe,gene_15320782f0f5,0.7099,moderate,Metabolism-related protein,molybdopterin-guanine dinucleotide biosynthesis MobB,0
Listeria_monocytogenes_EGDe,gene_da417d4cb591,0.5435,moderate,molybdopterin synthase catalytic subunit,molybdopterin converting factor subunit 2,0
Listeria_monocytogenes_EGDe,gene_eb860ec2f5f7,1.0,high,cyclic pyranopterin monophosphate synthase,molybdenum cofactor biosynthesis protein MoaC,0
Listeria_monocytogenes_EGDe,gene_537fec806354,0.65,moderate,molybdenum cofactor biosynthesis protein b,molybdenum cofactor biosynthesis protein B,1
Listeria_monocytogenes_EGDe,gene_2f875078b2d0,0.4366,low,molybdopterin-synthase adenylyltransferase,molybdopterin biosynthesis protein MoeB,0
Listeria_monocytogenes_EGDe,gene_451a2ec26312,1.0,high,peptide deformylase,peptide deformylase,1
Listeria_monocytogenes_EGDe,gene_d29b46828313,0.8933,high,pyruvate dehydrogenase e1 component subunit alpha,pyruvate dehydrogenase subunit E1 alpha,1
Listeria_monocytogenes_EGDe,gene_23cf8201d26a,1.0,high,pyruvate dehydrogenase e1 component subunit beta,pyruvate dehydrogenase subunit E1 beta,1
Listeria_monocytogenes_EGDe,gene_eb32e30eb4d6,0.9248,high,dihydrolipoyllysine-residue acetyltransferase component of pyruvate dehydrogenase complex,dihydrolipoamide acetyltransferase,0
Listeria_monocytogenes_EGDe,gene_a9fe07f46940,0.982,high,dihydrolipoyl dehydrogenase,dihydrolipoamide dehydrogenase,0
Listeria_monocytogenes_EGDe,gene_97b9a50224e3,0.4009,low,l-lactate dehydrogenase,L-lactate dehydrogenase,1
Listeria_monocytogenes_EGDe,gene_0a83f6a712ff,0.495,low,regulatory protein vanrb,transcriptional regulator,0
Listeria_monocytogenes_EGDe,gene_c8bae4ea8f59,0.6126,moderate,Replication-related protein,ABC transporters permease,0
Listeria_monocytogenes_EGDe,gene_6ea3df036931,0.7122,moderate,inositol-1-monophosphatase,myo-inositol-1(or 4)-monophosphatase,1
Listeria_monocytogenes_EGDe,gene_7c302fe93e69,0.9648,high,large ribosomal subunit assembly factor bipa,GTP-binding elongation factor,0
Listeria_monocytogenes_EGDe,gene_ae893fa22e20,0.7031,moderate,peptidoglycan glycosyltransferase ftsw,cell division protein FtsW,0
Listeria_monocytogenes_EGDe,gene_d857539439c7,0.404,low,teichoic acid translocation permease protein tagg,teichoic acid translocation permease TagG,1
Listeria_monocytogenes_EGDe,gene_6124dffb0ccf,1.0,high,Metabolism-related protein,pyruvate carboxylase,0
Listeria_monocytogenes_EGDe,gene_17c1ed66a3bf,0.7861,moderate,autolysin,autolysin,1
Listeria_monocytogenes_EGDe,gene_ec84205ad7de,1.0,high,teichoic acids export atp-binding protein tagh,teichoic acid ABC transporter ATP-binding protein,0
Listeria_monocytogenes_EGDe,gene_a869f313a21e,0.582,moderate,teichoic acid ribitol-phosphate polymerase tarl,teichoic acid biosynthesis protein B,0
Listeria_monocytogenes_EGDe,gene_f7b2ca89cdf4,0.7789,moderate,utp--glucose-1-phosphate uridylyltransferase,UDP-glucose pyrophosphorylase,0
Listeria_monocytogenes_EGDe,gene_7b3e73c41680,0.3315,low,poly(ribitol-phosphate) beta-glucosyltransferase,teichoic acid biosynthesis protein GgaB,0
Listeria_monocytogenes_EGDe,gene_f511e9526a6c,0.8497,high,glucose-1-phosphate thymidylyltransferase,glucose-1-phosphate thymidyl transferase,1
Listeria_monocytogenes_EGDe,gene_b819afc6f2b9,0.536,moderate,dtdp-4-dehydrorhamnose 3,dTDP-sugar epimerase,0
Listeria_monocytogenes_EGDe,gene_1cc3237f31fc,0.606,moderate,dtdp-glucose 4,"dTDP-D-glucose 4,6-dehydratase",1
Listeria_monocytogenes_EGDe,gene_9aa1a9ec7803,0.435,low,teichoic acid poly(ribitol-phosphate) polymerase,teichoic acid biosynthesis protein B,0
Listeria_monocytogenes_EGDe,gene_564050211808,1.0,high,ribitol-5-phosphate cytidylyltransferase,2-C-methyl-D-erythritol 4-phosphate cytidylyltransferase,1
Listeria_monocytogenes_EGDe,gene_f27d05a3eb1a,0.6398,moderate,ribulose-5-phosphate reductase,glucitol dehydrogenase,0
Listeria_monocytogenes_EGDe,gene_7496d676a8b1,0.5684,moderate,teichoic acid glycerol-phosphate primase,teichoic acid biosynthesis protein B,0
Listeria_monocytogenes_EGDe,gene_f67bee90b23b,0.9118,high,glycerol-3-phosphate cytidylyltransferase,glycerol-3-phosphate cytidylyltransferase,1
Listeria_monocytogenes_EGDe,gene_82e071fd5f94,0.7354,moderate,Replication-related protein,glycosyltransferase,0
Listeria_monocytogenes_EGDe,gene_c07da13ef5a2,0.3719,low,glycosyltransferase glya,glysosyltransferase,0
Listeria_monocytogenes_EGDe,gene_48b7d74fe117,1.0,high,nh(3)-dependent nad(+) synthetase,NAD synthetase,1
Listeria_monocytogenes_EGDe,gene_7fe45dfca106,1.0,high,gmp synthase,GMP synthase,1
Listeria_monocytogenes_EGDe,gene_30a10c8cfdaf,0.607,moderate,lipoprotein signal peptidase,lipoprotein signal peptidase,1
Listeria_monocytogenes_EGDe,gene_3587abefa14c,0.7783,moderate,cadmium resistance transcriptional regulatory protein cadc,cadmium efflux system accessory protein,0
Listeria_monocytogenes_EGDe,gene_85d4445328bc,0.476,low,bifunctional muramidase/dl-endopeptidase cwlt,P60 protein,0
Listeria_monocytogenes_EGDe,gene_a4e5bfc1ddba,0.35,low,Lipoprotein,regulatory protein,0
Listeria_monocytogenes_EGDe,gene_cd739059760b,0.8686,high,Transcription-related protein,ABC transporter ATP-binding protein,0
Listeria_monocytogenes_EGDe,gene_d7d4d447a300,0.415,low,internalin a,internalin,1
Listeria_monocytogenes_EGDe,gene_e652468c2588,0.8413,high,atp-dependent clp protease proteolytic subunit 3,ATP-dependent Clp protease proteolytic subunit,1
Listeria_monocytogenes_EGDe,gene_33816e818f86,0.3793,low,precorrin-2 dehydrogenase,uroporphyrin-III C-methyltransferase,0
Listeria_monocytogenes_EGDe,gene_c91c9deb9cce,0.6461,moderate,cobalamin reductase pdus,PduS protein,1
Listeria_monocytogenes_EGDe,gene_f037c9c14124,0.8148,high,Metabolism-related protein,PduT protein,0
Listeria_monocytogenes_EGDe,gene_027a81f7c7e9,0.752,moderate,bacterial microcompartment shell protein euts,PduU protein,0
Listeria_monocytogenes_EGDe,gene_7790c167c5c3,0.877,high,Metabolism-related protein,PduV protein,0
Listeria_monocytogenes_EGDe,gene_4c24c07ed339,0.7894,moderate,Metabolism-related protein,cobalamin biosynthesis protein CopB,0
Listeria_monocytogenes_EGDe,gene_ac9d350a06ee,1.0,high,adenosylcobinamide-gdp ribazoletransferase,cobalamin (5'-phosphatase) synthetase,0
Listeria_monocytogenes_EGDe,gene_b326d97a425c,0.372,low,phosphoglycerate mutase gpmb,alpha-ribazole-5'-phosphatase,0
Listeria_monocytogenes_EGDe,gene_72eacea51efa,0.951,high,bacterial microcompartment shell protein pdua,PduA protein,1
Listeria_monocytogenes_EGDe,gene_544f7163ce8c,0.797,moderate,propanediol dehydratase large subunit,propanediol dehydratase subunit alpha,1
Listeria_monocytogenes_EGDe,gene_9552dbfc355b,0.788,moderate,propanediol dehydratase medium subunit,diol dehydratase subunit gamma,0
Listeria_monocytogenes_EGDe,gene_f008c9e819c8,0.487,low,propanediol dehydratase small subunit,diol dehydratase subunit gamma,0
Listeria_monocytogenes_EGDe,gene_2e1291037be6,0.73,moderate,propanediol dehydratase-reactivating factor large subunit,diol dehydratase-reactivating factor large subunit,1
Listeria_monocytogenes_EGDe,gene_c53fba75dec9,0.527,moderate,propanediol dehydratase-reactivating factor small subunit,diol dehydratase-reactivating factor small subunit,1
Listeria_monocytogenes_EGDe,gene_23dd8119d809,0.941,high,bacterial microcompartment shell protein pdua,carboxysome structural protein,0
Listeria_monocytogenes_EGDe,gene_d3b6f40f7364,0.5956,moderate,phosphate propanoyltransferase,PduL protein,0
Listeria_monocytogenes_EGDe,gene_722f8fe5ea0a,0.7261,moderate,Stress Response-related protein,ethanolamine utilization protein EutJ,0
Listeria_monocytogenes_EGDe,gene_8b63688f3236,0.545,moderate,bacterial microcompartment shell vertex protein pdun,carbon dioxide concentrating mechanism protein,0
Listeria_monocytogenes_EGDe,gene_690e575af2aa,0.5439,moderate,corrinoid adenosyltransferase pduo,ATP:cob(I)alamin adenosyltransferase PduO,0
Listeria_monocytogenes_EGDe,gene_7edf1ba0c1f4,0.64,moderate,propanal dehydrogenase (coa-propanoylating),ethanolamine utilization protein EutE,0
Listeria_monocytogenes_EGDe,gene_fea536e93d15,0.7194,moderate,1-propanol dehydrogenase pduq,NADPH-dependent butanol dehydrogenase,0
Listeria_monocytogenes_EGDe,gene_a8b3b26292bb,0.9343,high,Replication-related protein,glycerol uptake facilitator protein,0
Listeria_monocytogenes_EGDe,gene_354c7e98b08b,1.0,high,acetate kinase 2,acetate kinase,1
Listeria_monocytogenes_EGDe,gene_5a3cd5a2ed3f,0.3356,low,l-threonine kinase,PduX protein,0
Listeria_monocytogenes_EGDe,gene_db353a0a494c,0.6772,moderate,1-propanol dehydrogenase pduq,NADPH-dependent butanol dehydrogenase,0
Listeria_monocytogenes_EGDe,gene_a48bcd711383,0.6545,moderate,transcriptional regulatory protein pdtar,two-component response regulator,0
Listeria_monocytogenes_EGDe,gene_52fae7662a37,0.3296,low,sensor histidine kinase pdtas,two-component sensor histidine kinase,1
Listeria_monocytogenes_EGDe,gene_c734fcd74863,0.2927,speculative,ethanolamine ammonia-lyase reactivase euta,ethanolamine utilization protein EutA,0
Listeria_monocytogenes_EGDe,gene_44aaa719ab43,0.8034,high,ethanolamine ammonia-lyase large subunit,ethanolamine ammonia-lyase large subunit,1
Listeria_monocytogenes_EGDe,gene_eea8b0e0c872,1.0,high,ethanolamine ammonia-lyase small subunit,ethanolamine ammonia-lyase small subunit,1
Listeria_monocytogenes_EGDe,gene_919f4e4ce36d,0.733,moderate,bacterial microcompartment shell protein eutl,carboxysome structural protein EutL,0
Listeria_monocytogenes_EGDe,gene_6a64d3acb1a9,0.611,moderate,bacterial microcompartment shell protein eutm,carboxysome structural protein,0
Listeria_monocytogenes_EGDe,gene_d7f1a0a4355f,0.6724,moderate,bifunctional aldehyde-alcohol dehydrogenase adhe,alcohol dehydrogenase,1
Listeria_monocytogenes_EGDe,gene_26d75768e264,1.0,high,bacterial microcompartment shell protein eutm,carboxysome structural protein,0
Listeria_monocytogenes_EGDe,gene_fb3f6cd128f4,0.3348,low,corrinoid adenosyltransferase eutt,cobalamin adenosyl transferase,0
Listeria_monocytogenes_EGDe,gene_1832140248d4,0.9309,high,phosphate propanoyltransferase,PduL protein,0
Listeria_monocytogenes_EGDe,gene_8fe83edd1534,0.447,low,carboxysome shell vertex protein ccml,carbon dioxide concentrating mechanism protein,0
Listeria_monocytogenes_EGDe,gene_ddb33d9e3a09,0.7301,moderate,acetate kinase eutq,ethanolamine utilization protein EutQ,0
Listeria_monocytogenes_EGDe,gene_69f8bd7c0401,0.484,low,regulatory protein pocr,transcriptional regulator,0
Listeria_monocytogenes_EGDe,gene_7ccbf9da25ed,1.0,high,cobyrinate a,"cobyrinic acid a,c-diamide synthase",0
Listeria_monocytogenes_EGDe,gene_86461ba286fc,1.0,high,cobalamin biosynthesis protein cobd,cobalamin biosynthesis protein,1
Listeria_monocytogenes_EGDe,gene_0e88193e4f0e,0.584,moderate,cobalt-precorrin-8 methylmutase,cobalt-precorrin-8X methylmutase,1
Listeria_monocytogenes_EGDe,gene_93123bce644c,1.0,high,cobalt-precorrin-5b c(1)-methyltransferase,cobalt-precorrin-6A synthase,1
Listeria_monocytogenes_EGDe,gene_6fc0ff0b273c,0.5318,moderate,cobalt-precorrin-7 c(5)-methyltransferase,cobalt-precorrin-6Y C(5)-methyltransferase,1
Listeria_monocytogenes_EGDe,gene_b2e5ce26a2da,0.6819,moderate,cobalt-precorrin-6b c(15)-methyltransferase (decarboxylating),cobalt-precorrin-6Y C(15)-methyltransferase,1
Listeria_monocytogenes_EGDe,gene_4f050f8f3735,0.8939,high,cobalt-precorrin-4 c(11)-methyltransferase,precorrin-3 methylase,0
Listeria_monocytogenes_EGDe,gene_85b23cb1c510,0.2542,speculative,cobalt-precorrin-5a hydrolase,cobalamin biosynthesis protein CbiG,0
Listeria_monocytogenes_EGDe,gene_e9164141e444,0.6561,moderate,cobalt-factor iii c(17)-methyltransferase,precorrin-3B C17-methyltransferase,0
Listeria_monocytogenes_EGDe,gene_844f1a81bc4a,0.5344,moderate,cobalt-precorrin-6a reductase,cobalamin biosynthesis protein CbiJ,0
Listeria_monocytogenes_EGDe,gene_a3b5b1b3b2a2,0.8036,high,uroporphyrinogen-iii c-methyltransferase,uroporphyrinogen-III methyltransferase/uroporphyrinogen-III synthase,1
Listeria_monocytogenes_EGDe,gene_0154b5a73517,0.627,moderate,sirohydrochlorin cobaltochelatase,cobalt chelatase,0
Listeria_monocytogenes_EGDe,gene_d73ffc063962,0.3136,low,cobalt-precorrin-2 c(20)-methyltransferase,cobalt-precorrin-2 C(20)-methyltransferase,1
Listeria_monocytogenes_EGDe,gene_d08dda10180f,1.0,high,cobalt transport protein cbim,cobalamin biosynthesis protein CbiM,0
Listeria_monocytogenes_EGDe,gene_8368bb490e83,0.613,moderate,cobalt transport protein cbin,cobalamin biosynthesis protein CbiN,0
Listeria_monocytogenes_EGDe,gene_16e7c440f1c9,0.527,moderate,cobalt transport protein cbiq,cobalamin biosynthesis protein CbiQ,0
Listeria_monocytogenes_EGDe,gene_07ec800a49d6,1.0,high,abc transporter atp-binding protein lmo1207,cobalt transporter ATP-binding protein CbiO,1
Listeria_monocytogenes_EGDe,gene_c67fe068b27d,1.0,high,cobyric acid synthase,cobyric acid synthase CbiP,1
Listeria_monocytogenes_EGDe,gene_9036d85f9c0b,0.489,low,exo-glucosaminidase lytg,N-acetylmuramoyl-L-alanine amidase,0
Listeria_monocytogenes_EGDe,gene_3551d3bf9e55,0.7656,moderate,Metabolism-related protein,N-acetylmuramoyl-L-alanine amidase,0
Listeria_monocytogenes_EGDe,gene_c0c25e1afae8,0.792,moderate,aminopeptidase ysdc,"endo-1,4-beta-glucanase and to aminopeptidase",0
Listeria_monocytogenes_EGDe,gene_5253a57e7d29,0.4368,low,23s rrna (guanosine(2553)-2'-o)-methyltransferase rlmp,rRNA methylase,0
Listeria_monocytogenes_EGDe,gene_850ae2ddc754,1.0,high,phenylalanine--trna ligase alpha subunit,phenylalanyl-tRNA synthetase subunit alpha,0
Listeria_monocytogenes_EGDe,gene_720185f98e27,0.7046,moderate,abc transporter atp-binding protein mg065 homolog,ABC transporter ATP-binding proteins,1
Listeria_monocytogenes_EGDe,gene_c4192020c0d1,1.0,high,phenylalanine--trna ligase beta subunit,phenylalanyl-tRNA synthetase subunit beta,0
Listeria_monocytogenes_EGDe,gene_5f27873f20f9,1.0,high,uracil-dna glycosylase 2,uracil-DNA glycosylase,1
Listeria_monocytogenes_EGDe,gene_f6e1c7815d8b,0.6425,moderate,membrane protein ydgh,transporter,0
Listeria_monocytogenes_EGDe,gene_d728f0c3fb38,1.0,high,ribonuclease hiii,ribonuclease HIII,1
Listeria_monocytogenes_EGDe,gene_ac1ffe97ba7a,0.448,low,dna polymerase/3'-5' exonuclease polx,DNA polymerase beta,1
Listeria_monocytogenes_EGDe,gene_5a9269265305,1.0,high,endonuclease muts2,recombination and DNA strand exchange inhibitor protein,0
Listeria_monocytogenes_EGDe,gene_ea27b3126ce4,1.0,high,thioredoxin,thioredoxin,1
Listeria_monocytogenes_EGDe,gene_b2b8c106bdb2,1.0,high,uvrabc system protein c,excinuclease ABC subunit C,0
Listeria_monocytogenes_EGDe,gene_d2f6f5873193,0.8622,high,aspartokinase 2,aspartate kinase,0
Listeria_monocytogenes_EGDe,gene_8b867b0e1ec1,1.0,high,ribonuclease ph,ribonuclease PH,1
Listeria_monocytogenes_EGDe,gene_cbaaa991fa1d,1.0,high,glutamate racemase,glutamate racemase,1
Listeria_monocytogenes_EGDe,gene_9e7e744a48fb,1.0,high,ditp/xtp pyrophosphatase,nucleoside-triphosphatase,0
Listeria_monocytogenes_EGDe,gene_0a8e5de0a9a8,0.9001,high,atp-dependent rna helicase dbpa,ATP-dependent RNA helicase,1
Listeria_monocytogenes_EGDe,gene_f45f39e2dcd8,0.8308,high,Replication-related protein,antibiotic resistance protein,0
Listeria_monocytogenes_EGDe,gene_4a97f7749df8,0.7187,moderate,lactate racemization regulatory protein,Fnr/Crp family transcriptional regulator,0
Listeria_monocytogenes_EGDe,gene_0a076bec62fd,0.3851,low,hth-type transcriptional regulator trer,GntR family transcriptional regulator,1
Listeria_monocytogenes_EGDe,gene_1a6416247a9c,0.676,moderate,pts system trehalose-specific eiibc component,PTS trehalose transporter subunit IIBC,0
Listeria_monocytogenes_EGDe,gene_32a006cf3aec,1.0,high,gamma-glutamyl phosphate reductase,gamma-glutamyl phosphate reductase,1
Listeria_monocytogenes_EGDe,gene_a25296d98d4c,1.0,high,glutamate 5-kinase,gamma-glutamyl kinase,0
Listeria_monocytogenes_EGDe,gene_fed299602fcb,1.0,high,trigger factor,trigger factor,1
Listeria_monocytogenes_EGDe,gene_6b93249a51ca,1.0,high,atp-dependent clp protease atp-binding subunit clpx,ATP-dependent protease ATP-binding subunit ClpX,1
Listeria_monocytogenes_EGDe,gene_6ffa3237993e,0.9168,high,Phage Lysis-related protein,type I signal peptidase,0
Listeria_monocytogenes_EGDe,gene_3ea252ef600a,0.7023,moderate,signal peptidase i,type I signal peptidase,1
Listeria_monocytogenes_EGDe,gene_52b8b3aac3e9,0.7963,moderate,signal peptidase i,type I signal peptidase,1
Listeria_monocytogenes_EGDe,gene_6c729ca07373,0.8612,high,ribosome biogenesis gtpase a,ribosomal biogenesis GTPase,1
Listeria_monocytogenes_EGDe,gene_0eccac762bfc,1.0,high,ribonuclease hii,ribonuclease HII,1
Listeria_monocytogenes_EGDe,gene_e190f65c9d94,0.6941,moderate,dna processing protein dpra,polypeptide deformylase,0
Listeria_monocytogenes_EGDe,gene_1249398fdab7,0.964,high,dna topoisomerase 1,DNA topoisomerase I,1
Listeria_monocytogenes_EGDe,gene_ab7febe43bcb,1.0,high,methylenetetrahydrofolate--trna-(uracil-5-)-methyltransferase trmfo,tRNA (uracil-5-)-methyltransferase Gid,1
Listeria_monocytogenes_EGDe,gene_0d3b943220b6,1.0,high,tyrosine recombinase xerc,integrase/recombinase,0
Listeria_monocytogenes_EGDe,gene_a7912a42179f,1.0,high,atp-dependent protease subunit hslv,ATP-dependent protease peptidase subunit,1
Listeria_monocytogenes_EGDe,gene_176c0b6ddf69,1.0,high,atp-dependent protease atpase subunit hslu,ATP-dependent protease ATP-binding subunit HslU,1
Listeria_monocytogenes_EGDe,gene_af2b6dce0ad0,1.0,high,global transcriptional regulator cody,transcriptional repressor CodY,1
Listeria_monocytogenes_EGDe,gene_a761cc73be3b,1.0,high,dna topoisomerase 4 subunit b,DNA topoisomerase IV subunit B,1
Listeria_monocytogenes_EGDe,gene_837fcd2f5552,0.6983,moderate,dna topoisomerase 4 subunit a,DNA topoisomerase IV subunit A,1
Listeria_monocytogenes_EGDe,gene_2cedbe806f1f,1.0,high,s-ribosylhomocysteine lyase,S-ribosylhomocysteinase,0
Listeria_monocytogenes_EGDe,gene_d93179e3be82,0.312,low,internalin i,internalin,1
Listeria_monocytogenes_EGDe,gene_0c10b0e9e52a,0.374,low,internalin i,internalin,1
Listeria_monocytogenes_EGDe,gene_38482b159f4e,0.9235,high,peptidoglycan o-acetyltransferase oata,acyltransferase,0
Listeria_monocytogenes_EGDe,gene_71b998bb0725,0.7118,moderate,Stress Response-related protein,glycerophosphodiester phosphodiesterase,0
Listeria_monocytogenes_EGDe,gene_0d60ee5147dc,1.0,high,trna dimethylallyltransferase,tRNA delta(2)-isopentenylpyrophosphate transferase,0
Listeria_monocytogenes_EGDe,gene_dc8d54ab4ef0,0.897,high,aerobic glycerol-3-phosphate dehydrogenase,glycerol-3-phosphate dehydrogenase,1
Listeria_monocytogenes_EGDe,gene_1cefda4d9826,0.785,moderate,rna-binding protein hfq,host factor-1 protein,0
Listeria_monocytogenes_EGDe,gene_db9fc953cd32,0.7819,moderate,hth-type transcriptional regulator glnr,glutamine synthetase repressor,0
Listeria_monocytogenes_EGDe,gene_2eebce2c6946,1.0,high,glutamine synthetase,glutamine synthetase,1
Listeria_monocytogenes_EGDe,gene_7d78544cd151,0.7892,moderate,arsenical pump membrane protein ydfa,arsenic transporter,0
Listeria_monocytogenes_EGDe,gene_a76f83ea1296,1.0,high,lexa repressor,LexA family transcriptional regulator,0
Listeria_monocytogenes_EGDe,gene_310ada170b14,1.0,high,Replication-related protein,transketolase,0
Listeria_monocytogenes_EGDe,gene_5e3cdf31ec09,1.0,high,uridylate kinase,uridylate kinase,1
Listeria_monocytogenes_EGDe,gene_d749a504ac2c,1.0,high,ribosome-recycling factor,ribosome recycling factor,1
Listeria_monocytogenes_EGDe,gene_b7739ac5e284,1.0,high,isoprenyl transferase,UDP pyrophosphate synthase,0
Listeria_monocytogenes_EGDe,gene_3223c3a2c720,0.8969,high,Replication-related protein,phosphatidate cytidylyltransferase,0
Listeria_monocytogenes_EGDe,gene_5f2dcb4f71b1,1.0,high,1-deoxy-d-xylulose 5-phosphate reductoisomerase,1-deoxy-D-xylulose 5-phosphate reductoisomerase,1
Listeria_monocytogenes_EGDe,gene_1a84c289e1b5,1.0,high,proline--trna ligase,prolyl-tRNA synthetase,0
Listeria_monocytogenes_EGDe,gene_d5e3ae0340c8,1.0,high,dna polymerase iii polc-type,DNA polymerase III PolC,1
Listeria_monocytogenes_EGDe,gene_50d7b270c8ee,0.7844,moderate,transcription termination/antitermination protein nusa,transcription elongation factor NusA,0
Listeria_monocytogenes_EGDe,gene_28d52e3c88d7,1.0,high,translation initiation factor if-2,translation initiation factor IF-2,1
Listeria_monocytogenes_EGDe,gene_efbca72481f4,1.0,high,ribosome-binding factor a,ribosome-binding factor A,1
Listeria_monocytogenes_EGDe,gene_3fe63fa17457,1.0,high,trna pseudouridine synthase b,tRNA pseudouridine synthase B,1
Listeria_monocytogenes_EGDe,gene_e339261b8175,0.7967,moderate,bifunctional riboflavin kinase/fmn adenylyltransferase,riboflavin kinase,1
Listeria_monocytogenes_EGDe,gene_43051c28625d,1.0,high,polyribonucleotide nucleotidyltransferase,polynucleotide phosphorylase,0
Listeria_monocytogenes_EGDe,gene_8ca85955eade,1.0,high,small ribosomal subunit protein us15,30S ribosomal protein S15,0
Listeria_monocytogenes_EGDe,gene_1844b98f0009,1.0,high,small ribosomal subunit biogenesis gtpase rsga 1,GTPase EngC,0
Listeria_monocytogenes_EGDe,gene_79866de9c5cd,1.0,high,large ribosomal subunit protein bl33a,50S ribosomal protein L33,0
Listeria_monocytogenes_EGDe,gene_fb7faddb1aef,0.742,moderate,glucokinase,glucose kinase,0
Listeria_monocytogenes_EGDe,gene_1a368bd909a6,0.701,moderate,comg operon protein 3 homolog,competence protein ComGC,0
Listeria_monocytogenes_EGDe,gene_e46c034d8fd3,0.6007,moderate,Replication-related protein,competence protein ComGB,0
Listeria_monocytogenes_EGDe,gene_508cdec3f54a,0.6886,moderate,type iv pilus assembly atpase pilb,competence protein ComGA,0
Listeria_monocytogenes_EGDe,gene_39bcfdce0f3e,1.0,high,aminomethyltransferase,glycine cleavage system aminomethyltransferase T,1
Listeria_monocytogenes_EGDe,gene_01dcb070407c,1.0,high,glycine dehydrogenase (decarboxylating) subunit 1,glycine dehydrogenase subunit 1,1
Listeria_monocytogenes_EGDe,gene_545fdc9fc11a,1.0,high,glycine dehydrogenase (decarboxylating) subunit 2,glycine dehydrogenase subunit 2,1
Listeria_monocytogenes_EGDe,gene_22195f119e7f,1.0,high,elongation factor p,elongation factor P,1
Listeria_monocytogenes_EGDe,gene_27e60ee8779a,0.553,moderate,biotin carboxyl carrier protein of acetyl-coa carboxylase,acetyl-CoA carboxylase subunit (biotin carboxyl carrier subunit),1
Listeria_monocytogenes_EGDe,gene_e033c8bd77f5,1.0,high,transcription antitermination protein nusb,transcription antitermination protein NusB,1
Listeria_monocytogenes_EGDe,gene_9930e3222ced,1.0,high,bifunctional protein fold,"bifunctional 5,10-methylene-tetrahydrofolate dehydrogenase/ 5,10-methylene-tetrahydrofolate cyclohydrolase",0
Listeria_monocytogenes_EGDe,gene_683558c7cf06,1.0,high,exodeoxyribonuclease 7 large subunit,exodeoxyribonuclease VII large subunit,1
Listeria_monocytogenes_EGDe,gene_68a5f9e24863,1.0,high,exodeoxyribonuclease 7 small subunit,exodeoxyribonuclease VII small subunit,1
Listeria_monocytogenes_EGDe,gene_7d7779b3f699,1.0,high,Translation-related protein,geranyltranstransferase,0
Listeria_monocytogenes_EGDe,gene_a9bb3100756b,1.0,high,cold shock-like protein cspla,cold-shock protein,1
Listeria_monocytogenes_EGDe,gene_4373c8b87e66,1.0,high,1-deoxy-d-xylulose-5-phosphate synthase,1-deoxy-D-xylulose-5-phosphate synthase,1
Listeria_monocytogenes_EGDe,gene_e0b10995e59a,1.0,high,arginine repressor,arginine repressor ArgR,1
Listeria_monocytogenes_EGDe,gene_0b2e5b8a5e68,0.4959,low,phosphate butyryltransferase,phosphotransbutyrylase,0
Listeria_monocytogenes_EGDe,gene_f69161ff0388,0.7308,moderate,dna repair protein recn,DNA repair protein,1
Listeria_monocytogenes_EGDe,gene_867b94706012,1.0,high,butyrate kinase,butyrate kinase,1
Listeria_monocytogenes_EGDe,gene_8030adadb23e,0.7372,moderate,dihydrolipoyl dehydrogenase,dihydrolipoamide dehydrogenase,0
Listeria_monocytogenes_EGDe,gene_dbef8afb8139,0.6073,moderate,2-oxoisovalerate dehydrogenase subunit alpha,branched-chain alpha-keto acid dehydrogenase subunit E1,0
Listeria_monocytogenes_EGDe,gene_5b3606a74130,0.76,moderate,2-oxoisovalerate dehydrogenase subunit beta,branched-chain alpha-keto acid dehydrogenase subunit E1,0
Listeria_monocytogenes_EGDe,gene_9192718605e1,0.5509,moderate,lipoamide acyltransferase component of branched-chain alpha-keto acid dehydrogenase complex,branched-chain alpha-keto acid dehydrogenase subunit E2,1
Listeria_monocytogenes_EGDe,gene_2cda564b78de,1.0,high,6-phosphogluconate dehydrogenase,6-phosphogluconate dehydrogenase,1
Listeria_monocytogenes_EGDe,gene_1ac492f2b427,0.8171,high,response regulator arlr,two-component response regulator,1
Listeria_monocytogenes_EGDe,gene_4395216c3cd9,0.4735,low,signal transduction histidine-protein kinase arls,two-component sensor histidine kinase,0
Listeria_monocytogenes_EGDe,gene_786a0c5e33b3,1.0,high,membrane protein insertase yidc 1,sporulation protein SpoJ,0
Listeria_monocytogenes_EGDe,gene_bdf80a03dad2,1.0,high,acylphosphatase,acylphosphatase,1
Listeria_monocytogenes_EGDe,gene_e60024da2002,1.0,high,isopentenyl-diphosphate delta-isomerase,isopentenyl pyrophosphate isomerase,1
Listeria_monocytogenes_EGDe,gene_c4383f152308,1.0,high,dna translocase ftsk,DNA translocase,1
Listeria_monocytogenes_EGDe,gene_8bdbe5090904,0.4497,low,pyrroline-5-carboxylate reductase 3,pyrroline-5-carboxylate reductase,1
Listeria_monocytogenes_EGDe,gene_e676c07c9d0f,1.0,high,cd4+ t-cell-stimulating antigen,"CD4+ T cell-stimulating antigen, lipoprotein",1
Listeria_monocytogenes_EGDe,gene_2b0bc21bc568,0.8892,high,guanosine import atp-binding protein nupo,sugar ABC transporter ATP-binding protein,0
Listeria_monocytogenes_EGDe,gene_a126352d33dd,0.5526,moderate,guanosine abc transporter permease protein nupq,sugar ABC transporter permease,1
Listeria_monocytogenes_EGDe,gene_71ad9167cb77,0.8227,high,Replication-related protein,ABC transporter permease,0
Listeria_monocytogenes_EGDe,gene_2b3fdf844483,0.291,speculative,inactive metalloprotease ymff,peptidase,0
Listeria_monocytogenes_EGDe,gene_515b63aad822,0.7803,moderate,cdp-diacylglycerol--glycerol-3-phosphate 3-phosphatidyltransferase,phosphatidylglycerophosphate synthase,0
Listeria_monocytogenes_EGDe,gene_786b814687c6,1.0,high,competence-damage inducible protein,competence damage-inducible protein CinA,1
Listeria_monocytogenes_EGDe,gene_26c5ad6d6aa9,1.0,high,ribonuclease y,phosphodiesterase,0
Listeria_monocytogenes_EGDe,gene_1d25688d6faf,1.0,high,protein reca,recombinase A,0
Listeria_monocytogenes_EGDe,gene_c06bae4dd402,1.0,high,dna mismatch repair protein mutl,DNA mismatch repair protein,1
Listeria_monocytogenes_EGDe,gene_8491c26ab8d8,1.0,high,dna mismatch repair protein muts,DNA mismatch repair protein MutS,1
Listeria_monocytogenes_EGDe,gene_22e7bbf3c620,0.383,low,glycerol uptake operon antiterminator regulatory protein,anti-terminator regulatory protein,0
Listeria_monocytogenes_EGDe,gene_7c1240906162,1.0,high,formate acetyltransferase,pyruvate formate-lyase,0
Listeria_monocytogenes_EGDe,gene_cecbc13ac3f9,1.0,high,pyruvate formate-lyase-activating enzyme,pyruvate-formate lyase activating enzyme,1
Listeria_monocytogenes_EGDe,gene_85c410713f94,0.7066,moderate,Replication-related protein,multidrug transporter,0
Listeria_monocytogenes_EGDe,gene_c4be1b951be1,0.35,low,ATP/GTP binding protein,modulates DNA topology,0
Listeria_monocytogenes_EGDe,gene_4e96c94715a1,0.325,low,internalin j,peptidoglycan binding protein,0
Listeria_monocytogenes_EGDe,gene_aae95d321d44,0.8375,high,acetyl-coa acetyltransferase,acetyl-CoA:acetyltransferase,1
Listeria_monocytogenes_EGDe,gene_e6441e7a7636,0.4176,low,hydroxymethylglutaryl-coa synthase,hydroxy-3-methylglutaryl-CoA synthase,1
Listeria_monocytogenes_EGDe,gene_9b95753df244,1.0,high,udp-n-acetylenolpyruvoylglucosamine reductase,UDP-N-acetylenolpyruvoylglucosamine reductase,1
Listeria_monocytogenes_EGDe,gene_a30fc95d8248,0.8732,high,glycine betaine/carnitine/choline transport atp-binding protein opuca,glycine/betaine ABC transporter ATP-binding protein,1
Listeria_monocytogenes_EGDe,gene_1d86e17bac45,1.0,high,divalent metal cation transporter mnth,manganese transporter,0
Listeria_monocytogenes_EGDe,gene_9a4d603b69b8,1.0,high,carnitine transport permease protein opucd,glycine/betaine ABC transporter permease,0
Listeria_monocytogenes_EGDe,gene_49d75e5331d1,1.0,high,carnitine transport binding protein opucc,glycine/betaine ABC transporter substrate-binding protein,0
Listeria_monocytogenes_EGDe,gene_36ca65168388,1.0,high,carnitine transport permease protein opucb,glycine/betaine ABC transporter permease,0
Listeria_monocytogenes_EGDe,gene_7aedd970f173,1.0,high,carnitine transport atp-binding protein opuca,glycine/betaine ABC transporter ATP-binding protein,0
Listeria_monocytogenes_EGDe,gene_73259b600d7b,0.5518,moderate,glutathione reductase,glutathione reductase,1
Listeria_monocytogenes_EGDe,gene_a6dfe545355b,1.0,high,4-hydroxy-tetrahydrodipicolinate synthase,dihydrodipicolinate synthase,0
Listeria_monocytogenes_EGDe,gene_0c8abbc98804,0.6705,moderate,aspartokinase 1,aspartate kinase,0
Listeria_monocytogenes_EGDe,gene_5d8e33b24b6d,0.8763,high,aspartate-semialdehyde dehydrogenase,aspartate-semialdehyde dehydrogenase,1
Listeria_monocytogenes_EGDe,gene_e60af3e79bca,0.541,moderate,penicillin-binding protein 2a,penicillin-binding protein,1
Listeria_monocytogenes_EGDe,gene_92ce4704062e,1.0,high,superoxide dismutase,superoxide dismutase,1
Listeria_monocytogenes_EGDe,gene_4da7d472c192,1.0,high,4-hydroxy-3-methylbut-2-en-1-yl diphosphate synthase (flavodoxin),4-hydroxy-3-methylbut-2-en-1-yl diphosphate synthase,1
Listeria_monocytogenes_EGDe,gene_2d8f7ff28402,0.35,low,Lipoprotein,transporter,0
Listeria_monocytogenes_EGDe,gene_691a987e6e1d,1.0,high,foldase protein prsa 1,foldase,1
Listeria_monocytogenes_EGDe,gene_b426d27ed6d3,1.0,high,transcriptional regulator zurr,ZurR family transcriptional regulator,1
Listeria_monocytogenes_EGDe,gene_7a7ac07edfba,1.0,high,manganese-dependent inorganic pyrophosphatase,manganese-dependent inorganic pyrophosphatase,1
Listeria_monocytogenes_EGDe,gene_4838fba8ae69,1.0,high,zinc uptake system atp-binding protein zura,"metal (zinc) transport protein(ABC transporter, ATP-binding protein)",0
Listeria_monocytogenes_EGDe,gene_160bcdce0432,0.8887,high,dead-box atp-dependent rna helicase cshb,DEAD/DEAH box helicase,1
Listeria_monocytogenes_EGDe,gene_a843d07c327c,1.0,high,endonuclease 4,endonuclease IV,1
Listeria_monocytogenes_EGDe,gene_822afec368cc,1.0,high,4-hydroxy-3-methylbut-2-enyl diphosphate reductase,4-hydroxy-3-methylbut-2-enyl diphosphate reductase,1
Listeria_monocytogenes_EGDe,gene_b4940cd1c1bd,1.0,high,rna polymerase sigma factor siga,RNA polymerase sigma factor RpoD,1
Listeria_monocytogenes_EGDe,gene_ca1835fc0ca3,0.9701,high,dna primase,DNA primase,1
Listeria_monocytogenes_EGDe,gene_3152550d5d32,1.0,high,glycine--trna ligase alpha subunit,glycyl-tRNA synthetase subunit alpha,0
Listeria_monocytogenes_EGDe,gene_bb274a525640,1.0,high,dna repair protein reco,DNA repair protein RecO,1
Listeria_monocytogenes_EGDe,gene_98b407eade9b,1.0,high,glycine--trna ligase beta subunit,glycyl-tRNA synthetase subunit beta,0
Listeria_monocytogenes_EGDe,gene_b31da41e274b,1.0,high,gtpase era,GTP-binding protein Era,0
Listeria_monocytogenes_EGDe,gene_b0ddee00bce0,0.796,moderate,cytidine deaminase,cytidine deaminase,1
Listeria_monocytogenes_EGDe,gene_bf4df5860382,0.6222,moderate,undecaprenol kinase,diacylglycerol kinase,0
Listeria_monocytogenes_EGDe,gene_6096be1d82dd,1.0,high,endoribonuclease ybey,metalloprotease,0
Listeria_monocytogenes_EGDe,gene_8a16472af83b,1.0,high,small ribosomal subunit protein bs21,30S ribosomal protein S21,0
Listeria_monocytogenes_EGDe,gene_68ccaeca3c06,0.2971,speculative,ribosomal rna small subunit methyltransferase e,16S ribosomal RNA methyltransferase RsmE,1
Listeria_monocytogenes_EGDe,gene_bc7c43ae3fd0,1.0,high,ribosomal protein l11 methyltransferase,ribosomal protein L11 methyltransferase,1
Listeria_monocytogenes_EGDe,gene_ab903933c9f9,1.0,high,chaperone protein dnaj,molecular chaperone DnaJ,1
Listeria_monocytogenes_EGDe,gene_c42169a16b48,1.0,high,chaperone protein dnak,molecular chaperone DnaK,1
Listeria_monocytogenes_EGDe,gene_05ac0ad885b4,1.0,high,protein grpe,heat shock protein GrpE,1
Listeria_monocytogenes_EGDe,gene_12dd40df22d2,1.0,high,heat-inducible transcription repressor hrca,heat-inducible transcription repressor,1
Listeria_monocytogenes_EGDe,gene_9732db45340e,0.5567,moderate,heme chaperone hemw,coproporphyrinogen III oxidase,0
Listeria_monocytogenes_EGDe,gene_64530244396e,1.0,high,small ribosomal subunit protein bs20,30S ribosomal protein S20,0
Listeria_monocytogenes_EGDe,gene_030cf984c9ba,1.0,high,elongation factor 4,GTP-binding protein LepA,0
Listeria_monocytogenes_EGDe,gene_4622fe969cfa,0.2861,speculative,dna polymerase iii subunit delta,DNA polymerase III subunit delta,1
Listeria_monocytogenes_EGDe,gene_f15ba63c9d93,0.7,moderate,come operon protein 2,competence protein ComEB,0
Listeria_monocytogenes_EGDe,gene_44a9d916a8b7,0.443,low,come operon protein 3,competence protein ComEC,0
Listeria_monocytogenes_EGDe,gene_f2767b3058b5,1.0,high,nicotinate-nucleotide adenylyltransferase,nicotinic acid mononucleotide adenylyltransferase,0
Listeria_monocytogenes_EGDe,gene_3d06345bf6fe,0.5853,moderate,shikimate dehydrogenase (nadp(+)),shikimate 5-dehydrogenase,1
Listeria_monocytogenes_EGDe,gene_a87006f6f81e,1.0,high,5'-methylthioadenosine/s-adenosylhomocysteine nucleosidase,5'-methylthioadenosine/S-adenosylhomocysteine nucleosidase,1
Listeria_monocytogenes_EGDe,gene_5bad151f2096,1.0,high,transcription elongation factor grea,transcription elongation factor GreA,1
Listeria_monocytogenes_EGDe,gene_07635dc3b1d3,1.0,high,uridine kinase,uridine kinase,1
Listeria_monocytogenes_EGDe,gene_ef0d4dacf942,0.39,low,trna 5-hydroxyuridine methyltransferase,O-methyltransferase,1
Listeria_monocytogenes_EGDe,gene_4bfbfcb892c1,1.0,high,pre-16s rrna nuclease,Holliday junction resolvase,0
Listeria_monocytogenes_EGDe,gene_ac80d59390d1,1.0,high,alanine--trna ligase,alanyl-tRNA synthetase,0
Listeria_monocytogenes_EGDe,gene_7824263e0c4e,0.6343,moderate,sensor histidine kinase yclk,histidine kinase,1
Listeria_monocytogenes_EGDe,gene_019fd6d6a7d7,0.6875,moderate,atp-dependent recd2 dna helicase,exodeoxyribonuclease V,0
Listeria_monocytogenes_EGDe,gene_5cbe50417b8f,1.0,high,trna-specific 2-thiouridylase mnma,tRNA-specific 2-thiouridylase,1
Listeria_monocytogenes_EGDe,gene_df38081d4b5c,1.0,high,replication-associated recombination protein a,recombination factor protein RarA,0
Listeria_monocytogenes_EGDe,gene_331230515776,0.6836,moderate,ammonium transporter,ammonium transporter NrgA,1
Listeria_monocytogenes_EGDe,gene_55b0340243a2,0.6926,moderate,nitrogen regulatory pii-like protein,nitrogen regulatory PII protein,1
Listeria_monocytogenes_EGDe,gene_1dcf7adbf8bf,1.0,high,aspartate--trna ligase,aspartyl-tRNA synthetase,0
Listeria_monocytogenes_EGDe,gene_843b70b61880,1.0,high,histidine--trna ligase,histidyl-tRNA synthetase,0
Listeria_monocytogenes_EGDe,gene_abf141ff6828,0.6628,moderate,cell wall amidase lyth,N-acetylmuramoyl-L-alanine amidase,0
Listeria_monocytogenes_EGDe,gene_36d0b1722d48,1.0,high,d-aminoacyl-trna deacylase,D-tyrosyl-tRNA(Tyr) deacylase,1
Listeria_monocytogenes_EGDe,gene_7fb8214c2785,0.8674,high,gtp pyrophosphokinase,(p)ppGpp synthetase,0
Listeria_monocytogenes_EGDe,gene_1a2a97731c2d,1.0,high,adenine phosphoribosyltransferase,adenine phosphoribosyltransferase,1
Listeria_monocytogenes_EGDe,gene_2d52cae62f75,0.464,low,single-stranded-dna-specific exonuclease recj,recombination protein RecJ,0
Listeria_monocytogenes_EGDe,gene_8e35c65d85f1,1.0,high,s-adenosylmethionine:trna ribosyltransferase-isomerase,S-adenosylmethionine:tRNA ribosyltransferase-isomerase,1
Listeria_monocytogenes_EGDe,gene_a8445b547f54,1.0,high,queuine trna-ribosyltransferase,queuine tRNA-ribosyltransferase,1
Listeria_monocytogenes_EGDe,gene_ed35c9f548c8,1.0,high,holliday junction branch migration complex subunit ruvb,Holliday junction DNA helicase RuvB,1
Listeria_monocytogenes_EGDe,gene_4b733d4b46d0,1.0,high,holliday junction branch migration complex subunit ruva,Holliday junction DNA helicase RuvA,1
Listeria_monocytogenes_EGDe,gene_875fdc8d19bb,1.0,high,l-lactate dehydrogenase 2,L-lactate dehydrogenase,1
Listeria_monocytogenes_EGDe,gene_8e2d225deb6f,0.625,moderate,prephenate dehydratase,prephenate dehydratase,1
Listeria_monocytogenes_EGDe,gene_0a4c3b1141fa,1.0,high,gtpase obg,GTPase ObgE,0
Listeria_monocytogenes_EGDe,gene_4f489e8f85af,1.0,high,glycerol kinase,glycerol kinase,1
Listeria_monocytogenes_EGDe,gene_8287d8a8a21a,1.0,high,large ribosomal subunit protein bl27,50S ribosomal protein L27,0
Listeria_monocytogenes_EGDe,gene_815ece535d43,0.794,moderate,glycerol uptake facilitator protein 3,glycerol transporter,0
Listeria_monocytogenes_EGDe,gene_135e3d951de7,1.0,high,large ribosomal subunit protein bl21,50S ribosomal protein L21,0
Listeria_monocytogenes_EGDe,gene_10c2a15d3edb,1.0,high,septum site-determining protein minc,septum formation inhibitor MinC,0
Listeria_monocytogenes_EGDe,gene_f29b13410fa7,1.0,high,cell shape-determining protein mrec,rod shape-determining protein MreC,1
Listeria_monocytogenes_EGDe,gene_fb71fe75be3c,0.819,high,cell shape-determining protein mreb,rod shape-determining protein MreB,1
Listeria_monocytogenes_EGDe,gene_e2e51e006a0f,1.0,high,upf0758 protein lmo1549,DNA repair protein RadC,0
Listeria_monocytogenes_EGDe,gene_9f077d38941d,0.35,low,DNA-binding transcription regulator,competence protein ComC,0
Listeria_monocytogenes_EGDe,gene_6ad8966e62dd,0.7234,moderate,Translation-related protein,folyl-polyglutamate synthetase,0
Listeria_monocytogenes_EGDe,gene_959eacade27d,1.0,high,glutamate-1-semialdehyde 2,glutamate-1-semialdehyde aminotransferase,1
Listeria_monocytogenes_EGDe,gene_24e2db5e1b68,1.0,high,valine--trna ligase,valyl-tRNA synthetase,0
Listeria_monocytogenes_EGDe,gene_f28c149a3e18,0.767,moderate,delta-aminolevulinic acid dehydratase,delta-aminolevulinic acid dehydratase,1
Listeria_monocytogenes_EGDe,gene_af5d6f3a9153,0.35,low,DNA-binding transcription regulator,uroporphyrinogen-III synthase,0
Listeria_monocytogenes_EGDe,gene_743bd6eb3b62,1.0,high,porphobilinogen deaminase,porphobilinogen deaminase,1
Listeria_monocytogenes_EGDe,gene_1c3fdf2d14cc,1.0,high,glutamyl-trna reductase,glutamyl-tRNA reductase,1
Listeria_monocytogenes_EGDe,gene_c59e9af1b6e4,1.0,high,gtp-binding protein engb,GTP-binding protein EngB,1
Listeria_monocytogenes_EGDe,gene_6bfa7dc0b15b,1.0,high,threonine--trna ligase,threonyl-tRNA synthetase,0
Listeria_monocytogenes_EGDe,gene_8054fbcf8fb5,0.7866,moderate,replicative helicase loader dnai,primosomal protein DnaI,0
Listeria_monocytogenes_EGDe,gene_d96c5e026cf5,0.2784,speculative,replicative helicase loading/dna remodeling protein dnab,chromosome replication initiation / membrane attachment protein DnaB,0
Listeria_monocytogenes_EGDe,gene_23120f570087,1.0,high,transcriptional repressor nrdr,transcriptional regulator NrdR,1
Listeria_monocytogenes_EGDe,gene_cd1debe15883,1.0,high,dephospho-coa kinase,dephospho-CoA kinase,1
Listeria_monocytogenes_EGDe,gene_aafc81a0f320,1.0,high,formamidopyrimidine-dna glycosylase,formamidopyrimidine-DNA glycosylase,1
Listeria_monocytogenes_EGDe,gene_f5c57963dfba,1.0,high,isocitrate dehydrogenase,isocitrate dehydrogenase,1
Listeria_monocytogenes_EGDe,gene_14249bc4da80,0.8867,high,dna polymerase i,DNA polymerase I,1
Listeria_monocytogenes_EGDe,gene_47da9d924454,0.81,high,citrate synthase 2,citrate synthase,1
Listeria_monocytogenes_EGDe,gene_67a3c8c86766,0.9227,high,pyruvate kinase,pyruvate kinase,1
Listeria_monocytogenes_EGDe,gene_5f5aa0a19715,1.0,high,atp-dependent 6-phosphofructokinase,6-phosphofructokinase,1
Listeria_monocytogenes_EGDe,gene_308b3bf9f215,1.0,high,acetyl-coenzyme a carboxylase carboxyl transferase subunit alpha,acetyl-CoA carboxylase carboxyltransferase subunit alpha,1
Listeria_monocytogenes_EGDe,gene_1a4a64a43328,1.0,high,acetyl-coenzyme a carboxylase carboxyl transferase subunit beta,acetyl-CoA carboxylase subunit beta,1
Listeria_monocytogenes_EGDe,gene_3995fb6fcb82,0.5399,moderate,dna polymerase iii subunit alpha,DNA polymerase III subunit alpha,1
Listeria_monocytogenes_EGDe,gene_74a5490e120c,1.0,high,upf0173 metal-dependent hydrolase lmo1577,metal-dependent hydrolase,1
Listeria_monocytogenes_EGDe,gene_7285669ab085,0.571,moderate,dipeptidase ykvy,X-Pro dipeptidase,0
Listeria_monocytogenes_EGDe,gene_081b43b4431d,0.9292,high,alanine dehydrogenase,alanine dehydrogenase,1
Listeria_monocytogenes_EGDe,gene_0a7dc02dc235,1.0,high,acetate kinase 1,acetate kinase,1
Listeria_monocytogenes_EGDe,gene_14e610e8d56d,1.0,high,thiol peroxidase,thiol peroxidase,1
Listeria_monocytogenes_EGDe,gene_57be592c92a1,0.566,moderate,signal peptide peptidase sppa,peptidase,1
Listeria_monocytogenes_EGDe,gene_6fa9a2dd3790,1.0,high,nad kinase 2,inorganic polyphosphate/ATP-NAD kinase,1
Listeria_monocytogenes_EGDe,gene_11eeb20db592,1.0,high,ornithine carbamoyltransferase,ornithine carbamoyltransferase,1
Listeria_monocytogenes_EGDe,gene_c6531d6a2f35,1.0,high,acetylglutamate kinase,acetylglutamate kinase,1
Listeria_monocytogenes_EGDe,gene_5a4bbe944c76,1.0,high,arginine biosynthesis bifunctional protein argj,bifunctional ornithine acetyltransferase/N-acetylglutamate synthase,0
Listeria_monocytogenes_EGDe,gene_4c5eadd1bfcc,1.0,high,n-acetyl-gamma-glutamyl-phosphate reductase,N-acetyl-gamma-glutamyl-phosphate reductase,1
Listeria_monocytogenes_EGDe,gene_2b31569d86ba,1.0,high,trna sulfurtransferase,thiamine biosynthesis protein ThiI,0
Listeria_monocytogenes_EGDe,gene_5a4db4925051,1.0,high,septation ring formation regulator ezra,septation ring formation regulator EzrA,1
Listeria_monocytogenes_EGDe,gene_f01362308bf0,1.0,high,small ribosomal subunit protein us4,30S ribosomal protein S4,0
Listeria_monocytogenes_EGDe,gene_30b51e0be79d,1.0,high,tyrosine--trna ligase,tyrosyl-tRNA synthetase,0
Listeria_monocytogenes_EGDe,gene_40d9d649b90d,0.8,high,catabolite control protein a,catabolite control protein A,1
Listeria_monocytogenes_EGDe,gene_52b3405b05b0,0.81,high,protein aroa(g),bifunctional 3-deoxy-7-phosphoheptulonate synthase/chorismate mutase,0
Listeria_monocytogenes_EGDe,gene_61ee21fd2749,0.321,low,aminopeptidase t,aminopeptidase,1
Listeria_monocytogenes_EGDe,gene_bd0222964aa3,0.8,high,peroxiredoxin ykuu,2-cys peroxiredoxin,0
Listeria_monocytogenes_EGDe,gene_b98be4ccd440,1.0,high,udp-n-acetylmuramate--l-alanine ligase,UDP-N-acetylmuramate--L-alanine ligase,1
Listeria_monocytogenes_EGDe,gene_52136abe73b1,0.8555,high,dna translocase sfta,DNA translocase,1
Listeria_monocytogenes_EGDe,gene_f3c3c0793016,0.683,moderate,trna-binding protein ytpr,phenylalanyl-tRNA synthetase subunit beta,0
Listeria_monocytogenes_EGDe,gene_43f4e8737507,0.73,moderate,aminopeptidase ytop,aminopeptidase,1
Listeria_monocytogenes_EGDe,gene_ad49e7af102c,1.0,high,trna (guanine-n(7)-)-methyltransferase,tRNA (guanine-N(7)-)-methyltransferase,1
Listeria_monocytogenes_EGDe,gene_1c892ddecce6,1.0,high,d-alanine aminotransferase,D-amino acid aminotransferase,0
Listeria_monocytogenes_EGDe,gene_9ce568f3c63a,0.641,moderate,dipeptidase ytjp,dipeptidase PepV,0
Listeria_monocytogenes_EGDe,gene_8ae06fbbafcf,0.303,low,lipid ii flippase murj,transporter,0
Listeria_monocytogenes_EGDe,gene_ca16fe6380e8,0.322,low,lipid ii flippase murj,transporter,0
Listeria_monocytogenes_EGDe,gene_372b0f0ac838,1.0,high,tryptophan synthase alpha chain,tryptophan synthase subunit alpha,1
Listeria_monocytogenes_EGDe,gene_6b7b7d0e07ed,1.0,high,tryptophan synthase beta chain,tryptophan synthase subunit beta,1
Listeria_monocytogenes_EGDe,gene_b8a996d49a2f,1.0,high,n-(5'-phosphoribosyl)anthranilate isomerase,N-(5'-phosphoribosyl)anthranilate isomerase,1
Listeria_monocytogenes_EGDe,gene_70335883a775,1.0,high,indole-3-glycerol phosphate synthase,indole-3-glycerol phosphate synthase,1
Listeria_monocytogenes_EGDe,gene_f05b93860331,1.0,high,anthranilate phosphoribosyltransferase,anthranilate phosphoribosyltransferase,1
Listeria_monocytogenes_EGDe,gene_82f27858ae16,0.7271,moderate,anthranilate synthase component 2,anthranilate synthase subunit beta,1
Listeria_monocytogenes_EGDe,gene_ba7d5d07e259,0.8388,high,aldehyde-alcohol dehydrogenase,bifunctional acetaldehyde-CoA/alcohol dehydrogenase,0
Listeria_monocytogenes_EGDe,gene_3d5a1430996b,0.5509,moderate,anthranilate synthase component 1,anthranilate synthase subunit alpha,1
Listeria_monocytogenes_EGDe,gene_e2625e926c6e,0.6749,moderate,dna-3-methyladenine glycosylase 1,DNA-3-methyladenine glycosidase,1
Listeria_monocytogenes_EGDe,gene_110738fd9c40,0.4555,low,atp-dependent helicase/translocase ywqa,helicase SNF2,0
Listeria_monocytogenes_EGDe,gene_60480e321c21,0.884,high,aconitate hydratase a,aconitate hydratase,1
Listeria_monocytogenes_EGDe,gene_feab7af03c88,0.6326,moderate,Metabolism-related protein,ATP-dependent dsDNA exonuclease SbcC,0
Listeria_monocytogenes_EGDe,gene_471c843c7b44,0.531,moderate,nuclease sbccd subunit d,exonuclease SbcD,0
Listeria_monocytogenes_EGDe,gene_4407bdc8ae91,0.314,low,1-acyl-sn-glycerol-3-phosphate acyltransferase,1-acylglycerol-3-phosphate O-acyltransferase,1
Listeria_monocytogenes_EGDe,gene_5d2a51e81093,0.698,moderate,abc transporter atp-binding protein exp8,ABC transporter ATP-binding protein,1
Listeria_monocytogenes_EGDe,gene_60d150b7be29,0.7507,moderate,multidrug resistance abc transporter atp-binding/permease protein bmrc,ABC transporter ATP-binding protein,1
Listeria_monocytogenes_EGDe,gene_54f3bf6e6db0,1.0,high,small ribosomal subunit protein us2,30S ribosomal protein S2,0
Listeria_monocytogenes_EGDe,gene_905e72da76be,1.0,high,elongation factor ts,elongation factor Ts,1
Listeria_monocytogenes_EGDe,gene_00e113d06025,1.0,high,leucine--trna ligase,leucyl-tRNA synthetase,0
Listeria_monocytogenes_EGDe,gene_e277c29a3b7e,0.6341,moderate,asparagine synthetase 1,asparagine synthetase,1
Listeria_monocytogenes_EGDe,gene_7fb737d3fefa,1.0,high,s-adenosylmethionine synthase,S-adenosylmethionine synthetase,0
Listeria_monocytogenes_EGDe,gene_ced6a5491c23,0.6373,moderate,Stress Response-related protein,peptidoglycan-linked protein,0
Listeria_monocytogenes_EGDe,gene_cb761a43e18b,0.524,moderate,high-affinity zinc uptake system protein znua,ABC transporter,0
Listeria_monocytogenes_EGDe,gene_71ee5e9a3a32,1.0,high,2-succinylbenzoate--coa ligase,O-succinylbenzoic acid--CoA ligase,1
Listeria_monocytogenes_EGDe,gene_be815071f8c2,1.0,high,2-succinyl-5-enolpyruvyl-6-hydroxy-3-cyclohexene-1-carboxylate synthase,2-succinyl-5-enolpyruvyl-6-hydroxy-3- cyclohexene-1-carboxylate synthase,1
Listeria_monocytogenes_EGDe,gene_dab47c890f3b,0.4229,low,isochorismate synthase menf,menaquinone-specific isochorismate synthase,1
Listeria_monocytogenes_EGDe,gene_614812eef1af,0.7032,moderate,Metabolism-related protein,"1,4-dihydroxy-2-naphthoate octaprenyltransferase",0
Listeria_monocytogenes_EGDe,gene_96df5c31fea7,0.6294,moderate,bifunctional homocysteine s-methyltransferase/5,"bifunctional homocysteine S-methyltransferase/5,10-methylenetetrahydrofolate reductase",1
Listeria_monocytogenes_EGDe,gene_71fde3e66008,0.7861,moderate,cystathionine beta-lyase metc,cystathionine beta-lyase,1
Listeria_monocytogenes_EGDe,gene_ffeed7e9b554,0.7939,moderate,cystathionine gamma-synthase/o-acetylhomoserine (thiol)-lyase,cystathionine gamma-synthase,1
Listeria_monocytogenes_EGDe,gene_613e9ad7fae7,1.0,high,5-methyltetrahydropteroyltriglutamate--homocysteine methyltransferase,5-methyltetrahydropteroyltriglutamate-- homocysteine S-methyltransferase,1
Listeria_monocytogenes_EGDe,gene_ec64253c0cd5,0.7078,moderate,Replication-related protein,transporter,0
Listeria_monocytogenes_EGDe,gene_8799a32860b4,0.8017,high,peroxide operon regulator,Fur family transcriptional regulator,0
Listeria_monocytogenes_EGDe,gene_092d736eadde,1.0,high,glutamate-1-semialdehyde 2,glutamate-1-semialdehyde aminotransferase,1
Listeria_monocytogenes_EGDe,gene_ef7a00ae64fe,0.5974,moderate,enoyl- reductase fabl,enoyl-ACP reductase,1
Listeria_monocytogenes_EGDe,gene_299ff22ae409,0.552,moderate,adenine dna glycosylase,A/G-specific adenine glycosylase,1
Listeria_monocytogenes_EGDe,gene_bfed326f1d4c,0.4603,low,deoxyuridine 5'-triphosphate nucleotidohydrolase,deoxyuridine triphosphate nucleotidohydrolase,1
Listeria_monocytogenes_EGDe,gene_4c866c7720e5,1.0,high,regulatory protein recx,recombination regulator RecX,0
Listeria_monocytogenes_EGDe,gene_b74b2516732d,0.7574,moderate,Metabolism-related protein,CDP-abequose synthase,0
Listeria_monocytogenes_EGDe,gene_72a3bc02c1b6,0.4242,low,n-acetyltransferase yjck,ribosomal-protein-alanine N-acetyltransferase,0
Listeria_monocytogenes_EGDe,gene_0ffa76c3ffa6,0.457,low,methyl-accepting chemotaxis protein mcpq,chemotaxis protein,1
Listeria_monocytogenes_EGDe,gene_bf033494b686,1.0,high,fosfomycin resistance protein fosx,glutathione transferase,0
Listeria_monocytogenes_EGDe,gene_aeb2e2647499,0.7757,moderate,deoxyguanosine kinase,deoxyguanosine kinase/deoxyadenosine kinase,1
Listeria_monocytogenes_EGDe,gene_434647fcbd8d,0.486,low,ribonuclease-like protein yfkh,transporter,0
Listeria_monocytogenes_EGDe,gene_477ffaf0106b,0.301,low,cmp-5'-(n-hydroxy-3-aminopropyl)phosphonate acetyltransferase,aminoglycoside N3'-acetyltransferase,0
Listeria_monocytogenes_EGDe,gene_3729d72f1fa2,0.683,moderate,methionine aminopeptidase,methionine aminopeptidase,1
Listeria_monocytogenes_EGDe,gene_e0ba6686d0ad,0.556,moderate,flavodoxin 2,flavodoxin,1
Listeria_monocytogenes_EGDe,gene_3c3fba220f08,0.652,moderate,aminopeptidase amps,aminopeptidase,1
Listeria_monocytogenes_EGDe,gene_d7bd2b2141d8,0.644,moderate,lichenan-specific phosphotransferase enzyme iia component,PTS lichenan transporter subunit IIA,0
Listeria_monocytogenes_EGDe,gene_39e6e8fc3f91,0.457,low,lichenan-specific phosphotransferase enzyme iib component,PTS lichenan transporter subunit IIB,0
Listeria_monocytogenes_EGDe,gene_198a97c449f7,0.5171,moderate,atp-dependent rna helicase yfml,ATP-dependent RNA helicase,1
Listeria_monocytogenes_EGDe,gene_d7a921531998,0.7752,moderate,Replication-related protein,transcriptional regulator,0
Listeria_monocytogenes_EGDe,gene_f3ff39dc17db,0.5704,moderate,lantibiotic transport atp-binding protein srtf,ABC transporter ATP-binding protein,0
Listeria_monocytogenes_EGDe,gene_5c8f12042278,0.289,speculative,hth-type transcriptional repressor ytra,GntR family tramscriptional regulator,0
Listeria_monocytogenes_EGDe,gene_5e7b4087e1fe,0.5568,moderate,hth-type transcriptional repressor purr,LacI family transcriptional regulator,0
Listeria_monocytogenes_EGDe,gene_8efdc533c4e7,0.7116,moderate,Metabolism-related protein,beta-glucosidase,0
Listeria_monocytogenes_EGDe,gene_861781fe53be,0.4148,low,lactose transport system permease protein lacf,sugar ABC transporter permease,0
Listeria_monocytogenes_EGDe,gene_dc650289a524,0.461,low,arabinooligosaccharides transport system permease protein araq,sugar ABC transporter permease,0
Listeria_monocytogenes_EGDe,gene_90233c92283e,0.8025,high,glutamate synthase small chain,glutamate synthase subunit beta,1
Listeria_monocytogenes_EGDe,gene_4ebc9b5dc6a9,0.4588,low,transcriptional dual regulator gltc,transcription activator of glutamate synthase operon GltC,0
Listeria_monocytogenes_EGDe,gene_13bb72066b79,0.8081,high,glutamate synthase large chain,glutamate synthase large subunit,1
Listeria_monocytogenes_EGDe,gene_ae05926db1de,0.6057,moderate,hydroxycarboxylate dehydrogenase a,glycerol dehydrogenase,0
Listeria_monocytogenes_EGDe,gene_618466875859,0.374,low,abc transporter arginine-binding protein 1,amino acid ABC transporter substrate-binding protein,1
Listeria_monocytogenes_EGDe,gene_6d2475530814,0.7552,moderate,arginine transport atp-binding protein artm,amino acid ABC transporter ATP-binding protein,0
Listeria_monocytogenes_EGDe,gene_9dcf981d05fe,0.431,low,arginine transport system permease protein artq,amino acid ABC transporter permease,0
Listeria_monocytogenes_EGDe,gene_80ee9ab93480,0.3987,low,sensor histidine kinase yvcq,histidine kinase,1
Listeria_monocytogenes_EGDe,gene_4133b188cd2a,1.0,high,adenine deaminase,adenine deaminase,1
Listeria_monocytogenes_EGDe,gene_202b4220387d,0.6929,moderate,sensory transduction protein bcer,two-component response regulator,0
Listeria_monocytogenes_EGDe,gene_10b37813968c,0.7912,moderate,bacitracin export atp-binding protein bcea,ABC transporter ATP-binding protein,0
Listeria_monocytogenes_EGDe,gene_cfb0e4cfc953,0.6338,moderate,shikimate kinase,shikimate kinase,1
Listeria_monocytogenes_EGDe,gene_e19b0ef972c6,0.6924,moderate,diacylglycerol kinase,lipid kinase,0
Listeria_monocytogenes_EGDe,gene_4ad87df3fb62,1.0,high,aspartyl/glutamyl-trna(asn/gln) amidotransferase subunit b,aspartyl/glutamyl-tRNA amidotransferase subunit B,1
Listeria_monocytogenes_EGDe,gene_15dc1b4a36eb,1.0,high,glutamyl-trna(gln) amidotransferase subunit a,aspartyl/glutamyl-tRNA amidotransferase subunit A,1
Listeria_monocytogenes_EGDe,gene_7137bf672dd0,1.0,high,aspartyl/glutamyl-trna(asn/gln) amidotransferase subunit c,aspartyl/glutamyl-tRNA amidotransferase subunit C,1
Listeria_monocytogenes_EGDe,gene_056934ed0c5f,1.0,high,dna ligase,NAD-dependent DNA ligase LigA,1
Listeria_monocytogenes_EGDe,gene_cabe37259f7f,0.9148,high,atp-dependent dna helicase pcra,ATP-dependent DNA helicase,1
Listeria_monocytogenes_EGDe,gene_42bd7620afcd,1.0,high,heptaprenylglyceryl phosphate synthase,geranylgeranylglyceryl phosphate synthase-like protein,1
Listeria_monocytogenes_EGDe,gene_948a8911fe07,0.8609,high,Replication-related protein,sodium-dependent transporter,0
Listeria_monocytogenes_EGDe,gene_8889a1b1cfc5,1.0,high,phosphoribosylamine--glycine ligase,phosphoribosylamine--glycine ligase,1
Listeria_monocytogenes_EGDe,gene_b4a408950f38,1.0,high,bifunctional purine biosynthesis protein purh,bifunctional phosphoribosylaminoimidazolecarboxamide formyltransferase/IMP cyclohydrolase,0
Listeria_monocytogenes_EGDe,gene_9926a48bfbbf,0.5769,moderate,phosphoribosylglycinamide formyltransferase,phosphoribosylglycinamide formyltransferase,1
Listeria_monocytogenes_EGDe,gene_6120d23c77ff,1.0,high,phosphoribosylformylglycinamidine cyclo-ligase,phosphoribosylaminoimidazole synthetase,0
Listeria_monocytogenes_EGDe,gene_998121d1cb39,0.8947,high,amidophosphoribosyltransferase,amidophosphoribosyltransferase,1
Listeria_monocytogenes_EGDe,gene_9c9ee47b7395,1.0,high,phosphoribosylformylglycinamidine synthase subunit purl,phosphoribosylformylglycinamidine synthase II,1
Listeria_monocytogenes_EGDe,gene_e9cf9c9fbc22,1.0,high,phosphoribosylformylglycinamidine synthase subunit purq,phosphoribosylformylglycinamidine synthase I,1
Listeria_monocytogenes_EGDe,gene_017071a2e26b,0.4594,low,phosphoribosylformylglycinamidine synthase subunit purs,phosphoribosylformylglycinamidine synthase subunit PurS,1
Listeria_monocytogenes_EGDe,gene_aebdf6c9f741,1.0,high,adenylosuccinate lyase,adenylosuccinate lyase,1
Listeria_monocytogenes_EGDe,gene_2a1fa06b73a2,1.0,high,phosphoribosylaminoimidazole-succinocarboxamide synthase,phosphoribosylaminoimidazole-succinocarboxamide synthase,1
Listeria_monocytogenes_EGDe,gene_0932ee334e92,0.6906,moderate,n5-carboxyaminoimidazole ribonucleotide synthase,phosphoribosylaminoimidazole carboxylase ATPase subunit,0
Listeria_monocytogenes_EGDe,gene_60a5d02ff83a,0.7104,moderate,abc transporter atp-binding protein,ABC transporter ATP-binding protein,1
Listeria_monocytogenes_EGDe,gene_61a7624a3371,1.0,high,peptidase t,aminotripeptidase,0
Listeria_monocytogenes_EGDe,gene_aac900e3a0f7,0.84,high,exodeoxyribonuclease,3'-exo-deoxyribonuclease,0
Listeria_monocytogenes_EGDe,gene_0ba30f68b3c7,1.0,high,large ribosomal subunit protein bl20,50S ribosomal protein L20,0
Listeria_monocytogenes_EGDe,gene_837a6589467a,1.0,high,large ribosomal subunit protein bl35,50S ribosomal protein L35,0
Listeria_monocytogenes_EGDe,gene_adcbf9364bd7,1.0,high,translation initiation factor if-3,translation initiation factor IF-3,1
Listeria_monocytogenes_EGDe,gene_f61ea20839fb,1.0,high,internalin c,internalin C,1
Listeria_monocytogenes_EGDe,gene_bceb0c9fad1a,1.0,high,large ribosomal subunit protein bl19,50S ribosomal protein L19,0
Listeria_monocytogenes_EGDe,gene_93c800411a91,1.0,high,trna (guanine-n(1)-)-methyltransferase,tRNA (guanine-N(1)-)-methyltransferase,1
Listeria_monocytogenes_EGDe,gene_162090071c95,1.0,high,ribosome maturation factor rimm,16S rRNA-processing protein RimM,0
Listeria_monocytogenes_EGDe,gene_22f63815240d,1.0,high,small ribosomal subunit protein bs16,30S ribosomal protein S16,0
Listeria_monocytogenes_EGDe,gene_4238b4dc4e8c,0.3142,low,tyrosine-protein phosphatase h16_a0669,protein-tyrosine phosphatase,1
Listeria_monocytogenes_EGDe,gene_06c64b96b691,1.0,high,upf0122 protein lmo1802,DNA-binding protein,0
Listeria_monocytogenes_EGDe,gene_b70726e251be,1.0,high,ribonuclease 3,ribonuclease III,1
Listeria_monocytogenes_EGDe,gene_fff0a9b7f04a,0.8743,high,Metabolism-related protein,chromosome condensation protein Smc,0
Listeria_monocytogenes_EGDe,gene_a7e00e419bb2,1.0,high,acyl carrier protein,acyl carrier protein,1
Listeria_monocytogenes_EGDe,gene_86c2a496bfd1,0.8823,high,3-oxoacyl- reductase fabg,3-ketoacyl-ACP reductase,0
Listeria_monocytogenes_EGDe,gene_6a7536fe0971,0.606,moderate,malonyl coa-acyl carrier protein transacylase,ACP S-malonyltransferase,0
Listeria_monocytogenes_EGDe,gene_60af2ecc2095,1.0,high,phosphate acyltransferase,glycerol-3-phosphate acyltransferase PlsX,1
Listeria_monocytogenes_EGDe,gene_18a3df6cc76a,1.0,high,transcription factor fapr,fatty acid biosynthesis transcriptional regulator,0
Listeria_monocytogenes_EGDe,gene_3367c8d727af,0.8207,high,atp-dependent dna helicase recg,ATP-dependent DNA helicase RecG,1
Listeria_monocytogenes_EGDe,gene_9ab7f8ba6b95,0.727,moderate,l-serine dehydratase,L-serine dehydratase,1
Listeria_monocytogenes_EGDe,gene_672493617620,0.428,low,l-serine dehydratase,phosphoglycerate dehydrogenase,0
Listeria_monocytogenes_EGDe,gene_7fd7f3d589c0,1.0,high,large ribosomal subunit protein bl28,50S ribosomal protein L28,0
Listeria_monocytogenes_EGDe,gene_5453ee8c2765,0.809,high,ribulose-phosphate 3-epimerase,ribulose-phosphate 3-epimerase,1
Listeria_monocytogenes_EGDe,gene_fb772892cd7c,0.6963,moderate,serine/threonine-protein kinase prkc,serine/threonine protein kinase,1
Listeria_monocytogenes_EGDe,gene_e8a55e1d94b3,1.0,high,serine/threonine phosphatase stp,phosphoprotein phosphatase,0
Listeria_monocytogenes_EGDe,gene_c031421f1238,0.6316,moderate,ribosomal rna small subunit methyltransferase b,RNA-binding Sun protein,0
Listeria_monocytogenes_EGDe,gene_b50b6f7e23aa,1.0,high,methionyl-trna formyltransferase,methionyl-tRNA formyltransferase,1
Listeria_monocytogenes_EGDe,gene_2f3ff1df1309,0.7141,moderate,replication restart protein pria,primosome assembly protein PriA,0
Listeria_monocytogenes_EGDe,gene_266ebff8ee40,0.604,moderate,coenzyme a biosynthesis bifunctional protein coabc,pantothenate metabolism flavoprotein,0
Listeria_monocytogenes_EGDe,gene_bc3e05cb4608,1.0,high,dna-directed rna polymerase subunit omega,DNA-directed RNA polymerase subunit omega,1
Listeria_monocytogenes_EGDe,gene_57d0b1bb6b16,1.0,high,guanylate kinase,guanylate kinase,1
Listeria_monocytogenes_EGDe,gene_b083cdba68d7,0.667,moderate,rqc2 homolog rqch,fibronectin-binding proteins,0
Listeria_monocytogenes_EGDe,gene_09373521d33d,0.35,low,Serine protease,short-chain dehydrogenase,0
Listeria_monocytogenes_EGDe,gene_f1032ac0f9ea,1.0,high,orotate phosphoribosyltransferase,orotate phosphoribosyltransferase,1
Listeria_monocytogenes_EGDe,gene_4c0e84aedc6c,1.0,high,orotidine 5'-phosphate decarboxylase,orotidine 5'-phosphate decarboxylase,1
Listeria_monocytogenes_EGDe,gene_f9d002daf885,1.0,high,dihydroorotate dehydrogenase b (nad(+)),dihydroorotate dehydrogenase electron transfer subunit,1
Listeria_monocytogenes_EGDe,gene_8a08b10246e1,1.0,high,dihydroorotate dehydrogenase b (nad(+)),dihydroorotate dehydrogenase,1
Listeria_monocytogenes_EGDe,gene_627dd0802658,1.0,high,carbamoyl phosphate synthase small chain,carbamoyl phosphate synthase small subunit,1
Listeria_monocytogenes_EGDe,gene_92ecb66abbb7,1.0,high,dihydroorotase,dihydroorotase,1
Listeria_monocytogenes_EGDe,gene_1da6c967d8bf,1.0,high,aspartate carbamoyltransferase catalytic subunit,aspartate carbamoyltransferase,1
Listeria_monocytogenes_EGDe,gene_de29a2602356,1.0,high,carbamoyl phosphate synthase large chain,carbamoyl-phosphate synthetase,0
Listeria_monocytogenes_EGDe,gene_47a6ae522ee4,0.7679,moderate,uracil permease,uracil permease,1
Listeria_monocytogenes_EGDe,gene_d308f47b8ed6,1.0,high,bifunctional protein pyrr,bifunctional pyrimidine regulatory protein PyrR uracil phosphoribosyltransferase,1
Listeria_monocytogenes_EGDe,gene_8fc4b9cc365d,1.0,high,lipoprotein signal peptidase,lipoprotein signal peptidase,1
Listeria_monocytogenes_EGDe,gene_9e0d34f25b09,1.0,high,multidrug resistance protein norm,multidrug transporter,0
Listeria_monocytogenes_EGDe,gene_a7809ad8e583,1.0,high,manganese-binding lipoprotein mnta,metal ABC transporter,0
Listeria_monocytogenes_EGDe,gene_6ee9ed5cbea6,1.0,high,manganese transport system membrane protein mntc,metal ABC transporter permease,0
Listeria_monocytogenes_EGDe,gene_3c38f56277d7,1.0,high,manganese transport system atp-binding protein mntb,metal ABC transporter ATP-binding protein,0
Listeria_monocytogenes_EGDe,gene_1e195627943b,0.538,moderate,carboxy-terminal processing protease ctpa,carboxy-terminal processing proteinase,1
Listeria_monocytogenes_EGDe,gene_e9c8bfec2a2d,0.6345,moderate,copper-exporting p-type atpase,mercury-binding protein,0
Listeria_monocytogenes_EGDe,gene_8a32c33a5a42,0.9595,high,Replication-related protein,heavy metal-transporting ATPase,0
Listeria_monocytogenes_EGDe,gene_ad4ac7c972f1,0.483,low,carboxypeptidase yodj,D-alanyl-D-alanine carboxypeptidase,0
Listeria_monocytogenes_EGDe,gene_1a6e233307a1,1.0,high,purine nucleoside phosphorylase deod-type,purine nucleoside phosphorylase,1
Listeria_monocytogenes_EGDe,gene_7de81dbc4d75,0.5,moderate,oxidoreductase ycem,dehydrogenase,0
Listeria_monocytogenes_EGDe,gene_155366bb6402,1.0,high,peptide methionine sulfoxide reductase msrb,methionine sulfoxide reductase B,1
Listeria_monocytogenes_EGDe,gene_52ff9fa2e585,1.0,high,peptide methionine sulfoxide reductase msra,methionine sulfoxide reductase A,1
Listeria_monocytogenes_EGDe,gene_c6b5d92068b3,0.6776,moderate,hemolysin-3,hemolysin,1
Listeria_monocytogenes_EGDe,gene_c4b3ce44b5a9,0.9264,high,Metabolism-related protein,pyruvate phosphate dikinase,0
Listeria_monocytogenes_EGDe,gene_725c190fdf3b,0.5769,moderate,alkaline phosphatase-like protein,alkaline phosphatase,1
Listeria_monocytogenes_EGDe,gene_b14036e83384,0.663,moderate,dihydrofolate reductase,dihydrofolate reductase,1
Listeria_monocytogenes_EGDe,gene_9d5a2e91deef,1.0,high,thymidylate synthase,thymidylate synthase,1
Listeria_monocytogenes_EGDe,gene_96eff8cfd6a3,1.0,high,formate--tetrahydrofolate ligase,formyl-tetrahydrofolate synthetase,0
Listeria_monocytogenes_EGDe,gene_19d2c9505b2e,1.0,high,hth-type transcriptional regulator mntr,manganese transport transcriptional regulator,0
Listeria_monocytogenes_EGDe,gene_b7d7034797b1,0.311,low,14.7 kda ribonuclease h-like protein,RNase HI,0
Listeria_monocytogenes_EGDe,gene_77577c1c07d7,0.59,moderate,5'-3' exonuclease,5'-3' exonuclease,1
Listeria_monocytogenes_EGDe,gene_7e46025e8cce,1.0,high,small ribosomal subunit protein us14a,30S ribosomal protein S14,0
Listeria_monocytogenes_EGDe,gene_76efc6d06c78,1.0,high,xanthine phosphoribosyltransferase,xanthine phosphoribosyltransferase,1
Listeria_monocytogenes_EGDe,gene_20c8cb255426,0.8848,high,xanthine permease,xanthine permease,1
Listeria_monocytogenes_EGDe,gene_fa3183e7b1d8,0.525,moderate,carboxypeptidase 1,carboxypeptidase,1
Listeria_monocytogenes_EGDe,gene_14f94676d7d9,1.0,high,holliday junction resolvase recu,Holliday junction-specific endonuclease,0
Listeria_monocytogenes_EGDe,gene_01b654fa28d2,0.9048,high,Metabolism-related protein,penicillin-binding protein 2A,0
Listeria_monocytogenes_EGDe,gene_f1b4e96d5689,0.864,high,endonuclease iii,endonuclease III (DNA repair),1
Listeria_monocytogenes_EGDe,gene_b9478459bf69,0.323,low,replicative helicase loading/dna remodeling protein dnad,chromosome replication initiation protein,0
Listeria_monocytogenes_EGDe,gene_c898f12a5406,1.0,high,asparagine--trna ligase,asparaginyl-tRNA synthetase,0
Listeria_monocytogenes_EGDe,gene_386ba02221ec,1.0,high,aspartate 1-decarboxylase,aspartate alpha-decarboxylase,1
Listeria_monocytogenes_EGDe,gene_4b1a1a95d347,1.0,high,pantothenate synthetase,pantoate--beta-alanine ligase,0
Listeria_monocytogenes_EGDe,gene_924c7870dcc1,0.679,moderate,Metabolism-related protein,bifunctional ATP-dependent DNA helicase/DNA polymerase III subunit epsilon,0
Listeria_monocytogenes_EGDe,gene_630d3598c802,1.0,high,3-methyl-2-oxobutanoate hydroxymethyltransferase,3-methyl-2-oxobutanoate hydroxymethyltransferase,1
Listeria_monocytogenes_EGDe,gene_4c6d54cc3fe5,0.4627,low,bifunctional ligase/repressor bira,transcriptional regulator,0
Listeria_monocytogenes_EGDe,gene_1c96f8430e84,1.0,high,cca-adding enzyme,tRNA CCA-pyrophosphorylase,0
Listeria_monocytogenes_EGDe,gene_3b20bf5aa9f9,1.0,high,methylglyoxal synthase,methylglyoxal synthase,1
Listeria_monocytogenes_EGDe,gene_26a7bcef38ae,1.0,high,4-hydroxy-tetrahydrodipicolinate reductase,dihydrodipicolinate reductase,0
Listeria_monocytogenes_EGDe,gene_41f82130ebc9,0.459,low,diguanylate cyclase dgct,histidine kinase,0
Listeria_monocytogenes_EGDe,gene_808e914ebff8,0.452,low,diguanylate cyclase a,histidine kinase,0
Listeria_monocytogenes_EGDe,gene_a92762810295,0.7642,moderate,nad-dependent malic enzyme 3,malate dehydrogenase,0
Listeria_monocytogenes_EGDe,gene_87a7928d1e39,0.865,high,formate acetyltransferase,pyruvate formate-lyase,0
Listeria_monocytogenes_EGDe,gene_6a83b7e2f093,0.7116,moderate,prephenate dehydrogenase,prephenate dehydrogenase,1
Listeria_monocytogenes_EGDe,gene_a93309e941b8,1.0,high,3-phosphoshikimate 1-carboxyvinyltransferase,3-phosphoshikimate 1-carboxyvinyltransferase,1
Listeria_monocytogenes_EGDe,gene_ee92261ab51a,1.0,high,histidinol-phosphate aminotransferase,histidinol-phosphate aminotransferase,1
Listeria_monocytogenes_EGDe,gene_a98256e1056c,1.0,high,3-dehydroquinate synthase,3-dehydroquinate synthase,1
Listeria_monocytogenes_EGDe,gene_3100c166d436,1.0,high,nucleoside diphosphate kinase,nucleoside diphosphate kinase,1
Listeria_monocytogenes_EGDe,gene_a6bc0be49142,1.0,high,chorismate synthase,chorismate synthase,1
Listeria_monocytogenes_EGDe,gene_3cb9d0ca5c04,1.0,high,demethylmenaquinone methyltransferase,ubiquinone/menaquinone biosynthesis methyltransferase,0
Listeria_monocytogenes_EGDe,gene_b21de3f4a1d0,0.7574,moderate,heptaprenyl diphosphate synthase component 2,heptaprenyl diphosphate synthase subunit II,1
Listeria_monocytogenes_EGDe,gene_e08c0126cc9c,1.0,high,gtp cyclohydrolase 1,GTP cyclohydrolase I,1
Listeria_monocytogenes_EGDe,gene_8b33516be875,1.0,high,dna-binding protein hu,DNA-binding protein HU,1
Listeria_monocytogenes_EGDe,gene_7017b8e2f678,0.5272,moderate,tyrosine-protein phosphatase h16_a0669,protein-tyrosine/serine phosphatase,1
Listeria_monocytogenes_EGDe,gene_e656dd206e21,1.0,high,glycerol-3-phosphate dehydrogenase,NAD(P)H-dependent glycerol-3-phosphate dehydrogenase,1
Listeria_monocytogenes_EGDe,gene_d983c0adfd9d,0.6873,moderate,small ribosomal subunit protein bs1 homolog,30S ribosomal protein S1,0
Listeria_monocytogenes_EGDe,gene_dad671556f99,1.0,high,gtpase der,GTP-binding protein EngA,0
Listeria_monocytogenes_EGDe,gene_45c9c28c0b9e,1.0,high,cytidylate kinase,cytidylate kinase,1
Listeria_monocytogenes_EGDe,gene_a70a44cdd965,0.825,high,l-asparaginase,asparaginase,1
Listeria_monocytogenes_EGDe,gene_8fc8606b04d8,0.4889,low,atp-dependent dna helicase recs,ATP-dependent DNA helicase,1
Listeria_monocytogenes_EGDe,gene_4da956bc78d9,0.8189,high,transcriptional regulatory protein resd,two-component response regulator ResD,0
Listeria_monocytogenes_EGDe,gene_24fccfacc50f,1.0,high,segregation and condensation protein a,segregation and condensation protein A,1
Listeria_monocytogenes_EGDe,gene_df0d447be4f2,0.834,high,diaminopimelate decarboxylase,diaminopimelate decarboxylase,1
Listeria_monocytogenes_EGDe,gene_fe0f22ab5610,0.824,high,purine nucleoside phosphorylase 1,purine nucleoside phosphorylase,1
Listeria_monocytogenes_EGDe,gene_0848286a32c8,1.0,high,phosphopentomutase,phosphopentomutase,1
Listeria_monocytogenes_EGDe,gene_bac630d3c984,1.0,high,tyrosine recombinase xerd,integrase/recombinase,0
Listeria_monocytogenes_EGDe,gene_e36a7deb4c5b,0.824,high,ferric uptake regulation protein,Fur family transcriptional regulator,0
Listeria_monocytogenes_EGDe,gene_9a64f9b69954,0.4984,low,iron(3+)-hydroxamate import system permease protein fhug,ferrichrome ABC transporter permease,0
Listeria_monocytogenes_EGDe,gene_d6f6e9df2789,0.5494,moderate,iron(3+)-hydroxamate import system permease protein fhub,ferrichrome ABC transporter permease,0
Listeria_monocytogenes_EGDe,gene_d02bddf77949,0.598,moderate,iron(3+)-hydroxamate-binding protein yxeb,ferrichrome-binding protein,0
Listeria_monocytogenes_EGDe,gene_56be4459f412,0.8512,high,iron(3+)-hydroxamate import atp-binding protein fhuc,ferrichrome ABC transporter ATP-binding protein,0
Listeria_monocytogenes_EGDe,gene_afcaf30fcb1a,1.0,high,ferredoxin--nadp reductase 1,oxidoreductase,0
Listeria_monocytogenes_EGDe,gene_d7b64a6e8693,0.6073,moderate,multidrug efflux system atp-binding protein rv1218c,ABC transporter ATP-binding protein,0
Listeria_monocytogenes_EGDe,gene_a8d28abdce81,0.72,moderate,Replication-related protein,PTS ascorbate transporter subunit IIC,0
Listeria_monocytogenes_EGDe,gene_5c471c86793f,0.424,low,ascorbate-specific pts system eiia component,PTS sugar transporter subunit IIA,0
Listeria_monocytogenes_EGDe,gene_6f711c0e8624,0.391,low,hth-type transcriptional repressor nagr,GntR family transcriptional regulator,0
Listeria_monocytogenes_EGDe,gene_e00e73ccf8d9,1.0,high,dna polymerase iv,DNA polymerase IV,1
Listeria_monocytogenes_EGDe,gene_8eff2b720af9,0.7817,moderate,glucose-6-phosphate 1-dehydrogenase,glucose-6-phosphate 1-dehydrogenase,1
Listeria_monocytogenes_EGDe,gene_49137afc08cd,1.0,high,dihydroxy-acid dehydratase,dihydroxy-acid dehydratase,1
Listeria_monocytogenes_EGDe,gene_748ee1818727,0.6022,moderate,acetolactate synthase small subunit,acetolactate synthase small subunit,1
Listeria_monocytogenes_EGDe,gene_73b8756e71e0,0.8264,high,acetolactate synthase large subunit,acetolactate synthase,1
Listeria_monocytogenes_EGDe,gene_4f35ce4b9efd,1.0,high,ketol-acid reductoisomerase (nadp(+)),ketol-acid reductoisomerase,1
Listeria_monocytogenes_EGDe,gene_448bed9c4a4d,1.0,high,2-isopropylmalate synthase,2-isopropylmalate synthase,1
Listeria_monocytogenes_EGDe,gene_7bc613b23f66,1.0,high,3-isopropylmalate dehydrogenase,3-isopropylmalate dehydrogenase,1
Listeria_monocytogenes_EGDe,gene_6a6da4cd768b,1.0,high,3-isopropylmalate dehydratase large subunit,isopropylmalate isomerase large subunit,1
Listeria_monocytogenes_EGDe,gene_2d6ba5cbfc66,1.0,high,3-isopropylmalate dehydratase small subunit,isopropylmalate isomerase small subunit,1
Listeria_monocytogenes_EGDe,gene_56e7717e63eb,0.9703,high,Phage Lysis-related protein,threonine dehydratase,0
Listeria_monocytogenes_EGDe,gene_490f332f8a4a,0.508,moderate,alpha-acetolactate decarboxylase,alpha-acetolactate decarboxylase,1
Listeria_monocytogenes_EGDe,gene_bde750b533fe,1.0,high,pyrimidine-nucleoside phosphorylase,pyrimidine-nucleoside phosphorylase,1
Listeria_monocytogenes_EGDe,gene_0a5979e0471e,0.6079,moderate,hth-type transcriptional repressor purr,LacI family transcriptional regulator,0
Listeria_monocytogenes_EGDe,gene_67931ab726fc,1.0,high,deoxyribose-phosphate aldolase,deoxyribose-phosphate aldolase,1
Listeria_monocytogenes_EGDe,gene_b6a89210ae58,0.572,moderate,deoxyribonucleoside regulator,DeoR family transcriptional regulator,0
Listeria_monocytogenes_EGDe,gene_f999f6d2a6a4,0.447,low,pts system mannose-specific eiiab component,PTS mannose transporter subunit IIA,0
Listeria_monocytogenes_EGDe,gene_7063a3a1fd6c,0.756,moderate,Transport-related protein,PTS mannose transporter subunit IID,0
Listeria_monocytogenes_EGDe,gene_cf1ad404efd5,0.371,low,pts system mannose-specific eiic component,PTS mannose transporter subunit IIC,0
Listeria_monocytogenes_EGDe,gene_eed3bb40c8f8,0.4592,low,phosphotransferase enzyme iib component m6_spy0801,PTS mannose transporter subunit IIB,0
Listeria_monocytogenes_EGDe,gene_ce23913fc5a8,0.5688,moderate,1-deoxyxylulose-5-phosphate synthase yajo,oxidoreductase,0
Listeria_monocytogenes_EGDe,gene_2583b59c3de4,0.8091,high,acetolactate synthase,acetolactate synthase,1
Listeria_monocytogenes_EGDe,gene_cb47d6d14984,0.4306,low,polygalacturonan/rhamnogalacturonan transport system permease protein ytcp,ABC transporter permease,0
Listeria_monocytogenes_EGDe,gene_f3ca1159eaf9,0.364,low,protein lplb,sugar ABC transporter permease,0
Listeria_monocytogenes_EGDe,gene_f7feed582709,0.3998,low,sensor protein lyts,two-component sensor histidine kinase,0
Listeria_monocytogenes_EGDe,gene_61fc8ff33c99,0.5805,moderate,mannosylglycerate hydrolase,sugar hydrolase,0
Listeria_monocytogenes_EGDe,gene_7658769ff718,1.0,high,cold shock-like protein csplb,cold-shock protein,1
Listeria_monocytogenes_EGDe,gene_cae024e49795,0.412,low,alpha-mannosidase 2c1,alpha-mannosidase,1
Listeria_monocytogenes_EGDe,gene_4c40a67e8211,1.0,high,diaminopimelate epimerase,diaminopimelate epimerase,1
Listeria_monocytogenes_EGDe,gene_ded359b5760b,0.664,moderate,septum site-determining protein diviva,chemotaxis protein CheY,0
Listeria_monocytogenes_EGDe,gene_62c97505d704,1.0,high,isoleucine--trna ligase,isoleucyl-tRNA synthetase,0
Listeria_monocytogenes_EGDe,gene_3b305407ca5d,1.0,high,l-aspartate oxidase,L-aspartate oxidase,1
Listeria_monocytogenes_EGDe,gene_49013e28fbdb,0.5432,moderate,nicotinate-nucleotide pyrophosphorylase,nicotinate-nucleotide pyrophosphorylase,1
Listeria_monocytogenes_EGDe,gene_4ab9d830d4d2,1.0,high,quinolinate synthase,quinolinate synthetase,0
Listeria_monocytogenes_EGDe,gene_928fef1860c4,0.385,low,internalin j,peptidoglycan binding protein,0
Listeria_monocytogenes_EGDe,gene_76ec735838a1,0.896,high,cell division protein ftsz,cell division protein FtsZ,1
Listeria_monocytogenes_EGDe,gene_4380ec4f6561,1.0,high,cell division protein divib,cell division protein FtsQ,1
Listeria_monocytogenes_EGDe,gene_1ce7a19df6fe,1.0,high,udp-n-acetylglucosamine--n-acetylmuramyl-(pentapeptide) pyrophosphoryl-undecaprenol n-acetylglucosamine transferase,UDP-diphospho-muramoylpentapeptide beta-N-acetylglucosaminyltransferase,0
Listeria_monocytogenes_EGDe,gene_792be081b56e,1.0,high,udp-n-acetylmuramoylalanine--d-glutamate ligase,UDP-N-acetylmuramoyl-L-alanyl-D-glutamate synthetase,0
Listeria_monocytogenes_EGDe,gene_5c4a191fdf79,1.0,high,phospho-n-acetylmuramoyl-pentapeptide-transferase,phospho-N-acetylmuramoyl-pentapeptide- transferase,1
Listeria_monocytogenes_EGDe,gene_08ed0bbd4879,1.0,high,udp-n-acetylmuramoyl-l-alanyl-d-glutamate--2,"UDP-N-acetylmuramoylalanyl-D-glutamate--2, 6-diaminopimelate ligase",0
Listeria_monocytogenes_EGDe,gene_d850c445e41d,0.95,high,cell division protein ftsl,cell division protein FtsL,1
Listeria_monocytogenes_EGDe,gene_795b2311e341,1.0,high,ribosomal rna small subunit methyltransferase h,S-adenosyl-methyltransferase MraW,0
Listeria_monocytogenes_EGDe,gene_e23d3a9d61ce,1.0,high,transcriptional regulator mraz,cell division protein MraZ,0
Listeria_monocytogenes_EGDe,gene_27c37fae2dfb,1.0,high,2-dehydropantoate 2-reductase,2-dehydropantoate 2-reductase,1
Listeria_monocytogenes_EGDe,gene_2d83f53ec2c6,1.0,high,large ribosomal subunit protein bl32b,50S ribosomal protein L32,0
Listeria_monocytogenes_EGDe,gene_e25448d1802f,1.0,high,Metabolism-related protein,excinuclease ABC subunit A,0
Listeria_monocytogenes_EGDe,gene_82cfc6395d1a,1.0,high,phosphopantetheine adenylyltransferase,phosphopantetheine adenylyltransferase,1
Listeria_monocytogenes_EGDe,gene_bb466f5b7a0e,1.0,high,protoheme ix farnesyltransferase,protoheme IX farnesyltransferase,1
Listeria_monocytogenes_EGDe,gene_2e4734991ad0,1.0,high,heme a synthase,heme O oxygenase,0
Listeria_monocytogenes_EGDe,gene_12a211209526,0.5043,moderate,voltage-gated potassium channel,potassium channel protein,1
Listeria_monocytogenes_EGDe,gene_386c02a12f9f,0.6312,moderate,Replication-related protein,copper transporter,0
Listeria_monocytogenes_EGDe,gene_e9809f743f75,1.0,high,large-conductance mechanosensitive channel,large-conductance mechanosensitive channel protein,1
Listeria_monocytogenes_EGDe,gene_2a14788e8cfd,0.5798,moderate,bile salt hydrolase/transferase,bile acid hydrolase,1
Listeria_monocytogenes_EGDe,gene_1098ee83a903,1.0,high,chaperonin groel,molecular chaperone GroEL,0
Listeria_monocytogenes_EGDe,gene_b1e27933fa14,1.0,high,co-chaperonin groes,co-chaperonin GroES,1
Listeria_monocytogenes_EGDe,gene_816fcba8bf49,1.0,high,redox-sensing transcriptional repressor rex,redox-sensing transcriptional repressor Rex,1
Listeria_monocytogenes_EGDe,gene_06cb6d377619,0.843,high,atp-binding protein ydif,ABC transporter ATP-binding protein,1
Listeria_monocytogenes_EGDe,gene_90d6483f6ced,1.0,high,trna n6-adenosine threonylcarbamoyltransferase,DNA-binding/iron metalloprotein/AP endonuclease,0
Listeria_monocytogenes_EGDe,gene_5a18b7d532a3,0.6007,moderate,trna threonylcarbamoyladenosine biosynthesis protein tsab,glycoprotease,0
Listeria_monocytogenes_EGDe,gene_16d35852c5c8,1.0,high,fluoride-specific ion channel fluc 1,camphor resistance protein CrcB,0
Listeria_monocytogenes_EGDe,gene_665b4216ea10,1.0,high,fluoride-specific ion channel fluc 2,camphor resistance protein CrcB,0
Listeria_monocytogenes_EGDe,gene_e55655f48144,0.233,speculative,colossin-b,peptidoglycan binding protein,0
Listeria_monocytogenes_EGDe,gene_55e2d7c11aa6,0.451,low,carboxylesterase nlhh,lipase,0
Listeria_monocytogenes_EGDe,gene_d8485adc3631,1.0,high,argininosuccinate lyase,argininosuccinate lyase,1
Listeria_monocytogenes_EGDe,gene_9558c49b2d4a,1.0,high,argininosuccinate synthase,argininosuccinate synthase,1
Listeria_monocytogenes_EGDe,gene_e0fb14cf2289,0.9955,high,glycine betaine transporter betl,glycine betaine transporter BetL,1
Listeria_monocytogenes_EGDe,gene_bd09ad63a42e,0.554,moderate,phosphotransferase enzyme iib component sgcb,PTS galacticol transporter subunit IIB,0
Listeria_monocytogenes_EGDe,gene_1ac38ffbe258,0.8114,high,Replication-related protein,PTS galacticol transporter subunit IIC,0
Listeria_monocytogenes_EGDe,gene_3507361cd775,1.0,high,pyridoxal 5'-phosphate synthase subunit pdxs,pyridoxal biosynthesis lyase PdxS,0
Listeria_monocytogenes_EGDe,gene_2ba8a351e575,1.0,high,pyridoxal 5'-phosphate synthase subunit pdxt,glutamine amidotransferase subunit PdxT,0
Listeria_monocytogenes_EGDe,gene_85196b745901,0.7947,moderate,phosphate acetyltransferase,phosphotransacetylase,0
Listeria_monocytogenes_EGDe,gene_7c681a334872,0.9958,high,Metabolism-related protein,ferrous iron transport protein B,0
Listeria_monocytogenes_EGDe,gene_f0ea0c9e8cf2,0.402,low,hth-type transcriptional repressor glcr,DeoR family transcriptional regulator,0
Listeria_monocytogenes_EGDe,gene_18b2c37b3e2f,0.43,low,n-acetylglucosamine-6-phosphate deacetylase,N-acetylglucosamine-6-phosphate deacetylase,1
Listeria_monocytogenes_EGDe,gene_75c0768b00ae,0.6105,moderate,mannose-6-phosphate isomerase yvyi,mannnose-6 phospate isomerase,0
Listeria_monocytogenes_EGDe,gene_250c0e239a7b,0.5611,moderate,fmn reductase,nitroreductase,0
Listeria_monocytogenes_EGDe,gene_a67886ed50c4,1.0,high,coproheme decarboxylase,heme peroxidase,0
Listeria_monocytogenes_EGDe,gene_a966a10b3a45,0.8067,high,bacitracin export atp-binding protein bcea,ABC transporter ATP-binding protein,0
Listeria_monocytogenes_EGDe,gene_e33de5383996,0.7712,moderate,Replication-related protein,ABC transporter permease,0
Listeria_monocytogenes_EGDe,gene_1201d96379ea,1.0,high,phosphoglucosamine mutase,phosphoglucosamine mutase,1
Listeria_monocytogenes_EGDe,gene_809c693d1030,0.661,moderate,maltose phosphorylase,maltose phosphorylase,1
Listeria_monocytogenes_EGDe,gene_905ee31553f6,0.8968,high,maltodextrin transport system permease protein mdxg,sugar ABC transporter permease,0
Listeria_monocytogenes_EGDe,gene_62b6d2b3f898,0.7914,moderate,maltodextrin transport system permease protein mdxf,sugar ABC transporter permease,0
Listeria_monocytogenes_EGDe,gene_c5c5e7a97a15,0.793,moderate,maltodextrin-binding protein mdxe,sugar ABC transporter substrate-binding protein,0
Listeria_monocytogenes_EGDe,gene_c5162a3b43d6,0.627,moderate,intracellular maltogenic amylase,maltogenic amylase,1
Listeria_monocytogenes_EGDe,gene_9ff5592e2e55,0.555,moderate,d-tagatose-1,"fructose-1,6-biphosphate aldolase type II",0
Listeria_monocytogenes_EGDe,gene_76d26df56f1e,0.407,low,d-tagatose-1,"fructose-1,6-biphosphate aldolase type II",0
Listeria_monocytogenes_EGDe,gene_afab1b1b9123,0.6,moderate,pts system fructose-specific eiib'bc component,PTS fructose transporter subunit IIC,0
Listeria_monocytogenes_EGDe,gene_7cfa6e2f3f0c,0.615,moderate,pts system fructose-like eiib component 2,PTS fructose transporter subunit IIB,0
Listeria_monocytogenes_EGDe,gene_50771c3affa0,0.5252,moderate,pts system fructose-specific eiiabc component,PTS fructose transporter subunit IIA,0
Listeria_monocytogenes_EGDe,gene_4ec2850c0d4c,0.4335,low,hth-type transcriptional regulator cysl,LysR family transcriptional regulator,1
Listeria_monocytogenes_EGDe,gene_df84c12d54c3,0.6795,moderate,ribonucleoside-diphosphate reductase subunit alpha,ribonucleotide-diphosphate reductase subunit alpha,1
Listeria_monocytogenes_EGDe,gene_a0728cc4a8a6,0.5692,moderate,d-glucoside 3-dehydrogenase,oxidoreductase,0
Listeria_monocytogenes_EGDe,gene_4fc07e799781,0.5015,moderate,transcriptional regulator lumq,AraC family transcriptional regulator,1
Listeria_monocytogenes_EGDe,gene_d2c46e8ef447,0.5146,moderate,lactoylglutathione lyase,glyoxalase,0
Listeria_monocytogenes_EGDe,gene_3abeaad3448c,0.508,moderate,monocarboxylate transporter 12,MFS transporter,0
Listeria_monocytogenes_EGDe,gene_22832bfdb07f,0.6975,moderate,caffeate coa-transferase,propionate CoA-transferase,1
Listeria_monocytogenes_EGDe,gene_5f5a0ee2a4fe,0.7702,moderate,transcriptional regulatory protein flbd,sigma-54-dependent transcriptional regulator,0
Listeria_monocytogenes_EGDe,gene_d4b0ce016330,0.6676,moderate,3beta-hydroxysteroid dehydrogenase 2,3-ketoacyl-ACP reductase,0
Listeria_monocytogenes_EGDe,gene_8488a436d3ac,0.7487,moderate,siderophore transport system atp-binding protein yusv,ferrichrome ABC transporter ATP-binding protein,0
Listeria_monocytogenes_EGDe,gene_34f132b14e68,0.5285,moderate,heme-iron transport system permease protein isdf,ferrichrome ABC transporter permease,0
Listeria_monocytogenes_EGDe,gene_8c8faceac4ce,0.645,moderate,high-affinity heme uptake system protein isde,ferrichrome ABC transporter substrate-binding protein,0
Listeria_monocytogenes_EGDe,gene_8e7a287fa558,0.752,moderate,oligopeptidase pepf,oligoendopeptidase,0
Listeria_monocytogenes_EGDe,gene_8345521cd255,1.0,high,adapter protein meca,adaptor protein,0
Listeria_monocytogenes_EGDe,gene_f59df51d1a89,1.0,high,global transcriptional regulator spx,ArsC family transcriptional regulator,1
Listeria_monocytogenes_EGDe,gene_f6fcb51ea0ec,0.9523,high,oligopeptide transport atp-binding protein oppf,peptide ABC transporter ATP-binding protein,0
Listeria_monocytogenes_EGDe,gene_bcc0c0eda80d,0.5413,moderate,dipeptide transport system permease protein dppc,peptide ABC transporter permease,0
Listeria_monocytogenes_EGDe,gene_b163e921fdba,0.9609,high,oligopeptide transport atp-binding protein oppd,peptide ABC transporter ATP-binding protein,0
Listeria_monocytogenes_EGDe,gene_1e480daf3652,0.6722,moderate,oligopeptide transport system permease protein oppb,peptide ABC transporter permease,0
Listeria_monocytogenes_EGDe,gene_565d7ec6a137,1.0,high,tryptophan--trna ligase,tryptophanyl-tRNA synthetase,0
Listeria_monocytogenes_EGDe,gene_622e664f7cc4,0.7024,moderate,organic hydroperoxide resistance transcriptional regulator,MarR family transcriptional regulator,0
Listeria_monocytogenes_EGDe,gene_1b5d156df9f1,1.0,high,beta-ketoacyl- synthase iii,3-oxoacyl-ACP synthase,0
Listeria_monocytogenes_EGDe,gene_da019b5330af,0.9218,high,3-oxoacyl- synthase 2,3-oxoacyl-ACP synthase,1
Listeria_monocytogenes_EGDe,gene_0ad0a7dfff24,0.482,low,exo-glucosaminidase lytg,N-acetylmuramoyl-L-alanine amidase,0
Listeria_monocytogenes_EGDe,gene_a42224ec3212,1.0,high,uroporphyrinogen decarboxylase,uroporphyrinogen decarboxylase,1
Listeria_monocytogenes_EGDe,gene_30d83a69e180,1.0,high,coproporphyrin iii ferrochelatase,ferrochelatase,1
Listeria_monocytogenes_EGDe,gene_ee12cbe34cda,0.226,speculative,protein ecsb,ABC transporter permease,0
Listeria_monocytogenes_EGDe,gene_592c14b18624,0.7299,moderate,abc-type transporter atp-binding protein ecsa,ABC transporter ATP-binding protein,1
Listeria_monocytogenes_EGDe,gene_b0699873e5e3,0.622,moderate,protein hit,histidine triad (HIT) protein,1
Listeria_monocytogenes_EGDe,gene_591554758f0f,1.0,high,foldase protein prsa 2,foldase,1
Listeria_monocytogenes_EGDe,gene_2847858925db,1.0,high,3'-5' exoribonuclease yham,3'-5' exoribonuclease,1
Listeria_monocytogenes_EGDe,gene_ce9bf31544a4,1.0,high,fumarate hydratase class ii,fumarate hydratase,1
Listeria_monocytogenes_EGDe,gene_3bf895977113,0.213,speculative,arsenate reductase,arsenate reductase,1
Listeria_monocytogenes_EGDe,gene_6de53052e4ab,0.767,moderate,Metabolism-related protein,penicillin-binding protein,0
Listeria_monocytogenes_EGDe,gene_bb7dc7454d3f,0.4394,low,nadh oxidase,NADH oxidase,1
Listeria_monocytogenes_EGDe,gene_3f0f8692b923,0.6378,moderate,shikimate dehydrogenase (nadp(+)),shikimate 5-dehydrogenase,1
Listeria_monocytogenes_EGDe,gene_a1727f82d4a5,0.5524,moderate,inner membrane transport protein ydin,MFS transporter permease,0
Listeria_monocytogenes_EGDe,gene_582453170184,0.7956,moderate,Replication-related protein,MFS transporter,0
Listeria_monocytogenes_EGDe,gene_86831c90a001,0.7476,moderate,Replication-related protein,ABC transporter ATP-binding protein,0
Listeria_monocytogenes_EGDe,gene_c943b32c0f38,0.337,low,hth-type transcriptional repressor ytra,GntR family transcriptional regulator,0
Listeria_monocytogenes_EGDe,gene_bca0a1b93ada,0.8108,high,methylated-dna--protein-cysteine methyltransferase,O6-methylguanine-DNA methyltransferase,1
Listeria_monocytogenes_EGDe,gene_6e7b1dc1ecf1,0.4,low,bifunctional transcriptional activator/dna repair enzyme adaa,AraC family transcriptional regulator,0
Listeria_monocytogenes_EGDe,gene_014bae32ac5b,0.7556,moderate,low-affinity inorganic phosphate transporter,low-affinity inorganic phosphate transporter,1
Listeria_monocytogenes_EGDe,gene_8c47503ef07d,0.6833,moderate,glutamine transport system permease protein glnp,amino acid ABC transporter permease,0
Listeria_monocytogenes_EGDe,gene_ae5782f76369,0.9066,high,arginine transport atp-binding protein artm,amino acid ABC transporter ATP-binding protein,0
Listeria_monocytogenes_EGDe,gene_87a24cc0fac1,0.7884,moderate,Replication-related protein,aspartate aminotransferase,0
Listeria_monocytogenes_EGDe,gene_d1109a6cd85a,0.413,low,phosphatase yhcw,phosphoglucomutase,0
Listeria_monocytogenes_EGDe,gene_c6718d411a92,0.734,moderate,Replication-related protein,PTS beta-glucoside transporter subunit IIA,0
Listeria_monocytogenes_EGDe,gene_191460c3016b,1.0,high,atp-dependent helicase/nuclease subunit a,ATP-dependent deoxyribonuclease subunit A,1
Listeria_monocytogenes_EGDe,gene_84b250a55595,1.0,high,atp-dependent helicase/deoxyribonuclease subunit b,ATP-dependent deoxyribonuclease subunit B,1
Listeria_monocytogenes_EGDe,gene_f7362c2c3600,0.35,low,DNA-binding transcription regulator,protein gp28,0
Listeria_monocytogenes_EGDe,gene_693350397ee6,1.0,high,l-alanyl-d-glutamate peptidase,L-alanoyl-D-glutamate peptidase,1
Listeria_monocytogenes_EGDe,gene_323b09051777,0.9,high,antiholin,holin,0
Listeria_monocytogenes_EGDe,gene_c1a15dc54842,0.35,low,ATP/GTP binding protein,protein gp17,0
Listeria_monocytogenes_EGDe,gene_7af51305371c,0.744,moderate,Translation-related protein,phage coat protein,0
Listeria_monocytogenes_EGDe,gene_0091167de8fe,0.258,speculative,capsid assembly scaffolding protein,scaffolding protein,1
Listeria_monocytogenes_EGDe,gene_1295d770e323,0.592,moderate,terminase small subunit,terminase,1
Listeria_monocytogenes_EGDe,gene_c52d5c6becbe,0.35,low,Serine protease,terminase large subunit from bacteriophage A118,0
Listeria_monocytogenes_EGDe,gene_dc32af0552fc,1.0,high,single-stranded dna-binding protein 2,single-stranded DNA-binding protein,1
Listeria_monocytogenes_EGDe,gene_1dcafcb0e1d0,0.259,speculative,protein kila,anti-repressor,0
Listeria_monocytogenes_EGDe,gene_dcf805095e8f,0.313,low,control protein c.muni,XRE family transcriptional regulator,0
Listeria_monocytogenes_EGDe,gene_74018e11a5e6,0.6056,moderate,dna-invertase,integrase,0
Listeria_monocytogenes_EGDe,gene_e6440fa25f9e,0.7122,moderate,1-phosphofructokinase,fructose-1-phosphate kinase,0
Listeria_monocytogenes_EGDe,gene_be1d4e24549e,0.7355,moderate,pts system fructose-specific eiiabc component,PTS fructose transporter subunit IIABC,0
Listeria_monocytogenes_EGDe,gene_698ec172010e,0.9323,high,l-cystine import atp-binding protein tcyn,amino acid ABC transporter ATP-binding protein,0
Listeria_monocytogenes_EGDe,gene_bf7bf2e0f00c,0.5424,moderate,l-cystine transport system permease protein tcym,amino acid ABC transporter permease,0
Listeria_monocytogenes_EGDe,gene_df6f0e61eb09,0.6015,moderate,l-cystine transport system permease protein tcyl,amino acid ABC transporter permease,0
Listeria_monocytogenes_EGDe,gene_5262f39ac8e7,0.891,high,l-cystine-binding protein tcyk,amino acid ABC transporter substrate-binding protein,0
Listeria_monocytogenes_EGDe,gene_47e65ea2f961,0.4764,low,fmn reductase (nadph),FMN reductase,1
Listeria_monocytogenes_EGDe,gene_a28503acbefe,0.4981,low,hth-type transcriptional regulator ytli,LysR family transcriptional regulator,1
Listeria_monocytogenes_EGDe,gene_76503d7e36b0,0.6492,moderate,Replication-related protein,multidrug resistance protein,0
Listeria_monocytogenes_EGDe,gene_0749358857c9,0.8218,high,Metabolism-related protein,N-acetylglucosamine-6-phosphate isomerase,0
Listeria_monocytogenes_EGDe,gene_2f99f74c1e82,1.0,high,glutamate decarboxylase beta,glutamate decarboxylase,1
Listeria_monocytogenes_EGDe,gene_20e9c2e919f4,0.35,low,DNA-binding transcription regulator,RofA family transcriptional regulator,0
Listeria_monocytogenes_EGDe,gene_1ad5072fd831,0.5427,moderate,hth-type transcriptional regulator golr,DeoR family transcriptional regulator,1
Listeria_monocytogenes_EGDe,gene_ab33d9d2bc7e,1.0,high,glucose-6-phosphate isomerase,glucose-6-phosphate isomerase,1
Listeria_monocytogenes_EGDe,gene_237fbc545ea5,0.642,moderate,general stress protein 13,general stress protein 13,1
Listeria_monocytogenes_EGDe,gene_6f5c4c14cd30,0.3439,low,cystathionine beta-lyase patb,aminotransferase,0
Listeria_monocytogenes_EGDe,gene_c74028d79101,0.617,moderate,lichenan-specific phosphotransferase enzyme iib component,PTS beta-glucoside transporter subunit IIB,0
Listeria_monocytogenes_EGDe,gene_73aa340ee93a,0.7639,moderate,hemin import atp-binding protein hrta,ABC transporter ATP-binding protein,0
Listeria_monocytogenes_EGDe,gene_a96a31e1508a,0.6059,moderate,aspartokinase 3,aspartate kinase,0
Listeria_monocytogenes_EGDe,gene_ed1aca338e1a,0.9231,high,peptidyl-prolyl cis-trans isomerase,peptidyl-prolyl cis-trans isomerase,1
Listeria_monocytogenes_EGDe,gene_91c70927eb7d,0.613,moderate,na(+)/h(+) antiporter subunit a,monovalent cation/H+ antiporter subunit A,1
Listeria_monocytogenes_EGDe,gene_acbd531ee62c,0.662,moderate,na(+)/h(+) antiporter subunit b,monovalent cation/H+ antiporter subunit B,1
Listeria_monocytogenes_EGDe,gene_7bc6009d4287,0.726,moderate,na(+)/h(+) antiporter subunit c,monovalent cation/H+ antiporter subunit C,1
Listeria_monocytogenes_EGDe,gene_f69fbeed325e,0.8314,high,Replication-related protein,monovalent cation/H+ antiporter subunit D,0
Listeria_monocytogenes_EGDe,gene_cdffe93b5801,0.7109,moderate,na(+)/h(+) antiporter subunit f1,monovalent cation/H+ antiporter subunit F,1
Listeria_monocytogenes_EGDe,gene_cb75b32d0a85,0.576,moderate,na(+)/h(+) antiporter subunit g,monovalent cation/H+ antiporter subunit G,1
Listeria_monocytogenes_EGDe,gene_92bfe03a0030,0.6026,moderate,nadh dehydrogenase-like protein yumb,NADH dehydrogenase,1
Listeria_monocytogenes_EGDe,gene_9c904253aaa6,0.382,low,internalin j,internalin,1
Listeria_monocytogenes_EGDe,gene_05b4c8874998,0.72,moderate,cysteine desulfurase,aminotransferase,0
Listeria_monocytogenes_EGDe,gene_3a654230767c,0.745,moderate,iron-sulfur cluster assembly protein sufd,aminotransferase,0
Listeria_monocytogenes_EGDe,gene_a7eca7a829a5,1.0,high,abc transporter atp-binding protein spym3_0208,ABC transporter ATP-binding protein,1
Listeria_monocytogenes_EGDe,gene_b4cddfaddc97,0.5615,moderate,methionine import system permease protein metp,ABC transporter permease,0
Listeria_monocytogenes_EGDe,gene_e0617adeea2b,1.0,high,methionine import atp-binding protein metn 2,ABC transporter ATP-binding protein,0
Listeria_monocytogenes_EGDe,gene_5461185e5a0b,0.663,moderate,sensor histidine kinase cros,two-component sensor histidine kinase,1
Listeria_monocytogenes_EGDe,gene_128edd0bf75a,0.596,moderate,dna-binding response regulator cror,two-component response regulator,0
Listeria_monocytogenes_EGDe,gene_71c3ecc665cc,1.0,high,glycine cleavage system h protein,glycine cleavage system protein H,1
Listeria_monocytogenes_EGDe,gene_87fbbcb286b8,0.4466,low,peptidoglycan glycosyltransferase roda,cell division protein FtsW,0
Listeria_monocytogenes_EGDe,gene_bd63e3dc7dae,0.4427,low,peptidoglycan glycosyltransferase roda,cell division protein FtsW,0
Listeria_monocytogenes_EGDe,gene_e7ae010f79fd,0.7592,moderate,petrobactin import atp-binding protein fpuc,ferrichrome ABC transporter ATP-binding protein,0
Listeria_monocytogenes_EGDe,gene_8e5f02df1490,0.6403,moderate,fe(3+)-citrate import system permease protein yfmd,ferrichrome ABC transporter permease,0
Listeria_monocytogenes_EGDe,gene_5787c6c20be8,1.0,high,glutamate decarboxylase gamma,glutamate decarboxylase,1
Listeria_monocytogenes_EGDe,gene_295fc1829d1d,0.6526,moderate,transcription antiterminator lict,transcription antiterminator,1
Listeria_monocytogenes_EGDe,gene_d1432925ae11,0.583,moderate,isomaltosyltransferase,glycosidase,0
Listeria_monocytogenes_EGDe,gene_e5e8271b2622,0.35,low,DNA-binding transcription regulator,transcriptional regulator,0
Listeria_monocytogenes_EGDe,gene_3347935ef36a,1.0,high,ssra-binding protein,SsrA-binding protein,1
Listeria_monocytogenes_EGDe,gene_55446155b002,0.714,moderate,ribonuclease r,exoribonuclease RNase-R,0
Listeria_monocytogenes_EGDe,gene_020f695c85aa,0.549,moderate,carboxylesterase,carboxylesterase,1
Listeria_monocytogenes_EGDe,gene_7a7402c305e6,0.7969,moderate,protein-export membrane protein secg,preprotein translocase subunit SecG,0
Listeria_monocytogenes_EGDe,gene_cd4f20414c7b,0.271,speculative,carboxylesterase,carboxylesterase,1
Listeria_monocytogenes_EGDe,gene_0db59ae82fc6,0.4784,low,serine hydrolase bphl,epoxide hydrolase,0
Listeria_monocytogenes_EGDe,gene_b7e8e16aac4b,1.0,high,enolase,phosphopyruvate hydratase,0
Listeria_monocytogenes_EGDe,gene_2b764a542cdd,1.0,high,triosephosphate isomerase 1,triosephosphate isomerase,1
Listeria_monocytogenes_EGDe,gene_717ab72946f6,1.0,high,phosphoglycerate kinase,phosphoglycerate kinase,1
Listeria_monocytogenes_EGDe,gene_5e0a0dd8f0aa,1.0,high,glyceraldehyde-3-phosphate dehydrogenase,glyceraldehyde-3-phosphate dehydrogenase,1
Listeria_monocytogenes_EGDe,gene_5a4c37c510a2,0.7852,moderate,central glycolytic genes regulator,transcriptional regulator,0
Listeria_monocytogenes_EGDe,gene_a20ce721f773,0.5968,moderate,rna polymerase sigma-54 factor,RNA polymerase factor sigma-54,1
Listeria_monocytogenes_EGDe,gene_924c8fca2b3b,0.6778,moderate,hth-type transcriptional repressor acnr,transcriptional regulator,0
Listeria_monocytogenes_EGDe,gene_0fe4c7b7a02b,0.7666,moderate,Replication-related protein,multidrug transporter,0
Listeria_monocytogenes_EGDe,gene_7115e96ffe36,1.0,high,atp-dependent clp protease proteolytic subunit,ATP-dependent Clp protease proteolytic subunit,1
Listeria_monocytogenes_EGDe,gene_0d92aaa99418,1.0,high,nadph dehydrogenase,NADPH dehydrogenase,1
Listeria_monocytogenes_EGDe,gene_40e50ce3afd7,0.687,moderate,phosphoglucomutase,phosphoglucomutase,1
Listeria_monocytogenes_EGDe,gene_5a1fc345150d,0.433,low,galactose mutarotase,aldose 1-epimerase,0
Listeria_monocytogenes_EGDe,gene_3cf794f56c3e,0.697,moderate,udp-glucose 4-epimerase,UDP-glucose 4-epimerase,1
Listeria_monocytogenes_EGDe,gene_dc49276a54ab,1.0,high,thioredoxin reductase,thioredoxin reductase,1
Listeria_monocytogenes_EGDe,gene_318bf52c841e,0.5494,moderate,acetyltransferase yvof,acetyltransferase,1
Listeria_monocytogenes_EGDe,gene_c8f2311787aa,1.0,high,pyrophosphatase ppax,pyrophosphatase PpaX,1
Listeria_monocytogenes_EGDe,gene_7fc9f7639078,1.0,high,phosphatidylglycerol--prolipoprotein diacylglyceryl transferase,prolipoprotein diacylglyceryl transferase,1
Listeria_monocytogenes_EGDe,gene_a17b564423da,1.0,high,hpr kinase/phosphorylase,HPr kinase/phosphorylase,1
Listeria_monocytogenes_EGDe,gene_6bec54a10b9a,0.5692,moderate,hth-type transcriptional repressor czra,ArsR family transcriptional regulator,0
Listeria_monocytogenes_EGDe,gene_c7c4d031e110,0.549,moderate,phosphate-specific transport system accessory protein phou homolog,PhoU family transcriptional regulator,0
Listeria_monocytogenes_EGDe,gene_aee1f6a0042f,1.0,high,phosphate import atp-binding protein pstb 1,phosphate ABC transporter ATP-binding protein,1
Listeria_monocytogenes_EGDe,gene_995196dde73a,0.4885,low,abc transporter permease protein yqgi,phosphate ABC transporter permease,1
Listeria_monocytogenes_EGDe,gene_af9b511b2cdd,0.4951,low,abc transporter permease protein yqgh,phosphate ABC transporter permease,1
Listeria_monocytogenes_EGDe,gene_3ba81403a9e9,1.0,high,phosphate import atp-binding protein pstb 2,phosphate ABC transporter ATP-binding protein,1
Listeria_monocytogenes_EGDe,gene_083d06fe7b46,0.639,moderate,phosphate-binding protein psts 1,phosphate ABC transporter substrate-binding protein,0
Listeria_monocytogenes_EGDe,gene_65f1cbf31a8c,0.4002,low,alkaline phosphatase synthesis sensor protein phor,two-component sensor histidine kinase,0
Listeria_monocytogenes_EGDe,gene_b6fb39d11280,0.6986,moderate,alkaline phosphatase synthesis transcriptional regulatory protein phop,two-component response phosphate regulator,0
Listeria_monocytogenes_EGDe,gene_9c9106904127,1.0,high,cardiolipin synthase,cardiolipin synthase,1
Listeria_monocytogenes_EGDe,gene_cd4bbb131a17,0.7481,moderate,Stress Response-related protein,cell wall-binding protein,0
Listeria_monocytogenes_EGDe,gene_21a4200953e6,0.776,moderate,endopeptidase p60,peptidoglycan lytic protein P45,0
Listeria_monocytogenes_EGDe,gene_2df1ea01a192,0.643,moderate,cell division protein ftsx,cell division protein FtsX,1
Listeria_monocytogenes_EGDe,gene_2ff73c1eea76,0.9765,high,cell division atp-binding protein ftse,cell division protein FtsE,1
Listeria_monocytogenes_EGDe,gene_96efb1f9e804,1.0,high,peptide chain release factor 2,peptide chain release factor 2,1
Listeria_monocytogenes_EGDe,gene_f99a37c57c42,1.0,high,protein translocase subunit seca 1,preprotein translocase subunit SecA,1
Listeria_monocytogenes_EGDe,gene_f309cb72bab0,0.7144,moderate,Metabolism-related protein,competence protein ComFC,0
Listeria_monocytogenes_EGDe,gene_fa1ac68ecdfb,0.7868,moderate,Metabolism-related protein,competence protein comFA,0
Listeria_monocytogenes_EGDe,gene_a6d180816a07,0.8303,high,transcriptional regulatory protein degu,two-component response regulator DegU,0
Listeria_monocytogenes_EGDe,gene_31a948667586,0.4449,low,polyisoprenyl-teichoic acid--peptidoglycan teichoic acid transferase tagt,LytR family transcriptional regulator,0
Listeria_monocytogenes_EGDe,gene_3c409c9bb6e7,0.5722,moderate,undecaprenyl-phosphate n-acetylglucosaminyl 1-phosphate transferase,teichoic acid linkage unit synthesis protein,0
Listeria_monocytogenes_EGDe,gene_570097c6e4e8,0.7512,moderate,o-succinylbenzoate synthase,O-succinylbenzoate-CoA synthase,1
Listeria_monocytogenes_EGDe,gene_4f1eaa416918,0.486,low,n-acetylglucosaminyldiphosphoundecaprenol n-acetyl-beta-d-mannosaminyltransferase,polyglycerol phosphate biosynthesis protein TagA,0
Listeria_monocytogenes_EGDe,gene_f20543a9f186,0.6517,moderate,cell wall-binding protein yoch,cell wall-binding protein,1
Listeria_monocytogenes_EGDe,gene_7e044554f08e,0.5784,moderate,single-stranded dna-binding protein,single-strand DNA-binding protein,1
Listeria_monocytogenes_EGDe,gene_3387afdd81ca,1.0,high,3-hydroxyacyl- dehydratase fabz,(3R)-hydroxymyristoyl-ACP dehydratase,0
Listeria_monocytogenes_EGDe,gene_fc05a82db9fa,0.861,high,cell shape-determining protein mbl,rod shape-determining protein MreB,0
Listeria_monocytogenes_EGDe,gene_4301c2e847df,1.0,high,udp-n-acetylglucosamine 1-carboxyvinyltransferase 1,UDP-N-acetylglucosamine 1-carboxyvinyltransferase,1
Listeria_monocytogenes_EGDe,gene_a2fd1ce6bc2f,1.0,high,atp synthase epsilon chain,ATP synthase F0F1 subunit epsilon,1
Listeria_monocytogenes_EGDe,gene_33c9fa76e12a,1.0,high,atp synthase subunit beta 2,ATP synthase F0F1 subunit beta,1
Listeria_monocytogenes_EGDe,gene_ed7f3d2e8327,1.0,high,atp synthase gamma chain,ATP synthase F0F1 subunit gamma,1
Listeria_monocytogenes_EGDe,gene_c44afc66b1be,1.0,high,atp synthase subunit alpha 2,ATP synthase F0F1 subunit alpha,1
Listeria_monocytogenes_EGDe,gene_e8eff76ecdf2,1.0,high,atp synthase subunit delta,ATP synthase F0F1 subunit delta,1
Listeria_monocytogenes_EGDe,gene_38e65728c80a,1.0,high,atp synthase subunit b,ATP synthase F0F1 subunit B,1
Listeria_monocytogenes_EGDe,gene_577b0f66e416,1.0,high,atp synthase subunit c,ATP synthase F0F1 subunit C,1
Listeria_monocytogenes_EGDe,gene_973c560f2509,1.0,high,atp synthase subunit a,ATP synthase F0F1 subunit A,1
Listeria_monocytogenes_EGDe,gene_96e44a01297d,0.35,low,DNA-binding transcription regulator,ATP synthase subunit I,0
Listeria_monocytogenes_EGDe,gene_a4835e3cbe32,1.0,high,uracil phosphoribosyltransferase,uracil phosphoribosyltransferase,1
Listeria_monocytogenes_EGDe,gene_06ea794a84be,0.4698,low,protein-arginine-phosphatase,phosphatase,1
Listeria_monocytogenes_EGDe,gene_ce856b575d74,1.0,high,serine hydroxymethyltransferase,serine hydroxymethyltransferase,1
Listeria_monocytogenes_EGDe,gene_d59dee452fbe,0.5809,moderate,threonylcarbamoyl-amp synthase,tRNA threonylcarbamoyladenosine biosynthesis protein,0
Listeria_monocytogenes_EGDe,gene_7bf98af6796f,1.0,high,Replication-related protein,protoporphyrinogen oxidase,0
Listeria_monocytogenes_EGDe,gene_8f6488196cdb,1.0,high,peptide chain release factor 1,peptide chain release factor 1,1
Listeria_monocytogenes_EGDe,gene_ad52bf5871d8,1.0,high,thymidine kinase,thymidine kinase,1
Listeria_monocytogenes_EGDe,gene_61cc928441f3,1.0,high,homoserine kinase,homoserine kinase,1
Listeria_monocytogenes_EGDe,gene_6b85fa00c44a,0.9441,high,threonine synthase,threonine synthase,1
Listeria_monocytogenes_EGDe,gene_41d137799a04,0.7169,moderate,homoserine dehydrogenase,homoserine dehydrogenase,1
Listeria_monocytogenes_EGDe,gene_9d6d089ed339,1.0,high,large ribosomal subunit protein bl31b,50S ribosomal protein L31,0
Listeria_monocytogenes_EGDe,gene_72eb7db0ac44,1.0,high,cell wall teichoic acid glycosylation protein gtca,wall teichoic acid glycosylation protein GtcA,1
Listeria_monocytogenes_EGDe,gene_49edab80565f,0.9036,high,transcription termination factor rho,transcription termination factor Rho,1
Listeria_monocytogenes_EGDe,gene_81e616beff6a,1.0,high,udp-n-acetylglucosamine 1-carboxyvinyltransferase 2,UDP-N-acetylglucosamine 1-carboxyvinyltransferase,1
Listeria_monocytogenes_EGDe,gene_43c7dde3fd19,0.6622,moderate,Replication-related protein,galactosyltransferase,0
Listeria_monocytogenes_EGDe,gene_2e33015852e8,0.3744,low,alpha-monoglucosyldiacylglycerol synthase,N-acetylglucosaminyl-phosphatidylinositol biosynthesis protein,0
Listeria_monocytogenes_EGDe,gene_5d2bca14eaaa,0.873,high,fructose-bisphosphate aldolase,"fructose-1,6-bisphosphate aldolase",1
Listeria_monocytogenes_EGDe,gene_bb7e38d62a76,0.5058,moderate,diacylglycerol kinase,lipid kinase,0
Listeria_monocytogenes_EGDe,gene_b27e96c5cd20,1.0,high,ctp synthase,CTP synthetase,0
Listeria_monocytogenes_EGDe,gene_e93375a7334a,1.0,high,protein ami,"autolysin, amidase",0
Listeria_monocytogenes_EGDe,gene_d4f12d3f718d,1.0,high,dna-directed rna polymerase subunit delta,DNA-directed RNA polymerase subunit delta,1
Listeria_monocytogenes_EGDe,gene_4c34b018356e,1.0,high,arginine--trna ligase,arginyl-tRNA synthetase,0
Listeria_monocytogenes_EGDe,gene_34bfd8feece1,1.0,high,tautomerase lmo2564,4-oxalocrotonate isomerase,0
Listeria_monocytogenes_EGDe,gene_be39c2b709d8,0.8976,high,Metabolism-related protein,peptide ABC transporter substrate-binding protein,0
Listeria_monocytogenes_EGDe,gene_1fb03f947216,0.534,moderate,zinc-type alcohol dehydrogenase-like protein sacol2177,zinc-binding dehydrogenase,1
Listeria_monocytogenes_EGDe,gene_ca824308c67f,0.35,low,Serine protease,colossin A,0
Listeria_monocytogenes_EGDe,gene_56c3dc3339f4,0.779,moderate,hemin import atp-binding protein hrta,ABC transporter ATP-binding protein,0
Listeria_monocytogenes_EGDe,gene_36022a4bc84f,0.468,low,heme sensor protein hsss,histidine kinase,0
Listeria_monocytogenes_EGDe,gene_3f84fa288064,0.6268,moderate,heme response regulator hssr,DNA-binding response regulator,0
Listeria_monocytogenes_EGDe,gene_8f2d8dce9369,1.0,high,sulfur carrier protein fdhd,formate dehydrogenase accessory protein,0
Listeria_monocytogenes_EGDe,gene_a2f20b7db129,0.8759,high,formate dehydrogenase catalytic subunit fdhe,formate dehydrogenase subunit alpha,1
Listeria_monocytogenes_EGDe,gene_78c88e7b3ca9,0.817,high,Metabolism-related protein,ATP-binding protein,0
Listeria_monocytogenes_EGDe,gene_bf2c702d7e78,0.466,low,n-acetylmuramidase,N-acetylmuramoyl-L-alanine amidase,0
Listeria_monocytogenes_EGDe,gene_a1961ad452cd,0.422,low,hth-type transcriptional regulator adhr,MerR family transcriptional regulator,1
Listeria_monocytogenes_EGDe,gene_a12248f712cc,0.8903,high,glyoxal reductase,aldo/keto reductase,0
Listeria_monocytogenes_EGDe,gene_68d0e2237bf5,1.0,high,small ribosomal subunit protein us9,30S ribosomal protein S9,0
Listeria_monocytogenes_EGDe,gene_b9b45b799e7b,1.0,high,large ribosomal subunit protein ul13,50S ribosomal protein L13,0
Listeria_monocytogenes_EGDe,gene_51513b7617c7,1.0,high,trna pseudouridine synthase a,tRNA pseudouridine synthase A,1
Listeria_monocytogenes_EGDe,gene_bf47909334fa,1.0,high,energy-coupling factor transporter atp-binding protein ecfa1,cobalt ABC transporter ATP-binding protein,0
Listeria_monocytogenes_EGDe,gene_cd22030bc063,1.0,high,energy-coupling factor transporter atp-binding protein ecfa2,cobalt ABC transporter ATP-binding subunit,0
Listeria_monocytogenes_EGDe,gene_2d6ecda41d22,1.0,high,large ribosomal subunit protein bl17,50S ribosomal protein L17,0
Listeria_monocytogenes_EGDe,gene_56015e40f3e7,1.0,high,dna-directed rna polymerase subunit alpha,DNA-directed RNA polymerase subunit alpha,1
Listeria_monocytogenes_EGDe,gene_f9ce61405f57,1.0,high,small ribosomal subunit protein us11,30S ribosomal protein S11,0
Listeria_monocytogenes_EGDe,gene_79f7ff57b60c,1.0,high,small ribosomal subunit protein us13,30S ribosomal protein S13,0
Listeria_monocytogenes_EGDe,gene_93b7ac79e9ce,1.0,high,large ribosomal subunit protein bl36,50S ribosomal protein L36,0
Listeria_monocytogenes_EGDe,gene_e0438c1ab3d0,1.0,high,translation initiation factor if-1,translation initiation factor IF-1,1
Listeria_monocytogenes_EGDe,gene_cbc298450ad1,1.0,high,adenylate kinase,adenylate kinase,1
Listeria_monocytogenes_EGDe,gene_a7aed0abed0f,0.8,high,protein translocase subunit secy,preprotein translocase subunit SecY,1
Listeria_monocytogenes_EGDe,gene_e2aa35f2826c,1.0,high,large ribosomal subunit protein ul15,50S ribosomal protein L15,0
Listeria_monocytogenes_EGDe,gene_28fc221bcda0,1.0,high,large ribosomal subunit protein ul30,50S ribosomal protein L30,0
Listeria_monocytogenes_EGDe,gene_6b3f09339a93,1.0,high,small ribosomal subunit protein us5,30S ribosomal protein S5,0
Listeria_monocytogenes_EGDe,gene_47dc337cdebe,1.0,high,large ribosomal subunit protein ul18,50S ribosomal protein L18,0
Listeria_monocytogenes_EGDe,gene_2879f343de74,1.0,high,large ribosomal subunit protein ul6,50S ribosomal protein L6,0
Listeria_monocytogenes_EGDe,gene_4a3d29a6af14,1.0,high,small ribosomal subunit protein us8,30S ribosomal protein S8,0
Listeria_monocytogenes_EGDe,gene_1d7872d64dd4,1.0,high,small ribosomal subunit protein us14b,30S ribosomal protein S14,0
Listeria_monocytogenes_EGDe,gene_27da863f9fc6,1.0,high,large ribosomal subunit protein ul5,50S ribosomal protein L5,0
Listeria_monocytogenes_EGDe,gene_e45f6e047634,1.0,high,large ribosomal subunit protein ul24,50S ribosomal protein L24,0
Listeria_monocytogenes_EGDe,gene_5bc468ebd6df,1.0,high,large ribosomal subunit protein ul14,50S ribosomal protein L14,0
Listeria_monocytogenes_EGDe,gene_1bf29effe96d,1.0,high,small ribosomal subunit protein us17,30S ribosomal protein S17,0
Listeria_monocytogenes_EGDe,gene_98c916cc0a4a,1.0,high,large ribosomal subunit protein ul29,50S ribosomal protein L29,0
Listeria_monocytogenes_EGDe,gene_d3e119930e1a,1.0,high,small ribosomal subunit protein us3,30S ribosomal protein S3,0
Listeria_monocytogenes_EGDe,gene_144e6bcfd8ef,1.0,high,large ribosomal subunit protein ul16,50S ribosomal protein L16,0
Listeria_monocytogenes_EGDe,gene_4e3efe6428a9,1.0,high,large ribosomal subunit protein ul22,50S ribosomal protein L22,0
Listeria_monocytogenes_EGDe,gene_5dde1a3fe1e9,1.0,high,small ribosomal subunit protein us19,30S ribosomal protein S19,0
Listeria_monocytogenes_EGDe,gene_66792f5f6037,1.0,high,large ribosomal subunit protein ul2,50S ribosomal protein L2,0
Listeria_monocytogenes_EGDe,gene_68fbcdc57362,1.0,high,large ribosomal subunit protein ul23,50S ribosomal protein L23,0
Listeria_monocytogenes_EGDe,gene_73106eea0fba,1.0,high,large ribosomal subunit protein ul4,50S ribosomal protein L4,0
Listeria_monocytogenes_EGDe,gene_4a98789f0a58,1.0,high,large ribosomal subunit protein ul3,50S ribosomal protein L3,0
Listeria_monocytogenes_EGDe,gene_9a06cd125d03,1.0,high,small ribosomal subunit protein us10,30S ribosomal protein S10,0
Listeria_monocytogenes_EGDe,gene_3bb70a1e7836,0.35,low,DNA-binding transcription regulator,"1,4-dihydroxy-2-naphthoate octaprenyltransferase",0
Listeria_monocytogenes_EGDe,gene_13f23ee357c9,0.6434,moderate,heptaprenyl diphosphate synthase component 2,heptaprenyl diphosphate synthase subunit II,1
Listeria_monocytogenes_EGDe,gene_bee38723a75e,0.35,low,DNA-binding transcription regulator,PTS system ascorbate transporter subunit IIC,0
Listeria_monocytogenes_EGDe,gene_4a80e5c1ef25,0.264,speculative,ascorbate-specific pts system eiib component,MFS transporter,0
Listeria_monocytogenes_EGDe,gene_cdee443d1d42,0.5015,moderate,mannitol-specific cryptic phosphotransferase enzyme iia component,PTS mannitol transporter subunit IIA,0
Listeria_monocytogenes_EGDe,gene_3448be9f00f0,0.5548,moderate,mannitol-specific cryptic phosphotransferase enzyme iia component,transcriptional antiterminator,0
Listeria_monocytogenes_EGDe,gene_91ebf7283ce5,1.0,high,elongation factor tu,elongation factor Tu,1
Listeria_monocytogenes_EGDe,gene_627fe8263c35,1.0,high,small ribosomal subunit protein us7,30S ribosomal protein S7,0
Listeria_monocytogenes_EGDe,gene_05e1c98ca5c0,1.0,high,elongation factor g,elongation factor G,1
Listeria_monocytogenes_EGDe,gene_c5ffe6264ed0,1.0,high,small ribosomal subunit protein us12,30S ribosomal protein S12,0
Listeria_monocytogenes_EGDe,gene_2ea0547dd190,0.9459,high,deoxyguanosinetriphosphate triphosphohydrolase-like protein,deoxyguanosinetriphosphate triphosphohydrolase,1
Listeria_monocytogenes_EGDe,gene_e22505ac126a,0.258,speculative,n-acetyltransferase ats1,acyltransferase,0
Listeria_monocytogenes_EGDe,gene_206b39aebd75,0.681,moderate,ribulose-phosphate 3-epimerase,ribulose-phosphate 3-epimerase,1
Listeria_monocytogenes_EGDe,gene_a0fe0a4af751,0.559,moderate,ribulose-phosphate 3-epimerase,ribulose-5-phosphate 3-epimerase,1
Listeria_monocytogenes_EGDe,gene_316e2ad0c189,1.0,high,Replication-related protein,transketolase,0
Listeria_monocytogenes_EGDe,gene_22212ac6bbbd,0.5974,moderate,ribose-5-phosphate isomerase b,ribose 5-phosphate epimerase,1
Listeria_monocytogenes_EGDe,gene_4566026a7ca8,0.7456,moderate,d-arabitol-phosphate dehydrogenase,polyol dehydrogenase,0
Listeria_monocytogenes_EGDe,gene_eff27d976e7b,0.411,low,pts system galactitol-specific eiic component,PTS galacticol transporter subunit IIC,0
Listeria_monocytogenes_EGDe,gene_7d9e9066e8af,0.773,moderate,Replication-related protein,sorbitol dehydrogenase,0
Listeria_monocytogenes_EGDe,gene_3fbd1becd91d,0.5214,moderate,phosphotransferase enzyme iib component sgcb,PTS galacticol transporter subunit IIB,0
Listeria_monocytogenes_EGDe,gene_dde577a9db66,0.6264,moderate,sugar phosphate isomerase ywlf,ribose-5-phosphate isomerase B,1
Listeria_monocytogenes_EGDe,gene_8327c986704b,0.468,low,uv-damage repair protein uvrx,DNA polymerase IV,0
Listeria_monocytogenes_EGDe,gene_a325da4c43d1,0.6012,moderate,Metabolism-related protein,esterase,0
Listeria_monocytogenes_EGDe,gene_400483ca347e,0.5406,moderate,kdp operon transcriptional regulatory protein kdpe,XRE family transcriptional regulator,0
Listeria_monocytogenes_EGDe,gene_9e2316c8fac0,1.0,high,potassium-transporting atpase kdpc subunit,potassium-transporting ATPase subunit C,1
Listeria_monocytogenes_EGDe,gene_f7754aa1acd1,1.0,high,potassium-transporting atpase atp-binding subunit,potassium-transporting ATPase subunit B,1
Listeria_monocytogenes_EGDe,gene_e39d44aa02f1,1.0,high,potassium-transporting atpase potassium-binding subunit,potassium-transporting ATPase subunit A,1
Listeria_monocytogenes_EGDe,gene_8a791aa42d7a,0.611,moderate,pts system cellobiose-specific eiib component,PTS cellbiose transporter subunit IIB,0
Listeria_monocytogenes_EGDe,gene_216baf2f8ea8,0.6653,moderate,lichenan permease iic component,PTS cellbiose transporter subunit IIC,0
Listeria_monocytogenes_EGDe,gene_d101f26b6c3a,0.618,moderate,pts system cellobiose-specific eiia component,PTS cellbiose transporter subunit IIA,0
Listeria_monocytogenes_EGDe,gene_097777991612,0.5793,moderate,peptidoglycan glycosyltransferase ftsw,cell division protein FtsW,0
Listeria_monocytogenes_EGDe,gene_0a526198ca93,0.7254,moderate,magnesium-transporting atpase,magnesium-translocating P-type ATPase,1
Listeria_monocytogenes_EGDe,gene_308c707ff8df,0.533,moderate,n-acetylmuramidase,autolysin,0
Listeria_monocytogenes_EGDe,gene_f48cb9084815,1.0,high,thymidylate kinase,thymidylate kinase,1
Listeria_monocytogenes_EGDe,gene_a15820352659,0.8443,high,pts-dependent dihydroxyacetone kinase 1,dihydroxyacetone kinase subunit DhaK,1
Listeria_monocytogenes_EGDe,gene_2a44bbb66d58,0.9377,high,pep-dependent dihydroxyacetone kinase 1,dihydroxyacetone kinase,1
Listeria_monocytogenes_EGDe,gene_ff7c3cb98e17,0.7453,moderate,pep-dependent dihydroxyacetone kinase 1,PTS mannose transporter subunit IIA,0
Listeria_monocytogenes_EGDe,gene_8a17302f3652,0.8534,high,glyoxal reductase,aldo/keto reductase,0
Listeria_monocytogenes_EGDe,gene_ca4c5705eaee,1.0,high,recombination protein recr,recombination protein RecR,1
Listeria_monocytogenes_EGDe,gene_a745ae0ea190,0.705,moderate,dna polymerase iii subunit tau,DNA polymerase III subunit gamma/tau,1
Listeria_monocytogenes_EGDe,gene_d90496bc8b97,0.5672,moderate,gluconokinase,gluconate kinase,0
Listeria_monocytogenes_EGDe,gene_931006ee31c0,0.9518,high,Replication-related protein,ABC transporter ATP-binding protein,0
Listeria_monocytogenes_EGDe,gene_da48a0d1e4dd,0.6458,moderate,glutathione/l-cysteine transport system atp-binding/permease protein cydc,ABC transporter,0
Listeria_monocytogenes_EGDe,gene_20d67b9639c8,0.5366,moderate,cytochrome bd ubiquinol oxidase subunit 2,cytochrome D ubiquinol oxidase subunit II,1
Listeria_monocytogenes_EGDe,gene_be4274ec5ce4,0.5949,moderate,cytochrome bd ubiquinol oxidase subunit 1,cytochrome D ubiquinol oxidase subunit I,1
Listeria_monocytogenes_EGDe,gene_9466a41c0a46,0.4599,low,hth-type transcriptional regulator adhr,MerR family transcriptional regulator,1
Listeria_monocytogenes_EGDe,gene_0bdad7b832f3,0.3613,low,phosphoglycolate phosphatase,phosphatase,1
Listeria_monocytogenes_EGDe,gene_7ab42411c2c6,0.608,moderate,pts system 2-o-alpha-mannosyl-d-glycerate-specific eiiabc component,PTS fructose transporter subunit IIABC,0
Listeria_monocytogenes_EGDe,gene_2ac3b4792228,0.513,moderate,glucosylglycerate phosphorylase,sucrose phosphorylase,0
Listeria_monocytogenes_EGDe,gene_047ef429389d,0.369,low,upf0053 protein sll0260,hemolysin,0
Listeria_monocytogenes_EGDe,gene_5f8c44be7609,1.0,high,nad-dependent protein deacetylase,NAD-dependent deacetylase,1
Listeria_monocytogenes_EGDe,gene_0ea38379523d,0.687,moderate,multidrug resistance protein mdtg,multidrug transporter,0
Listeria_monocytogenes_EGDe,gene_e7f274b1f464,1.0,high,transaldolase 1,translaldolase,0
Listeria_monocytogenes_EGDe,gene_97c0fc9b4dad,0.7876,moderate,multidrug resistance abc transporter atp-binding/permease protein bmra,ABC transporter ATP-binding protein,1
Listeria_monocytogenes_EGDe,gene_083b91ff34d4,1.0,high,serine--trna ligase,seryl-tRNA synthetase,0
Listeria_monocytogenes_EGDe,gene_48a1e792de37,0.6172,moderate,aminodeoxychorismate synthase component 2,glutamine amidotransferase,0
Listeria_monocytogenes_EGDe,gene_98c97454597d,0.5021,moderate,aminodeoxychorismate synthase component 1,para-aminobenzoate synthase subunit I,0
Listeria_monocytogenes_EGDe,gene_14046ac68ca1,0.261,speculative,cocaine esterase,CoA-transferase,0
Listeria_monocytogenes_EGDe,gene_74ba431fb99c,0.9212,high,dna topoisomerase 3,DNA topoisomerase III,1
Listeria_monocytogenes_EGDe,gene_cb5f57bbbe27,0.5421,moderate,atp-dependent dna helicase recq,ATP-dependent DNA helicase,1
Listeria_monocytogenes_EGDe,gene_9e6e05285d7f,1.0,high,inosine-5'-monophosphate dehydrogenase,inosine-monophosphate dehydrogenase,1
Listeria_monocytogenes_EGDe,gene_2ba627566a45,0.7996,moderate,atp-binding protein ydif,ABC transporter ATP-binding protein,1
Listeria_monocytogenes_EGDe,gene_315e0dd04288,0.57,moderate,pts system oligo-beta-mannoside-specific eiib component,PTS cellbiose transporter subunit IIB,0
Listeria_monocytogenes_EGDe,gene_305e32023e09,0.484,low,lichenan-specific phosphotransferase enzyme iia component,PTS cellbiose transporter subunit IIA,0
Listeria_monocytogenes_EGDe,gene_f05ecca1f8ee,0.5408,moderate,abc transporter atp-binding protein ytrb,ABC transporter ATP-binding protein,1
Listeria_monocytogenes_EGDe,gene_6557d09c8cd8,1.0,high,glutathione biosynthesis bifunctional protein gshab,bifunctional glutamate--cysteine ligase/glutathione synthetase,0
Listeria_monocytogenes_EGDe,gene_30170f3d34e6,0.8654,high,Metabolism-related protein,beta-glucosidase,0
Listeria_monocytogenes_EGDe,gene_ab002f897b5e,0.6012,moderate,transcription antiterminator lict,transcriptional antiterminator,0
Listeria_monocytogenes_EGDe,gene_f05ffe136d68,1.0,high,Transcription-related protein,ABC transporter ATP-binding protein,0
Listeria_monocytogenes_EGDe,gene_e8db9b34250c,0.9099,high,ribosome-binding atpase ychf,GTP-binding protein EngD,0
Listeria_monocytogenes_EGDe,gene_1daab077acf6,0.395,low,periplasmic beta-glucosidase,beta-glucosidase,1
Listeria_monocytogenes_EGDe,gene_5b11f400e6c2,0.519,moderate,lichenan-specific phosphotransferase enzyme iib component,PTS cellbiose transporter subunit IIB,0
Listeria_monocytogenes_EGDe,gene_ed5b35ab0412,0.4064,low,lichenan permease iic component,PTS cellbiose transporter subunit IIC,0
Listeria_monocytogenes_EGDe,gene_154ddba7db4c,0.317,low,licabch operon regulator,transcriptional antiterminator,0
Listeria_monocytogenes_EGDe,gene_581b228f54f9,1.0,high,catalase,catalase,1
Listeria_monocytogenes_EGDe,gene_62f4095abb79,0.554,moderate,pts system beta-glucoside-specific eiibca component,beta-glucoside-specific phosphotransferase enzyme II ABC component,1
Listeria_monocytogenes_EGDe,gene_ee00d867ee1f,0.5319,moderate,transcription antiterminator lict,transcription antiterminator,1
Listeria_monocytogenes_EGDe,gene_d12792180e37,0.649,moderate,stage 0 sporulation protein j,partition protein ParB homolg,0
Listeria_monocytogenes_EGDe,gene_ab8e7d2108d3,0.984,high,sporulation initiation inhibitor protein soj,"partition protein, ParA-like protein",0
Listeria_monocytogenes_EGDe,gene_e9e916b1c26b,1.0,high,nucleoid occlusion protein,NA-binding protein Spo0J,0
Listeria_monocytogenes_EGDe,gene_73b87b92a5fe,0.3866,low,phosphatase yhcw,phosphatase,1
Listeria_monocytogenes_EGDe,gene_9c0b2caf1197,0.576,moderate,pts system mannitol-specific eiicb component,PTS mannitol transporter subunit IIBC,0
Listeria_monocytogenes_EGDe,gene_dbbbcb78d0a4,0.3657,low,udp-n-acetylglucosamine 3-dehydrogenase,dehydrogenase,1
Listeria_monocytogenes_EGDe,gene_8e3857ca7634,1.0,high,n-acetylmannosamine-6-phosphate 2-epimerase,N-acetylmannosamine-6-phosphate 2-epimerase,1
Listeria_monocytogenes_EGDe,gene_bd3cb4e17faa,1.0,high,ribosomal rna small subunit methyltransferase g,16S rRNA methyltransferase GidB,0
Listeria_monocytogenes_EGDe,gene_20d1dcb2e41d,1.0,high,trna uridine 5-carboxymethylaminomethyl modification enzyme mnmg,tRNA uridine 5-carboxymethylaminomethyl modification enzyme GidA,1
Listeria_monocytogenes_EGDe,gene_7c88cc6e58ea,1.0,high,trna modification gtpase mnme,tRNA modification GTPase TrmE,1
Listeria_monocytogenes_EGDe,gene_04b4c3eebf7b,0.7841,moderate,Metabolism-related protein,D-alanyl-D-alanine carboxypeptidase,0
Listeria_monocytogenes_EGDe,gene_e253696923b9,0.4552,low,nadph-dependent aldehyde reductase-like protein,3-ketoacyl-ACP reductase,0
Listeria_monocytogenes_EGDe,gene_0d7d5a2eb5ee,0.6648,moderate,Replication-related protein,MFS transporter,0
Listeria_monocytogenes_EGDe,gene_ed92c27eb0a0,0.491,low,amidohydrolase yhaa,peptidase,0
Listeria_monocytogenes_EGDe,gene_ea31510d4511,0.633,moderate,quinolone resistance protein norb,MFS transporter,0
Listeria_monocytogenes_EGDe,gene_13253fc7501d,0.504,moderate,amidohydrolase yhaa,carboxypeptidase,0
Listeria_monocytogenes_EGDe,gene_3397b47a3c51,0.95,high,internalin j,internalin,1
Listeria_monocytogenes_EGDe,gene_053071d7b488,0.6212,moderate,d-3-phosphoglycerate dehydrogenase,D-3-phosphoglycerate dehydrogenase,1
Listeria_monocytogenes_EGDe,gene_e7a0867c9352,1.0,high,phosphoserine aminotransferase,phosphoserine aminotransferase,1
Listeria_monocytogenes_EGDe,gene_1e309fb77244,0.2889,speculative,nitroreductase hbn1,nitroreductase,1
Listeria_monocytogenes_EGDe,gene_5b1e704bb9a8,0.58,moderate,beta-phosphoglucomutase,phosphoglucomutase,1
Listeria_monocytogenes_EGDe,gene_042c7909b498,0.539,moderate,thioredoxin 1,thioredoxin,1
Listeria_monocytogenes_EGDe,gene_9d75ba016b3a,0.535,moderate,kojibiose phosphorylase,maltose phosphorylase,0
Listeria_monocytogenes_EGDe,gene_f7c443f05b81,0.62,moderate,d-glucoside 3-dehydrogenase,oxidoreductase,0
Listeria_monocytogenes_EGDe,gene_5482b0308017,0.606,moderate,3-dehydro-d-guloside 4-epimerase,xylose isomerase,0
Listeria_monocytogenes_EGDe,gene_7eaeae96a627,1.0,high,d-guloside 3-dehydrogenase,alcohol dehydrogenase,0
Listeria_monocytogenes_EGDe,gene_8afe79bd9dfd,0.7214,moderate,maltose transport system permease protein ycjo,sugar ABC transporter permease,0
Listeria_monocytogenes_EGDe,gene_3a351ebc9779,0.584,moderate,maltose-binding protein ycjn,sugar ABC transporter substrate-binding protein,0
Listeria_monocytogenes_EGDe,gene_974de69571c7,0.61,moderate,glucosylglycerate phosphorylase,sucrose phosphorylase,0
Listeria_monocytogenes_EGDe,gene_74264b2defbe,0.548,moderate,glucosylglycerate phosphorylase,sucrose phosphorylase,0
Listeria_monocytogenes_EGDe,gene_61b91879c60f,0.6561,moderate,hth-type transcriptional repressor ycjw,LacI family transcriptional regulator,0
Listeria_monocytogenes_EGDe,gene_d29e38473f12,0.7073,moderate,Replication-related protein,MFS transporter,0
Listeria_monocytogenes_EGDe,gene_8e385e2e3b0f,1.0,high,rhamnulose-1-phosphate aldolase,rhamnulose-1-phosphate aldolase,1
Listeria_monocytogenes_EGDe,gene_586cb2bfc878,1.0,high,l-rhamnose isomerase,L-rhamnose isomerase,1
Listeria_monocytogenes_EGDe,gene_b2f02e732f3d,1.0,high,rhamnulokinase,rhamnulokinase,1
Listeria_monocytogenes_EGDe,gene_477fc37ac6ca,1.0,high,Replication-related protein,sugar transporter,0
Listeria_monocytogenes_EGDe,gene_500d5905e47e,1.0,high,membrane protein insertase yidc 1,sporulation protein SpoJ,0
Listeria_monocytogenes_EGDe,gene_7627cf2f200f,1.0,high,ribonuclease p protein component,ribonuclease P,1
Listeria_monocytogenes_EGDe,gene_e763a053bbd2,1.0,high,large ribosomal subunit protein bl34,50S ribosomal protein L34,0
Mycoplasma_genitalium_G37,gene_1132927ebddc,1.0,high,serine--trna ligase,serine--tRNA ligase,1
Mycoplasma_genitalium_G37,gene_2f9ecd71f184,0.8935,high,methionine--trna ligase,methionine--tRNA ligase,1
Mycoplasma_genitalium_G37,gene_3c5b70f22219,0.9952,high,trna modification gtpase mnme,tRNA uridine-5-carboxymethylaminomethyl(34) synthesis GTPase MnmE,1
Mycoplasma_genitalium_G37,gene_33174cafafb5,1.0,high,dna gyrase subunit a,DNA topoisomerase (ATP-hydrolyzing) subunit A,0
Mycoplasma_genitalium_G37,gene_8e5abf5553bd,1.0,high,proline iminopeptidase,prolyl aminopeptidase,0
Mycoplasma_genitalium_G37,gene_506f8d7366a0,1.0,high,thymidylate kinase,dTMP kinase,0
Mycoplasma_genitalium_G37,gene_7254ac5130c5,0.8099,high,beta sliding clamp,DNA polymerase III subunit beta,0
Mycoplasma_genitalium_G37,gene_76499f747705,1.0,high,fructose-bisphosphate aldolase,"class II fructose-1,6-bisphosphate aldolase",1
Mycoplasma_genitalium_G37,gene_17d0963bc334,0.8209,high,atp-dependent helicase mg018,DEAD/DEAH box helicase,0
Mycoplasma_genitalium_G37,gene_71dbe3dc918e,1.0,high,dna gyrase subunit b,DNA topoisomerase (ATP-hydrolyzing) subunit B,0
Mycoplasma_genitalium_G37,gene_421cd24a64ca,1.0,high,abc transporter atp-binding protein mg015,ABC transporter ATP-binding protein,1
Mycoplasma_genitalium_G37,gene_2115e335ce1a,0.9,high,dna-directed rna polymerase subunit delta,DNA-directed RNA polymerase subunit delta,1
Mycoplasma_genitalium_G37,gene_afef0cc045f8,1.0,high,abc transporter atp-binding protein mg014,ABC transporter ATP-binding protein,1
Mycoplasma_genitalium_G37,gene_2bac2024ad66,1.0,high,chaperone protein dnaj,molecular chaperone DnaJ,1
Mycoplasma_genitalium_G37,gene_47c7f5430a09,1.0,high,ribosome-binding atpase ychf,redox-regulated ATPase YchF,0
Mycoplasma_genitalium_G37,gene_295efcd3e953,1.0,high,elongation factor p,elongation factor P,1
Mycoplasma_genitalium_G37,gene_0793d3c6ed82,0.958,high,uracil phosphoribosyltransferase,uracil phosphoribosyltransferase,1
Mycoplasma_genitalium_G37,gene_d49d42c4555f,1.0,high,dna polymerase iii polc-type,DNA polymerase III subunit alpha,1
Mycoplasma_genitalium_G37,gene_101526e67cfa,0.8333,high,histidine--trna ligase,histidine--tRNA ligase,1
Mycoplasma_genitalium_G37,gene_5cc78d581a34,0.8344,high,nicotinamide phosphoribosyltransferase,nicotinate phosphoribosyltransferase,0
Mycoplasma_genitalium_G37,gene_024a012a9c95,1.0,high,thymidine kinase,thymidine kinase,1
Mycoplasma_genitalium_G37,gene_9fad9da9238f,0.8627,high,aspartate--trna ligase,aspartate--tRNA ligase,1
Mycoplasma_genitalium_G37,gene_0e7826ff60e1,1.0,high,phosphocarrier protein hpr,HPr family phosphocarrier protein,1
Mycoplasma_genitalium_G37,gene_5a1c7146c0d1,1.0,high,spermidine/putrescine import atp-binding protein pota,ATP-binding cassette domain-containing protein,0
Mycoplasma_genitalium_G37,gene_6d47aad49827,0.7907,moderate,spermidine/putrescine transport system permease protein potb homolog,ABC transporter permease,0
Mycoplasma_genitalium_G37,gene_7cf699434683,0.8693,high,spermidine/putrescine transport system permease protein potc homolog,ABC transporter permease,0
Mycoplasma_genitalium_G37,gene_649d89c20d78,1.0,high,glycerol kinase,glycerol kinase GlpK,1
Mycoplasma_genitalium_G37,gene_9beac8782c3f,1.0,high,purine nucleoside phosphorylase deod-type,purine-nucleoside phosphorylase,1
Mycoplasma_genitalium_G37,gene_47bb58b439c4,1.0,high,deoxyribose-phosphate aldolase,deoxyribose-phosphate aldolase,1
Mycoplasma_genitalium_G37,gene_c2b0a2ad5460,1.0,high,cytidine deaminase,cytidine deaminase,1
Mycoplasma_genitalium_G37,gene_4732f54c97ff,1.0,high,trna n6-adenosine threonylcarbamoyltransferase,tRNA (adenosine(37)-N6)-threonylcarbamoyltransferase complex transferase subunit TsaD,1
Mycoplasma_genitalium_G37,gene_d9912d54bd86,0.9,high,transcription termination/antitermination protein nusg,transcription termination/antitermination protein NusG,1
Mycoplasma_genitalium_G37,gene_3a5bd5e98185,0.95,high,ribonuclease m5,ribonuclease M5,1
Mycoplasma_genitalium_G37,gene_1153cd643d11,1.0,high,ribose-phosphate pyrophosphokinase,ribose-phosphate diphosphokinase,1
Mycoplasma_genitalium_G37,gene_f0e6aca44031,1.0,high,thymidine phosphorylase,thymidine phosphorylase,1
Mycoplasma_genitalium_G37,gene_52050ac93f43,0.9397,high,ribosomal rna small subunit methyltransferase i,16S rRNA (cytidine(1402)-2'-O)-methyltransferase,0
Mycoplasma_genitalium_G37,gene_bb822f326c74,1.0,high,phosphomannomutase,phospho-sugar mutase,0
Mycoplasma_genitalium_G37,gene_4a0d03e7d40c,0.8731,high,1-phosphofructokinase,1-phosphofructokinase,1
Mycoplasma_genitalium_G37,gene_d079e86f36d7,1.0,high,abc transporter atp-binding protein mg065,ABC transporter ATP-binding protein,1
Mycoplasma_genitalium_G37,gene_2c4c10bb9b2c,0.9891,high,pts system fructose-specific eiiabc component,fructose-specific PTS transporter subunit EIIC,1
Mycoplasma_genitalium_G37,gene_ef18075a4215,1.0,high,ssra-binding protein,SsrA-binding protein,1
Mycoplasma_genitalium_G37,gene_1b43a2b689c5,0.9345,high,small ribosomal subunit protein us2,30S ribosomal protein S2,0
Mycoplasma_genitalium_G37,gene_55ade16bb0c2,1.0,high,protein translocase subunit seca,preprotein translocase subunit SecA,1
Mycoplasma_genitalium_G37,gene_20996dc7ba43,1.0,high,s-adenosylmethionine synthase,methionine adenosyltransferase,0
Mycoplasma_genitalium_G37,gene_f5925aa52446,0.8454,high,oligopeptide transport system permease protein oppb,ABC transporter permease,0
Mycoplasma_genitalium_G37,gene_1f39ab0a1421,1.0,high,oligopeptide transport atp-binding protein oppd,ABC transporter ATP-binding protein,0
Mycoplasma_genitalium_G37,gene_5a98c525ee07,1.0,high,large ribosomal subunit protein ul11,50S ribosomal protein L11,0
Mycoplasma_genitalium_G37,gene_f258d8b39ea4,1.0,high,large ribosomal subunit protein ul1,50S ribosomal protein L1,0
Mycoplasma_genitalium_G37,gene_a67a1e289d82,0.9686,high,trna(ile)-lysidine synthase,tRNA lysidine(34) synthetase TilS,0
Mycoplasma_genitalium_G37,gene_917c78cf4c6b,1.0,high,pts system glucose-specific eiicba component,glucose-specific PTS IICBA transporter,1
Mycoplasma_genitalium_G37,gene_3ec3ae47d962,1.0,high,small ribosomal subunit protein us12,30S ribosomal protein S12,0
Mycoplasma_genitalium_G37,gene_c6873726edb4,1.0,high,small ribosomal subunit protein us7,30S ribosomal protein S7,0
Mycoplasma_genitalium_G37,gene_d04e14795ec1,0.9,high,oligopeptide transport system permease protein oppc,ABC transporter permease,0
Mycoplasma_genitalium_G37,gene_5b0f6df8b4e6,1.0,high,small ribosomal subunit protein bs6,30S ribosomal protein S6,0
Mycoplasma_genitalium_G37,gene_8714304c8bf4,0.8031,high,single-stranded dna-binding protein,single-stranded DNA-binding protein,1
Mycoplasma_genitalium_G37,gene_2d6fd39fb174,1.0,high,small ribosomal subunit protein bs18,30S ribosomal protein S18,0
Mycoplasma_genitalium_G37,gene_3f392639b122,0.9721,high,large ribosomal subunit protein bl9,50S ribosomal protein L9,0
Mycoplasma_genitalium_G37,gene_ecd3e1ad1fe5,0.7727,moderate,glycerol 3-phosphate oxidase,type 2 glycerol-3-phosphate oxidase,1
Mycoplasma_genitalium_G37,gene_9ed4d0a864be,1.0,high,replicative dna helicase dnab,replicative DNA helicase,1
Mycoplasma_genitalium_G37,gene_092b793787cf,0.9441,high,uracil-dna glycosylase,uracil-DNA glycosylase,1
Mycoplasma_genitalium_G37,gene_0d33481f71e8,0.9659,high,glutamyl-trna(gln) amidotransferase subunit a,Asp-tRNA(Asn)/Glu-tRNA(Gln) amidotransferase subunit GatA,1
Mycoplasma_genitalium_G37,gene_92b9b663f3f1,1.0,high,phosphatidylglycerol--prolipoprotein diacylglyceryl transferase,prolipoprotein diacylglyceryl transferase,1
Mycoplasma_genitalium_G37,gene_a114032fb385,1.0,high,thioredoxin reductase,thioredoxin-disulfide reductase,1
Mycoplasma_genitalium_G37,gene_f7ee784a871b,1.0,high,cell division protein whia,DNA-binding protein WhiA,0
Mycoplasma_genitalium_G37,gene_bc5e0b4f553b,1.0,high,oligopeptide transport atp-binding protein oppf,ATP-binding cassette domain-containing protein,0
Mycoplasma_genitalium_G37,gene_4b799b813410,1.0,high,diadenylate cyclase,diadenylate cyclase CdaM,1
Mycoplasma_genitalium_G37,gene_c241367c7599,1.0,high,guanylate kinase,guanylate kinase,1
Mycoplasma_genitalium_G37,gene_641f0b2664e3,0.7243,moderate,protein phosphatase,PP2C family protein-serine/threonine phosphatase,1
Mycoplasma_genitalium_G37,gene_39e84e317024,0.9234,high,serine/threonine-protein kinase,serine/threonine-protein kinase,1
Mycoplasma_genitalium_G37,gene_39d2919800eb,1.0,high,ribonuclease r,ribonuclease R,1
Mycoplasma_genitalium_G37,gene_2178021a09cc,1.0,high,elongation factor g,elongation factor G,1
Mycoplasma_genitalium_G37,gene_251ccf849244,1.0,high,ribulose-phosphate 3-epimerase,ribulose-phosphate 3-epimerase,1
Mycoplasma_genitalium_G37,gene_24c5372b0714,0.9026,high,asparagine--trna ligase,asparagine--tRNA ligase,1
Mycoplasma_genitalium_G37,gene_dec2a9b8e2df,1.0,high,protein mg115,CinA family protein,0
Mycoplasma_genitalium_G37,gene_9383db04c781,1.0,high,Transcription-related protein,ribosome small subunit-dependent GTPase A,0
Mycoplasma_genitalium_G37,gene_90aec7ff4f6d,1.0,high,udp-glucose 4-epimerase,UDP-glucose 4-epimerase GalE,1
Mycoplasma_genitalium_G37,gene_6bf9163534a3,1.0,high,hpr kinase/phosphorylase,HPr(Ser) kinase/phosphatase,1
Mycoplasma_genitalium_G37,gene_bd635dd178e3,1.0,high,carbohydrate transport atp-binding protein mg119,ABC transporter ATP-binding protein,0
Mycoplasma_genitalium_G37,gene_02e9a50cb9d6,1.0,high,phosphatase mg125,Cof-type HAD-IIB family hydrolase,0
Mycoplasma_genitalium_G37,gene_bb6b3ff876cd,0.9903,high,tryptophan--trna ligase,tryptophan--tRNA ligase,1
Mycoplasma_genitalium_G37,gene_490202db094d,1.0,high,phosphotransferase enzyme iib component mg129,PTS sugar transporter subunit IIB,0
Mycoplasma_genitalium_G37,gene_5d024799c61e,1.0,high,dna topoisomerase 1,type I DNA topoisomerase,1
Mycoplasma_genitalium_G37,gene_4b31394564c0,1.0,high,glucose-6-phosphate isomerase,glucose-6-phosphate isomerase,1
Mycoplasma_genitalium_G37,gene_22bbd3e4a6ee,1.0,high,lysine--trna ligase,lysine--tRNA ligase,1
Mycoplasma_genitalium_G37,gene_28413597bc5b,1.0,high,ribonuclease y,ribonuclease Y,1
Mycoplasma_genitalium_G37,gene_0c3d50b4e909,1.0,high,elongation factor 4,translation elongation factor 4,1
Mycoplasma_genitalium_G37,gene_32f42a3ba0d9,1.0,high,ribonuclease j,ribonuclease J,1
Mycoplasma_genitalium_G37,gene_7c80be88212d,1.0,high,aspartyl/glutamyl-trna(asn/gln) amidotransferase subunit b,Asp-tRNA(Asn)/Glu-tRNA(Gln) amidotransferase subunit GatB,1
Mycoplasma_genitalium_G37,gene_396811a09cc1,1.0,high,thioredoxin,thioredoxin,1
Mycoplasma_genitalium_G37,gene_7095d039d3e1,0.684,moderate,adhesin p110,MgpC family cytadherence protein,0
Mycoplasma_genitalium_G37,gene_aa554ace7162,0.8165,high,transcription termination/antitermination protein nusa,transcription termination factor NusA,1
Mycoplasma_genitalium_G37,gene_8dab83c8d743,1.0,high,atp-dependent helicase mg140,AAA domain-containing protein,0
Mycoplasma_genitalium_G37,gene_e04253c8d2b9,1.0,high,ribosome-binding factor a,30S ribosome-binding factor RbfA,1
Mycoplasma_genitalium_G37,gene_a24364614756,0.7299,moderate,bifunctional riboflavin kinase/fmn adenylyltransferase,riboflavin biosynthesis protein RibF,0
Mycoplasma_genitalium_G37,gene_10e8df7eadec,0.907,high,adhesin p140,adhesin,1
Mycoplasma_genitalium_G37,gene_1eb3e62ef95e,1.0,high,udp-galactopyranose mutase,UDP-galactopyranose mutase,1
Mycoplasma_genitalium_G37,gene_f5b2ad8757ae,1.0,high,small ribosomal subunit protein us10,30S ribosomal protein S10,0
Mycoplasma_genitalium_G37,gene_f12357e4a325,1.0,high,large ribosomal subunit protein ul3,50S ribosomal protein L3,0
Mycoplasma_genitalium_G37,gene_b1acc22b42e9,0.8649,high,large ribosomal subunit protein ul4,50S ribosomal protein L4,0
Mycoplasma_genitalium_G37,gene_52dd8521c127,0.879,high,large ribosomal subunit protein ul23,50S ribosomal protein L23,0
Mycoplasma_genitalium_G37,gene_97674ef31605,1.0,high,large ribosomal subunit protein ul2,50S ribosomal protein L2,0
Mycoplasma_genitalium_G37,gene_e86193b78427,0.8608,high,nad kinase,NAD(+) kinase,1
Mycoplasma_genitalium_G37,gene_12a0cdf0f87f,1.0,high,large ribosomal subunit protein ul22,50S ribosomal protein L22,0
Mycoplasma_genitalium_G37,gene_40b8477b13e3,1.0,high,small ribosomal subunit protein us3,30S ribosomal protein S3,0
Mycoplasma_genitalium_G37,gene_bf6ea978085c,1.0,high,peptidyl-trna hydrolase,aminoacyl-tRNA hydrolase,1
Mycoplasma_genitalium_G37,gene_e2bce637cc6a,1.0,high,large ribosomal subunit protein ul29,50S ribosomal protein L29,0
Mycoplasma_genitalium_G37,gene_6a01181fad72,1.0,high,small ribosomal subunit protein us17,30S ribosomal protein S17,0
Mycoplasma_genitalium_G37,gene_2a360e32b5a7,1.0,high,large ribosomal subunit protein ul14,50S ribosomal protein L14,0
Mycoplasma_genitalium_G37,gene_7c26c7085e71,1.0,high,large ribosomal subunit protein ul24,50S ribosomal protein L24,0
Mycoplasma_genitalium_G37,gene_55ee7ffac484,1.0,high,small ribosomal subunit protein us8,30S ribosomal protein S8,0
Mycoplasma_genitalium_G37,gene_0fddd735342a,1.0,high,large ribosomal subunit protein ul6,50S ribosomal protein L6,0
Mycoplasma_genitalium_G37,gene_9d415b32041b,0.9668,high,large ribosomal subunit protein ul18,50S ribosomal protein L18,0
Mycoplasma_genitalium_G37,gene_0abd4015908f,1.0,high,small ribosomal subunit protein us5,30S ribosomal protein S5,0
Mycoplasma_genitalium_G37,gene_93e0694b4069,0.954,high,large ribosomal subunit protein ul15,50S ribosomal protein L15,0
Mycoplasma_genitalium_G37,gene_1ff9c8d131c4,1.0,high,large ribosomal subunit protein ul5,50S ribosomal protein L5,0
Mycoplasma_genitalium_G37,gene_3f4a2e04a005,0.8856,high,adenylate kinase,nucleoside monophosphate kinase,0
Mycoplasma_genitalium_G37,gene_66332792dfcc,0.9822,high,translation initiation factor if-1,translation initiation factor IF-1,1
Mycoplasma_genitalium_G37,gene_fa14fb946e0a,1.0,high,small ribosomal subunit protein us13,30S ribosomal protein S13,0
Mycoplasma_genitalium_G37,gene_5d061da5ac22,1.0,high,small ribosomal subunit protein us11,30S ribosomal protein S11,0
Mycoplasma_genitalium_G37,gene_ca5e73481829,0.969,high,dna-directed rna polymerase subunit alpha,DNA-directed RNA polymerase subunit alpha,1
Mycoplasma_genitalium_G37,gene_e366014b9476,1.0,high,large ribosomal subunit protein bl17,50S ribosomal protein L17,0
Mycoplasma_genitalium_G37,gene_62f20913a05f,1.0,high,methionine aminopeptidase,type I methionyl aminopeptidase,0
Mycoplasma_genitalium_G37,gene_d9d64bbed2cb,1.0,high,upf0053 protein mg146,CNNM domain-containing protein,0
Mycoplasma_genitalium_G37,gene_483da162d824,0.9578,high,trna pseudouridine synthase a,tRNA pseudouridine(38-40) synthase TruA,1
Mycoplasma_genitalium_G37,gene_c230b7e8e311,1.0,high,oligoendopeptidase f homolog,oligoendopeptidase F,1
Mycoplasma_genitalium_G37,gene_c1d87de7bd00,1.0,high,energy-coupling factor transporter atp-binding protein ecfa1,energy-coupling factor transporter ATPase,1
Mycoplasma_genitalium_G37,gene_3ddc2c4383e7,1.0,high,protein translocase subunit secy,preprotein translocase subunit SecY,1
Mycoplasma_genitalium_G37,gene_8c765dd9596b,1.0,high,large ribosomal subunit protein ul16,50S ribosomal protein L16,0
Mycoplasma_genitalium_G37,gene_e9aa2fbbcf50,0.7522,moderate,bifunctional oligoribonuclease and pap phosphatase nrna,bifunctional oligoribonuclease/PAP phosphatase NrnA,1
Mycoplasma_genitalium_G37,gene_a11bc4b38116,0.9887,high,abc transporter atp-binding protein mg187,ATP-binding cassette domain-containing protein,0
Mycoplasma_genitalium_G37,gene_fb6f5b12a13b,0.9969,high,phenylalanine--trna ligase alpha subunit,phenylalanine--tRNA ligase subunit alpha,1
Mycoplasma_genitalium_G37,gene_781b57194282,1.0,high,adhesin p110,adhesin P110,1
Mycoplasma_genitalium_G37,gene_365a022c277d,0.8902,high,translation initiation factor if-3,translation initiation factor IF-3,1
Mycoplasma_genitalium_G37,gene_c87c03355478,1.0,high,large ribosomal subunit protein bl20,50S ribosomal protein L20,0
Mycoplasma_genitalium_G37,gene_ceefd37c77b9,1.0,high,ribonuclease hiii,ribonuclease HIII,1
Mycoplasma_genitalium_G37,gene_b9e905810271,0.8286,high,phenylalanine--trna ligase beta subunit,phenylalanine--tRNA ligase subunit beta,1
Mycoplasma_genitalium_G37,gene_c5dfab8931eb,1.0,high,protein grpe,nucleotide exchange factor GrpE,1
Mycoplasma_genitalium_G37,gene_fdfad25d354a,1.0,high,lipoprotein mg185,P68 family surface lipoprotein,0
Mycoplasma_genitalium_G37,gene_47f9b9e0f6ad,1.0,high,wheel complex protein topj,DnaJ domain-containing protein,0
Mycoplasma_genitalium_G37,gene_02ec8ad6dd9a,0.9419,high,heat-inducible transcription repressor hrca,heat-inducible transcriptional repressor HrcA,1
Mycoplasma_genitalium_G37,gene_7389bdc38a4b,1.0,high,metallophosphoesterase mg207,metallophosphoesterase,1
Mycoplasma_genitalium_G37,gene_361fb4475656,0.7698,moderate,abc transporter permease protein mg189,carbohydrate ABC transporter permease,1
Mycoplasma_genitalium_G37,gene_3f5255938201,1.0,high,lipoprotein signal peptidase,signal peptidase II,1
Mycoplasma_genitalium_G37,gene_9a59f0c7ff2c,0.8724,high,1-acyl-sn-glycerol-3-phosphate acyltransferase,1-acyl-sn-glycerol-3-phosphate acyltransferase,1
Mycoplasma_genitalium_G37,gene_f2d88ea2b66c,1.0,high,adhesin p140,adhesin P1,1
Mycoplasma_genitalium_G37,gene_3919bd19861a,1.0,high,segregation and condensation protein b,SMC-Scp complex subunit ScpB,0
Mycoplasma_genitalium_G37,gene_75e5aa4584c1,1.0,high,dna topoisomerase 4 subunit b,DNA topoisomerase IV subunit B,1
Mycoplasma_genitalium_G37,gene_07d4492877fa,1.0,high,proline-rich p65 protein,cytadherence-associated protein P65,0
Mycoplasma_genitalium_G37,gene_518931c0afa3,0.9766,high,dna topoisomerase 4 subunit a,DNA topoisomerase IV subunit A,1
Mycoplasma_genitalium_G37,gene_e98243e3f0fa,1.0,high,segregation and condensation protein a,segregation/condensation protein A,1
Mycoplasma_genitalium_G37,gene_5954ecf7b376,0.9309,high,transcriptional regulator mraz,division/cell wall cluster transcriptional repressor MraZ,0
Mycoplasma_genitalium_G37,gene_6f41b61dcfb9,0.8616,high,ribosomal rna small subunit methyltransferase h,16S rRNA (cytosine(1402)-N(4))-methyltransferase RsmH,0
Mycoplasma_genitalium_G37,gene_7ca8b66e7178,1.0,high,wheel complex protein p41,MPN311 family protein,0
Mycoplasma_genitalium_G37,gene_c1e446406676,0.9318,high,uvrabc system protein c,excinuclease ABC subunit UvrC,0
Mycoplasma_genitalium_G37,gene_bf0ca063f329,1.0,high,translation initiation factor if-2,translation initiation factor IF-2,1
Mycoplasma_genitalium_G37,gene_17df6c7d79a6,1.0,high,thymidylate synthase,thymidylate synthase,1
Mycoplasma_genitalium_G37,gene_0977551f801e,0.966,high,dihydrofolate reductase,dihydrofolate reductase,1
Mycoplasma_genitalium_G37,gene_9d7d920011f2,1.0,high,ribonucleoside-diphosphate reductase subunit beta,class 1b ribonucleoside-diphosphate reductase subunit beta,1
Mycoplasma_genitalium_G37,gene_2c4312c48849,1.0,high,protein nrdi,class Ib ribonucleoside-diphosphate reductase assembly flavoprotein NrdI,1
Mycoplasma_genitalium_G37,gene_fd293d1936a0,1.0,high,large ribosomal subunit protein bl21,50S ribosomal protein L21,0
Mycoplasma_genitalium_G37,gene_88e0e99ef4e2,0.9845,high,ribosomal processing cysteine protease prp,ribosomal-processing cysteine protease Prp,1
Mycoplasma_genitalium_G37,gene_146e677c60d8,1.0,high,small ribosomal subunit protein us19,30S ribosomal protein S19,0
Mycoplasma_genitalium_G37,gene_d09abc27c296,0.9885,high,pyruvate kinase,pyruvate kinase,1
Mycoplasma_genitalium_G37,gene_2ccade6d22bd,0.8025,high,nicotinate-nucleotide adenylyltransferase/ap4a hydrolase,nicotinate-nucleotide adenylyltransferase,1
Mycoplasma_genitalium_G37,gene_30dbfefc0435,1.0,high,endonuclease 4,deoxyribonuclease IV,0
Mycoplasma_genitalium_G37,gene_839f83705300,0.786,moderate,atp-dependent dna helicase pcra,ATP-dependent helicase,1
Mycoplasma_genitalium_G37,gene_18b95c1c36bf,1.0,high,5-formyltetrahydrofolate cyclo-ligase,5-formyltetrahydrofolate cyclo-ligase,1
Mycoplasma_genitalium_G37,gene_ae78cf7da150,1.0,high,cell division protein ftsz,cell division protein FtsZ,1
Mycoplasma_genitalium_G37,gene_64722bc47ab9,1.0,high,rna polymerase sigma factor siga,RNA polymerase sigma factor,1
Mycoplasma_genitalium_G37,gene_24c51b425131,1.0,high,trigger factor,trigger factor,1
Mycoplasma_genitalium_G37,gene_058dd893f886,0.95,high,cytadherence high molecular weight protein 2,terminal organelle tip protein HMW2,0
Mycoplasma_genitalium_G37,gene_d4ae977d1e30,0.8825,high,cysteine--trna ligase,cysteine--tRNA ligase,1
Mycoplasma_genitalium_G37,gene_fb63abcafbb7,1.0,high,ribonucleoside-diphosphate reductase subunit alpha,class 1b ribonucleoside-diphosphate reductase subunit alpha,1
Mycoplasma_genitalium_G37,gene_32d8eb814c8e,0.7648,moderate,dna primase,DNA primase,1
Mycoplasma_genitalium_G37,gene_c79d64db62fd,0.7998,moderate,trna methyltransferase mg248,tRNA (adenine(22)-N(1))-methyltransferase TrmK,1
Mycoplasma_genitalium_G37,gene_815b6bf7944b,1.0,high,large ribosomal subunit protein bl31,50S ribosomal protein L31,0
Mycoplasma_genitalium_G37,gene_97c1506d65e8,1.0,high,glycine--trna ligase,glycine--tRNA ligase,1
Mycoplasma_genitalium_G37,gene_0bb1e0aed430,1.0,high,5'-3' exonuclease,5'-3' exonuclease,1
Mycoplasma_genitalium_G37,gene_17e4d7f67f07,1.0,high,formamidopyrimidine-dna glycosylase,DNA-formamidopyrimidine glycosylase,1
Mycoplasma_genitalium_G37,gene_5f2a2fe25125,1.0,high,dna ligase,NAD-dependent DNA ligase LigA,1
Mycoplasma_genitalium_G37,gene_6a2dce7d3109,1.0,high,phosphatase mg265,Cof-type HAD-IIB family hydrolase,0
Mycoplasma_genitalium_G37,gene_43e505078979,0.8062,high,dna polymerase iii subunit alpha,DNA polymerase III subunit alpha,1
Mycoplasma_genitalium_G37,gene_b49511234d89,0.9889,high,phosphatase/phosphodiesterase mg246,TIGR00282 family metallophosphoesterase,0
Mycoplasma_genitalium_G37,gene_413fa2c4616c,1.0,high,phosphatase mg263,Cof-type HAD-IIB family hydrolase,0
Mycoplasma_genitalium_G37,gene_0bc4778e5816,0.8652,high,lipoate-protein ligase a,lipoate--protein ligase,1
Mycoplasma_genitalium_G37,gene_6e26f43b093f,0.9947,high,pyruvate dehydrogenase e1 component subunit beta,alpha-ketoacid dehydrogenase subunit beta,0
Mycoplasma_genitalium_G37,gene_caa3c7d375ef,0.9948,high,dihydrolipoyllysine-residue acetyltransferase component of pyruvate dehydrogenase complex,dihydrolipoamide acetyltransferase family protein,0
Mycoplasma_genitalium_G37,gene_4179893900e5,1.0,high,nadh oxidase,FAD-dependent oxidoreductase,0
Mycoplasma_genitalium_G37,gene_79f1b427e0e2,1.0,high,adenine phosphoribosyltransferase,adenine phosphoribosyltransferase,1
Mycoplasma_genitalium_G37,gene_0ebd4b814000,1.0,high,guanosine-3',RelA/SpoT family protein,0
Mycoplasma_genitalium_G37,gene_96f7239c0110,1.0,high,dephospho-coa kinase,dephospho-CoA kinase,1
Mycoplasma_genitalium_G37,gene_8d06d10f1f0d,1.0,high,leucine--trna ligase,leucine--tRNA ligase,1
Mycoplasma_genitalium_G37,gene_0a730b8ddbe9,0.8627,high,proline--trna ligase,proline--tRNA ligase,1
Mycoplasma_genitalium_G37,gene_af2618d6e30b,0.95,high,acyl carrier protein homolog,phosphopantetheine-binding protein,0
Mycoplasma_genitalium_G37,gene_1684ee62c804,0.812,high,adhesin p140,adhesin,1
Mycoplasma_genitalium_G37,gene_d32b45695f72,0.9986,high,dihydrolipoyl dehydrogenase,dihydrolipoyl dehydrogenase,1
Mycoplasma_genitalium_G37,gene_10d44eb1413d,1.0,high,transcription elongation factor grea,transcription elongation factor GreA,1
Mycoplasma_genitalium_G37,gene_a0b670c1492a,1.0,high,high affinity transport system protein p37,ABC transporter thiamine pyrophosphate-binding lipoprotein p37/Cypl,0
Mycoplasma_genitalium_G37,gene_82a54b1c72db,0.9983,high,abc transporter atp-binding protein p29,ATP-binding cassette domain-containing protein,0
Mycoplasma_genitalium_G37,gene_fde369616905,0.7166,moderate,abc transport system permease protein p69,ABC transporter permease,0
Mycoplasma_genitalium_G37,gene_0846da994872,0.9488,high,pyruvate dehydrogenase e1 component subunit alpha,pyruvate dehydrogenase (acetyl-transferring) E1 component subunit alpha,1
Mycoplasma_genitalium_G37,gene_f05ee6ca90fe,0.8124,high,pre-16s rrna nuclease,Holliday junction resolvase RuvX,0
Mycoplasma_genitalium_G37,gene_ee42ebd78e0e,1.0,high,phosphate acetyltransferase,phosphate acetyltransferase,1
Mycoplasma_genitalium_G37,gene_35b4dbeac613,1.0,high,alanine--trna ligase,alanine--tRNA ligase,1
Mycoplasma_genitalium_G37,gene_aa58a6cb3303,1.0,high,glyceraldehyde-3-phosphate dehydrogenase,type I glyceraldehyde-3-phosphate dehydrogenase,1
Mycoplasma_genitalium_G37,gene_5adac2154197,0.9913,high,trna-specific 2-thiouridylase mnma,tRNA 2-thiouridine(34) synthase MnmA,0
Mycoplasma_genitalium_G37,gene_044cd7baa87b,1.0,high,Transcription-related protein,ABC transporter ATP-binding protein,0
Mycoplasma_genitalium_G37,gene_f25e9b95770a,0.9091,high,atp-dependent rna helicase mg308,DEAD/DEAH box helicase,0
Mycoplasma_genitalium_G37,gene_766a2f47cc15,1.0,high,abc transporter atp-binding protein mg304,energy-coupling factor ABC transporter ATP-binding protein,1
Mycoplasma_genitalium_G37,gene_0dea2a3862a8,1.0,high,esterase/lipase 1,alpha/beta fold hydrolase,0
Mycoplasma_genitalium_G37,gene_ed64ab2a605c,1.0,high,small ribosomal subunit protein us4,30S ribosomal protein S4,0
Mycoplasma_genitalium_G37,gene_a1471c1763c9,1.0,high,peptide chain release factor 1,peptide chain release factor 1,1
Mycoplasma_genitalium_G37,gene_a6f9cf812db7,0.95,high,cytadherence high molecular weight protein 3,terminal organelle protein HMW3,0
Mycoplasma_genitalium_G37,gene_16d71556cdc6,0.7602,moderate,dna polymerase iii subunit delta,DNA polymerase III subunit delta,1
Mycoplasma_genitalium_G37,gene_1ef13803c644,1.0,high,chaperone protein dnak,molecular chaperone DnaK,1
Mycoplasma_genitalium_G37,gene_4559238b693e,1.0,high,degv domain-containing protein mg326,DegV family protein,1
Mycoplasma_genitalium_G37,gene_c19d33f9133b,1.0,high,cytadherence high molecular weight protein 1,terminal organelle protein HMW1,0
Mycoplasma_genitalium_G37,gene_f4105e83d5be,0.9136,high,fmn-dependent nadh:quinone oxidoreductase,FMN-dependent NADH-azoreductase,1
Mycoplasma_genitalium_G37,gene_e18d4d3de6d8,1.0,high,upf0154 protein mg335.1,YneF family protein,0
Mycoplasma_genitalium_G37,gene_e6e5cd79960f,0.8091,high,processive diacylglycerol beta-glycosyltransferase,glycosyltransferase family 2 protein,1
Mycoplasma_genitalium_G37,gene_2f91eafc5475,0.9967,high,cytidylate kinase,(d)CMP kinase,0
Mycoplasma_genitalium_G37,gene_bc056e6b5ae6,0.9521,high,transcriptional regulatory protein mg332,YebC/PmpR family DNA-binding transcriptional regulator,0
Mycoplasma_genitalium_G37,gene_3bc4833a176d,1.0,high,esterase/lipase 3,alpha/beta hydrolase,0
Mycoplasma_genitalium_G37,gene_e603a9f23c1e,0.9962,high,valine--trna ligase,valine--tRNA ligase,1
Mycoplasma_genitalium_G37,gene_1f91195fdf6e,0.9037,high,trna (cytidine(34)-2'-o)-methyltransferase,tRNA (uridine(34)/cytosine(34)/5- carboxymethylaminomethyluridine(34)-2'-O)- methyltransferase TrmL,0
Mycoplasma_genitalium_G37,gene_5fce23aaaf0f,1.0,high,dna-directed rna polymerase subunit beta',DNA-directed RNA polymerase subunit beta',1
Mycoplasma_genitalium_G37,gene_3b1759e5228f,1.0,high,dna-directed rna polymerase subunit beta,DNA-directed RNA polymerase subunit beta,1
Mycoplasma_genitalium_G37,gene_2b2b57f0a058,1.0,high,inorganic pyrophosphatase,inorganic diphosphatase,0
Mycoplasma_genitalium_G37,gene_a4110dc4bb27,1.0,high,holliday junction resolvase recu,Holliday junction resolvase RecU,1
Mycoplasma_genitalium_G37,gene_78708e42b72b,0.95,high,cytadhesin-related protein p32,adhesin P32,0
Mycoplasma_genitalium_G37,gene_dacb622f2293,0.8399,high,trna (guanine-n(7)-)-methyltransferase,tRNA (guanosine(46)-N7)-methyltransferase TrmB,1
Mycoplasma_genitalium_G37,gene_a7e27ed65165,1.0,high,holliday junction branch migration complex subunit ruva,Holliday junction branch migration protein RuvA,1
Mycoplasma_genitalium_G37,gene_9438e038d0cf,1.0,high,esterase/lipase 2,alpha/beta fold hydrolase,0
Mycoplasma_genitalium_G37,gene_5fb3efce4d82,0.9822,high,large ribosomal subunit protein bl12,50S ribosomal protein L7/L12,0
Mycoplasma_genitalium_G37,gene_196f26033209,0.9,high,small ribosomal subunit protein bs20,30S ribosomal protein S20,0
Mycoplasma_genitalium_G37,gene_19af52aaba2e,0.9609,high,phosphate acyltransferase,phosphate acyltransferase PlsX,1
Mycoplasma_genitalium_G37,gene_db74d38d0fa2,1.0,high,adhesin p140,adhesin,1
Mycoplasma_genitalium_G37,gene_47255dba13f7,0.8579,high,trna sulfurtransferase,tRNA uracil 4-sulfurtransferase ThiI,1
Mycoplasma_genitalium_G37,gene_9c889f6098b7,1.0,high,large ribosomal subunit protein ul10,50S ribosomal protein L10,0
Mycoplasma_genitalium_G37,gene_f1fbfba6f8f9,1.0,high,trna uridine 5-carboxymethylaminomethyl modification enzyme mnmg,tRNA uridine-5-carboxymethylaminomethyl(34) synthesis enzyme MnmG,1
Mycoplasma_genitalium_G37,gene_4538257b8653,0.7849,moderate,ribosomal rna small subunit methyltransferase g,16S rRNA (guanine(527)-N(7))-methyltransferase RsmG,0
Mycoplasma_genitalium_G37,gene_dece1c77d596,0.9943,high,threonine--trna ligase,threonine--tRNA ligase,1
Mycoplasma_genitalium_G37,gene_ffb0fa0982ce,1.0,high,uridine kinase,uridine kinase,1
Mycoplasma_genitalium_G37,gene_dbaacb6f9a99,0.9833,high,nh(3)-dependent nad(+) synthetase,NAD(+) synthase,0
Mycoplasma_genitalium_G37,gene_c84a3cdc54f3,0.9445,high,arginine--trna ligase,arginine--tRNA ligase,1
Mycoplasma_genitalium_G37,gene_6d06aab5f0b4,0.95,high,wheel complex protein p200,terminal organelle protein P200,0
Mycoplasma_genitalium_G37,gene_be50ce6b8065,1.0,high,endoribonuclease ybey,rRNA maturation RNase YbeY,0
Mycoplasma_genitalium_G37,gene_18bbbe614df3,1.0,high,gtpase era,GTPase Era,1
Mycoplasma_genitalium_G37,gene_7a11c4d7462d,1.0,high,isoleucine--trna ligase,isoleucine--tRNA ligase,1
Mycoplasma_genitalium_G37,gene_c11d07898b46,1.0,high,chaperonin groel,chaperonin GroEL,1
Mycoplasma_genitalium_G37,gene_cf2da1857084,1.0,high,serine hydroxymethyltransferase,serine hydroxymethyltransferase,1
Mycoplasma_genitalium_G37,gene_abfe0de12646,0.8583,high,ribose-5-phosphate isomerase b,ribose 5-phosphate isomerase B,1
Mycoplasma_genitalium_G37,gene_074ffdb79d86,0.9,high,atp synthase epsilon chain,F0F1 ATP synthase subunit epsilon,1
Mycoplasma_genitalium_G37,gene_3d925e0e4ee3,1.0,high,atp synthase subunit beta,F0F1 ATP synthase subunit beta,1
Mycoplasma_genitalium_G37,gene_6d8aa2ee6ec8,1.0,high,atp synthase subunit alpha,F0F1 ATP synthase subunit alpha,1
Mycoplasma_genitalium_G37,gene_f2ba1b5deabd,0.9793,high,atp synthase subunit b,F0F1 ATP synthase subunit B,1
Mycoplasma_genitalium_G37,gene_21c01232a95b,0.9404,high,atp synthase subunit c,F0F1 ATP synthase subunit C,1
Mycoplasma_genitalium_G37,gene_97a165026ec3,0.8759,high,atp synthase gamma chain,ATP synthase F1 subunit gamma,1
Mycoplasma_genitalium_G37,gene_8ea7e56d5ffd,1.0,high,cytosol aminopeptidase,leucyl aminopeptidase,0
Mycoplasma_genitalium_G37,gene_4d6002c26dfe,0.973,high,peptide methionine sulfoxide reductase msra,peptide-methionine (S)-S-oxide reductase MsrA,1
Mycoplasma_genitalium_G37,gene_6cdfe5476080,1.0,high,enolase,phosphopyruvate hydratase,0
Mycoplasma_genitalium_G37,gene_513e9a2f20b0,1.0,high,large ribosomal subunit protein ul13,50S ribosomal protein L13,0
Mycoplasma_genitalium_G37,gene_d003e60dcc19,1.0,high,phosphate import atp-binding protein pstb,phosphate ABC transporter ATP-binding protein PstB,1
Mycoplasma_genitalium_G37,gene_bd0efcca4251,1.0,high,small ribosomal subunit protein us15,30S ribosomal protein S15,0
Mycoplasma_genitalium_G37,gene_aae00da38d9f,0.8374,high,atp-dependent rna helicase mg425,DEAD/DEAH box helicase,0
Mycoplasma_genitalium_G37,gene_ae9466fa153a,1.0,high,atp synthase subunit delta,ATP synthase F1 subunit delta,1
Mycoplasma_genitalium_G37,gene_a57a98ec5069,1.0,high,phosphoenolpyruvate-protein phosphotransferase,phosphoenolpyruvate--protein phosphotransferase,1
Mycoplasma_genitalium_G37,gene_a8f5d634ee09,0.9586,high,dna polymerase iii subunit gamma/tau,DNA polymerase III subunit gamma/tau,1
Mycoplasma_genitalium_G37,gene_44065dec03e6,0.8751,high,uridylate kinase,UMP kinase,0
Mycoplasma_genitalium_G37,gene_11d702c796a6,0.8876,high,ribosome-recycling factor,ribosome recycling factor,1
Mycoplasma_genitalium_G37,gene_d667907bb128,1.0,high,hydroperoxide reductase,hydroperoxide reductase,1
Mycoplasma_genitalium_G37,gene_367821a8e8e4,0.95,high,type i specificity subunit s.mgeorf438p,restriction endonuclease subunit S,0
Mycoplasma_genitalium_G37,gene_4a6d139b3ebc,1.0,high,small ribosomal subunit protein us9,30S ribosomal protein S9,0
Mycoplasma_genitalium_G37,gene_b5edf2e852d1,0.9653,high,ribosome biogenesis gtpase a,ribosome biogenesis GTPase YlqF,1
Mycoplasma_genitalium_G37,gene_c8fd1a9fb7dd,1.0,high,large ribosomal subunit protein bl19,50S ribosomal protein L19,0
Mycoplasma_genitalium_G37,gene_5340dd25a139,1.0,high,trna (guanine-n(1)-)-methyltransferase,tRNA (guanosine(37)-N1)-methyltransferase TrmD,1
Mycoplasma_genitalium_G37,gene_1ea3dc72a2cb,0.9848,high,small ribosomal subunit protein bs16,30S ribosomal protein S16,0
Mycoplasma_genitalium_G37,gene_453dbdede5e7,1.0,high,peptide methionine sulfoxide reductase msrb,peptide-methionine (R)-S-oxide reductase MsrB,1
Mycoplasma_genitalium_G37,gene_d2fd962d009b,0.95,high,degv domain-containing protein mg450,DegV family protein,1
Mycoplasma_genitalium_G37,gene_5ba13163328e,1.0,high,Replication-related protein,phosphatidate cytidylyltransferase,0
Mycoplasma_genitalium_G37,gene_9d5bf4fef95b,0.9268,high,utp--glucose-1-phosphate uridylyltransferase,UTP--glucose-1-phosphate uridylyltransferase GalU,1
Mycoplasma_genitalium_G37,gene_f56a256b8f77,1.0,high,elongation factor tu,elongation factor Tu,1
Mycoplasma_genitalium_G37,gene_adfb7c19f2e2,0.9871,high,tyrosine--trna ligase,tyrosine--tRNA ligase,1
Mycoplasma_genitalium_G37,gene_e1cf14806375,1.0,high,l-lactate dehydrogenase,L-lactate dehydrogenase,1
Mycoplasma_genitalium_G37,gene_09c2d660be76,1.0,high,glutamate--trna ligase,glutamate--tRNA ligase,1
Mycoplasma_genitalium_G37,gene_7cf552cffe40,1.0,high,triosephosphate isomerase,triose-phosphate isomerase,0
Mycoplasma_genitalium_G37,gene_61885474980e,1.0,high,abc transporter atp-binding protein mg468.1,ABC transporter ATP-binding protein,1
Mycoplasma_genitalium_G37,gene_6159b1d293ba,1.0,high,chromosomal replication initiator protein dnaa,chromosomal replication initiator protein DnaA,1
Mycoplasma_genitalium_G37,gene_92a7233cab80,1.0,high,para family protein mg470,ParA family protein,1
Mycoplasma_genitalium_G37,gene_9e4c9088625c,1.0,high,atp-dependent zinc metalloprotease ftsh,ATP-dependent zinc metalloprotease FtsH,1
Mycoplasma_genitalium_G37,gene_bf19c401ae0f,0.9725,high,ribosomal rna small subunit methyltransferase a,16S rRNA (adenine(1518)-N(6)/adenine(1519)-N(6))- dimethyltransferase RsmA,0
Mycoplasma_genitalium_G37,gene_361719d0ce95,1.0,high,organic hydroperoxide resistance protein-like,Ohr family peroxiredoxin,0
Mycoplasma_genitalium_G37,gene_7a80fe557fa0,1.0,high,elongation factor ts,translation elongation factor Ts,1
Mycoplasma_genitalium_G37,gene_0bf87424abef,1.0,high,abc transporter atp-binding protein mg467,ABC transporter ATP-binding protein,1
Mycoplasma_pneumoniae_M129,gene_1b67c4699c32,1.0,high,upf0134 protein mpn_010,DUF16 domain-containing protein,0
Mycoplasma_pneumoniae_M129,gene_b62cc00a4f7b,1.0,high,upf0134 protein mpn_013,DUF16 domain-containing protein,0
Mycoplasma_pneumoniae_M129,gene_fe350d1f053e,0.9,high,dna-directed rna polymerase subunit delta,DNA-directed RNA polymerase subunit delta,1
Mycoplasma_pneumoniae_M129,gene_99af02fa9723,0.8922,high,beta sliding clamp,DNA polymerase III subunit beta,0
Mycoplasma_pneumoniae_M129,gene_9cec9136f33e,0.8784,high,methionine--trna ligase,methionine--tRNA ligase,1
Mycoplasma_pneumoniae_M129,gene_466158dd40e6,1.0,high,proline iminopeptidase,prolyl aminopeptidase,0
Mycoplasma_pneumoniae_M129,gene_1b1862c8acf2,1.0,high,chaperone protein dnaj,DnaJ C-terminal domain-containing protein,0
Mycoplasma_pneumoniae_M129,gene_d4a518ac34de,1.0,high,dna gyrase subunit b,DNA topoisomerase (ATP-hydrolyzing) subunit B,0
Mycoplasma_pneumoniae_M129,gene_b0ed4b9493fe,1.0,high,abc transporter atp-binding protein mg014 homolog,ABC transporter ATP-binding protein,1
Mycoplasma_pneumoniae_M129,gene_046f1a63bc49,0.8198,high,atp-dependent helicase mpn_020,DEAD/DEAH box helicase,0
Mycoplasma_pneumoniae_M129,gene_3affab3d527c,0.987,high,trna modification gtpase mnme,tRNA uridine-5-carboxymethylaminomethyl(34) synthesis GTPase MnmE,1
Mycoplasma_pneumoniae_M129,gene_f772080475e3,1.0,high,fructose-bisphosphate aldolase,"class II fructose-1,6-bisphosphate aldolase",1
Mycoplasma_pneumoniae_M129,gene_6df4c10b08f2,1.0,high,Replication-related protein,ABC transporter ATP-binding protein,0
Mycoplasma_pneumoniae_M129,gene_0fb9c9dc628c,1.0,high,dna gyrase subunit a,DNA topoisomerase (ATP-hydrolyzing) subunit A,0
Mycoplasma_pneumoniae_M129,gene_4faf44d3397e,0.9707,high,thymidylate kinase,dTMP kinase,0
Mycoplasma_pneumoniae_M129,gene_295c9ea0fe70,1.0,high,serine--trna ligase,serine--tRNA ligase,1
Mycoplasma_pneumoniae_M129,gene_cc77d92fd183,1.0,high,uracil phosphoribosyltransferase,uracil phosphoribosyltransferase,1
Mycoplasma_pneumoniae_M129,gene_1b45aa3c37ef,0.9996,high,dna polymerase iii polc-type,DNA polymerase III subunit alpha,1
Mycoplasma_pneumoniae_M129,gene_1be1c5f333c0,1.0,high,upf0134 protein mpn_038,DUF16 domain-containing protein,0
Mycoplasma_pneumoniae_M129,gene_8c707f55c5b0,1.0,high,elongation factor p,elongation factor P,1
Mycoplasma_pneumoniae_M129,gene_fc0c1efc4ceb,0.8348,high,histidine--trna ligase,histidine--tRNA ligase,1
Mycoplasma_pneumoniae_M129,gene_a9bf4f3c25f7,0.7888,moderate,nicotinamide phosphoribosyltransferase,nicotinate phosphoribosyltransferase,0
Mycoplasma_pneumoniae_M129,gene_5e4dfb7e20c9,0.9737,high,glycerol 3-phosphate oxidase,type 2 glycerol-3-phosphate oxidase,1
Mycoplasma_pneumoniae_M129,gene_6dfd9bf412fd,1.0,high,glycerol kinase,glycerol kinase GlpK,1
Mycoplasma_pneumoniae_M129,gene_ac69af1bae5a,1.0,high,phosphocarrier protein hpr,phosphocarrier protein HPr,1
Mycoplasma_pneumoniae_M129,gene_c26e6cf2be82,0.798,moderate,spermidine/putrescine transport system permease protein potb homolog,ABC transporter permease,0
Mycoplasma_pneumoniae_M129,gene_5a2ffb844c27,0.8634,high,spermidine/putrescine transport system permease protein potc homolog,ABC transporter permease,0
Mycoplasma_pneumoniae_M129,gene_3037e605ec54,1.0,high,trna n6-adenosine threonylcarbamoyltransferase,tRNA (adenosine(37)-N6)-threonylcarbamoyltransferase complex transferase subunit TsaD,1
Mycoplasma_pneumoniae_M129,gene_8a4cb98ce0ff,1.0,high,purine nucleoside phosphorylase deod-type,purine-nucleoside phosphorylase,1
Mycoplasma_pneumoniae_M129,gene_06c43168f12d,1.0,high,deoxyribose-phosphate aldolase,deoxyribose-phosphate aldolase,1
Mycoplasma_pneumoniae_M129,gene_f3643a78fc4d,1.0,high,cytidine deaminase,cytidine deaminase,1
Mycoplasma_pneumoniae_M129,gene_f87c8c0ca79b,1.0,high,glycerol uptake facilitator protein,MIP/aquaporin family protein,0
Mycoplasma_pneumoniae_M129,gene_6e1ed05b7cac,0.9,high,transcription termination/antitermination protein nusg,transcription termination/antitermination protein NusG,1
Mycoplasma_pneumoniae_M129,gene_a5fcc476ed7a,0.9428,high,ribosomal rna small subunit methyltransferase i,16S rRNA (cytidine(1402)-2'-O)-methyltransferase,0
Mycoplasma_pneumoniae_M129,gene_e8002d1c0f63,1.0,high,ribonuclease m5,ribonuclease M5,1
Mycoplasma_pneumoniae_M129,gene_65589cc2d760,1.0,high,ssra-binding protein,SsrA-binding protein,1
Mycoplasma_pneumoniae_M129,gene_71778be47e0c,1.0,high,spermidine/putrescine import atp-binding protein pota,ATP-binding cassette domain-containing protein,0
Mycoplasma_pneumoniae_M129,gene_7124669b958f,0.8876,high,1-phosphofructokinase,1-phosphofructokinase,1
Mycoplasma_pneumoniae_M129,gene_0414d5fc895a,1.0,high,ribose-phosphate pyrophosphokinase,ribose-phosphate diphosphokinase,1
Mycoplasma_pneumoniae_M129,gene_6c27f8c2d8d6,0.9973,high,aspartate--trna ligase,aspartate--tRNA ligase,1
Mycoplasma_pneumoniae_M129,gene_708b0fda9541,1.0,high,s-adenosylmethionine synthase,methionine adenosyltransferase,0
Mycoplasma_pneumoniae_M129,gene_8130e13015bd,1.0,high,phosphomannomutase,phospho-sugar mutase,0
Mycoplasma_pneumoniae_M129,gene_224061792fe2,0.815,high,adhesin p40/p90,MPN413 family protein,0
Mycoplasma_pneumoniae_M129,gene_f43ecd20b150,1.0,high,type i specificity subunit s.mpnorf89p,restriction endonuclease subunit S,0
Mycoplasma_pneumoniae_M129,gene_d5b892e1002c,1.0,high,upf0134 protein mpn_094,DUF16 domain-containing protein,0
Mycoplasma_pneumoniae_M129,gene_b11f999e427b,1.0,high,abc transporter atp-binding protein mg065 homolog,ABC transporter ATP-binding protein,1
Mycoplasma_pneumoniae_M129,gene_b4c28ce7e201,0.9612,high,pts system fructose-specific eiiabc component,fructose-specific PTS transporter subunit EIIC,1
Mycoplasma_pneumoniae_M129,gene_daf3b0a40ef4,1.0,high,upf0134 protein mpn_100,DUF16 domain-containing protein,0
Mycoplasma_pneumoniae_M129,gene_5b4de579c853,1.0,high,upf0134 protein mpn_104,DUF16 domain-containing protein,0
Mycoplasma_pneumoniae_M129,gene_47f1060676fc,0.949,high,type ii restriction enzyme and methyltransferase rm.mpnorf110p c-terminus,DEAD/DEAH box helicase family protein,0
Mycoplasma_pneumoniae_M129,gene_d409185716dc,0.95,high,acetyltransferase mpn_114,choline/carnitine O-acyltransferase,0
Mycoplasma_pneumoniae_M129,gene_9e1429f164ae,1.0,high,large ribosomal subunit protein bl35,50S ribosomal protein L35,0
Mycoplasma_pneumoniae_M129,gene_98838125d0e5,1.0,high,large ribosomal subunit protein bl20,50S ribosomal protein L20,0
Mycoplasma_pneumoniae_M129,gene_609c3bd4e1c2,1.0,high,ribonuclease hiii,ribonuclease HIII,1
Mycoplasma_pneumoniae_M129,gene_d08b595bfa55,0.8902,high,phenylalanine--trna ligase alpha subunit,phenylalanine--tRNA ligase subunit alpha,1
Mycoplasma_pneumoniae_M129,gene_b491f5b8ce63,1.0,high,protein grpe,nucleotide exchange factor GrpE,1
Mycoplasma_pneumoniae_M129,gene_889e790b29b8,0.8256,high,phenylalanine--trna ligase beta subunit,phenylalanine--tRNA ligase subunit beta,1
Mycoplasma_pneumoniae_M129,gene_e332b7d09a22,1.0,high,dna topoisomerase 4 subunit b,DNA topoisomerase IV subunit B,1
Mycoplasma_pneumoniae_M129,gene_952a308af380,0.9404,high,heat-inducible transcription repressor hrca,heat-inducible transcriptional repressor HrcA,1
Mycoplasma_pneumoniae_M129,gene_8f2c4af7f764,0.8971,high,translation initiation factor if-3,translation initiation factor IF-3,1
Mycoplasma_pneumoniae_M129,gene_d179c6ef96b3,1.0,high,metallophosphoesterase mpn_126,metallophosphoesterase,1
Mycoplasma_pneumoniae_M129,gene_fb23b9d4888a,0.8476,high,dna topoisomerase 4 subunit a,DNA topoisomerase IV subunit A,1
Mycoplasma_pneumoniae_M129,gene_b0db74a319a4,0.9626,high,abc transporter atp-binding protein mg187 homolog,ABC transporter ATP-binding protein,1
Mycoplasma_pneumoniae_M129,gene_918459dbd5ce,1.0,high,wheel complex protein topj,terminal organelle assembly protein TopJ,0
Mycoplasma_pneumoniae_M129,gene_308225ee9584,1.0,high,upf0134 protein mpn_137,DUF16 domain-containing protein,0
Mycoplasma_pneumoniae_M129,gene_22648a0f0bc8,1.0,high,upf0134 protein mpn_138,DUF16 domain-containing protein,0
Mycoplasma_pneumoniae_M129,gene_9f0a401e34a2,1.0,high,upf0134 protein mpn_130,DUF16 domain-containing protein,0
Mycoplasma_pneumoniae_M129,gene_d39a5e9890f2,0.7588,moderate,bifunctional oligoribonuclease and pap phosphatase nrna,bifunctional oligoribonuclease/PAP phosphatase NrnA,1
Mycoplasma_pneumoniae_M129,gene_40cb170658f0,1.0,high,upf0134 protein mpn_139,DUF16 domain-containing protein,0
Mycoplasma_pneumoniae_M129,gene_5b90e8122964,1.0,high,mgpc-like protein mpn_150,MgpC family cytadherence protein,0
Mycoplasma_pneumoniae_M129,gene_c912ae38df2f,1.0,high,upf0134 protein mpn_151,DUF16 domain-containing protein,0
Mycoplasma_pneumoniae_M129,gene_78dfd47224e3,1.0,high,upf0134 protein mpn_145,DUF16 domain-containing protein,0
Mycoplasma_pneumoniae_M129,gene_fc8b3caaae0f,1.0,high,adhesin p40/p90,cytadherence protein MgpC,0
Mycoplasma_pneumoniae_M129,gene_f63d9fc0a089,0.98,high,ribosome-binding factor a,30S ribosome-binding factor RbfA,1
Mycoplasma_pneumoniae_M129,gene_be7ba72eb833,0.8893,high,bifunctional riboflavin kinase/fmn adenylyltransferase,riboflavin biosynthesis protein RibF,0
Mycoplasma_pneumoniae_M129,gene_63c996032a9e,1.0,high,upf0053 protein mg146 homolog,CNNM domain-containing protein,0
Mycoplasma_pneumoniae_M129,gene_dff4160d7cd0,1.0,high,small ribosomal subunit protein us10,30S ribosomal protein S10,0
Mycoplasma_pneumoniae_M129,gene_2cf89d7566f2,1.0,high,large ribosomal subunit protein ul3,50S ribosomal protein L3,0
Mycoplasma_pneumoniae_M129,gene_f35d10b794b6,0.9698,high,large ribosomal subunit protein ul4,50S ribosomal protein L4,0
Mycoplasma_pneumoniae_M129,gene_b28340942831,0.9342,high,large ribosomal subunit protein ul23,50S ribosomal protein L23,0
Mycoplasma_pneumoniae_M129,gene_0c471f3091e9,1.0,high,small ribosomal subunit protein us19,30S ribosomal protein S19,0
Mycoplasma_pneumoniae_M129,gene_7a7202c4a69f,1.0,high,large ribosomal subunit protein ul22,50S ribosomal protein L22,0
Mycoplasma_pneumoniae_M129,gene_fffcc2010cf7,1.0,high,small ribosomal subunit protein us3,30S ribosomal protein S3,0
Mycoplasma_pneumoniae_M129,gene_b87ea7347510,1.0,high,large ribosomal subunit protein ul16,50S ribosomal protein L16,0
Mycoplasma_pneumoniae_M129,gene_9fa768dd4093,1.0,high,large ribosomal subunit protein ul29,50S ribosomal protein L29,0
Mycoplasma_pneumoniae_M129,gene_eb6efc0e6cf9,1.0,high,small ribosomal subunit protein us17,30S ribosomal protein S17,0
Mycoplasma_pneumoniae_M129,gene_90150c6f409d,1.0,high,large ribosomal subunit protein ul14,50S ribosomal protein L14,0
Mycoplasma_pneumoniae_M129,gene_e3f756ea7a5c,1.0,high,large ribosomal subunit protein ul24,50S ribosomal protein L24,0
Mycoplasma_pneumoniae_M129,gene_b5ae3e6b343b,1.0,high,large ribosomal subunit protein ul5,50S ribosomal protein L5,0
Mycoplasma_pneumoniae_M129,gene_a1baa3008859,1.0,high,small ribosomal subunit protein us8,30S ribosomal protein S8,0
Mycoplasma_pneumoniae_M129,gene_7fb1d1f05536,1.0,high,large ribosomal subunit protein ul6,50S ribosomal protein L6,0
Mycoplasma_pneumoniae_M129,gene_129ad42d3528,0.9771,high,large ribosomal subunit protein ul18,50S ribosomal protein L18,0
Mycoplasma_pneumoniae_M129,gene_e80347c6da24,1.0,high,small ribosomal subunit protein us5,30S ribosomal protein S5,0
Mycoplasma_pneumoniae_M129,gene_6f1471f75b6c,0.9565,high,large ribosomal subunit protein ul15,50S ribosomal protein L15,0
Mycoplasma_pneumoniae_M129,gene_0183167e4adf,0.8827,high,adenylate kinase,nucleoside monophosphate kinase,0
Mycoplasma_pneumoniae_M129,gene_ea41469e2996,1.0,high,methionine aminopeptidase,type I methionyl aminopeptidase,0
Mycoplasma_pneumoniae_M129,gene_b11233d7b6c3,1.0,high,small ribosomal subunit protein us13,30S ribosomal protein S13,0
Mycoplasma_pneumoniae_M129,gene_cca730027141,1.0,high,small ribosomal subunit protein us11,30S ribosomal protein S11,0
Mycoplasma_pneumoniae_M129,gene_0e6c03b4e8c3,0.9653,high,dna-directed rna polymerase subunit alpha,DNA-directed RNA polymerase subunit alpha,1
Mycoplasma_pneumoniae_M129,gene_2c1001e8f61d,1.0,high,large ribosomal subunit protein bl17,50S ribosomal protein L17,0
Mycoplasma_pneumoniae_M129,gene_7442f63068cf,1.0,high,translation initiation factor if-1,translation initiation factor IF-1,1
Mycoplasma_pneumoniae_M129,gene_9c57f1dcb4a8,1.0,high,translation initiation factor if-2,translation initiation factor IF-2,1
Mycoplasma_pneumoniae_M129,gene_b68390154d5d,1.0,high,oligoendopeptidase f homolog,oligoendopeptidase F,1
Mycoplasma_pneumoniae_M129,gene_d927137ca5c6,1.0,high,protein translocase subunit secy,preprotein translocase subunit SecY,1
Mycoplasma_pneumoniae_M129,gene_1bb0a151a1de,1.0,high,type i specificity subunit s.mpnorf201p,restriction endonuclease subunit S,0
Mycoplasma_pneumoniae_M129,gene_b0e5330c520c,1.0,high,upf0134 protein mpn_204,DUF16 domain-containing protein,0
Mycoplasma_pneumoniae_M129,gene_8d229340ad1a,1.0,high,atp-dependent helicase mpn_153,AAA domain-containing protein,0
Mycoplasma_pneumoniae_M129,gene_ca2c04a6a31f,0.9356,high,small ribosomal subunit protein us2,30S ribosomal protein S2,0
Mycoplasma_pneumoniae_M129,gene_f52dff45f16d,0.8297,high,trna pseudouridine synthase a,tRNA pseudouridine(38-40) synthase TruA,1
Mycoplasma_pneumoniae_M129,gene_9e59305880c0,1.0,high,pts system glucose-specific eiicba component,glucose-specific PTS IICBA transporter,1
Mycoplasma_pneumoniae_M129,gene_70d20a723f10,0.963,high,cation-transporting p-type atpase,cation-translocating P-type ATPase,1
Mycoplasma_pneumoniae_M129,gene_0e4a8cad2765,1.0,high,adhesin p1,adhesin P1,1
Mycoplasma_pneumoniae_M129,gene_50c7e73f149a,0.9,high,oligopeptide transport system permease protein oppc,ABC transporter permease,0
Mycoplasma_pneumoniae_M129,gene_b95e79d327e3,1.0,high,large ribosomal subunit protein ul2,50S ribosomal protein L2,0
Mycoplasma_pneumoniae_M129,gene_0d9461c1e220,0.8601,high,oligopeptide transport system permease protein oppb,ABC transporter permease,0
Mycoplasma_pneumoniae_M129,gene_6b55d5fa0208,1.0,high,large ribosomal subunit protein ul11,50S ribosomal protein L11,0
Mycoplasma_pneumoniae_M129,gene_1a3469c4042e,1.0,high,oligopeptide transport atp-binding protein oppf,ATP-binding cassette domain-containing protein,0
Mycoplasma_pneumoniae_M129,gene_a4bd0addee7a,1.0,high,peptidyl-trna hydrolase,aminoacyl-tRNA hydrolase,1
Mycoplasma_pneumoniae_M129,gene_c2487bba2771,0.8678,high,trna(ile)-lysidine synthase,tRNA lysidine(34) synthetase TilS,0
Mycoplasma_pneumoniae_M129,gene_87da5b30f26a,1.0,high,energy-coupling factor transporter atp-binding protein ecfa1,energy-coupling factor transporter ATPase,1
Mycoplasma_pneumoniae_M129,gene_743f895719a4,1.0,high,large ribosomal subunit protein ul1,50S ribosomal protein L1,0
Mycoplasma_pneumoniae_M129,gene_c3d5d28e4db8,1.0,high,small ribosomal subunit protein us12,30S ribosomal protein S12,0
Mycoplasma_pneumoniae_M129,gene_18edd1eab59d,1.0,high,small ribosomal subunit protein us7,30S ribosomal protein S7,0
Mycoplasma_pneumoniae_M129,gene_bfb555e6ffb1,1.0,high,oligopeptide transport atp-binding protein oppd,ABC transporter ATP-binding protein,0
Mycoplasma_pneumoniae_M129,gene_9b4dcbb2e212,1.0,high,small ribosomal subunit protein bs6,30S ribosomal protein S6,0
Mycoplasma_pneumoniae_M129,gene_4913e1abad97,0.8201,high,single-stranded dna-binding protein,single-stranded DNA-binding protein,1
Mycoplasma_pneumoniae_M129,gene_ad44ea7817e0,1.0,high,small ribosomal subunit protein bs18,30S ribosomal protein S18,0
Mycoplasma_pneumoniae_M129,gene_08e8da7b78da,0.994,high,large ribosomal subunit protein bl9,50S ribosomal protein L9,0
Mycoplasma_pneumoniae_M129,gene_d5413ae0ef42,0.9734,high,replicative dna helicase dnab,replicative DNA helicase,1
Mycoplasma_pneumoniae_M129,gene_5d51e9471bad,1.0,high,protein translocase subunit seca,preprotein translocase subunit SecA,1
Mycoplasma_pneumoniae_M129,gene_7d42e6264453,1.0,high,aspartyl/glutamyl-trna(asn/gln) amidotransferase subunit b,Asp-tRNA(Asn)/Glu-tRNA(Gln) amidotransferase subunit GatB,1
Mycoplasma_pneumoniae_M129,gene_5aaf354f201b,0.9734,high,thioredoxin reductase,thioredoxin-disulfide reductase,1
Mycoplasma_pneumoniae_M129,gene_274372bbd543,0.93,high,uracil-dna glycosylase,uracil-DNA glycosylase,1
Mycoplasma_pneumoniae_M129,gene_8a4811fb9ed1,0.97,high,protein-export membrane protein secg,preprotein translocase subunit SecG,0
Mycoplasma_pneumoniae_M129,gene_faff351abbe6,1.0,high,hpr kinase/phosphorylase,HPr(Ser) kinase/phosphatase,1
Mycoplasma_pneumoniae_M129,gene_ebe616ab630c,1.0,high,diadenylate cyclase,diadenylate cyclase CdaM,1
Mycoplasma_pneumoniae_M129,gene_d6d599b63422,1.0,high,peptide deformylase,peptide deformylase,1
Mycoplasma_pneumoniae_M129,gene_e2d6d7fb8e99,1.0,high,ribonuclease r,ribonuclease R,1
Mycoplasma_pneumoniae_M129,gene_989b9136597b,0.706,moderate,protein phosphatase,PP2C family serine/threonine-protein phosphatase,1
Mycoplasma_pneumoniae_M129,gene_0abf7c08727e,1.0,high,phosphatidylglycerol--prolipoprotein diacylglyceryl transferase,prolipoprotein diacylglyceryl transferase,1
Mycoplasma_pneumoniae_M129,gene_e4384a767733,1.0,high,Transcription-related protein,ribosome small subunit-dependent GTPase A,0
Mycoplasma_pneumoniae_M129,gene_36265ca78689,1.0,high,glucose-6-phosphate isomerase,glucose-6-phosphate isomerase,1
Mycoplasma_pneumoniae_M129,gene_deadc7768037,1.0,high,ribulose-phosphate 3-epimerase,ribulose-phosphate 3-epimerase,1
Mycoplasma_pneumoniae_M129,gene_392e3ad9f070,0.9052,high,asparagine--trna ligase,asparagine--tRNA ligase,1
Mycoplasma_pneumoniae_M129,gene_7d483bb91ca3,0.934,high,serine/threonine-protein kinase,serine/threonine-protein kinase,1
Mycoplasma_pneumoniae_M129,gene_8517bdfc66c6,1.0,high,protein mg115 homolog,CinA family protein,0
Mycoplasma_pneumoniae_M129,gene_02967273e5a2,1.0,high,udp-glucose 4-epimerase,UDP-glucose 4-epimerase GalE,1
Mycoplasma_pneumoniae_M129,gene_75ed7f217392,1.0,high,cell division protein whia,DNA-binding protein WhiA,0
Mycoplasma_pneumoniae_M129,gene_e1d959f33a2b,1.0,high,thioredoxin,thioredoxin,1
Mycoplasma_pneumoniae_M129,gene_018c0cdaf541,1.0,high,phosphatase mpn_264,Cof-type HAD-IIB family hydrolase,0
Mycoplasma_pneumoniae_M129,gene_90f853e45eea,0.8799,high,tryptophan--trna ligase,tryptophan--tRNA ligase,1
Mycoplasma_pneumoniae_M129,gene_f8d216920d5e,1.0,high,phosphotransferase enzyme iib component mpn_268,PTS transporter subunit IIBC,0
Mycoplasma_pneumoniae_M129,gene_a97fdbf0c807,1.0,high,ribonuclease y,ribonuclease Y,1
Mycoplasma_pneumoniae_M129,gene_d9eaeeeb795c,0.9736,high,glutamyl-trna(gln) amidotransferase subunit a,Asp-tRNA(Asn)/Glu-tRNA(Gln) amidotransferase subunit GatA,1
Mycoplasma_pneumoniae_M129,gene_8a6a76fe3de1,1.0,high,lysine--trna ligase,lysine--tRNA ligase,1
Mycoplasma_pneumoniae_M129,gene_cc0443ed6438,1.0,high,elongation factor g,elongation factor G,1
Mycoplasma_pneumoniae_M129,gene_c3fb92176684,1.0,high,ribonuclease j,ribonuclease J,1
Mycoplasma_pneumoniae_M129,gene_e1fdfd50a387,1.0,high,carbohydrate transport atp-binding protein mpn_258,ABC transporter ATP-binding protein,0
Mycoplasma_pneumoniae_M129,gene_811046f7d169,1.0,high,type i specificity subunit s.mpnorf285p,restriction endonuclease subunit S,0
Mycoplasma_pneumoniae_M129,gene_db82204c2e6e,1.0,high,upf0134 protein mpn_283,DUF16 domain-containing protein,0
Mycoplasma_pneumoniae_M129,gene_a4f29ec5ce2c,1.0,high,upf0134 protein mpn_287,DUF16 domain-containing protein,0
Mycoplasma_pneumoniae_M129,gene_78702a2f3104,1.0,high,udp-galactopyranose mutase,UDP-galactopyranose mutase,1
Mycoplasma_pneumoniae_M129,gene_b3b1490107fc,1.0,high,type i specificity subunit s.mpnorf289p n-terminus,restriction endonuclease subunit S,0
Mycoplasma_pneumoniae_M129,gene_5451e7a84c42,1.0,high,type i specificity subunit s.mpnorf289p c-terminus,restriction endonuclease subunit S,0
Mycoplasma_pneumoniae_M129,gene_82ca99a4d543,1.0,high,lipoprotein signal peptidase,signal peptidase II,1
Mycoplasma_pneumoniae_M129,gene_c6ad4ffe59d1,1.0,high,dna topoisomerase 1,type I DNA topoisomerase,1
Mycoplasma_pneumoniae_M129,gene_af1cd8236add,0.95,high,protein mpn_295,DUF5454 family protein,0
Mycoplasma_pneumoniae_M129,gene_d04b1dda3bfa,0.9912,high,small ribosomal subunit protein bs21,30S ribosomal protein S21,0
Mycoplasma_pneumoniae_M129,gene_1c493be43619,0.8768,high,1-acyl-sn-glycerol-3-phosphate acyltransferase,1-acyl-sn-glycerol-3-phosphate acyltransferase,1
Mycoplasma_pneumoniae_M129,gene_a33d438bab82,1.0,high,segregation and condensation protein b,SMC-Scp complex subunit ScpB,0
Mycoplasma_pneumoniae_M129,gene_aaf52464dc6b,1.0,high,segregation and condensation protein a,segregation/condensation protein A,1
Mycoplasma_pneumoniae_M129,gene_c71d572857e3,0.8018,high,carbamate kinase-like protein,carbamate kinase,1
Mycoplasma_pneumoniae_M129,gene_e4d70f7363b8,0.8564,high,atp-dependent 6-phosphofructokinase,ATP-dependent 6-phosphofructokinase,1
Mycoplasma_pneumoniae_M129,gene_6724cf08d688,1.0,high,proline-rich p65 protein,cytadherence-associated protein P65,0
Mycoplasma_pneumoniae_M129,gene_e54c5f7dcb54,0.8366,high,holo- synthase,holo-ACP synthase,1
Mycoplasma_pneumoniae_M129,gene_be4e7af02cd7,0.95,high,wheel complex protein p41,MPN311 family protein,0
Mycoplasma_pneumoniae_M129,gene_4850ac4197f3,0.95,high,wheel complex protein p24,MPN312 family protein,0
Mycoplasma_pneumoniae_M129,gene_fd729c4707bb,0.8986,high,transcriptional regulator mraz,division/cell wall cluster transcriptional repressor MraZ,0
Mycoplasma_pneumoniae_M129,gene_b9df709ea02b,0.9903,high,pyruvate kinase,pyruvate kinase,1
Mycoplasma_pneumoniae_M129,gene_9f43e8995468,0.8667,high,nad kinase,NAD(+) kinase,1
Mycoplasma_pneumoniae_M129,gene_7ff9fb279fd5,1.0,high,dihydrofolate reductase,dihydrofolate reductase,1
Mycoplasma_pneumoniae_M129,gene_c7d6ea2b4549,1.0,high,ribonucleoside-diphosphate reductase subunit beta,class 1b ribonucleoside-diphosphate reductase subunit beta,1
Mycoplasma_pneumoniae_M129,gene_3e63f308c3af,1.0,high,protein nrdi,class Ib ribonucleoside-diphosphate reductase assembly flavoprotein NrdI,1
Mycoplasma_pneumoniae_M129,gene_2e2a631165da,0.95,high,cytadherence high molecular weight protein 2,terminal organelle tip protein HMW2,0
Mycoplasma_pneumoniae_M129,gene_ec1c6bc25337,1.0,high,large ribosomal subunit protein bl21,50S ribosomal protein L21,0
Mycoplasma_pneumoniae_M129,gene_de4b2c064dae,0.9845,high,ribosomal processing cysteine protease prp,ribosomal-processing cysteine protease Prp,1
Mycoplasma_pneumoniae_M129,gene_a0f1b583de35,0.9947,high,large ribosomal subunit protein bl27,50S ribosomal protein L27,0
Mycoplasma_pneumoniae_M129,gene_116616999412,1.0,high,endonuclease 4,deoxyribonuclease IV,0
Mycoplasma_pneumoniae_M129,gene_01d3e403937e,1.0,high,cell division protein ftsz,cell division protein FtsZ,1
Mycoplasma_pneumoniae_M129,gene_739bd6aede2e,0.8689,high,ribosomal rna small subunit methyltransferase h,16S rRNA (cytosine(1402)-N(4))-methyltransferase RsmH,0
Mycoplasma_pneumoniae_M129,gene_a65ca1a2afa1,0.8917,high,abc transporter atp-binding protein mpn_334,ABC transporter ATP-binding protein,1
Mycoplasma_pneumoniae_M129,gene_4c27b89b1a05,1.0,high,thymidylate synthase,thymidylate synthase,1
Mycoplasma_pneumoniae_M129,gene_7ac1a392f890,1.0,high,guanylate kinase,guanylate kinase,1
Mycoplasma_pneumoniae_M129,gene_28761cd3364e,0.8936,high,atp-dependent dna helicase pcra,ATP-dependent helicase,1
Mycoplasma_pneumoniae_M129,gene_e17a6503cddc,1.0,high,ribonucleoside-diphosphate reductase subunit alpha,class 1b ribonucleoside-diphosphate reductase subunit alpha,1
Mycoplasma_pneumoniae_M129,gene_915189f69dbc,1.0,high,upf0134 protein mpn_344,DUF16 domain-containing protein,0
Mycoplasma_pneumoniae_M129,gene_35752438f827,1.0,high,trigger factor,trigger factor,1
Mycoplasma_pneumoniae_M129,gene_097be676f193,0.9311,high,5-formyltetrahydrofolate cyclo-ligase,5-formyltetrahydrofolate cyclo-ligase,1
Mycoplasma_pneumoniae_M129,gene_d7e79234a57a,0.9275,high,nicotinate-nucleotide adenylyltransferase/ap4a hydrolase,nicotinate-nucleotide adenylyltransferase,1
Mycoplasma_pneumoniae_M129,gene_6bdb744fe6c4,0.9125,high,glycerol-3-phosphate acyltransferase,glycerol-3-phosphate 1-O-acyltransferase PlsY,1
Mycoplasma_pneumoniae_M129,gene_a4862654574f,0.7998,moderate,trna methyltransferase mpn_351,TrmK family tRNA methyltransferase,1
Mycoplasma_pneumoniae_M129,gene_080c0145d30c,0.9613,high,atp-dependent dna helicase pcra-short,ATP-dependent helicase,1
Mycoplasma_pneumoniae_M129,gene_3e9b051aab50,0.9889,high,phosphatase/phosphodiesterase mpn_349,TIGR00282 family metallophosphoesterase,0
Mycoplasma_pneumoniae_M129,gene_f6b7584eba13,1.0,high,glycine--trna ligase,glycine--tRNA ligase,1
Mycoplasma_pneumoniae_M129,gene_20e3f43a9287,1.0,high,rna polymerase sigma factor siga,RNA polymerase sigma factor,1
Mycoplasma_pneumoniae_M129,gene_a41cfbcd8ed9,0.8806,high,cysteine--trna ligase,cysteine--tRNA ligase,1
Mycoplasma_pneumoniae_M129,gene_f872b0fff96e,1.0,high,type i restriction enzyme mpnii specificity subunit,restriction endonuclease subunit S,0
Mycoplasma_pneumoniae_M129,gene_a4618f059a9f,1.0,high,large ribosomal subunit protein bl31,50S ribosomal protein L31,0
Mycoplasma_pneumoniae_M129,gene_363d268819f2,1.0,high,type i specificity subunit s.mpnorf365p,restriction endonuclease subunit S,0
Mycoplasma_pneumoniae_M129,gene_297fd8742627,1.0,high,peptide chain release factor 1,peptide chain release factor 1,1
Mycoplasma_pneumoniae_M129,gene_2c64deb2e793,1.0,high,upf0134 protein mpn_368,DUF16 domain-containing protein,0
Mycoplasma_pneumoniae_M129,gene_639d950b1b72,1.0,high,type i restriction enzyme mpnii methylase subunit,type I restriction-modification system subunit M,0
Mycoplasma_pneumoniae_M129,gene_b1d74aa77c16,1.0,high,5'-3' exonuclease,5'-3' exonuclease,1
Mycoplasma_pneumoniae_M129,gene_bed56012244d,1.0,high,formamidopyrimidine-dna glycosylase,DNA-formamidopyrimidine glycosylase,1
Mycoplasma_pneumoniae_M129,gene_f130bfe3f240,0.8996,high,dephospho-coa kinase,dephospho-CoA kinase,1
Mycoplasma_pneumoniae_M129,gene_665c4e327104,0.957,high,phosphatase mpn_383,HAD family hydrolase,0
Mycoplasma_pneumoniae_M129,gene_3fdf836778db,0.95,high,wheel complex protein mpn_387,MPN387 family gliding motility protein,0
Mycoplasma_pneumoniae_M129,gene_c7cc2f5bbb4a,0.7585,moderate,dna primase,DNA primase,1
Mycoplasma_pneumoniae_M129,gene_6a4f5906e15d,0.8707,high,lipoate-protein ligase a,lipoate--protein ligase,1
Mycoplasma_pneumoniae_M129,gene_48cd1dae5712,0.9994,high,pyruvate dehydrogenase e1 component subunit beta,pyruvate dehydrogenase complex E1 component subunit beta,1
Mycoplasma_pneumoniae_M129,gene_220d4bc4bbb5,1.0,high,dna ligase,NAD-dependent DNA ligase LigA,1
Mycoplasma_pneumoniae_M129,gene_7cb520ac0374,1.0,high,nadh oxidase,FAD-dependent oxidoreductase,0
Mycoplasma_pneumoniae_M129,gene_245067491651,0.95,high,adp-ribosylating toxin cards,ADP-ribosylating toxin CARDS,1
Mycoplasma_pneumoniae_M129,gene_7025e30cba4e,0.9884,high,dihydrolipoyllysine-residue acetyltransferase component of pyruvate dehydrogenase complex,dihydrolipoamide acetyltransferase family protein,0
Mycoplasma_pneumoniae_M129,gene_81bf0e88bee2,1.0,high,adenine phosphoribosyltransferase,adenine phosphoribosyltransferase,1
Mycoplasma_pneumoniae_M129,gene_a308d6651131,0.8025,high,dna polymerase iii subunit alpha,DNA polymerase III subunit alpha,1
Mycoplasma_pneumoniae_M129,gene_8d9cf15c7ef0,1.0,high,transcription elongation factor grea,transcription elongation factor GreA,1
Mycoplasma_pneumoniae_M129,gene_b4bfffd41868,1.0,high,guanosine-3',RelA/SpoT family protein,0
Mycoplasma_pneumoniae_M129,gene_956657d89d10,0.9496,high,proline--trna ligase,proline--tRNA ligase,1
Mycoplasma_pneumoniae_M129,gene_5d053634cd37,0.95,high,acyl carrier protein homolog,phosphopantetheine-binding protein,0
Mycoplasma_pneumoniae_M129,gene_dd0a43ec72c8,0.9821,high,phosphatase mpn_381,Cof-type HAD-IIB family hydrolase,0
Mycoplasma_pneumoniae_M129,gene_ecf21e829271,1.0,high,adhesin p1-like protein mpn_409,adhesin,1
Mycoplasma_pneumoniae_M129,gene_e084a0b045a1,1.0,high,dihydrolipoyl dehydrogenase,dihydrolipoyl dehydrogenase,1
Mycoplasma_pneumoniae_M129,gene_bad9f5474df0,0.768,moderate,adhesin p40/p90,MPN413 family protein,0
Mycoplasma_pneumoniae_M129,gene_a5d28dd31b6f,1.0,high,high affinity transport system protein p37,ABC transporter thiamine pyrophosphate-binding lipoprotein p37/Cypl,0
Mycoplasma_pneumoniae_M129,gene_5d317b54e729,0.9488,high,pyruvate dehydrogenase e1 component subunit alpha,pyruvate dehydrogenase (acetyl-transferring) E1 component subunit alpha,1
Mycoplasma_pneumoniae_M129,gene_ebb2fe7ab2e7,0.7243,moderate,abc transport system permease protein p69,PhnE/PtxC family ABC transporter permease,0
Mycoplasma_pneumoniae_M129,gene_f087ea7f015a,1.0,high,leucine--trna ligase,leucine--tRNA ligase,1
Mycoplasma_pneumoniae_M129,gene_cb9825f6d0cc,0.8143,high,pre-16s rrna nuclease,Holliday junction resolvase RuvX,0
Mycoplasma_pneumoniae_M129,gene_d033f9739749,0.8711,high,trna-specific 2-thiouridylase mnma,tRNA 2-thiouridine(34) synthase MnmA,0
Mycoplasma_pneumoniae_M129,gene_0f8dd045b83b,0.95,high,upf0122 protein mpn_424,YlxM family DNA-binding protein,0
Mycoplasma_pneumoniae_M129,gene_a7b3bf6476a5,1.0,high,mgpc-like protein mpn_414,MgpC family cytadherence protein,0
Mycoplasma_pneumoniae_M129,gene_e6d7213264cb,0.9961,high,abc transporter atp-binding protein p29,ATP-binding cassette domain-containing protein,0
Mycoplasma_pneumoniae_M129,gene_c90b6a8756ed,0.618,moderate,phosphatase mpn_427,Cof-type HAD-IIB family hydrolase,0
Mycoplasma_pneumoniae_M129,gene_f6f1684d15fc,0.9012,high,phosphate acetyltransferase,phosphate acetyltransferase,1
Mycoplasma_pneumoniae_M129,gene_20803e2b570b,1.0,high,glyceraldehyde-3-phosphate dehydrogenase,type I glyceraldehyde-3-phosphate dehydrogenase,1
Mycoplasma_pneumoniae_M129,gene_25e60739ed07,0.9839,high,abc transporter atp-binding protein mg303 homolog,energy-coupling factor ABC transporter ATP-binding protein,1
Mycoplasma_pneumoniae_M129,gene_2ef99c099be1,1.0,high,upf0134 protein mpn_410,DUF16 domain-containing protein,0
Mycoplasma_pneumoniae_M129,gene_f7d571d56181,1.0,high,chaperone protein dnak,molecular chaperone DnaK,1
Mycoplasma_pneumoniae_M129,gene_cff4230e2933,1.0,high,phosphoglycerate kinase,phosphoglycerate kinase,1
Mycoplasma_pneumoniae_M129,gene_2beaa984f38a,1.0,high,atp-dependent rna helicase mg308 homolog,DEAD/DEAH box helicase,0
Mycoplasma_pneumoniae_M129,gene_35a34e19c9b9,1.0,high,abc transporter atp-binding protein mg304 homolog,ABC transporter ATP-binding protein,1
Mycoplasma_pneumoniae_M129,gene_6ef72a5e34d8,0.95,high,esterase/lipase 1,alpha/beta fold hydrolase,0
Mycoplasma_pneumoniae_M129,gene_e6f42a31471a,1.0,high,small ribosomal subunit protein us4,30S ribosomal protein S4,0
Mycoplasma_pneumoniae_M129,gene_9a9e5fd954ed,0.7547,moderate,dna polymerase iii subunit delta,DNA polymerase III subunit delta,1
Mycoplasma_pneumoniae_M129,gene_5b5f504d08ee,1.0,high,30 kda adhesin-related protein,adhesin P30,0
Mycoplasma_pneumoniae_M129,gene_268f83a075c2,0.95,high,cytadherence high molecular weight protein 3,terminal organelle protein HMW3,0
Mycoplasma_pneumoniae_M129,gene_850036ad81f0,0.8949,high,alanine--trna ligase,alanine--tRNA ligase,1
Mycoplasma_pneumoniae_M129,gene_5ddddd42b9c0,1.0,high,upf0134 protein mpn_501,DUF16 domain-containing protein,0
Mycoplasma_pneumoniae_M129,gene_da843832ba9d,1.0,high,large ribosomal subunit protein bl33a,50S ribosomal protein L33,0
Mycoplasma_pneumoniae_M129,gene_eabdbd5a8280,0.9981,high,cytidylate kinase,(d)CMP kinase,0
Mycoplasma_pneumoniae_M129,gene_2cf0b788fa66,1.0,high,fmn-dependent nadh:quinone oxidoreductase,FMN-dependent NADH-azoreductase,1
Mycoplasma_pneumoniae_M129,gene_b1264c40832f,0.95,high,cytadherence high molecular weight protein 1,terminal organelle protein HMW1,0
Mycoplasma_pneumoniae_M129,gene_cfa646234b6a,1.0,high,xaa-pro aminopeptidase,aminopeptidase P family protein,1
Mycoplasma_pneumoniae_M129,gene_76f0d46e69d1,1.0,high,upf0154 protein mg335.1 homolog,YneF family protein,0
Mycoplasma_pneumoniae_M129,gene_8163e0602fc8,0.7192,moderate,processive diacylglycerol beta-glycosyltransferase,diacylglycerol beta-glycosyltransferase,1
Mycoplasma_pneumoniae_M129,gene_26e235cfb4f8,1.0,high,upf0134 protein mpn_484,DUF16 domain-containing protein,0
Mycoplasma_pneumoniae_M129,gene_a631cc9eea18,1.0,high,cysteine desulfurase,cysteine desulfurase,1
Mycoplasma_pneumoniae_M129,gene_ffbee469c39a,1.0,high,esterase/lipase 2,alpha/beta fold hydrolase,0
Mycoplasma_pneumoniae_M129,gene_047ec772f148,0.9477,high,transcriptional regulatory protein mpn_478,YebC/PmpR family DNA-binding transcriptional regulator,0
Mycoplasma_pneumoniae_M129,gene_fc0794b42170,1.0,high,3-keto-l-gulonate-6-phosphate decarboxylase,3-keto-L-gulonate-6-phosphate decarboxylase UlaD,1
Mycoplasma_pneumoniae_M129,gene_b10d0204907b,1.0,high,ascorbate-specific pts system eiia component,PTS sugar transporter subunit IIA,0
Mycoplasma_pneumoniae_M129,gene_49d579cba8f4,1.0,high,ascorbate-specific pts system eiib component,PTS sugar transporter subunit IIB,0
Mycoplasma_pneumoniae_M129,gene_df8bc460f3e3,1.0,high,l-ribulose-5-phosphate 3-epimerase ulae,L-ribulose-5-phosphate 3-epimerase,1
Mycoplasma_pneumoniae_M129,gene_31f1ef45c745,1.0,high,l-ribulose-5-phosphate 4-epimerase ulaf,L-ribulose-5-phosphate 4-epimerase,1
Mycoplasma_pneumoniae_M129,gene_7803bcc11cc0,0.9908,high,valine--trna ligase,valine--tRNA ligase,1
Mycoplasma_pneumoniae_M129,gene_0a63385fb733,1.0,high,upf0134 protein mpn_501,DUF16 domain-containing protein,0
Mycoplasma_pneumoniae_M129,gene_2a54580e5823,1.0,high,ascorbate-specific pts system eiic component,PTS ascorbate transporter subunit IIC,0
Mycoplasma_pneumoniae_M129,gene_907eb3aa9587,1.0,high,upf0134 protein mpn_504,DUF16 domain-containing protein,0
Mycoplasma_pneumoniae_M129,gene_8b5caa655c89,0.986,high,mgpc-like protein mpn_093,MgpC family cytadherence protein,0
Mycoplasma_pneumoniae_M129,gene_7ed19b200c38,1.0,high,type i specificity subunit s.mpnorf507p,restriction endonuclease subunit S,0
Mycoplasma_pneumoniae_M129,gene_f60b51ace071,1.0,high,esterase/lipase 3,alpha/beta fold hydrolase,0
Mycoplasma_pneumoniae_M129,gene_546a1cd91853,1.0,high,trna (cytidine(34)-2'-o)-methyltransferase,tRNA (uridine(34)/cytosine(34)/5- carboxymethylaminomethyluridine(34)-2'-O)- methyltransferase TrmL,0
Mycoplasma_pneumoniae_M129,gene_e1920ac66cf6,0.8267,high,trna (guanine-n(7)-)-methyltransferase,tRNA (guanosine(46)-N7)-methyltransferase TrmB,1
Mycoplasma_pneumoniae_M129,gene_2f7740853a85,1.0,high,isoleucine--trna ligase,isoleucine--tRNA ligase,1
Mycoplasma_pneumoniae_M129,gene_81c22e4deecd,1.0,high,upf0134 protein mpn_524,DUF16 domain-containing protein,0
Mycoplasma_pneumoniae_M129,gene_3345ca3551f3,1.0,high,inorganic pyrophosphatase,inorganic diphosphatase,0
Mycoplasma_pneumoniae_M129,gene_4a4d31953d8e,1.0,high,dna-directed rna polymerase subunit beta',DNA-directed RNA polymerase subunit beta',1
Mycoplasma_pneumoniae_M129,gene_80133fbe1fca,1.0,high,holliday junction branch migration complex subunit ruvb,Holliday junction branch migration DNA helicase RuvB,1
Mycoplasma_pneumoniae_M129,gene_913d1c55b4f6,1.0,high,large ribosomal subunit protein ul10,50S ribosomal protein L10,0
Mycoplasma_pneumoniae_M129,gene_f5330ba3c674,1.0,high,acetate kinase,acetate/propionate family kinase,1
Mycoplasma_pneumoniae_M129,gene_90827031e4e7,0.9,high,small ribosomal subunit protein bs20,30S ribosomal protein S20,0
Mycoplasma_pneumoniae_M129,gene_4b7838a49bf9,1.0,high,dna-directed rna polymerase subunit beta,DNA-directed RNA polymerase subunit beta,1
Mycoplasma_pneumoniae_M129,gene_f44ef51cde81,0.9683,high,phosphate acyltransferase,phosphate acyltransferase PlsX,1
Mycoplasma_pneumoniae_M129,gene_eb2c6f8f3fbd,1.0,high,holliday junction branch migration complex subunit ruva,Holliday junction branch migration protein RuvA,1
Mycoplasma_pneumoniae_M129,gene_38ddbc1ba387,0.9793,high,large ribosomal subunit protein bl12,50S ribosomal protein L7/L12,0
Mycoplasma_pneumoniae_M129,gene_e965c74db520,0.8443,high,trna sulfurtransferase,tRNA uracil 4-sulfurtransferase ThiI,1
Mycoplasma_pneumoniae_M129,gene_7994a71405bc,0.9894,high,threonine--trna ligase,threonine--tRNA ligase,1
Mycoplasma_pneumoniae_M129,gene_0cae560fb8cb,1.0,high,trna uridine 5-carboxymethylaminomethyl modification enzyme mnmg,tRNA uridine-5-carboxymethylaminomethyl(34) synthesis enzyme MnmG,1
Mycoplasma_pneumoniae_M129,gene_eedb7ac6339a,1.0,high,ribonuclease 3,ribonuclease III,1
Mycoplasma_pneumoniae_M129,gene_6079a0d9766f,1.0,high,uridine kinase,uridine kinase,1
Mycoplasma_pneumoniae_M129,gene_4debe0c27b0f,0.9811,high,nh(3)-dependent nad(+) synthetase,NAD(+) synthase,0
Mycoplasma_pneumoniae_M129,gene_e30236a45471,0.8212,high,ribosomal rna small subunit methyltransferase g,16S rRNA (guanine(527)-N(7))-methyltransferase RsmG,0
Mycoplasma_pneumoniae_M129,gene_50d7cceeece9,1.0,high,nadp-dependent isopropanol dehydrogenase,NAD(P)-dependent alcohol dehydrogenase,0
Mycoplasma_pneumoniae_M129,gene_f5b89c4a1d74,1.0,high,gtpase era,GTPase Era,1
Mycoplasma_pneumoniae_M129,gene_6925518b1b42,1.0,high,endoribonuclease ybey,rRNA maturation RNase YbeY,0
Mycoplasma_pneumoniae_M129,gene_60cc8154b867,0.95,high,wheel complex protein p200,terminal organelle protein P200,0
Mycoplasma_pneumoniae_M129,gene_54e6e5376501,0.9778,high,arginine--trna ligase,arginine--tRNA ligase,1
Mycoplasma_pneumoniae_M129,gene_91bcb5b0869a,1.0,high,chaperonin groel,chaperonin GroEL,1
Mycoplasma_pneumoniae_M129,gene_1f1f38824717,1.0,high,serine hydroxymethyltransferase,serine hydroxymethyltransferase,1
Mycoplasma_pneumoniae_M129,gene_f14dcdba3e9f,1.0,high,cytosol aminopeptidase,leucyl aminopeptidase,0
Mycoplasma_pneumoniae_M129,gene_aee07517cd12,0.844,high,methionyl-trna formyltransferase,methionyl-tRNA formyltransferase,1
Mycoplasma_pneumoniae_M129,gene_1e7c5e158f01,0.8726,high,ribose-5-phosphate isomerase b,ribose 5-phosphate isomerase B,1
Mycoplasma_pneumoniae_M129,gene_87cfee86279e,0.9,high,atp synthase epsilon chain,F0F1 ATP synthase subunit epsilon,1
Mycoplasma_pneumoniae_M129,gene_3c10f136513f,0.8748,high,atp synthase gamma chain,ATP synthase F1 subunit gamma,1
Mycoplasma_pneumoniae_M129,gene_88a3ac46b185,1.0,high,abc transporter atp-binding mg390 homolog,peptidase domain-containing ABC transporter,0
Mycoplasma_pneumoniae_M129,gene_ea7d9828d5d6,0.9333,high,atp synthase subunit delta,ATP synthase F1 subunit delta,1
Mycoplasma_pneumoniae_M129,gene_81419b037539,0.9744,high,atp synthase subunit b,F0F1 ATP synthase subunit B,1
Mycoplasma_pneumoniae_M129,gene_4fae18d8a185,0.9646,high,atp synthase subunit c,F0F1 ATP synthase subunit C,1
Mycoplasma_pneumoniae_M129,gene_6b9904fd4a0d,1.0,high,atp synthase subunit alpha,F0F1 ATP synthase subunit alpha,1
Mycoplasma_pneumoniae_M129,gene_3c21ce44f27c,0.9525,high,peptide methionine sulfoxide reductase msra,peptide-methionine (S)-S-oxide reductase MsrA,1
Mycoplasma_pneumoniae_M129,gene_2fd22668d56b,1.0,high,atp synthase subunit beta,F0F1 ATP synthase subunit beta,1
Mycoplasma_pneumoniae_M129,gene_cca2e49ffbc4,1.0,high,atp synthase subunit a,F0F1 ATP synthase subunit A,1
Mycoplasma_pneumoniae_M129,gene_4879087588a6,1.0,high,arginine deiminase-like protein,arginine deiminase family protein,1
Mycoplasma_pneumoniae_M129,gene_c69c48b1ff28,1.0,high,small ribosomal subunit protein us9,30S ribosomal protein S9,0
Mycoplasma_pneumoniae_M129,gene_8c7bb49dc109,1.0,high,large ribosomal subunit protein ul13,50S ribosomal protein L13,0
Mycoplasma_pneumoniae_M129,gene_d23c03f9819e,1.0,high,phosphate import atp-binding protein pstb,phosphate ABC transporter ATP-binding protein PstB,1
Mycoplasma_pneumoniae_M129,gene_51919c916f6e,1.0,high,type i specificity subunit s.mpnorf615p,restriction endonuclease subunit S,0
Mycoplasma_pneumoniae_M129,gene_29d1bd8223ec,1.0,high,enolase,phosphopyruvate hydratase,0
Mycoplasma_pneumoniae_M129,gene_b2c45c2a10e8,0.9593,high,dna polymerase iii subunit gamma/tau,DNA polymerase III subunit gamma/tau,1
Mycoplasma_pneumoniae_M129,gene_6f9bb3ee2043,0.8374,high,atp-dependent rna helicase mg425 homolog,DEAD/DEAH box helicase,0
Mycoplasma_pneumoniae_M129,gene_291d10d08020,0.9954,high,large ribosomal subunit protein bl28,50S ribosomal protein L28,0
Mycoplasma_pneumoniae_M129,gene_fff2cf48e342,1.0,high,triosephosphate isomerase,triose-phosphate isomerase,0
Mycoplasma_pneumoniae_M129,gene_3ada9d432692,1.0,high,uridylate kinase,UMP kinase,0
Mycoplasma_pneumoniae_M129,gene_3995729737cf,1.0,high,phosphoenolpyruvate-protein phosphotransferase,phosphoenolpyruvate--protein phosphotransferase,1
Mycoplasma_pneumoniae_M129,gene_7a99e4be1d29,0.8854,high,ribosome-recycling factor,ribosome recycling factor,1
Mycoplasma_pneumoniae_M129,gene_e2b9232a1aaf,0.95,high,type i specificity subunit s.mpnorf638p,restriction endonuclease subunit S,0
Mycoplasma_pneumoniae_M129,gene_b547d38fe85e,1.0,high,small ribosomal subunit protein us15,30S ribosomal protein S15,0
Mycoplasma_pneumoniae_M129,gene_5c162de0776d,1.0,high,hydroperoxide reductase,hydroperoxide reductase,1
Mycoplasma_pneumoniae_M129,gene_f946332257ce,0.7098,moderate,mannitol-1-phosphate 5-dehydrogenase,mannitol-1-phosphate 5-dehydrogenase,1
Mycoplasma_pneumoniae_M129,gene_db037d72c232,0.95,high,mannitol-specific phosphotransferase enzyme iia component,PTS mannitol transporter subunit IIA,0
Mycoplasma_pneumoniae_M129,gene_2fd8356f81cb,1.0,high,upf0134 protein mpn_655,DUF16 domain-containing protein,0
Mycoplasma_pneumoniae_M129,gene_0f25f2ce9d98,1.0,high,elongation factor ts,translation elongation factor Ts,1
Mycoplasma_pneumoniae_M129,gene_6a863b0806d2,1.0,high,large ribosomal subunit protein bl19,50S ribosomal protein L19,0
Mycoplasma_pneumoniae_M129,gene_fe6051bbdc90,0.9785,high,ribosome biogenesis gtpase a,ribosome biogenesis GTPase YlqF,1
Mycoplasma_pneumoniae_M129,gene_d7831e820f43,0.9965,high,small ribosomal subunit protein bs16,30S ribosomal protein S16,0
Mycoplasma_pneumoniae_M129,gene_105b64c249d5,1.0,high,pts system mannitol-specific eiicb component,PTS transporter subunit EIIC,0
Mycoplasma_pneumoniae_M129,gene_faf16602510b,1.0,high,peptide methionine sulfoxide reductase msrb,peptide-methionine (R)-S-oxide reductase MsrB,1
Mycoplasma_pneumoniae_M129,gene_35ed3a7151f8,1.0,high,elongation factor tu,elongation factor Tu,1
Mycoplasma_pneumoniae_M129,gene_e6dca2d04b8e,0.9276,high,utp--glucose-1-phosphate uridylyltransferase,UTP--glucose-1-phosphate uridylyltransferase GalU,1
Mycoplasma_pneumoniae_M129,gene_e74bc047b841,1.0,high,trna (guanine-n(1)-)-methyltransferase,tRNA (guanosine(37)-N1)-methyltransferase TrmD,1
Mycoplasma_pneumoniae_M129,gene_16bca7f2515e,0.9969,high,tyrosine--trna ligase,tyrosine--tRNA ligase,1
Mycoplasma_pneumoniae_M129,gene_9a19e284857e,1.0,high,upf0134 protein mpn_675,DUF16 domain-containing protein,0
Mycoplasma_pneumoniae_M129,gene_5a00158ffdce,1.0,high,glutamate--trna ligase,glutamate--tRNA ligase,1
Mycoplasma_pneumoniae_M129,gene_74fd1f1f9152,0.95,high,degv domain-containing protein mg450 homolog,DegV family protein,1
Mycoplasma_pneumoniae_M129,gene_80a05b74ddb4,0.9976,high,membrane protein insertase yidc,membrane protein insertase YidC,1
Mycoplasma_pneumoniae_M129,gene_46968be06604,1.0,high,ribonuclease p protein component,ribonuclease P protein component,1
Mycoplasma_pneumoniae_M129,gene_13f2ec376a68,1.0,high,large ribosomal subunit protein bl34,50S ribosomal protein L34,0
Mycoplasma_pneumoniae_M129,gene_18fbdbc0499b,1.0,high,organic hydroperoxide resistance protein-like,Ohr family peroxiredoxin,0
Mycoplasma_pneumoniae_M129,gene_fc419fd6a82f,1.0,high,abc transporter atp-binding protein mg468.1 homolog,ABC transporter ATP-binding protein,1
Mycoplasma_pneumoniae_M129,gene_2c96f88d6a4c,1.0,high,para family protein mpn_688,ParA family protein,1
Mycoplasma_pneumoniae_M129,gene_f567d167170d,0.9674,high,ribosomal rna small subunit methyltransferase a,16S rRNA (adenine(1518)-N(6)/adenine(1519)-N(6))- dimethyltransferase RsmA,0
Mycoplasma_pneumoniae_M129,gene_2e7c27476390,1.0,high,abc transporter atp-binding protein mg467 homolog,ABC transporter ATP-binding protein,1
Mycoplasma_pneumoniae_M129,gene_b67416f9033c,1.0,high,Replication-related protein,ABC transporter permease,0
Mycoplasma_pneumoniae_M129,gene_0ceacf86fe0e,1.0,high,chromosomal replication initiator protein dnaa,chromosomal replication initiator protein DnaA,1
Mycoplasma_pneumoniae_M129,gene_adc7743acd45,1.0,high,atp-dependent zinc metalloprotease ftsh,ATP-dependent zinc metalloprotease FtsH,1
Staphylococcus_aureus_8325,gene_f2d2d4e2de0b,1.0,high,large ribosomal subunit protein bl9,50S ribosomal protein L9,0
Staphylococcus_aureus_8325,gene_19f7ad2954b9,1.0,high,sensor protein kinase walk,sensory box histidine kinase VicK,0
Staphylococcus_aureus_8325,gene_46f97397ef96,1.0,high,serine--trna ligase,seryl-tRNA synthetase,0
Staphylococcus_aureus_8325,gene_eca76c2371e9,1.0,high,histidine ammonia-lyase,histidine ammonia-lyase,1
Staphylococcus_aureus_8325,gene_ff3e73d52a46,1.0,high,beta sliding clamp,DNA polymerase III subunit beta,0
Staphylococcus_aureus_8325,gene_cbe666dbd915,1.0,high,transcriptional regulatory protein walr,two-component response regulator,0
Staphylococcus_aureus_8325,gene_050e8ee61ae4,1.0,high,chromosomal replication initiator protein dnaa,chromosomal replication initiation protein,1
Staphylococcus_aureus_8325,gene_4cddad0d3d39,1.0,high,adenylosuccinate synthetase,adenylosuccinate synthetase,1
Staphylococcus_aureus_8325,gene_4f8083c58299,1.0,high,dna replication and repair protein recf,recombination protein F,0
Staphylococcus_aureus_8325,gene_b103188781a9,1.0,high,dna gyrase subunit a,DNA gyrase subunit A,1
Staphylococcus_aureus_8325,gene_1648bb67e447,0.7891,moderate,replicative dna helicase dnac,replicative DNA helicase,1
Staphylococcus_aureus_8325,gene_a47a2639e9dc,1.0,high,dna gyrase subunit b,DNA gyrase subunit B,1
Staphylococcus_aureus_8325,gene_6b95140f9774,1.0,high,ribosomal rna large subunit methyltransferase h,23S rRNA (pseudouridine(1915)-N(3))-methyltransferase RlmH,0
Staphylococcus_aureus_8325,gene_8c53cc09b07d,1.0,high,1-phosphatidylinositol phosphodiesterase,1-phosphatidylinositol phosphodiesterase,1
Staphylococcus_aureus_8325,gene_ef6cdf4d8b93,0.699,moderate,oleate hydratase,myosin-cross-reactive antigen,0
Staphylococcus_aureus_8325,gene_9beef28bdc44,0.4816,low,achromobactin transport system permease protein cbrc,lipoprotein SirC,0
Staphylococcus_aureus_8325,gene_cf50be800b54,0.555,moderate,siderophore-binding lipoprotein yfiy,periplasmic binding protein,0
Staphylococcus_aureus_8325,gene_f22555dc5a91,1.0,high,n-(2-amino-2-carboxyethyl)-l-glutamate synthase,"2,3-diaminopropionate biosynthesis protein SbnA",0
Staphylococcus_aureus_8325,gene_4a7b84976f23,0.823,high,n-((2s)-2-amino-2-carboxyethyl)-l-glutamate dehydrogenase,"2,3-diaminopropionate biosynthesis protein SbnB",0
Staphylococcus_aureus_8325,gene_31312a6fb97f,1.0,high,diacetyl reductase,acetoin reductase,0
Staphylococcus_aureus_8325,gene_c1c1a61eb3af,1.0,high,superoxide dismutase 2,superoxide dismutase,1
Staphylococcus_aureus_8325,gene_e124ac7d565b,0.4702,low,transcriptional regulator of 2-aminoethylphosphonate degradation operons,GntR family transcriptional regulator,0
Staphylococcus_aureus_8325,gene_b9cbec1bdded,1.0,high,hth-type transcriptional regulator sars,accessory regulator-like protein,0
Staphylococcus_aureus_8325,gene_645aef50b9b6,1.0,high,phosphopentomutase,phosphopentomutase,1
Staphylococcus_aureus_8325,gene_74ba5fb3ab5c,0.4092,low,phosphonate transport system permease protein phne,phosphonates ABC transporter permease,0
Staphylococcus_aureus_8325,gene_358a4b5035cc,0.727,moderate,purine nucleoside phosphorylase deod-type,purine nucleoside phosphorylase,1
Staphylococcus_aureus_8325,gene_f4dc3de1a27e,1.0,high,deoxyribose-phosphate aldolase 1,2-deoxyribose-5-phosphate aldolase,1
Staphylococcus_aureus_8325,gene_e2a95db42527,1.0,high,phosphonates import atp-binding protein phnc,amino acid ABC transporter ATP-binding protein,0
Staphylococcus_aureus_8325,gene_2ef1e994b126,1.0,high,capsular polysaccharide type 5 biosynthesis protein cap5a,capsular polysaccharide biosynthesis protein,1
Staphylococcus_aureus_8325,gene_3ebcecc7b6ae,0.5853,moderate,tyrosine-protein kinase capb,capsular polysaccharide biosynthesis protein Cap5B,0
Staphylococcus_aureus_8325,gene_1dc98c2d2604,0.4577,low,phosphite transport system permease protein ptxc,phosphonates ABC transporter permease,0
Staphylococcus_aureus_8325,gene_842497b8ff1b,0.674,moderate,udp-glucose 4-epimerase,capsular polysaccharide biosynthesis protein Cap5E,0
Staphylococcus_aureus_8325,gene_fb622f2164b7,0.413,low,udp-n-acetylglucosamine 2-epimerase,UDP-N-acetylglucosamine 2-epimerase,1
Staphylococcus_aureus_8325,gene_86ce48a15977,0.8831,high,replication initiation protein,replication initiation protein,1
Staphylococcus_aureus_8325,gene_4c35040b428c,0.5355,moderate,tyrosine-protein phosphatase capc,capsular polysaccharide biosynthesis protein Cap8C,0
Staphylococcus_aureus_8325,gene_4fc5f9184739,0.633,moderate,udp-n-acetylglucosamine 2-epimerase,UDP-N-acetylglucosamine 2-epimerase,1
Staphylococcus_aureus_8325,gene_a70eff11e6c6,1.0,high,aldehyde dehydrogenase alda,aldehyde dehydrogenase,1
Staphylococcus_aureus_8325,gene_0ccab607bafe,0.7476,moderate,formate dehydrogenase,formate dehydrogenase,1
Staphylococcus_aureus_8325,gene_47a5b52803ea,0.5641,moderate,udp-n-acetyl-d-mannosamine dehydrogenase,cap5O protein/UDP-N-acetyl-D-mannosaminuronic acid dehydrogenase,1
Staphylococcus_aureus_8325,gene_465ed369461b,0.7702,moderate,Replication-related protein,capsular polysaccharide biosynthesis protein O-acetyl transferase Cap5H,0
Staphylococcus_aureus_8325,gene_74cd559a81b7,1.0,high,arginine biosynthesis bifunctional protein argj,bifunctional ornithine acetyltransferase/N-acetylglutamate synthase,0
Staphylococcus_aureus_8325,gene_a1a7e3a1097b,1.0,high,Replication-related protein,bifunctional acetaldehyde-CoA/alcohol dehydrogenase,0
Staphylococcus_aureus_8325,gene_775ddad20fd2,1.0,high,ornithine aminotransferase 1,ornithine aminotransferase,1
Staphylococcus_aureus_8325,gene_4daa09cf1c17,0.445,low,pyruvate decarboxylase isozyme 1,indolepyruvate decarboxylase,0
Staphylococcus_aureus_8325,gene_0442a11821d8,1.0,high,n-acetylmuramic acid 6-phosphate etherase,N-acetylmuramic acid-6-phosphate etherase,1
Staphylococcus_aureus_8325,gene_06de34ebe407,0.309,low,udp-2-acetamido-2,capsular polysaccharide biosynthesis protein Cap8F,0
Staphylococcus_aureus_8325,gene_f7ed930ccc63,1.0,high,heme oxygenase (staphylobilin-producing) 2,heme-degrading monooxygenase IsdI,0
Staphylococcus_aureus_8325,gene_b2c3cb3878e5,1.0,high,n-acetyl-gamma-glutamyl-phosphate reductase,N-acetyl-gamma-glutamyl-phosphate reductase,1
Staphylococcus_aureus_8325,gene_c6724dad4030,1.0,high,pts system murnac-glcnac-specific eiibc component,PTS system transporter,0
Staphylococcus_aureus_8325,gene_2ffae87bc827,1.0,high,pts system glucose-specific eiicba component,PTS system glucose-specific protein,1
Staphylococcus_aureus_8325,gene_a4680b7064ce,1.0,high,Transcription-related protein,peptide ABC transporter ATP-binding protein,0
Staphylococcus_aureus_8325,gene_20b465a9f7af,1.0,high,fmn-dependent nadh:quinone oxidoreductase,azoreductase,0
Staphylococcus_aureus_8325,gene_8caf1ec2b084,0.35,low,Lipoprotein,RGD-containing lipoprotein,1
Staphylococcus_aureus_8325,gene_85b600d33c5a,0.9017,high,oligosaccharides import atp-binding protein msmx,multiple sugar-binding transport ATP-binding protein,0
Staphylococcus_aureus_8325,gene_864160e3e0cd,1.0,high,acetylglutamate kinase,acetylglutamate kinase,1
Staphylococcus_aureus_8325,gene_736301760f76,0.5538,moderate,galactooligosaccharides transport system permease protein ganp,maltose ABC transporter permease,0
Staphylococcus_aureus_8325,gene_8234b4b1802d,1.0,high,type i restriction enzyme saucolorf180p endonuclease subunit,HsdR family type I site-specific deoxyribonuclease,0
Staphylococcus_aureus_8325,gene_727d9d9f6811,1.0,high,transcriptional regulatory protein hptr,response regulator receiver domain-containing protein,0
Staphylococcus_aureus_8325,gene_2653ae3c3af8,0.8705,high,Transport-related protein,sugar phosphate antiporter,0
Staphylococcus_aureus_8325,gene_80b0155172bb,0.35,low,Lipoprotein,lipoprotein,1
Staphylococcus_aureus_8325,gene_8c8f2ad1beca,0.35,low,Lipoprotein,extracellular solute-binding protein,0
Staphylococcus_aureus_8325,gene_e676ece3ffe7,1.0,high,pyruvate formate-lyase-activating enzyme,pyruvate formate-lyase 1 activating enzyme,1
Staphylococcus_aureus_8325,gene_b7bb81303971,0.5846,moderate,galactooligosaccharides transport system permease protein ganq,maltose ABC transporter permease,0
Staphylococcus_aureus_8325,gene_144784f397b6,0.67,moderate,3-ketoacyl-coa thiolase,acetyl-CoA acetyltransferase,0
Staphylococcus_aureus_8325,gene_5b45291ae06b,0.51,moderate,glycyl-glycine endopeptidase ale-1,M23/M37 peptidase domain-containing protein,0
Staphylococcus_aureus_8325,gene_fbf0b1af1d53,1.0,high,formate acetyltransferase,formate acetyltransferase,1
Staphylococcus_aureus_8325,gene_a9c9c45e092f,0.464,low,flavohemoprotein,globin domain-containing protein,0
Staphylococcus_aureus_8325,gene_beb4cd27254e,1.0,high,l-lactate dehydrogenase 1,L-lactate dehydrogenase,1
Staphylococcus_aureus_8325,gene_1e43af9319bf,0.5894,moderate,glutathione transport system permease protein gsid,peptide ABC transporter permease,0
Staphylococcus_aureus_8325,gene_c32d756c150c,0.5584,moderate,phosphotransferase enzyme iib component sgcb,PTS system transporter,0
Staphylococcus_aureus_8325,gene_b850e263d8c9,0.6964,moderate,Replication-related protein,PTS system transporter,0
Staphylococcus_aureus_8325,gene_466402afffce,1.0,high,ribitol-5-phosphate cytidylyltransferase 2,2-C-methyl-D-erythritol 4-phosphate cytidylyltransferase,1
Staphylococcus_aureus_8325,gene_ac3ddac21a85,0.9216,high,ribulose-5-phosphate reductase 2,alcohol dehydrogenase,0
Staphylococcus_aureus_8325,gene_8b308519c3e5,1.0,high,teichoic acid glycerol-phosphate transferase,teichoic acid biosynthesis protein F,0
Staphylococcus_aureus_8325,gene_2fab7d0c7435,1.0,high,ribitol-5-phosphate cytidylyltransferase 1,2-C-methyl-D-erythritol 4-phosphate cytidylyltransferase,1
Staphylococcus_aureus_8325,gene_e962ba2a2dcf,1.0,high,iron-sulfur cluster repair protein scda,cell wall biosynthesis protein ScdA,0
Staphylococcus_aureus_8325,gene_fdfde6f0d6c5,0.3942,low,caffeate coa-transferase,acyl CoA:acetate/3-ketoacid CoA transferase,0
Staphylococcus_aureus_8325,gene_54cc15a3a2cc,1.0,high,transcriptional regulatory protein lytr,two-component response regulator,0
Staphylococcus_aureus_8325,gene_fafc0bbead7c,1.0,high,sensor histidine kinase/phosphatase lyts,two-component sensor histidine kinase,1
Staphylococcus_aureus_8325,gene_3406f95cfd19,0.7305,moderate,sorbitol dehydrogenase,sorbitol dehydrogenase,1
Staphylococcus_aureus_8325,gene_c5c734c10fcb,1.0,high,antiholin-like protein lrgb,antiholin-like protein LrgB,1
Staphylococcus_aureus_8325,gene_9e5a15d357ee,1.0,high,antiholin-like protein lrga,murein hydrolase regulator LrgA,0
Staphylococcus_aureus_8325,gene_a32478008d09,0.909,high,staphylocoagulase,staphylocoagulase,1
Staphylococcus_aureus_8325,gene_37bfe58c93d3,1.0,high,d-ribose pyranase,D-ribose pyranase,1
Staphylococcus_aureus_8325,gene_084918a95a7a,1.0,high,glycyl-glycine endopeptidase lytm,peptidoglycan hydrolase,0
Staphylococcus_aureus_8325,gene_e62609857640,0.9243,high,teichoic acid ribitol-phosphate polymerase tark,teichoic acid biosynthesis protein TagB,0
Staphylococcus_aureus_8325,gene_a1472f0105a2,0.8326,high,ribokinase,ribokinase,1
Staphylococcus_aureus_8325,gene_4d80a87afa33,0.8107,high,Replication-related protein,drug transporter,0
Staphylococcus_aureus_8325,gene_f7fc53adcb4f,0.4768,low,branched-chain amino acid permease brab,branched-chain amino acid transport system II carrier protein,1
Staphylococcus_aureus_8325,gene_bd7168e3ed1d,0.6808,moderate,hemin import atp-binding protein hrta,ABC transporter ATP-binding protein,0
Staphylococcus_aureus_8325,gene_7ec6cc04bd93,0.864,high,30 kda neutral phosphatase (fragment),5'-nucleotidase,0
Staphylococcus_aureus_8325,gene_e2876cb5a685,1.0,high,n-acetylneuraminate lyase,N-acetylneuraminate lyase,1
Staphylococcus_aureus_8325,gene_1fc8a0ded331,0.6372,moderate,Metabolism-related protein,PTS system ascorbate-specific transporter subunit IIC,0
Staphylococcus_aureus_8325,gene_ef3b1cd11b63,1.0,high,n-acetylmannosamine-6-phosphate 2-epimerase,N-acetylmannosamine-6-phosphate 2-epimerase,1
Staphylococcus_aureus_8325,gene_f9c91cd78880,0.3157,low,pseudouridine kinase,PfkB family carbohydrate kinase,0
Staphylococcus_aureus_8325,gene_3c430c8c3d54,0.9559,high,Replication-related protein,glycerol-3-phosphate transporter,0
Staphylococcus_aureus_8325,gene_6453f690b4f9,0.359,low,ribosomal n-acetyltransferase ydaf,50S ribosomal protein L7 serine acetyltransferase,1
Staphylococcus_aureus_8325,gene_2dfc6226cdec,0.273,speculative,nad(p)h-dependent fad/fmn reductase gtng_3158,NADPH-dependent FMN reductase,1
Staphylococcus_aureus_8325,gene_b02622de7c3a,0.84,high,sec-independent protein translocase protein tatay,mttA/Hcf106 family protein-like protein,0
Staphylococcus_aureus_8325,gene_40395b460bb5,0.5496,moderate,lantibiotic transport atp-binding protein srtf,ABC transporter ATP-binding protein,0
Staphylococcus_aureus_8325,gene_1e3885eff53b,1.0,high,acetyl-coa acyltransferase,acetyl-CoA acyltransferase,1
Staphylococcus_aureus_8325,gene_8486c352e4c2,0.4471,low,bifunctional homocysteine s-methyltransferase/5,"bifunctional homocysteine S-methyltransferase/5,10-methylenetetrahydrofolate reductase",1
Staphylococcus_aureus_8325,gene_f97d6ba7afa6,1.0,high,5-methyltetrahydropteroyltriglutamate--homocysteine methyltransferase,5-methyltetrahydropteroyltriglutamate-- homocysteine S-methyltransferase,1
Staphylococcus_aureus_8325,gene_e934b5fa76ed,0.523,moderate,stage 0 sporulation protein j,ParB family chromosome partioning protein,0
Staphylococcus_aureus_8325,gene_cb913bb2d506,1.0,high,lipase 2,lipase,1
Staphylococcus_aureus_8325,gene_bc616fc9aa29,0.8979,high,ribosome-binding atpase ychf,GTP-dependent nucleic acid-binding protein EngD,0
Staphylococcus_aureus_8325,gene_0edb1bc88e4d,1.0,high,single-stranded dna-binding protein 1,bacteriophage L54a single-stranded DNA binding protein,1
Staphylococcus_aureus_8325,gene_77a211a60e41,1.0,high,small ribosomal subunit protein bs18,30S ribosomal protein S18,0
Staphylococcus_aureus_8325,gene_1cf0f0c46e09,1.0,high,alkyl hydroperoxide reductase c,alkyl hydroperoxide reductase subunit C,1
Staphylococcus_aureus_8325,gene_9aa0fb978c30,1.0,high,nadph-dependent oxidoreductase,NAD(P)H-flavin oxidoreductase,0
Staphylococcus_aureus_8325,gene_f8cb4c801844,0.8359,high,cystathionine beta-lyase metc,trans-sulfuration enzyme family protein,0
Staphylococcus_aureus_8325,gene_340f1a5322ab,1.0,high,xanthine phosphoribosyltransferase,xanthine phosphoribosyltransferase,1
Staphylococcus_aureus_8325,gene_a7e597291616,0.7945,moderate,xanthine permease,xanthine permease,1
Staphylococcus_aureus_8325,gene_a46f701683ed,0.5533,moderate,6-phosphofructo-2-kinase/fructose-2,phosphoglycerate mutase family protein,0
Staphylococcus_aureus_8325,gene_1a624bb45a28,1.0,high,gmp synthase,GMP synthase,1
Staphylococcus_aureus_8325,gene_0c3853dafa99,1.0,high,alkyl hydroperoxide reductase subunit f,alkyl hydroperoxide reductase subunit F,1
Staphylococcus_aureus_8325,gene_d33212638836,1.0,high,inosine-5'-monophosphate dehydrogenase,inosine-5'-monophosphate dehydrogenase,1
Staphylococcus_aureus_8325,gene_37ba2504e739,0.553,moderate,staphylococcal superantigen-like 4,superantigen-like protein,1
Staphylococcus_aureus_8325,gene_4251a6348bda,1.0,high,staphylococcal superantigen-like 4,superantigen-like protein,1
Staphylococcus_aureus_8325,gene_5783cb512006,1.0,high,staphylococcal superantigen-like 5,superantigen-like protein 5,1
Staphylococcus_aureus_8325,gene_afe71fb5223e,0.612,moderate,staphylococcal superantigen-like 4,superantigen-like protein,1
Staphylococcus_aureus_8325,gene_57d3f158574f,0.684,moderate,staphylococcal superantigen-like 7,superantigen-like protein,1
Staphylococcus_aureus_8325,gene_7a2b7915fff2,0.713,moderate,staphylococcal superantigen-like 7,superantigen-like protein,1
Staphylococcus_aureus_8325,gene_63d0a73caeac,0.7315,moderate,Replication-related protein,type I restriction-modification system subunit M,0
Staphylococcus_aureus_8325,gene_28018c814652,1.0,high,staphylococcal superantigen-like 11,superantigen-like protein,1
Staphylococcus_aureus_8325,gene_7e411cabe297,1.0,high,staphylococcal superantigen-like 1,superantigen-like protein,1
Staphylococcus_aureus_8325,gene_2d7f6368adcc,0.388,low,tyrosine recombinase tha_404,integrase-like protein,0
Staphylococcus_aureus_8325,gene_f12e5681f096,1.0,high,staphylococcal superantigen-like 7,superantigen-like protein 7,1
Staphylococcus_aureus_8325,gene_ce07bb8a767d,1.0,high,small ribosomal subunit protein bs6,30S ribosomal protein S6,0
Staphylococcus_aureus_8325,gene_fa8ed5c6697d,1.0,high,staphylococcal superantigen-like 3,superantigen-like protein,1
Staphylococcus_aureus_8325,gene_78aba11ed175,0.6227,moderate,d-methionine transport system permease protein meti,ABC transporter permease,0
Staphylococcus_aureus_8325,gene_4981921d81da,0.6163,moderate,outer membrane lipoprotein 1,ABC transporter substrate-binding protein,0
Staphylococcus_aureus_8325,gene_5b3608fe75b3,1.0,high,staphylococcal superantigen-like 10,superantigen-like protein,1
Staphylococcus_aureus_8325,gene_2a76f4972570,0.8122,high,cystathionine gamma-lyase,trans-sulfuration enzyme family protein,0
Staphylococcus_aureus_8325,gene_731af071b01a,0.3833,low,transcriptional dual regulator gltc,LysR family transcriptional regulator,1
Staphylococcus_aureus_8325,gene_c8a0a6f8dbca,1.0,high,n-acetylmuramoyl-l-alanine amidase sle1,autolysin,0
Staphylococcus_aureus_8325,gene_28bc6ef6c6d2,0.7675,moderate,glutamate synthase large chain,glutamate synthase large subunit,1
Staphylococcus_aureus_8325,gene_8514320a6cfa,0.733,moderate,dna polymerase iii subunit tau,DNA polymerase III subunits gamma and tau,1
Staphylococcus_aureus_8325,gene_f8af3ff22297,0.6073,moderate,glutamate synthase small chain,glutamate synthase subunit beta,1
Staphylococcus_aureus_8325,gene_c56a9cb44bd4,1.0,high,recombination protein recr,recombination protein RecR,1
Staphylococcus_aureus_8325,gene_fd6a33afd763,1.0,high,thymidylate kinase,thymidylate kinase,1
Staphylococcus_aureus_8325,gene_50fa6f8586ad,0.2361,speculative,dna polymerase iii subunit delta',DNA polymerase III subunit delta',1
Staphylococcus_aureus_8325,gene_48e4c5ccb7d4,1.0,high,replication initiation control protein yaba,DNA replication intiation control protein YabA,1
Staphylococcus_aureus_8325,gene_6b4e062ce75b,0.6378,moderate,Replication-related protein,Orn/Lys/Arg decarboxylase,0
Staphylococcus_aureus_8325,gene_31a657c8c19c,1.0,high,ribosomal rna small subunit methyltransferase a,dimethyladenosine transferase,0
Staphylococcus_aureus_8325,gene_1e543b52c511,1.0,high,methionine--trna ligase,methionyl-tRNA synthetase,0
Staphylococcus_aureus_8325,gene_51072540a256,1.0,high,septation protein spovg,regulatory protein SpoVG,0
Staphylococcus_aureus_8325,gene_7557648f4b4a,1.0,high,bifunctional protein glmu,bifunctional N-acetylglucosamine-1-phosphate uridyltransferase/glucosamine-1-phosphate acetyltransferase,0
Staphylococcus_aureus_8325,gene_0778a2d2d7bc,1.0,high,large ribosomal subunit protein bl25,50S ribosomal protein L25/general stress protein Ctc,0
Staphylococcus_aureus_8325,gene_3c0d5de0c134,1.0,high,peptidyl-trna hydrolase,peptidyl-tRNA hydrolase,1
Staphylococcus_aureus_8325,gene_48fb920c484a,0.7482,moderate,purine biosynthesis transcriptional repressor purr,pur operon repressor,0
Staphylococcus_aureus_8325,gene_bc5fc788b46c,1.0,high,hypoxanthine-guanine phosphoribosyltransferase,hypoxanthine phosphoribosyltransferase,1
Staphylococcus_aureus_8325,gene_65aed1117e57,1.0,high,33 kda chaperonin,Hsp33-like chaperonin,0
Staphylococcus_aureus_8325,gene_9fd53633fc5c,1.0,high,4-diphosphocytidyl-2-c-methyl-d-erythritol kinase,4-diphosphocytidyl-2C-methyl-D-erythritol kinase,1
Staphylococcus_aureus_8325,gene_702fb1e4985c,1.0,high,dihydropteroate synthase,dihydropteroate synthase,1
Staphylococcus_aureus_8325,gene_412ad0a74040,1.0,high,dihydroneopterin aldolase,dihydroneopterin aldolase,1
Staphylococcus_aureus_8325,gene_6d0a602345d0,1.0,high,lysine--trna ligase,lysyl-tRNA synthetase,0
Staphylococcus_aureus_8325,gene_60dcd58c3775,1.0,high,pyridoxal 5'-phosphate synthase subunit pdxs,pyridoxal biosynthesis lyase PdxS,0
Staphylococcus_aureus_8325,gene_62e16ebe6e25,1.0,high,transcription-repair-coupling factor,transcription-repair coupling factor,1
Staphylococcus_aureus_8325,gene_93323772687c,0.95,high,protein-arginine kinase activator protein,UvrB/UvrC motif-containing protein,0
Staphylococcus_aureus_8325,gene_c1a4af468dea,0.6805,moderate,2-amino-4-hydroxy-6-hydroxymethyldihydropteridine pyrophosphokinase,2-amino-4-hydroxy-6- hydroxymethyldihydropteridine pyrophosphokinase,1
Staphylococcus_aureus_8325,gene_92108818c628,0.9169,high,dna repair protein rada,DNA repair protein RadA,1
Staphylococcus_aureus_8325,gene_c26638fab5e3,1.0,high,pyridoxal 5'-phosphate synthase subunit pdxt,glutamine amidotransferase subunit PdxT,0
Staphylococcus_aureus_8325,gene_3816ba2aa7d3,1.0,high,serine acetyltransferase,serine acetyltransferase,1
Staphylococcus_aureus_8325,gene_9bc9137622ab,1.0,high,trmh family trna/rrna methyltransferase,23S rRNA (guanosine(2251)-2'-O)-methyltransferase RlmB,0
Staphylococcus_aureus_8325,gene_c6f2d84812f9,1.0,high,protein translocase subunit sece,preprotein translocase subunit SecE,1
Staphylococcus_aureus_8325,gene_b6d93d3c48b1,1.0,high,transcription termination/antitermination protein nusg,transcription antitermination protein,1
Staphylococcus_aureus_8325,gene_b60f9864a8de,1.0,high,large ribosomal subunit protein ul11,50S ribosomal protein L11,0
Staphylococcus_aureus_8325,gene_99013e8ad2a3,1.0,high,large ribosomal subunit protein ul1,50S ribosomal protein L1,0
Staphylococcus_aureus_8325,gene_205944f475ef,1.0,high,large ribosomal subunit protein ul10,50S ribosomal protein L10,0
Staphylococcus_aureus_8325,gene_d5253a57d28c,1.0,high,large ribosomal subunit protein bl12,50S ribosomal protein L7/L12,0
Staphylococcus_aureus_8325,gene_3301e09923aa,1.0,high,protein-arginine kinase,ATP:guanido phosphotransferase,0
Staphylococcus_aureus_8325,gene_ca5a2a6a587a,1.0,high,ribose-phosphate pyrophosphokinase,ribose-phosphate pyrophosphokinase,1
Staphylococcus_aureus_8325,gene_00ba90aaff0f,1.0,high,rna-binding protein sahv_0542,50S ribosomal protein L7Ae-like protein,0
Staphylococcus_aureus_8325,gene_5e388dcdbbdf,1.0,high,small ribosomal subunit protein us12,30S ribosomal protein S12,0
Staphylococcus_aureus_8325,gene_8cd3c019e1bc,1.0,high,small ribosomal subunit protein us7,30S ribosomal protein S7,0
Staphylococcus_aureus_8325,gene_15495f4d1d96,1.0,high,elongation factor tu,elongation factor Tu,1
Staphylococcus_aureus_8325,gene_6729860e8898,1.0,high,dna-directed rna polymerase subunit beta,DNA-directed RNA polymerase subunit beta,1
Staphylococcus_aureus_8325,gene_e219c2b35f84,1.0,high,protein/nucleic acid deglycase hcha,chaperone protein HchA,0
Staphylococcus_aureus_8325,gene_900e351eaecd,1.0,high,pyridoxal phosphate-dependent acyltransferase,2-amino-3-ketobutyrate coenzyme A ligase,0
Staphylococcus_aureus_8325,gene_f1c7d30b5fc2,1.0,high,glutamate--trna ligase,glutamyl-tRNA synthetase,0
Staphylococcus_aureus_8325,gene_0de17e419c13,0.204,speculative,d-glycero-beta-d-manno-heptose-1,haloacid dehalogenase-like hydrolase,0
Staphylococcus_aureus_8325,gene_103a2ce57c6c,1.0,high,atp-dependent clp protease atp-binding subunit clpc,endopeptidase,0
Staphylococcus_aureus_8325,gene_f5f66f32667a,1.0,high,branched-chain-amino-acid aminotransferase,branched-chain amino acid aminotransferase,1
Staphylococcus_aureus_8325,gene_14076ea0df24,1.0,high,serine-aspartate repeat-containing protein c,fibrinogen-binding protein SdrC,0
Staphylococcus_aureus_8325,gene_03f5c0e447fd,1.0,high,gtp cyclohydrolase fole2,GTP cyclohydrolase,1
Staphylococcus_aureus_8325,gene_53b56057a855,1.0,high,ribulokinase,ribulokinase,1
Staphylococcus_aureus_8325,gene_cc415fb7021b,0.4488,low,3-hexulose-6-phosphate isomerase,6-phospho 3-hexuloisomerase,0
Staphylococcus_aureus_8325,gene_29ac5e5e53df,1.0,high,elongation factor g,elongation factor G,1
Staphylococcus_aureus_8325,gene_e31edbf3b9d6,1.0,high,proline/betaine transporter,proline/betaine transporter,1
Staphylococcus_aureus_8325,gene_884d568cc443,1.0,high,serine-aspartate repeat-containing protein d,fibrinogen-binding protein SdrD,0
Staphylococcus_aureus_8325,gene_212a03dbd44e,1.0,high,pyridoxine kinase,phosphomethylpyrimidine kinase,0
Staphylococcus_aureus_8325,gene_c72287203d9e,1.0,high,uracil-dna glycosylase,uracil-DNA glycosylase,1
Staphylococcus_aureus_8325,gene_905ba6e9c8f5,1.0,high,acetyl-coa c-acetyltransferase vrab,acetyl-CoA acetyltransferase,1
Staphylococcus_aureus_8325,gene_616c01f53380,1.0,high,phosphate acetyltransferase,phosphotransacetylase,0
Staphylococcus_aureus_8325,gene_ef765d715f0d,0.412,low,diphosphomevalonate decarboxylase,mevalonate diphosphate decarboxylase,0
Staphylococcus_aureus_8325,gene_4faf7b05efe9,1.0,high,cysteine--trna ligase,cysteinyl-tRNA synthetase,0
Staphylococcus_aureus_8325,gene_68b1f39c3cca,1.0,high,coproheme decarboxylase,heme peroxidase,0
Staphylococcus_aureus_8325,gene_0f43d28b8d56,1.0,high,arginine--trna ligase,arginyl-tRNA synthetase,0
Staphylococcus_aureus_8325,gene_413c944e3982,0.257,speculative,dna repair glycosylase mj1434,endonuclease III,0
Staphylococcus_aureus_8325,gene_f41f4f760764,0.4958,low,phosphomevalonate kinase,phosphomevalonate kinase,1
Staphylococcus_aureus_8325,gene_40ab48653670,0.5394,moderate,phosphoglycolate phosphatase,haloacid dehalogenase-like hydrolase,0
Staphylococcus_aureus_8325,gene_e9912361ab3e,1.0,high,alcohol dehydrogenase,alcohol dehydrogenase,1
Staphylococcus_aureus_8325,gene_25bdc03dd350,0.3399,low,type 1 fimbriae regulatory protein fime,integrase/recombinase,0
Staphylococcus_aureus_8325,gene_49683bedfbab,1.0,high,antiporter subunit mnhb2,monovalent cation/H+ antiporter subunit B,0
Staphylococcus_aureus_8325,gene_6a117cccc68d,1.0,high,antiporter subunit mnhc2,monovalent cation/H+ antiporter subunit C,0
Staphylococcus_aureus_8325,gene_c9049d008155,1.0,high,antiporter subunit mnha2,monovalent cation/H+ antiporter subunit A,0
Staphylococcus_aureus_8325,gene_d5972c480e81,1.0,high,antiporter subunit mnhe2,monovalent cation/H+ antiporter subunit E,0
Staphylococcus_aureus_8325,gene_50531d3203a1,1.0,high,antiporter subunit mnhd2,monovalent cation/H+ antiporter subunit D,0
Staphylococcus_aureus_8325,gene_eb81ceeeaf7b,1.0,high,antiporter subunit mnhg2,monovalent cation/H+ antiporter subunit G,0
Staphylococcus_aureus_8325,gene_c16be9edea5c,0.8988,high,Metabolism-related protein,ABC transporter substrate-binding protein,0
Staphylococcus_aureus_8325,gene_2567758d5ddb,0.7516,moderate,manganese transport system membrane protein mntc,iron (chelated) ABC transporter permease,0
Staphylococcus_aureus_8325,gene_4f4848545ac7,1.0,high,transcriptional regulator sara,accessory regulator A,0
Staphylococcus_aureus_8325,gene_d7b97417c9c5,1.0,high,n-acetylglucosaminyldiphosphoundecaprenol n-acetyl-beta-d-mannosaminyltransferase,teichoic acid biosynthesis protein,0
Staphylococcus_aureus_8325,gene_0c62445b389f,1.0,high,teichoic acids export atp-binding protein tagh,teichoic acids export protein ATP-binding subunit,1
Staphylococcus_aureus_8325,gene_1899d1bd6eac,0.5081,moderate,teichoic acid translocation permease protein tagg,teichoic acid biosynthesis protein,0
Staphylococcus_aureus_8325,gene_dbf02103b278,0.8119,high,teichoic acid glycerol-phosphate primase,teichoic acid biosynthesis protein TagB,0
Staphylococcus_aureus_8325,gene_e07f028c78cd,0.9573,high,glycerol-3-phosphate cytidylyltransferase,glycerol-3-phosphate cytidylyltransferase,1
Staphylococcus_aureus_8325,gene_2071ce88d992,0.329,low,d-alanyl-d-alanine carboxypeptidase daca,penicillin-binding protein 4,0
Staphylococcus_aureus_8325,gene_c842840cde4a,0.807,high,iron(3+)-hydroxamate import atp-binding protein fhuc,iron compound ABC transporter ATP-binding protein,0
Staphylococcus_aureus_8325,gene_3352139cbc90,0.6264,moderate,iron(3+)-hydroxamate import system permease protein fhug,ferrichrome ABC transporter permease,0
Staphylococcus_aureus_8325,gene_d21169eed5ae,1.0,high,dna-directed rna polymerase subunit beta',DNA-directed RNA polymerase subunit beta',1
Staphylococcus_aureus_8325,gene_4375c3560073,0.7774,moderate,Replication-related protein,ferrichrome transport permease FhuB,0
Staphylococcus_aureus_8325,gene_dd2276b7e4c9,0.5571,moderate,pts-dependent dihydroxyacetone kinase 1,dihydroxyacetone kinase subunit DhaK,1
Staphylococcus_aureus_8325,gene_81d3ee147ab9,0.307,low,pts-dependent dihydroxyacetone kinase,PTS system mannnose-specific family transporter subunit IIA,0
Staphylococcus_aureus_8325,gene_eadeb57a6f33,1.0,high,autolysin ssaalp,secretory antigen SsaA-like protein,0
Staphylococcus_aureus_8325,gene_b0f030212fdd,1.0,high,glycosyltransferase tagx,glycosyltransferase TagX,1
Staphylococcus_aureus_8325,gene_b33469d90cbf,1.0,high,undecaprenyl-diphosphatase,undecaprenyl pyrophosphate phosphatase,0
Staphylococcus_aureus_8325,gene_a4c8e4703290,0.4929,low,deoxyribodipyrimidine photo-lyase,deoxyribodipyrimidine photolyase,0
Staphylococcus_aureus_8325,gene_08926596bad3,0.5076,moderate,1-phosphofructokinase,1-phosphofructokinase,1
Staphylococcus_aureus_8325,gene_93b1359a718b,1.0,high,quinolone resistance protein nora,quinolone resistance protein NorA,1
Staphylococcus_aureus_8325,gene_4a020806c94f,0.6328,moderate,Replication-related protein,ABC transporter permease,0
Staphylococcus_aureus_8325,gene_c7cf82e732d6,0.8055,high,bacitracin export atp-binding protein bcea,ABC transporter ATP-binding protein,0
Staphylococcus_aureus_8325,gene_35019a05eec1,1.0,high,response regulator saer,response regulator,1
Staphylococcus_aureus_8325,gene_3a5cb03cf653,0.753,moderate,pts system fructose-specific eiiabc component,fructose specific permease,0
Staphylococcus_aureus_8325,gene_e4b011a35af4,0.51,moderate,6-carboxy-5,6-pyruvoyl tetrahydropterin synthase,0
Staphylococcus_aureus_8325,gene_aba66f3213ac,1.0,high,7-cyano-7-deazaguanine synthase,7-cyano-7-deazaguanine synthase QueC,1
Staphylococcus_aureus_8325,gene_1555b7ca0b07,0.7285,moderate,energy-dependent translational throttle protein etta,ABC transporter ATP-binding protein,0
Staphylococcus_aureus_8325,gene_ffe7979b8ddc,0.6226,moderate,atp-dependent dna helicase recq,ATP-dependent DNA helicase RecQ,1
Staphylococcus_aureus_8325,gene_018a93691a8c,0.504,moderate,n-acetylglucosamine-6-phosphate deacetylase,N-acetylglucosamine-6-phosphate deacetylase,1
Staphylococcus_aureus_8325,gene_3e234c78250d,0.9019,high,ergothioneine transporter egtubc,amino acid ABC transporter permease,0
Staphylococcus_aureus_8325,gene_1959e40947fd,0.7966,moderate,choline transport atp-binding protein opuba,ABC transporter,0
Staphylococcus_aureus_8325,gene_3da8fe3a4d6e,1.0,high,nadph-dependent 7-cyano-7-deazaguanine reductase,7-cyano-7-deazaguanine reductase,1
Staphylococcus_aureus_8325,gene_500516e33177,0.5894,moderate,ribonucleoside-diphosphate reductase subunit beta,ribonucleotide-diphosphate reductase subunit beta,1
Staphylococcus_aureus_8325,gene_38db86e9003c,1.0,high,protein nrdi,ribonucleotide reductase stimulatory protein,0
Staphylococcus_aureus_8325,gene_f05ed36fabb9,0.6554,moderate,7-carboxy-7-deazaguanine synthase,7-cyano-7-deazaguanosine (preQ0) biosynthesis protein QueE,0
Staphylococcus_aureus_8325,gene_8fa6aa2b8685,1.0,high,udp-n-acetylenolpyruvoylglucosamine reductase,UDP-N-acetylenolpyruvoylglucosamine reductase,1
Staphylococcus_aureus_8325,gene_d8c9f33d16b2,0.5351,moderate,aminodeoxychorismate synthase component 2,para-aminobenzoate synthase glutamine amidotransferase component II,0
Staphylococcus_aureus_8325,gene_ff90d7ed436d,1.0,high,histidine protein kinase saes,sensor histidine kinase SaeS,1
Staphylococcus_aureus_8325,gene_d195c87c9f19,1.0,high,peptidase t,peptidase T,1
Staphylococcus_aureus_8325,gene_ec9e8deb1381,1.0,high,peptide chain release factor 2,peptide chain release factor 2,1
Staphylococcus_aureus_8325,gene_186ee13ec394,1.0,high,autolysin ldp,LysM domain-containing protein,0
Staphylococcus_aureus_8325,gene_b2d8a384fe91,1.0,high,uvrabc system protein b,excinuclease ABC subunit B,0
Staphylococcus_aureus_8325,gene_8fc7d4ea13cf,1.0,high,hpr kinase/phosphorylase,HPr kinase/phosphorylase,1
Staphylococcus_aureus_8325,gene_d837577b5c4c,1.0,high,phosphatidylglycerol--prolipoprotein diacylglyceryl transferase,prolipoprotein diacylglyceryl transferase,1
Staphylococcus_aureus_8325,gene_28f4965072fc,1.0,high,histidinol-phosphate aminotransferase,histidinol-phosphate aminotransferase,1
Staphylococcus_aureus_8325,gene_033c520991b2,0.4126,low,central glycolytic genes regulator,glycolytic operon regulator,1
Staphylococcus_aureus_8325,gene_7451135651f6,1.0,high,glyceraldehyde-3-phosphate dehydrogenase 1,glyceraldehyde-3-phosphate dehydrogenase,1
Staphylococcus_aureus_8325,gene_349416b55d40,1.0,high,phosphoglycerate kinase,phosphoglycerate kinase,1
Staphylococcus_aureus_8325,gene_db6c30ad5194,1.0,high,triosephosphate isomerase,triosephosphate isomerase,1
Staphylococcus_aureus_8325,gene_cf66307986b0,0.6881,moderate,ribonucleoside-diphosphate reductase subunit alpha,ribonucleotide-diphosphate reductase subunit alpha,1
Staphylococcus_aureus_8325,gene_da828bbd3d98,1.0,high,uvrabc system protein b,excinuclease ABC subunit B,0
Staphylococcus_aureus_8325,gene_ac6fd8358d13,1.0,high,protein-export membrane protein secg,preprotein translocase subunit SecG,0
Staphylococcus_aureus_8325,gene_1a683e6b8dac,0.473,low,carboxylesterase,carboxylesterase,1
Staphylococcus_aureus_8325,gene_6d0486a97663,1.0,high,enolase,phosphopyruvate hydratase,0
Staphylococcus_aureus_8325,gene_32e79a1aa55a,1.0,high,protein translocase subunit seca 1,preprotein translocase subunit SecA,1
Staphylococcus_aureus_8325,gene_e7717aeb5738,1.0,high,thioredoxin reductase,thioredoxin reductase,1
Staphylococcus_aureus_8325,gene_06d5561d5f12,1.0,high,ssra-binding protein,SsrA-binding protein,1
Staphylococcus_aureus_8325,gene_834b109b4149,1.0,high,clumping factor a,clumping factor,1
Staphylococcus_aureus_8325,gene_4c0052c19f4d,1.0,high,thermonuclease,thermonuclease,1
Staphylococcus_aureus_8325,gene_646d67ff4829,1.0,high,extracellular matrix protein-binding protein emp,extracellular matrix and plasma binding protein,1
Staphylococcus_aureus_8325,gene_ad3ef40ff1cd,1.0,high,atp-dependent clp protease proteolytic subunit,ATP-dependent Clp protease proteolytic subunit,1
Staphylococcus_aureus_8325,gene_8ef6e2921b60,1.0,high,uvrabc system protein a,excinuclease ABC subunit A,0
Staphylococcus_aureus_8325,gene_682245e34afe,0.623,moderate,thioredoxin-like protein ydbp,thioredoxin,1
Staphylococcus_aureus_8325,gene_dca510e21068,0.696,moderate,ribonuclease r,ribonuclease R,1
Staphylococcus_aureus_8325,gene_457e239cf095,1.0,high,methionine import atp-binding protein metn 2,ABC transporter ATP-binding protein,0
Staphylococcus_aureus_8325,gene_f8795dddc67f,1.0,high,abc transporter atp-binding protein spym18_0273,ABC transporter ATP-binding protein,1
Staphylococcus_aureus_8325,gene_af802f759c69,1.0,high,cysteine desulfurase,aminotransferase,0
Staphylococcus_aureus_8325,gene_205b6a75b27f,1.0,high,3-dehydroquinate dehydratase,3-dehydroquinase,0
Staphylococcus_aureus_8325,gene_6ba3fb85f1f0,0.5186,moderate,glyoxylate reductase,D-isomer specific 2-hydroxyacid dehydrogenase NAD binding domain-containing protein,0
Staphylococcus_aureus_8325,gene_0ff3940d24a0,1.0,high,lipoyl synthase,lipoyl synthase,1
Staphylococcus_aureus_8325,gene_f624f80c5f39,1.0,high,d-alanyl carrier protein,D-alanine--poly(phosphoribitol) ligase subunit 2,0
Staphylococcus_aureus_8325,gene_8e7e3679af8b,1.0,high,glycine cleavage system h protein,glycine cleavage system protein H,1
Staphylococcus_aureus_8325,gene_de628d1b82ab,1.0,high,d-alanine--d-alanyl carrier protein ligase,D-alanine--poly(phosphoribitol) ligase subunit 1,0
Staphylococcus_aureus_8325,gene_cd6faec191b1,1.0,high,na(+)/h(+) antiporter subunit f1,monovalent cation/H+ antiporter subunit F,1
Staphylococcus_aureus_8325,gene_a1cb4396f694,1.0,high,na(+)/h(+) antiporter subunit e1,monovalent cation/H+ antiporter subunit E,1
Staphylococcus_aureus_8325,gene_7f7a6ceca7f7,1.0,high,na(+)/h(+) antiporter subunit c1,monovalent cation/H+ antiporter subunit C,1
Staphylococcus_aureus_8325,gene_589058abb12f,1.0,high,na(+)/h(+) antiporter subunit b1,monovalent cation/H+ antiporter subunit B,1
Staphylococcus_aureus_8325,gene_4ebf5a2a8105,1.0,high,na(+)/h(+) antiporter subunit d1,monovalent cation/H+ antiporter subunit D,1
Staphylococcus_aureus_8325,gene_fce7dc1ae032,1.0,high,peptidyl-prolyl cis-trans isomerase,cyclophilin-type peptidyl-prolyl cis-trans isomerase,1
Staphylococcus_aureus_8325,gene_d8518857d31f,1.0,high,ornithine aminotransferase 2,ornithine--oxo-acid transaminase,0
Staphylococcus_aureus_8325,gene_a17f10b38d92,0.5039,moderate,nadh-dependent flavin oxidoreductase yqig,FMN oxidoreductase,0
Staphylococcus_aureus_8325,gene_f3dbe13465a4,1.0,high,argininosuccinate lyase,argininosuccinate lyase,1
Staphylococcus_aureus_8325,gene_fdaf75c871a6,1.0,high,na(+)/h(+) antiporter subunit a1,monovalent cation/H+ antiporter subunit A,1
Staphylococcus_aureus_8325,gene_50cb9ff883f0,1.0,high,protein dltd,extramembranal protein,0
Staphylococcus_aureus_8325,gene_0c1f511dcaad,1.0,high,signal peptidase ib,signal peptidase IB,1
Staphylococcus_aureus_8325,gene_f4a6ffc341d9,1.0,high,glucose-6-phosphate isomerase,glucose-6-phosphate isomerase,1
Staphylococcus_aureus_8325,gene_4b2250251257,1.0,high,atp-dependent helicase/deoxyribonuclease subunit b,exonuclease RexB,0
Staphylococcus_aureus_8325,gene_2bb719a80f4a,1.0,high,coenzyme a disulfide reductase,coenzyme A disulfide reductase,1
Staphylococcus_aureus_8325,gene_678a0dd25467,1.0,high,atp-dependent helicase/nuclease subunit a,ATP-dependent nuclease subunit A,1
Staphylococcus_aureus_8325,gene_0e610b659fac,1.0,high,nad-specific glutamate dehydrogenase,glutamate dehydrogenase,1
Staphylococcus_aureus_8325,gene_f0c1b474c961,1.0,high,argininosuccinate synthase,argininosuccinate synthase,1
Staphylococcus_aureus_8325,gene_959ebfed6851,1.0,high,inactive signal peptidase ia,signal peptidase IA,1
Staphylococcus_aureus_8325,gene_d7a605a8e7d0,1.0,high,3-oxoacyl- synthase 2,3-oxoacyl- synthase,1
Staphylococcus_aureus_8325,gene_fa0cb15675e2,0.5795,moderate,2-isopropylmalate synthase,2-isopropylmalate synthase,1
Staphylococcus_aureus_8325,gene_01b825973fde,0.9161,high,oligopeptide transport atp-binding protein oppf,oligopeptide ABC transporter ATP-binding protein,1
Staphylococcus_aureus_8325,gene_553048b316d9,1.0,high,beta-ketoacyl- synthase iii,3-oxoacyl-ACP synthase III,0
Staphylococcus_aureus_8325,gene_ebbe5ccd34ff,0.496,low,dipeptide-binding protein,oligopeptide ABC transporter substrate-binding protein,0
Staphylococcus_aureus_8325,gene_a8a71513d937,1.0,high,na(+)/h(+) antiporter subunit g1,monovalent cation/H+ antiporter subunit G,1
Staphylococcus_aureus_8325,gene_0f7a8c4efe70,0.4251,low,oligopeptide transport system permease protein appb,oligopeptide ABC transporter permease,0
Staphylococcus_aureus_8325,gene_edebe077a493,0.4929,low,oligopeptide transport system permease protein appc,oligopeptide ABC transporter permease,0
Staphylococcus_aureus_8325,gene_88a43af9234f,0.7594,moderate,peptide abc transporter atp-binding protein y4tr,oligopeptide ABC transporter ATP-binding protein,1
Staphylococcus_aureus_8325,gene_9fffd2e48602,1.0,high,global transcriptional regulator spx,transcriptional regulator Spx,1
Staphylococcus_aureus_8325,gene_a3cf36aeceb4,1.0,high,adapter protein meca,adaptor protein MecA,0
Staphylococcus_aureus_8325,gene_c0e8e8759e59,0.613,moderate,oligopeptidase pepf,oligoendopeptidase F,0
Staphylococcus_aureus_8325,gene_f1744d05279e,0.4577,low,gtp pyrophosphokinase yjbm,GTP pyrophosphokinase,1
Staphylococcus_aureus_8325,gene_d2d0cf8f8fc4,0.8175,high,oligopeptide transport atp-binding protein appf,oligopeptide ABC transporter ATP-binding protein,1
Staphylococcus_aureus_8325,gene_7806526dc5a5,1.0,high,chaperone protein clpb,ATP-dependent Clp protease ATP-binding subunit ClpB,0
Staphylococcus_aureus_8325,gene_d315bf8ebb71,1.0,high,enoyl- reductase fabi,enoyl-(acyl carrier protein) reductase,1
Staphylococcus_aureus_8325,gene_a2fe05021aab,1.0,high,processive diacylglycerol beta-glucosyltransferase,diacylglycerol glucosyltransferase,1
Staphylococcus_aureus_8325,gene_b152434bd821,1.0,high,nad kinase,inorganic polyphosphate/ATP-NAD kinase,1
Staphylococcus_aureus_8325,gene_53c6ea00fe2c,0.4451,low,magnesium transporter mgte,magnesium transporter,1
Staphylococcus_aureus_8325,gene_13400b30ab68,1.0,high,udp-n-acetylmuramoyl-l-alanyl-d-glutamate--l-lysine ligase,UDP-N-acetylmuramoylalanyl-D-glutamate--L-lysine ligase,1
Staphylococcus_aureus_8325,gene_94dd089e3466,0.9443,high,lipoate--protein ligase 1,lipoyltransferase and lipoate-protein ligase,1
Staphylococcus_aureus_8325,gene_5fe7577e68ff,1.0,high,tryptophan--trna ligase,tryptophanyl-tRNA synthetase,0
Staphylococcus_aureus_8325,gene_3327f4665873,1.0,high,peptide chain release factor 3,peptide chain release factor 3,1
Staphylococcus_aureus_8325,gene_e20b26c7d4a4,1.0,high,2-succinyl-5-enolpyruvyl-6-hydroxy-3-cyclohexene-1-carboxylate synthase,"2-succinyl-6-hydroxy-2, 4-cyclohexadiene-1-carboxylic acid synthase/2-oxoglutarate decarboxylase",0
Staphylococcus_aureus_8325,gene_01ad719eb9b3,1.0,high,staphostatin b,cysteine protease,0
Staphylococcus_aureus_8325,gene_c924c5afa327,0.302,low,2-succinyl-6-hydroxy-2,"2-succinyl-6-hydroxy-2, 4-cyclohexadiene-1-carboxylate synthase",1
Staphylococcus_aureus_8325,gene_1eb3537b92f4,1.0,high,glutamyl endopeptidase,glutamyl endopeptidase,1
Staphylococcus_aureus_8325,gene_e5292c856f9e,1.0,high,serine protease htra-like,serine protease HtrA,1
Staphylococcus_aureus_8325,gene_cb3836aa1ed8,1.0,high,teichoic acid d-alanine hydrolase,methicillin resistance protein FmtA,0
Staphylococcus_aureus_8325,gene_a716f76d6c32,1.0,high,quinol oxidase subunit 4,quinol oxidase subunit IV,1
Staphylococcus_aureus_8325,gene_b3eae2bd14ff,1.0,high,quinol oxidase subunit 3,cytochrome c oxidase subunit III,0
Staphylococcus_aureus_8325,gene_d4858df794c0,1.0,high,quinol oxidase subunit 2,quinol oxidase AA3 subunit II,1
Staphylococcus_aureus_8325,gene_fcc9f6d1d547,1.0,high,bifunctional autolysin,bifunctional autolysin,1
Staphylococcus_aureus_8325,gene_1f81a21b983a,0.664,moderate,n5-carboxyaminoimidazole ribonucleotide mutase,5-(carboxyamino)imidazole ribonucleotide mutase,1
Staphylococcus_aureus_8325,gene_d13a03673559,1.0,high,phosphoribosylaminoimidazole-succinocarboxamide synthase,phosphoribosylaminoimidazole-succinocarboxamide synthase,1
Staphylococcus_aureus_8325,gene_28fd5b050ce8,0.28,speculative,phosphoribosylformylglycinamidine synthase subunit purs,phosphoribosylformylglycinamidine synthase PurS,1
Staphylococcus_aureus_8325,gene_23eb9b227795,1.0,high,phosphoribosylformylglycinamidine synthase subunit purq,phosphoribosylformylglycinamidine synthase I,1
Staphylococcus_aureus_8325,gene_cdc7bb900441,1.0,high,phosphoribosylformylglycinamidine cyclo-ligase,phosphoribosylaminoimidazole synthetase,0
Staphylococcus_aureus_8325,gene_e87e7ff31b9a,1.0,high,phosphoribosylglycinamide formyltransferase,phosphoribosylglycinamide formyltransferase,1
Staphylococcus_aureus_8325,gene_150670d1b854,1.0,high,n5-carboxyaminoimidazole ribonucleotide synthase,5-(carboxyamino)imidazole ribonucleotide synthase,1
Staphylococcus_aureus_8325,gene_fef42a23a33a,1.0,high,bifunctional purine biosynthesis protein purh,bifunctional phosphoribosylaminoimidazolecarboxamide formyltransferase/IMP cyclohydrolase,0
Staphylococcus_aureus_8325,gene_eace7c1fe742,1.0,high,amidophosphoribosyltransferase,amidophosphoribosyltransferase,1
Staphylococcus_aureus_8325,gene_364c6af8e1a5,1.0,high,bifunctional protein fold,"bifunctional 5,10-methylene-tetrahydrofolate dehydrogenase/ 5,10-methylene-tetrahydrofolate cyclohydrolase",0
Staphylococcus_aureus_8325,gene_47edac8b4017,1.0,high,phosphoribosylformylglycinamidine synthase subunit purl,phosphoribosylformylglycinamidine synthase II,1
Staphylococcus_aureus_8325,gene_0484630a32a5,1.0,high,phosphocarrier protein hpr,phosphocarrier protein HPr,1
Staphylococcus_aureus_8325,gene_bd4bad5a800f,0.324,low,cytochrome bd menaquinol oxidase subunit i,cytochrome d ubiquinol oxidase subunit I,1
Staphylococcus_aureus_8325,gene_b616635a8800,1.0,high,phosphoenolpyruvate-protein phosphotransferase,phosphoenolpyruvate-protein phosphotransferase,1
Staphylococcus_aureus_8325,gene_351714c1b7a4,1.0,high,staphopain b,cysteine protease,0
Staphylococcus_aureus_8325,gene_fc25a9c15c1b,1.0,high,peptide deformylase,peptide deformylase,1
Staphylococcus_aureus_8325,gene_fc09aabcc662,1.0,high,pyruvate dehydrogenase e1 component subunit alpha,"pyruvate dehydrogenase complex, E1 component subunit alpha",1
Staphylococcus_aureus_8325,gene_cf2a22a7b481,1.0,high,quinol oxidase subunit 1,quinol oxidase subunit I,1
Staphylococcus_aureus_8325,gene_618b326cfb22,1.0,high,dihydrolipoyllysine-residue acetyltransferase component of pyruvate dehydrogenase complex,branched-chain alpha-keto acid dehydrogenase subunit E2,0
Staphylococcus_aureus_8325,gene_8acf8a727b15,0.218,speculative,cytochrome bd menaquinol oxidase subunit ii,cytochrome d ubiquinol oxidase subunit II,1
Staphylococcus_aureus_8325,gene_e0729feaf00d,0.319,low,putrescine transport system permease protein poth,spermidine/putrescine ABC transporter permease,0
Staphylococcus_aureus_8325,gene_d75d4f5a165e,0.4669,low,spermidine/putrescine transport system permease protein potc,spermidine/putrescine ABC transporter permease,1
Staphylococcus_aureus_8325,gene_76bb74ac9303,1.0,high,phosphoribosylamine--glycine ligase,phosphoribosylamine--glycine ligase,1
Staphylococcus_aureus_8325,gene_78ba1dd47176,0.438,low,spermidine/putrescine-binding periplasmic protein,spermidine/putrescine ABC transporter substrate-binding protein,1
Staphylococcus_aureus_8325,gene_e7ce8b1df552,1.0,high,pyruvate dehydrogenase e1 component subunit beta,"pyruvate dehydrogenase complex, E1 component subunit beta",1
Staphylococcus_aureus_8325,gene_4002febcac4e,0.9093,high,large ribosomal subunit assembly factor bipa,GTP-binding protein TypA,0
Staphylococcus_aureus_8325,gene_7a506cd1b9f3,1.0,high,spermidine/putrescine import atp-binding protein pota,ABC transporter,0
Staphylococcus_aureus_8325,gene_2c845743aeb4,1.0,high,heme a synthase,heme A synthase,1
Staphylococcus_aureus_8325,gene_dc61862e806a,1.0,high,divalent metal cation transporter mnth,manganese transport protein MntH,0
Staphylococcus_aureus_8325,gene_647360949a45,1.0,high,protoheme ix farnesyltransferase,protoheme IX farnesyltransferase,1
Staphylococcus_aureus_8325,gene_e818af1d48ee,1.0,high,phosphopantetheine adenylyltransferase,phosphopantetheine adenylyltransferase,1
Staphylococcus_aureus_8325,gene_26b8012dc4ed,1.0,high,iron-regulated surface determinant protein b,neurofilament protein,0
Staphylococcus_aureus_8325,gene_29a2dff7f319,1.0,high,dihydrolipoyl dehydrogenase,dihydrolipoamide dehydrogenase,0
Staphylococcus_aureus_8325,gene_3b5a4d792a01,1.0,high,heme-iron transport system permease protein isdf,iron compound ABC transporter permease,0
Staphylococcus_aureus_8325,gene_a4d5a09fbfc1,1.0,high,heme oxygenase (staphylobilin-producing) 1,heme-degrading monooxygenase IsdG,0
Staphylococcus_aureus_8325,gene_f432caf17191,1.0,high,phenylalanine--trna ligase alpha subunit,phenylalanyl-tRNA synthetase subunit alpha,0
Staphylococcus_aureus_8325,gene_12395280df9e,1.0,high,ribonuclease hiii,ribonuclease HIII,1
Staphylococcus_aureus_8325,gene_803b25ca48af,1.0,high,heme-iron transport system permease protein isdf,iron compound ABC transporter permease,0
Staphylococcus_aureus_8325,gene_b84e2e1065c3,1.0,high,uvrabc system protein c,excinuclease ABC subunit C,0
Staphylococcus_aureus_8325,gene_48cb3ef29704,0.7616,moderate,inositol-1-monophosphatase,inositol monophosphatase family protein,1
Staphylococcus_aureus_8325,gene_17b84d9b2b5d,0.792,moderate,succinate dehydrogenase flavoprotein subunit,succinate dehydrogenase flavoprotein subunit,1
Staphylococcus_aureus_8325,gene_c209829d45d6,1.0,high,thioredoxin,thioredoxin,1
Staphylococcus_aureus_8325,gene_47c77ac6c762,1.0,high,ditp/xtp pyrophosphatase,nucleoside-triphosphatase,0
Staphylococcus_aureus_8325,gene_7a539f1bb53e,1.0,high,succinate dehydrogenase iron-sulfur subunit,succinate dehydrogenase iron-sulfur subunit,1
Staphylococcus_aureus_8325,gene_dd44d5e11319,1.0,high,fibrinogen-binding protein,fibrinogen-binding protein,1
Staphylococcus_aureus_8325,gene_295c52762a24,1.0,high,alpha-hemolysin,alpha-hemolysin,1
Staphylococcus_aureus_8325,gene_a17470b675be,1.0,high,fprl1 inhibitory protein,formyl peptide receptor-like 1 inhibitory protein,0
Staphylococcus_aureus_8325,gene_654b9d446fc5,0.671,moderate,superantigen-like protein 13,superantigen-like protein,1
Staphylococcus_aureus_8325,gene_936d09e6753f,0.835,high,superantigen-like protein 13,superantigen-like protein,1
Staphylococcus_aureus_8325,gene_0ee81b8dad88,1.0,high,carbamate kinase 1,carbamate kinase,1
Staphylococcus_aureus_8325,gene_1e361b37b07b,1.0,high,superantigen-like protein 13,superantigen-like protein,1
Staphylococcus_aureus_8325,gene_524dfc524850,1.0,high,ornithine carbamoyltransferase,ornithine carbamoyltransferase,1
Staphylococcus_aureus_8325,gene_c96f94e299f9,1.0,high,transcriptional regulator mraz,cell division protein MraZ,0
Staphylococcus_aureus_8325,gene_34a21b1ebbfb,0.95,high,cell division protein ftsl,cell division protein,1
Staphylococcus_aureus_8325,gene_93ec27113641,1.0,high,phospho-n-acetylmuramoyl-pentapeptide-transferase,phospho-N-acetylmuramoyl-pentapeptide- transferase,1
Staphylococcus_aureus_8325,gene_9f4fb0bc8142,1.0,high,phenylalanine--trna ligase beta subunit,phenylalanyl-tRNA synthetase subunit beta,0
Staphylococcus_aureus_8325,gene_f8ea61c13e65,1.0,high,cell division protein divib,cell division protein,1
Staphylococcus_aureus_8325,gene_46d23f8a0ece,1.0,high,cell division protein ftsa,cell division protein,1
Staphylococcus_aureus_8325,gene_1ffaab10a61b,0.6204,moderate,succinate dehydrogenase cytochrome b558 subunit,succinate dehydrogenase cytochrome b-558 subunit,1
Staphylococcus_aureus_8325,gene_dd503f169613,1.0,high,udp-n-acetylmuramoylalanine--d-glutamate ligase,UDP-N-acetylmuramoyl-L-alanyl-D-glutamate synthetase,0
Staphylococcus_aureus_8325,gene_8551f3c66d76,1.0,high,endonuclease muts2,recombination and DNA strand exchange inhibitor protein,0
Staphylococcus_aureus_8325,gene_8b1d471c19a9,1.0,high,lipoprotein signal peptidase,lipoprotein signal peptidase,1
Staphylococcus_aureus_8325,gene_2b1cbf9b8a81,1.0,high,glutamate racemase,glutamate racemase,1
Staphylococcus_aureus_8325,gene_96508c22f6d3,1.0,high,bifunctional protein pyrr,bifunctional pyrimidine regulatory protein PyrR/uracil phosphoribosyltransferase,1
Staphylococcus_aureus_8325,gene_f5a347dd1a56,1.0,high,aspartate carbamoyltransferase catalytic subunit,aspartate carbamoyltransferase catalytic subunit,1
Staphylococcus_aureus_8325,gene_c1e7379b215e,1.0,high,isoleucine--trna ligase,isoleucyl-tRNA synthetase,0
Staphylococcus_aureus_8325,gene_11628254ef74,1.0,high,carbamoyl phosphate synthase small chain,carbamoyl phosphate synthase small subunit,1
Staphylococcus_aureus_8325,gene_978c18134722,1.0,high,ribosomal rna small subunit methyltransferase h,16S rRNA (cytosine(1402)-N(4))-methyltransferase,0
Staphylococcus_aureus_8325,gene_ad2bb709b045,1.0,high,orotidine 5'-phosphate decarboxylase,orotidine 5'-phosphate decarboxylase,1
Staphylococcus_aureus_8325,gene_b389ac2d5c2b,1.0,high,orotate phosphoribosyltransferase,orotate phosphoribosyltransferase,1
Staphylococcus_aureus_8325,gene_cdcdb0582f34,1.0,high,cell division protein ftsz,cell division protein FtsZ,1
Staphylococcus_aureus_8325,gene_a6977446287d,1.0,high,guanylate kinase,guanylate kinase,1
Staphylococcus_aureus_8325,gene_a6fbe9957b97,1.0,high,dna-directed rna polymerase subunit omega,DNA-directed RNA polymerase subunit omega,1
Staphylococcus_aureus_8325,gene_059318183d3e,1.0,high,dihydroorotase,dihydroorotase,1
Staphylococcus_aureus_8325,gene_fcaa70b3e7bc,0.5692,moderate,coenzyme a biosynthesis bifunctional protein coabc,bifunctional phosphopantothenoylcysteine decarboxylase/phosphopantothenate--cysteine ligase,0
Staphylococcus_aureus_8325,gene_413820173635,1.0,high,peptide deformylase-like,peptide deformylase,1
Staphylococcus_aureus_8325,gene_dd2598cd09eb,1.0,high,methionyl-trna formyltransferase,methionyl-tRNA formyltransferase,1
Staphylococcus_aureus_8325,gene_55e44dadfd8e,1.0,high,dual-specificity rna methyltransferase rlmn,23S rRNA (adenine(2503)-C(2))-methyltransferase RlmN,0
Staphylococcus_aureus_8325,gene_b37a19723f5a,0.7265,moderate,Metabolism-related protein,penicillin-binding protein 1,0
Staphylococcus_aureus_8325,gene_4c29729303e8,0.5759,moderate,ribosomal rna small subunit methyltransferase b,16S rRNA (cytosine(967)-C(5))-methyltransferase,0
Staphylococcus_aureus_8325,gene_ad1455d7f714,0.674,moderate,ribulose-phosphate 3-epimerase,ribulose-phosphate 3-epimerase,1
Staphylococcus_aureus_8325,gene_67151c5b4df6,1.0,high,large ribosomal subunit protein bl28,50S ribosomal protein L28,0
Staphylococcus_aureus_8325,gene_37a4bbdb35a7,0.518,moderate,rqc2 homolog rqch,fibrinogen-binding protein A-like protein,0
Staphylococcus_aureus_8325,gene_8c757a9ae102,1.0,high,atp-dependent dna helicase recg,ATP-dependent DNA helicase RecG,1
Staphylococcus_aureus_8325,gene_a61efd42c300,1.0,high,transcription factor fapr,fatty acid biosynthesis transcriptional regulator,0
Staphylococcus_aureus_8325,gene_02074b5f0b07,1.0,high,malonyl coa-acyl carrier protein transacylase,malonyl CoA-acyl carrier protein transacylase,1
Staphylococcus_aureus_8325,gene_c51f27b5ba3f,1.0,high,3-oxoacyl- reductase fabg,3-oxoacyl-(acyl-carrier-protein) reductase,1
Staphylococcus_aureus_8325,gene_32e567acd4df,1.0,high,acyl carrier protein,acyl carrier protein,1
Staphylococcus_aureus_8325,gene_13d90960a502,1.0,high,ribonuclease 3,ribonuclease III,1
Staphylococcus_aureus_8325,gene_7742594ad4ae,1.0,high,carbamoyl phosphate synthase large chain,carbamoyl phosphate synthase large subunit,1
Staphylococcus_aureus_8325,gene_042cc5d1f376,1.0,high,Metabolism-related protein,signal recognition particle-docking protein FtsY,0
Staphylococcus_aureus_8325,gene_958a2dc8a446,1.0,high,upf0122 protein sa1079,DNA-binding protein,0
Staphylococcus_aureus_8325,gene_65a08920c3d1,1.0,high,Metabolism-related protein,signal recognition particle protein,0
Staphylococcus_aureus_8325,gene_118f5832f98a,1.0,high,small ribosomal subunit protein bs16,30S ribosomal protein S16,0
Staphylococcus_aureus_8325,gene_9a36202b6637,1.0,high,ribosome maturation factor rimm,16S rRNA-processing protein RimM,0
Staphylococcus_aureus_8325,gene_e609e138cf90,1.0,high,trna (guanine-n(1)-)-methyltransferase,tRNA (guanine-N(1)-)-methyltransferase,1
Staphylococcus_aureus_8325,gene_4eabf618eb62,1.0,high,large ribosomal subunit protein bl19,50S ribosomal protein L19,0
Staphylococcus_aureus_8325,gene_475feeeee02d,0.8268,high,ribosome biogenesis gtpase a,ribosomal biogenesis GTPase,1
Staphylococcus_aureus_8325,gene_ccc6291a376c,1.0,high,ribonuclease hii,ribonuclease HII,1
Staphylococcus_aureus_8325,gene_e198935c5034,1.0,high,succinate--coa ligase subunit beta,succinyl-CoA synthetase subunit beta,0
Staphylococcus_aureus_8325,gene_288d01d0831a,1.0,high,cell wall hydrolase lytn,cell wall hydrolase,1
Staphylococcus_aureus_8325,gene_aefc9f03b51b,1.0,high,methylenetetrahydrofolate--trna-(uracil-5-)-methyltransferase trmfo,tRNA (uracil-5-)-methyltransferase Gid,1
Staphylococcus_aureus_8325,gene_346b54d6487f,1.0,high,phosphate acyltransferase,glycerol-3-phosphate acyltransferase PlsX,1
Staphylococcus_aureus_8325,gene_9e660b6cf29a,1.0,high,atp-dependent protease subunit hslv,ATP-dependent protease peptidase subunit,1
Staphylococcus_aureus_8325,gene_c1838f5c9950,1.0,high,atp-dependent protease atpase subunit hslu,ATP-dependent protease ATP-binding subunit HslU,1
Staphylococcus_aureus_8325,gene_c22dabeeb2c0,0.675,moderate,replication restart protein pria,primosomal protein N,0
Staphylococcus_aureus_8325,gene_fb4e6a05715a,1.0,high,dna topoisomerase 1,DNA topoisomerase I,1
Staphylococcus_aureus_8325,gene_771d7a04b68e,1.0,high,uridylate kinase,uridylate kinase,1
Staphylococcus_aureus_8325,gene_6b546e0e01cb,1.0,high,ribosome-recycling factor,ribosome recycling factor,1
Staphylococcus_aureus_8325,gene_fc6903c56d29,1.0,high,isoprenyl transferase,undecaprenyl pyrophosphate synthase,0
Staphylococcus_aureus_8325,gene_fd2bbe248c47,0.7433,moderate,Metabolism-related protein,SMC domain-containing protein,0
Staphylococcus_aureus_8325,gene_17bd14af3036,0.9132,high,Replication-related protein,uracil permease,0
Staphylococcus_aureus_8325,gene_663b74b3a2c6,1.0,high,global transcriptional regulator cody,transcriptional repressor CodY,1
Staphylococcus_aureus_8325,gene_6b2745943e12,1.0,high,dna polymerase iii polc-type,DNA polymerase III PolC,1
Staphylococcus_aureus_8325,gene_a14e28eb486c,0.6807,moderate,transcription termination/antitermination protein nusa,transcription elongation factor NusA,0
Staphylococcus_aureus_8325,gene_552639160030,1.0,high,ribosome-binding factor a,ribosome-binding factor A,1
Staphylococcus_aureus_8325,gene_79f08c5bb783,1.0,high,trna pseudouridine synthase b,tRNA pseudouridine synthase B,1
Staphylococcus_aureus_8325,gene_72f924bd0080,1.0,high,phosphatidate cytidylyltransferase,phosphatidate cytidylyltransferase,1
Staphylococcus_aureus_8325,gene_9f281c46d274,1.0,high,small ribosomal subunit protein us15,30S ribosomal protein S15,0
Staphylococcus_aureus_8325,gene_11bd344f6d9f,1.0,high,proline--trna ligase,prolyl-tRNA synthetase,0
Staphylococcus_aureus_8325,gene_fe4ff0a7b09c,1.0,high,translation initiation factor if-2,translation initiation factor IF-2,1
Staphylococcus_aureus_8325,gene_df3be784d10b,1.0,high,elongation factor ts,elongation factor Ts,1
Staphylococcus_aureus_8325,gene_e5fba29cbff0,0.565,moderate,competence-damage inducible protein,competence-damage inducible protein cinA,1
Staphylococcus_aureus_8325,gene_8cd4863a4330,1.0,high,ribonuclease y,phosphodiesterase,0
Staphylococcus_aureus_8325,gene_2a80d4b83d05,0.5039,moderate,2-oxoacid:ferredoxin oxidoreductase 1,2-oxoglutarate ferredoxin oxidoreductase subunit beta,1
Staphylococcus_aureus_8325,gene_452eee80e587,1.0,high,succinate--coa ligase subunit alpha,succinyl-CoA synthetase subunit alpha,0
Staphylococcus_aureus_8325,gene_98ab319f7524,1.0,high,tyrosine recombinase xerc,site-specific recombinase,0
Staphylococcus_aureus_8325,gene_16dd5cb6a198,1.0,high,protein reca,recombinase A,0
Staphylococcus_aureus_8325,gene_fc0a63dc2986,0.326,low,glycerol uptake operon antiterminator regulatory protein,glycerol uptake operon antiterminator regulatory protein,1
Staphylococcus_aureus_8325,gene_c1de670edf84,1.0,high,glycerol kinase,glycerol kinase,1
Staphylococcus_aureus_8325,gene_bfb0e2a1e59d,0.602,moderate,rna-binding protein hfq,host factor 1 protein,0
Staphylococcus_aureus_8325,gene_ed924b346f82,1.0,high,polyribonucleotide nucleotidyltransferase,polynucleotide phosphorylase/polyadenylase,0
Staphylococcus_aureus_8325,gene_255df91ed851,0.6215,moderate,hth-type transcriptional regulator glnr,glutamine synthetase repressor,0
Staphylococcus_aureus_8325,gene_47483aeb70cd,1.0,high,aerobic glycerol-3-phosphate dehydrogenase,aerobic glycerol-3-phosphate dehydrogenase,1
Staphylococcus_aureus_8325,gene_584a20737587,1.0,high,dna mismatch repair protein mutl,DNA mismatch repair protein,1
Staphylococcus_aureus_8325,gene_b97bb37a644f,1.0,high,trna dimethylallyltransferase,tRNA delta(2)-isopentenylpyrophosphate transferase,0
Staphylococcus_aureus_8325,gene_1348a3eb256b,1.0,high,dna mismatch repair protein muts,DNA mismatch repair protein MutS,1
Staphylococcus_aureus_8325,gene_3e6097eb5481,0.7,moderate,thermonuclease,thermonuclease,1
Staphylococcus_aureus_8325,gene_ffefa4660ce4,1.0,high,glutathione peroxidase homolog bsaa,glutathione peroxidase,1
Staphylococcus_aureus_8325,gene_80e6eb419a96,0.5194,moderate,aspartokinase 3,aspartate kinase,0
Staphylococcus_aureus_8325,gene_9f9dc4c627cf,0.6964,moderate,homoserine dehydrogenase,homoserine dehydrogenase,1
Staphylococcus_aureus_8325,gene_5dceab3d906c,1.0,high,trna-2-methylthio-n(6)-dimethylallyladenosine synthase,(dimethylallyl)adenosine tRNA methylthiotransferase,0
Staphylococcus_aureus_8325,gene_c91a7d755869,1.0,high,homoserine kinase,homoserine kinase,1
Staphylococcus_aureus_8325,gene_3ba8de4b14eb,1.0,high,catalase,catalase,1
Staphylococcus_aureus_8325,gene_ce0928e5fc4f,1.0,high,large ribosomal subunit protein bl33a,50S ribosomal protein L33,0
Staphylococcus_aureus_8325,gene_197001a8695a,1.0,high,small ribosomal subunit protein us14a,30S ribosomal protein S14,0
Staphylococcus_aureus_8325,gene_7369ab6744ff,1.0,high,gmp reductase,guanosine 5'-monophosphate oxidoreductase,0
Staphylococcus_aureus_8325,gene_6e7c3cd2c6a4,1.0,high,lexa repressor,LexA repressor,1
Staphylococcus_aureus_8325,gene_e154bfb31ec3,1.0,high,large-conductance mechanosensitive channel,large-conductance mechanosensitive channel,1
Staphylococcus_aureus_8325,gene_0d6ed37368a2,0.7655,moderate,glycine betaine transporter opud,glycine betaine transporter,1
Staphylococcus_aureus_8325,gene_3b6ae3d61c4a,1.0,high,aconitate hydratase a,aconitate hydratase,1
Staphylococcus_aureus_8325,gene_5a6cc1dd9b09,0.9369,high,threonine synthase,threonine synthase,1
Staphylococcus_aureus_8325,gene_f1a00ee30b51,1.0,high,glutamine transporter alst,sodium:alanine symporter family protein,0
Staphylococcus_aureus_8325,gene_6e014a9ffc1b,1.0,high,transketolase,transketolase,1
Staphylococcus_aureus_8325,gene_72f0bd468e9d,1.0,high,cdp-diacylglycerol--glycerol-3-phosphate 3-phosphatidyltransferase,CDP-diacylglycerol--glycerol-3-phosphate 3-phosphatidyltransferase,1
Staphylococcus_aureus_8325,gene_9492f30c9a96,1.0,high,peptide methionine sulfoxide reductase msra 1,methionine sulfoxide reductase A,1
Staphylococcus_aureus_8325,gene_286521e95131,1.0,high,regulatory protein msrr,transcriptional regulator,0
Staphylococcus_aureus_8325,gene_c52044855c87,1.0,high,protein glct,transcription antiterminator,0
Staphylococcus_aureus_8325,gene_c6cd395e698b,1.0,high,dna topoisomerase 4 subunit a,DNA topoisomerase IV subunit A,1
Staphylococcus_aureus_8325,gene_cf2819e60b15,0.5047,moderate,anthranilate synthase component 2,anthranilate synthase component II,1
Staphylococcus_aureus_8325,gene_0961af79701e,1.0,high,dna topoisomerase 4 subunit b,DNA topoisomerase IV subunit B,1
Staphylococcus_aureus_8325,gene_733e1c1ce8ac,1.0,high,indole-3-glycerol phosphate synthase,indole-3-glycerol-phosphate synthase,1
Staphylococcus_aureus_8325,gene_8fbdb98b7c6c,1.0,high,n-(5'-phosphoribosyl)anthranilate isomerase,N-(5'-phosphoribosyl)anthranilate isomerase,1
Staphylococcus_aureus_8325,gene_40a87d2802fe,1.0,high,anthranilate phosphoribosyltransferase,anthranilate phosphoribosyltransferase,1
Staphylococcus_aureus_8325,gene_aeefb7001e76,1.0,high,tryptophan synthase alpha chain,tryptophan synthase subunit alpha,1
Staphylococcus_aureus_8325,gene_735ccfcfcafa,1.0,high,aminoacyltransferase fema,methicillin resistance factor FemA,0
Staphylococcus_aureus_8325,gene_fe6079228520,1.0,high,glutamine synthetase,glutamine synthetase,1
Staphylococcus_aureus_8325,gene_53760e4d4d4b,1.0,high,prephenate dehydrogenase,prephenate dehydrogenase,1
Staphylococcus_aureus_8325,gene_cf77725ccedd,1.0,high,nickel import system atp-binding protein nikd,peptide ABC transporter ATP-binding protein,0
Staphylococcus_aureus_8325,gene_b557e81c081f,1.0,high,nickel import system permease protein nikc,oligopeptide transporter permease,0
Staphylococcus_aureus_8325,gene_30b09808195e,1.0,high,nickel import system permease protein nikb,oligopeptide transporter permease,0
Staphylococcus_aureus_8325,gene_32a699c31510,0.4687,low,anthranilate synthase component 1,anthranilate synthase component I,1
Staphylococcus_aureus_8325,gene_9af1ff7b7387,0.4115,low,abc transporter permease protein yqgi,phosphate ABC transporter permease,1
Staphylococcus_aureus_8325,gene_de2c08445566,1.0,high,tautomerase sa1195.1,4-oxalocrotonate tautomerase,0
Staphylococcus_aureus_8325,gene_c16d270101c9,1.0,high,phosphate-binding protein psts,phosphate ABC transporter substrate-binding protein,0
Staphylococcus_aureus_8325,gene_9e41626b5d2f,1.0,high,phosphate import atp-binding protein pstb,phosphate transporter ATP-binding protein,1
Staphylococcus_aureus_8325,gene_f6eb06c2ec26,1.0,high,nickel import system atp-binding protein nike,oligopeptide ABC transporter ATP-binding protein,0
Staphylococcus_aureus_8325,gene_20f2c60dc9f6,0.5659,moderate,aspartate-semialdehyde dehydrogenase,aspartate semialdehyde dehydrogenase,1
Staphylococcus_aureus_8325,gene_130b6414d6aa,1.0,high,4-hydroxy-tetrahydrodipicolinate synthase,4-hydroxy-tetrahydrodipicolinate synthase,1
Staphylococcus_aureus_8325,gene_c15e2978f6b5,0.6139,moderate,aspartokinase 2,aspartate kinase,0
Staphylococcus_aureus_8325,gene_76c880d4cf79,1.0,high,alanine racemase 2,alanine racemase,1
Staphylococcus_aureus_8325,gene_773d7e273b78,1.0,high,4-hydroxy-tetrahydrodipicolinate reductase,4-hydroxy-tetrahydrodipicolinate reductase,1
Staphylococcus_aureus_8325,gene_2c0eeb6dbe29,1.0,high,cold shock protein cspa,cold shock protein,1
Staphylococcus_aureus_8325,gene_a43c64522867,1.0,high,acylphosphatase,acylphosphatase,1
Staphylococcus_aureus_8325,gene_cd9ce641b840,1.0,high,diaminopimelate decarboxylase,diaminopimelate decarboxylase,1
Staphylococcus_aureus_8325,gene_5c9032945065,1.0,high,branched-chain amino acid carrier protein sausa300_1300,branched-chain amino acid transport system II carrier protein,1
Staphylococcus_aureus_8325,gene_6280ecd9b5a2,1.0,high,dihydrolipoyllysine-residue succinyltransferase component of 2-oxoglutarate dehydrogenase complex,dihydrolipoamide succinyltransferase,0
Staphylococcus_aureus_8325,gene_52f5e05dffa5,0.482,low,phosphate-specific transport system accessory protein phou homolog,PhoU family transcriptional regulator,0
Staphylococcus_aureus_8325,gene_6eab09687a4c,1.0,high,response regulator arlr,DNA-binding response regulator,1
Staphylococcus_aureus_8325,gene_86cd261219e6,1.0,high,aminoacyltransferase femb,methicillin resistance factor,0
Staphylococcus_aureus_8325,gene_151f139fa4c0,1.0,high,pts system glucose-specific eiia component,PTS system transporter subunit IIA,0
Staphylococcus_aureus_8325,gene_24ec8a406c11,1.0,high,peptide methionine sulfoxide reductase msrb,methionine sulfoxide reductase B,1
Staphylococcus_aureus_8325,gene_f086deba4b89,1.0,high,dihydrofolate reductase,dihydrofolate reductase,1
Staphylococcus_aureus_8325,gene_43dbb3f1f00a,1.0,high,thymidylate synthase,thymidylate synthase,1
Staphylococcus_aureus_8325,gene_dcfc4feb36ba,1.0,high,udp-n-acetylglucosamine--n-acetylmuramyl-(pentapeptide) pyrophosphoryl-undecaprenol n-acetylglucosamine transferase,undecaprenyldiphospho-muramoylpentapeptide beta-N- acetylglucosaminyltransferase,0
Staphylococcus_aureus_8325,gene_0c58fefca184,1.0,high,peptide methionine sulfoxide reductase msra 2,methionine sulfoxide reductase A,1
Staphylococcus_aureus_8325,gene_f98757e3ecd7,1.0,high,tryptophan synthase beta chain,tryptophan synthase subunit beta,1
Staphylococcus_aureus_8325,gene_2c791b71f334,0.789,moderate,endonuclease iii,endonuclease III,1
Staphylococcus_aureus_8325,gene_99fe651f413e,1.0,high,asparagine--trna ligase,asparaginyl-tRNA synthetase,0
Staphylococcus_aureus_8325,gene_d26ab5828e9b,1.0,high,l-threonine dehydratase catabolic tdcb,threonine dehydratase,1
Staphylococcus_aureus_8325,gene_67f2d22d082e,0.3362,low,bifunctional ligase/repressor bira,bifunctional biotin operon repressor/biotin--[acetyl-CoA-carboxylase] synthetase BirA,0
Staphylococcus_aureus_8325,gene_e5cd3c4ff400,1.0,high,alanine dehydrogenase 1,alanine dehydrogenase,1
Staphylococcus_aureus_8325,gene_ccdb8b2c0458,1.0,high,holliday junction resolvase recu,Holliday junction-specific endonuclease,0
Staphylococcus_aureus_8325,gene_6074218808ca,0.428,low,penicillin-binding protein 1a/1b,penicillin-binding protein 2,1
Staphylococcus_aureus_8325,gene_555ad2c60ecc,1.0,high,3-phosphoshikimate 1-carboxyvinyltransferase,3-phosphoshikimate 1-carboxyvinyltransferase,1
Staphylococcus_aureus_8325,gene_8b08a688cf80,1.0,high,3-dehydroquinate synthase,3-dehydroquinate synthase,1
Staphylococcus_aureus_8325,gene_bf9e75697b62,1.0,high,nucleoside diphosphate kinase,nucleoside diphosphate kinase,1
Staphylococcus_aureus_8325,gene_cc73f11fc143,1.0,high,cca-adding enzyme,tRNA CCA-pyrophosphorylase,0
Staphylococcus_aureus_8325,gene_abff64040f0a,1.0,high,demethylmenaquinone methyltransferase,ubiquinone/menaquinone biosynthesis methyltransferase,0
Staphylococcus_aureus_8325,gene_1097830a0b14,1.0,high,dna-binding protein hu,DNA-binding protein HU,1
Staphylococcus_aureus_8325,gene_b4587ebfaf0f,1.0,high,3'-5' exonuclease ding,DnaQ family exonuclease/DinG family helicase,1
Staphylococcus_aureus_8325,gene_d4150bc246a5,1.0,high,gtpase der,GTP-binding protein EngA,0
Staphylococcus_aureus_8325,gene_0ff1daf699d1,1.0,high,2-oxoglutarate dehydrogenase e1 component,2-oxoglutarate dehydrogenase E1 component,1
Staphylococcus_aureus_8325,gene_e90218dfcf75,1.0,high,cytidylate kinase,cytidylate kinase,1
Staphylococcus_aureus_8325,gene_af554110f4ee,1.0,high,small ribosomal subunit protein bs1,30S ribosomal protein S1,0
Staphylococcus_aureus_8325,gene_8115ac39f717,0.431,low,atp-dependent dna helicase recs,ATP-dependent DNA helicase RecQ,1
Staphylococcus_aureus_8325,gene_8d4cda7dbf57,0.52,moderate,l-asparaginase,L-asparaginase,1
Staphylococcus_aureus_8325,gene_72746ee1dc0c,1.0,high,ferredoxin,ferredoxin,1
Staphylococcus_aureus_8325,gene_4a318b2c8814,1.0,high,elastin-binding protein ebps,elastin binding protein,1
Staphylococcus_aureus_8325,gene_e63821a37de2,0.7316,moderate,heptaprenyl diphosphate synthase component 2,heptaprenyl diphosphate syntase component II,1
Staphylococcus_aureus_8325,gene_e31d79d6d23c,1.0,high,glycerol-3-phosphate dehydrogenase,NAD(P)H-dependent glycerol-3-phosphate dehydrogenase,1
Staphylococcus_aureus_8325,gene_244398ee0d51,0.7426,moderate,autolysin ph,petidoglycan hydrolase,0
Staphylococcus_aureus_8325,gene_96f4f7f9cf38,0.3943,low,atp-dependent clp protease proteolytic subunit,scaffolding protease,0
Staphylococcus_aureus_8325,gene_a04c10d921f0,0.329,low,nuclease p44,phi-like protein,0
Staphylococcus_aureus_8325,gene_5b54bed22b9b,0.802,high,transcriptional activator rinb,transcriptional activator rinB-like protein,1
Staphylococcus_aureus_8325,gene_b83c570bc2fc,0.281,speculative,protein p41,SNF2 family protein,0
Staphylococcus_aureus_8325,gene_3e1434752df2,1.0,high,chorismate synthase,chorismate synthase,1
Staphylococcus_aureus_8325,gene_2657333f8ddf,0.789,moderate,dna polymerase,phage encoded DNA polymerase I,1
Staphylococcus_aureus_8325,gene_4a2ada54a94a,0.4119,low,deoxyuridine 5'-triphosphate nucleotidohydrolase,bacteriophage L54a deoxyuridine 5-triphosphate nucleotidohydrolase,1
Staphylococcus_aureus_8325,gene_85ebe720c25f,0.739,moderate,integrase,bacteriophage integrase,1
Staphylococcus_aureus_8325,gene_93573510771f,1.0,high,transcriptional regulatory protein srra,DNA-binding response regulator,0
Staphylococcus_aureus_8325,gene_557f50a903e6,0.668,moderate,ribosomal large subunit pseudouridine synthase b,ribosomal large subunit pseudouridine synthase B,1
Staphylococcus_aureus_8325,gene_21687e57e1a0,0.824,high,ferric uptake regulation protein,transcriptional regulator Fur,0
Staphylococcus_aureus_8325,gene_f15cdac8b7f7,0.6664,moderate,adp-ribose pyrophosphatase,NUDIX domain-containing protein,0
Staphylococcus_aureus_8325,gene_2fd3aefa636e,1.0,high,pyrroline-5-carboxylate reductase,pyrroline-5-carboxylate reductase,1
Staphylococcus_aureus_8325,gene_5ef9f87c82e3,0.5949,moderate,glucose-6-phosphate 1-dehydrogenase,glucose-6-phosphate 1-dehydrogenase,1
Staphylococcus_aureus_8325,gene_6eb59831f420,1.0,high,sensor protein srrb,respiratory response protein SrrB,0
Staphylococcus_aureus_8325,gene_c1441b729144,0.609,moderate,oligo-1,"alpha-D-1,4-glucosidase",0
Staphylococcus_aureus_8325,gene_ad5af1bf269c,1.0,high,tyrosine recombinase xerd,integrase/recombinase XerD,1
Staphylococcus_aureus_8325,gene_bc8a27e5d526,1.0,high,6-phosphogluconate dehydrogenase,6-phosphogluconate dehydrogenase,1
Staphylococcus_aureus_8325,gene_61a99c669a55,0.6796,moderate,lipoamide acyltransferase component of branched-chain alpha-keto acid dehydrogenase complex,"2-oxoisovalerate dehydrogenase, E2 component, dihydrolipoamide acetyltransferase",0
Staphylococcus_aureus_8325,gene_c555934abe55,0.527,moderate,2-oxoisovalerate dehydrogenase subunit alpha,"2-oxoisovalerate dehydrogenase, E1 component subunit alpha",1
Staphylococcus_aureus_8325,gene_83ad60bba90c,0.6559,moderate,dihydrolipoyl dehydrogenase,dihydrolipoamide dehydrogenase,0
Staphylococcus_aureus_8325,gene_72f7e89a754d,1.0,high,arginine repressor,arginine repressor,1
Staphylococcus_aureus_8325,gene_22423e123ed2,0.7883,moderate,2-oxoisovalerate dehydrogenase subunit beta,"2-oxoisovalerate dehydrogenase, E1 component subunit beta",1
Staphylococcus_aureus_8325,gene_285605dbed73,1.0,high,exodeoxyribonuclease 7 small subunit,exodeoxyribonuclease VII small subunit,1
Staphylococcus_aureus_8325,gene_593cb5edd9b1,1.0,high,exodeoxyribonuclease 7 large subunit,exodeoxyribonuclease VII large subunit,1
Staphylococcus_aureus_8325,gene_f1940f0c6cc8,1.0,high,ribonuclease z,AtsA/ElaC family protein,0
Staphylococcus_aureus_8325,gene_4505065e0053,0.6805,moderate,dna repair protein recn,DNA repair protein RecN,1
Staphylococcus_aureus_8325,gene_66aeb1f9f2af,0.69,moderate,biotin carboxyl carrier protein of acetyl-coa carboxylase,acetyl-CoA carboxylase biotin carboxyl carrier protein subunit,1
Staphylococcus_aureus_8325,gene_e86e10398a21,1.0,high,elongation factor p,elongation factor P,1
Staphylococcus_aureus_8325,gene_abe5aca99bd9,1.0,high,Metabolism-related protein,acetyl-CoA carboxylase biotin carboxylase subunit,0
Staphylococcus_aureus_8325,gene_b0490c2a2bdc,1.0,high,glycine dehydrogenase (decarboxylating) subunit 2,glycine dehydrogenase subunit 2,1
Staphylococcus_aureus_8325,gene_8f4309b1690b,1.0,high,transcription antitermination protein nusb,transcription antitermination protein NusB,1
Staphylococcus_aureus_8325,gene_fc79c8cff1c9,1.0,high,aminomethyltransferase,glycine cleavage system aminomethyltransferase T,1
Staphylococcus_aureus_8325,gene_6172e7d034b9,1.0,high,glycine dehydrogenase (decarboxylating) subunit 1,glycine dehydrogenase subunit 1,1
Staphylococcus_aureus_8325,gene_cdc0f5823032,0.7794,moderate,farnesyl diphosphate synthase,geranyltranstransferase,0
Staphylococcus_aureus_8325,gene_398544c910f6,1.0,high,large ribosomal subunit protein bl33a,50S ribosomal protein L33,0
Staphylococcus_aureus_8325,gene_15096ce6a911,1.0,high,superoxide dismutase 1,superoxide dismutase,1
Staphylococcus_aureus_8325,gene_3caa2fdb099c,1.0,high,shikimate kinase,shikimate kinase,1
Staphylococcus_aureus_8325,gene_0e4d4d0d7a1d,0.7176,moderate,zinc uptake system atp-binding protein zura,ABC transporter,0
Staphylococcus_aureus_8325,gene_31f61962a33a,0.7153,moderate,Metabolism-related protein,phage tail tape meausure protein,0
Staphylococcus_aureus_8325,gene_cdf6ed6f3b68,0.7924,moderate,transcriptional repressor ccpn,CBS domain-containing protein,0
Staphylococcus_aureus_8325,gene_653de83d238a,1.0,high,dna primase,DNA primase,1
Staphylococcus_aureus_8325,gene_762c3d29efc4,1.0,high,gtpase era,GTP-binding protein Era,0
Staphylococcus_aureus_8325,gene_e2f72f4533ef,0.8738,high,glucokinase,glucokinase,1
Staphylococcus_aureus_8325,gene_d0bf803d334d,1.0,high,rna polymerase sigma factor siga,RNA polymerase sigma factor RpoD,1
Staphylococcus_aureus_8325,gene_d0a26635cd7a,1.0,high,small ribosomal subunit protein bs21,30S ribosomal protein S21,0
Staphylococcus_aureus_8325,gene_576279f3f9c0,0.323,low,ribosomal rna small subunit methyltransferase e,16S rRNA (uracil(1498)-N(3))-methyltransferase,0
Staphylococcus_aureus_8325,gene_0d9e65508755,1.0,high,endonuclease 4,endonuclease IV,1
Staphylococcus_aureus_8325,gene_46b6b03af26f,1.0,high,chaperone protein dnaj,chaperone protein DnaJ,1
Staphylococcus_aureus_8325,gene_17f03f67d016,1.0,high,ribosomal protein l11 methyltransferase,ribosomal protein L11 methyltransferase,1
Staphylococcus_aureus_8325,gene_5e5bb50b5bee,1.0,high,protein grpe,heat shock protein GrpE,1
Staphylococcus_aureus_8325,gene_405d9d581cab,1.0,high,heat-inducible transcription repressor hrca,heat-inducible transcription repressor HrcA,1
Staphylococcus_aureus_8325,gene_0bd98414370d,0.35,low,DNA-binding transcription regulator,diacylglycerol kinase,0
Staphylococcus_aureus_8325,gene_45430e9af61d,0.6475,moderate,hth-type transcriptional regulator malr,maltose operon transcriptional repressor,0
Staphylococcus_aureus_8325,gene_065d4b96088b,1.0,high,small ribosomal subunit protein bs20,30S ribosomal protein S20,0
Staphylococcus_aureus_8325,gene_c79c16c21c08,0.263,speculative,dna polymerase iii subunit delta,DNA polymerase III subunit delta,1
Staphylococcus_aureus_8325,gene_f21b42ffb57c,1.0,high,chaperone protein dnak,molecular chaperone DnaK,1
Staphylococcus_aureus_8325,gene_9b29182694fb,1.0,high,glycine--trna ligase,glycyl-tRNA synthetase,0
Staphylococcus_aureus_8325,gene_e412c9ebca9a,1.0,high,nicotinate-nucleotide adenylyltransferase,nicotinate (nicotinamide) nucleotide adenylyltransferase,1
Staphylococcus_aureus_8325,gene_4b81096a19fb,1.0,high,shikimate dehydrogenase (nadp(+)),shikimate 5-dehydrogenase,1
Staphylococcus_aureus_8325,gene_c4d36be5dc03,0.55,moderate,cytidine deaminase,cytidine deaminase,1
Staphylococcus_aureus_8325,gene_4d9ef321570f,1.0,high,5'-methylthioadenosine/s-adenosylhomocysteine nucleosidase,5'-methylthioadenosine/S-adenosylhomocysteine nucleosidase,1
Staphylococcus_aureus_8325,gene_ef0b53272825,0.548,moderate,enterotoxin type a,enterotoxin family protein,1
Staphylococcus_aureus_8325,gene_1adf33235cea,0.505,moderate,heme chaperone hemw,coproporphyrinogen III oxidase,0
Staphylococcus_aureus_8325,gene_5aa30af81b2f,0.9286,high,Metabolism-related protein,acetyl-CoA carboxylase biotin carboxylase,0
Staphylococcus_aureus_8325,gene_f273fd3645a1,0.453,low,biotin carboxyl carrier protein of acetyl-coa carboxylase,acetyl-CoA carboxylase biotin carboxyl carrier protein subunit,1
Staphylococcus_aureus_8325,gene_24f6b64d8dea,1.0,high,elongation factor 4,GTP-binding protein LepA,0
Staphylococcus_aureus_8325,gene_1b8be04617a6,1.0,high,transcription elongation factor grea,transcription elongation factor GreA,1
Staphylococcus_aureus_8325,gene_cd6a3cde287d,1.0,high,uridine kinase,uridine kinase,1
Staphylococcus_aureus_8325,gene_97a2f272c9d5,1.0,high,5-oxoprolinase subunit a,LamB/YcsF family protein,0
Staphylococcus_aureus_8325,gene_303c87fea759,1.0,high,pre-16s rrna nuclease,Holliday junction resolvase-like protein,0
Staphylococcus_aureus_8325,gene_b3926b8995bc,0.9012,high,replication-associated recombination protein a,recombination factor protein RarA,0
Staphylococcus_aureus_8325,gene_14e7a14a5594,1.0,high,histidine--trna ligase,histidyl-tRNA synthetase,0
Staphylococcus_aureus_8325,gene_f94b75141c52,1.0,high,d-aminoacyl-trna deacylase,D-tyrosyl-tRNA(Tyr) deacylase,1
Staphylococcus_aureus_8325,gene_c73e024b80ca,1.0,high,adenine phosphoribosyltransferase,adenine phosphoribosyltransferase,1
Staphylococcus_aureus_8325,gene_7ddb6df5194a,1.0,high,alanine--trna ligase,alanyl-tRNA synthetase,0
Staphylococcus_aureus_8325,gene_336c70dcd4c0,0.588,moderate,sec translocon accessory complex subunit yajc,preprotein translocase subunit YajC,0
Staphylococcus_aureus_8325,gene_fa9ac2092e8c,1.0,high,queuine trna-ribosyltransferase,queuine tRNA-ribosyltransferase,1
Staphylococcus_aureus_8325,gene_e4e17fb2f41d,1.0,high,holliday junction branch migration complex subunit ruvb,Holliday junction DNA helicase RuvB,1
Staphylococcus_aureus_8325,gene_6f81dc8f9a45,1.0,high,holliday junction branch migration complex subunit ruva,Holliday junction DNA helicase RuvA,1
Staphylococcus_aureus_8325,gene_1669bb3004b0,1.0,high,aspartate--trna ligase,aspartyl-tRNA synthetase,0
Staphylococcus_aureus_8325,gene_d1a3984246d4,1.0,high,large ribosomal subunit protein bl21,50S ribosomal protein L21,0
Staphylococcus_aureus_8325,gene_c2e9d94fd30e,1.0,high,gtp pyrophosphokinase,GTP pyrophosphokinase,1
Staphylococcus_aureus_8325,gene_ca0cb42ec2c1,1.0,high,large ribosomal subunit protein bl27,50S ribosomal protein L27,0
Staphylococcus_aureus_8325,gene_1b969a37f3d6,0.4328,low,dihydrofolate synthase/folylpolyglutamate synthase,folylpolyglutamate synthase/dihydrofolate synthase,1
Staphylococcus_aureus_8325,gene_3bdc96eda467,0.6072,moderate,Replication-related protein,DNA internalization-related competence protein ComEC/Rec2,0
Staphylococcus_aureus_8325,gene_709fee34dc32,1.0,high,porphobilinogen deaminase,porphobilinogen deaminase,1
Staphylococcus_aureus_8325,gene_ab00904b42e3,1.0,high,glutamyl-trna reductase,glutamyl-tRNA reductase,1
Staphylococcus_aureus_8325,gene_e90d9fe03022,1.0,high,atp-dependent clp protease atp-binding subunit clpx,ATP-dependent protease ATP-binding subunit ClpX,1
Staphylococcus_aureus_8325,gene_a119e5989e9e,1.0,high,s-adenosylmethionine:trna ribosyltransferase-isomerase,S-adenosylmethionine:tRNA ribosyltransferase-isomerase,1
Staphylococcus_aureus_8325,gene_182929607f91,1.0,high,gtpase obg,GTPase ObgE,0
Staphylococcus_aureus_8325,gene_d8cd25b9acbe,1.0,high,large ribosomal subunit protein bl35,50S ribosomal protein L35,0
Staphylococcus_aureus_8325,gene_5bcdc5dcf929,1.0,high,translation initiation factor if-3,translation initiation factor IF-3,1
Staphylococcus_aureus_8325,gene_7b254cd137cf,1.0,high,large ribosomal subunit protein bl20,50S ribosomal protein L20,0
Staphylococcus_aureus_8325,gene_02ce828985cd,1.0,high,threonine--trna ligase,threonyl-tRNA synthetase,0
Staphylococcus_aureus_8325,gene_de6614b354a3,1.0,high,delta-aminolevulinic acid dehydratase,delta-aminolevulinic acid dehydratase,1
Staphylococcus_aureus_8325,gene_4dee37e84271,1.0,high,transcriptional repressor nrdr,transcriptional regulator NrdR,1
Staphylococcus_aureus_8325,gene_03123bea8d82,1.0,high,valine--trna ligase,valyl-tRNA synthetase,0
Staphylococcus_aureus_8325,gene_1278aaed0a63,1.0,high,dephospho-coa kinase,dephospho-CoA kinase,1
Staphylococcus_aureus_8325,gene_74ab89cdd4dd,1.0,high,gtp-binding protein engb,ribosome biogenesis GTP-binding protein YsxC,0
Staphylococcus_aureus_8325,gene_992c076ee41c,1.0,high,glyceraldehyde-3-phosphate dehydrogenase 2,glyceraldehyde 3-phosphate dehydrogenase 2,1
Staphylococcus_aureus_8325,gene_73ae86349b4d,0.7016,moderate,alkaline phosphatase synthesis transcriptional regulatory protein phop,alkaline phosphatase synthesis transcriptional regulatory protein,1
Staphylococcus_aureus_8325,gene_5e43e4b84a55,1.0,high,isocitrate dehydrogenase,isocitrate dehydrogenase,1
Staphylococcus_aureus_8325,gene_1f78e2beb6c5,0.5665,moderate,alkaline phosphatase synthesis sensor protein phor,histidine kinase,0
Staphylococcus_aureus_8325,gene_e151dc56adbd,0.8059,high,replicative helicase loader dnai,primosomal protein DnaI,0
Staphylococcus_aureus_8325,gene_2ce3bdc02355,0.6201,moderate,formamidopyrimidine-dna glycosylase,formamidopyrimidine-DNA glycosylase,1
Staphylococcus_aureus_8325,gene_ba1c08410371,1.0,high,atp-dependent 6-phosphofructokinase,6-phosphofructokinase,1
Staphylococcus_aureus_8325,gene_ea7c926ebd40,1.0,high,acetyl-coenzyme a carboxylase carboxyl transferase subunit alpha,acetyl-CoA carboxylase carboxyltransferase subunit alpha,1
Staphylococcus_aureus_8325,gene_5ae15d68b8ba,1.0,high,acetyl-coenzyme a carboxylase carboxyl transferase subunit beta,acetyl-CoA carboxylase carboxyltransferase subunit beta,1
Staphylococcus_aureus_8325,gene_daad1f1023f6,1.0,high,pyruvate kinase,pyruvate kinase,1
Staphylococcus_aureus_8325,gene_b12351ce7282,1.0,high,glutamate-1-semialdehyde 2,glutamate-1-semialdehyde aminotransferase,1
Staphylococcus_aureus_8325,gene_4d5e26bfc647,1.0,high,upf0173 metal-dependent hydrolase sa1529,metal-dependent hydrolase,1
Staphylococcus_aureus_8325,gene_5fc9b71fcf03,0.8262,high,dna polymerase i,DNA polymerase I,1
Staphylococcus_aureus_8325,gene_817bad129fc6,1.0,high,thiol peroxidase,2-Cys peroxiredoxin,0
Staphylococcus_aureus_8325,gene_95a7b49752c7,1.0,high,trigger factor,trigger factor,1
Staphylococcus_aureus_8325,gene_a0b46d32bcc8,1.0,high,trna sulfurtransferase,thiamine biosynthesis protein ThiI,0
Staphylococcus_aureus_8325,gene_ea47877438a4,1.0,high,septation ring formation regulator ezra,septation ring formation regulator EzrA,1
Staphylococcus_aureus_8325,gene_2c793545e6a7,1.0,high,small ribosomal subunit protein us4,30S ribosomal protein S4,0
Staphylococcus_aureus_8325,gene_313a538bc993,0.8191,high,free methionine-r-sulfoxide reductase,GAF domain-containing protein,0
Staphylococcus_aureus_8325,gene_aed22f16b870,0.6541,moderate,d-3-phosphoglycerate dehydrogenase,D-3-phosphoglycerate dehydrogenase,1
Staphylococcus_aureus_8325,gene_22a65d3387e1,1.0,high,alanine dehydrogenase 2,alanine dehydrogenase,1
Staphylococcus_aureus_8325,gene_2492a06c12a1,0.894,high,bifunctional malic/malolactic enzyme,NADP-dependent malic enzyme,0
Staphylococcus_aureus_8325,gene_0d90c0390bba,0.385,low,penicillin-binding protein 1a,transglycosylase domain-containing protein,0
Staphylococcus_aureus_8325,gene_2c30375231d6,0.366,low,1-acyl-sn-glycerol-3-phosphate acyltransferase,1-acyl-sn-glycerol-3-phosphate acyltransferase domain-containing protein,1
Staphylococcus_aureus_8325,gene_be973a0dd239,1.0,high,tyrosine--trna ligase,tyrosyl-tRNA synthetase,0
Staphylococcus_aureus_8325,gene_f8e6e649eebb,0.7573,moderate,acetyl-coenzyme a synthetase,acetate--CoA ligase,0
Staphylococcus_aureus_8325,gene_262ab854afac,1.0,high,catabolite control protein a,catabolite control protein A,1
Staphylococcus_aureus_8325,gene_2924bf835f0b,1.0,high,nad-independent protein lysine deacetylase,acetoin utilization protein AcuC,0
Staphylococcus_aureus_8325,gene_6178e25c3163,1.0,high,udp-n-acetylmuramate--l-alanine ligase,UDP-N-acetylmuramate--L-alanine ligase,1
Staphylococcus_aureus_8325,gene_cba05d748dc6,1.0,high,acetate kinase,acetate kinase,1
Staphylococcus_aureus_8325,gene_7d931205e27d,1.0,high,trna (guanine-n(7)-)-methyltransferase,tRNA (guanine-N(7)-)-methyltransferase,1
Staphylococcus_aureus_8325,gene_32eade7104ad,1.0,high,dna polymerase iii subunit alpha,DNA polymerase III subunit alpha superfamily protein,1
Staphylococcus_aureus_8325,gene_eab0ca55d339,1.0,high,mn(2+)-dependent dipeptidase sausa300_1697,dipeptidase PepV,0
Staphylococcus_aureus_8325,gene_4750a7990e4a,0.705,moderate,protein aroa(g),bifunctional 3-deoxy-7-phosphoheptulonate synthase/chorismate mutase,0
Staphylococcus_aureus_8325,gene_b9c396187e57,0.269,speculative,lipid ii flippase murj,polysaccharide biosynthesis protein,0
Staphylococcus_aureus_8325,gene_4c4fbec5a3e1,1.0,high,formate--tetrahydrofolate ligase,formate--tetrahydrofolate ligase,1
Staphylococcus_aureus_8325,gene_4c478cf50d29,1.0,high,d-alanine aminotransferase,D-alanine aminotransferase,1
Staphylococcus_aureus_8325,gene_823cd4538ea5,1.0,high,hth-type transcriptional regulator rot,virulence factor regulator protein,0
Staphylococcus_aureus_8325,gene_bd4365227ad0,1.0,high,riboflavin biosynthesis protein ribba,riboflavin biosynthesis protein,1
Staphylococcus_aureus_8325,gene_6bf2524770c9,1.0,high,leucine--trna ligase,leucyl-tRNA synthetase,0
Staphylococcus_aureus_8325,gene_3781c5a40a99,0.558,moderate,riboflavin biosynthesis protein ribd,riboflavin biosynthesis protein RibD,1
Staphylococcus_aureus_8325,gene_dba83b3cb938,0.97,high,arsenical resistance operon repressor,arsenate operon regulator,0
Staphylococcus_aureus_8325,gene_2e4d0bd81c70,1.0,high,arsenate reductase,arsenate reductase,1
Staphylococcus_aureus_8325,gene_e3ea49801722,1.0,high,fluoride-specific ion channel fluc 1,camphor resistance protein CrcB,0
Staphylococcus_aureus_8325,gene_694536c21c97,1.0,high,arsenical pump membrane protein,Ars family arsenical pump,1
Staphylococcus_aureus_8325,gene_78caaa8eb7fa,0.541,moderate,riboflavin synthase,riboflavin synthase subunit alpha,1
Staphylococcus_aureus_8325,gene_35e4d1be63f3,1.0,high,2-succinylbenzoate--coa ligase,2-succinylbenzoate-CoA ligase,1
Staphylococcus_aureus_8325,gene_4f986a9facde,0.9104,high,Stress Response-related protein,IS200 family transposase,0
Staphylococcus_aureus_8325,gene_0a9f0365297f,1.0,high,serine protease splf,serine protease SplF,1
Staphylococcus_aureus_8325,gene_1ee993dea6b0,1.0,high,serine protease sple,serine protease SplE,1
Staphylococcus_aureus_8325,gene_9258e1640e04,1.0,high,serine protease spld,serine protease SplD,1
Staphylococcus_aureus_8325,gene_1ef3dd1d680f,1.0,high,serine protease splc,serine protease SplC,1
Staphylococcus_aureus_8325,gene_0761a2c1666e,1.0,high,serine protease splb,serine protease SplB,1
Staphylococcus_aureus_8325,gene_32b28a057a32,1.0,high,phosphoenolpyruvate carboxykinase (atp),phosphoenolpyruvate carboxykinase,1
Staphylococcus_aureus_8325,gene_68e44db8e274,0.7513,moderate,lantibiotic transport atp-binding protein srtf,ABC transporter,0
Staphylococcus_aureus_8325,gene_874eee7da18b,0.585,moderate,epidermin decarboxylase,flavoprotein EpiD,0
Staphylococcus_aureus_8325,gene_d779b9706d5a,0.71,moderate,lantibiotic mutacin-1140,gallidermin superfamily epiA protein,0
Staphylococcus_aureus_8325,gene_7346c3852be9,0.435,low,epidermin biosynthesis protein epib,lantibiotic epidermin biosynthesis protein EpiB,1
Staphylococcus_aureus_8325,gene_f79ab230bf61,1.0,high,leucotoxin lukev,leukotoxin LukE,0
Staphylococcus_aureus_8325,gene_2d029f048a03,1.0,high,s-adenosylmethionine synthase,S-adenosylmethionine synthetase,0
Staphylococcus_aureus_8325,gene_0cb7d376b086,0.673,moderate,epidermin leader peptide-processing serine protease epip,intracellular serine protease,0
Staphylococcus_aureus_8325,gene_a3cf63d41449,1.0,high,coproporphyrin iii ferrochelatase,ferrochelatase,1
Staphylococcus_aureus_8325,gene_ce356e3dc854,1.0,high,leucotoxin lukdv,leukotoxin LukD,0
Staphylococcus_aureus_8325,gene_75f850b32811,0.7296,moderate,Replication-related protein,type I restriction-modification system subunit M,0
Staphylococcus_aureus_8325,gene_eb45f852dba0,0.7175,moderate,abc-type transporter atp-binding protein ecsa,ABC transporter ATP-binding protein,1
Staphylococcus_aureus_8325,gene_337ad06fc761,1.0,high,foldase protein prsa,protein export protein PrsA,0
Staphylococcus_aureus_8325,gene_33baf6779a20,1.0,high,serine protease spla,serine protease SplA,1
Staphylococcus_aureus_8325,gene_39b67f80ff18,0.8604,high,coproporphyrinogen iii oxidase,protoporphyrinogen oxidase,0
Staphylococcus_aureus_8325,gene_4d3839e775e6,0.4422,low,sensor histidine kinase yhcy,sensor histidine kinase,1
Staphylococcus_aureus_8325,gene_47d7a42efe20,0.5164,moderate,arginine transport system permease protein artq,ABC transporter permease,0
Staphylococcus_aureus_8325,gene_b83a70a490f5,1.0,high,fumarate hydratase class ii,fumarate hydratase,1
Staphylococcus_aureus_8325,gene_41072dec4ba9,1.0,high,peroxide-responsive repressor perr,ferric uptake regulator-like protein,0
Staphylococcus_aureus_8325,gene_1bc11ecc2ad1,0.8549,high,l-cystine import atp-binding protein tcyc,amino acid ABC transporter ATP-binding protein,0
Staphylococcus_aureus_8325,gene_de59bb119f15,1.0,high,glutamate-1-semialdehyde 2,glutamate-1-semialdehyde aminotransferase,1
Staphylococcus_aureus_8325,gene_d7c47c2320b4,0.6767,moderate,adenine dna glycosylase,A/G-specific adenine glycosylase,1
Staphylococcus_aureus_8325,gene_9f468451384d,1.0,high,regulatory protein recx,recombination regulator RecX,0
Staphylococcus_aureus_8325,gene_111b1c1a33bd,1.0,high,uroporphyrinogen decarboxylase,uroporphyrinogen decarboxylase,1
Staphylococcus_aureus_8325,gene_ca7a2b3548ab,0.603,moderate,3'-5' exoribonuclease yham,3'-5' exoribonuclease YhaM,1
Staphylococcus_aureus_8325,gene_6668c8463800,1.0,high,multidrug export atp-binding/permease protein sa1683,ABC transporter ATP-binding/permease,1
Staphylococcus_aureus_8325,gene_f0e71e99947c,1.0,high,monofunctional glycosyltransferase,glycosyltransferase,1
Staphylococcus_aureus_8325,gene_dd125fcf41ab,0.7092,moderate,Metabolism-related protein,PBSX family phage terminase large subunit,0
Staphylococcus_aureus_8325,gene_fa3cfd7757d0,0.943,high,terminase small subunit,terminase small subunit,1
Staphylococcus_aureus_8325,gene_5008cee2522a,0.943,high,transcriptional activator rina,int gene activator RinA,1
Staphylococcus_aureus_8325,gene_57a752459155,0.95,high,transcriptional activator rinb,transcriptional activator rinb-like protein,1
Staphylococcus_aureus_8325,gene_24830b262d3f,1.0,high,tail protein,phage structural protein,0
Staphylococcus_aureus_8325,gene_7c4292b644e0,0.417,low,deoxyuridine 5'-triphosphate nucleotidohydrolase,dUTP pyrophosphatase,0
Staphylococcus_aureus_8325,gene_ccf8b5315dc2,0.45,low,Lipoprotein,PTS system transporter subunit IIC domain-containing protein,0
Staphylococcus_aureus_8325,gene_b74c1ce632d5,0.6412,moderate,replicative dna helicase dnab,bacteriophage L54a DnaB-like helicase family protein,0
Staphylococcus_aureus_8325,gene_e68e95b1c726,0.523,moderate,aminopeptidase amps,aminopeptidase PepS,0
Staphylococcus_aureus_8325,gene_5994565208af,1.0,high,sensor protein vras,histidine kinase,0
Staphylococcus_aureus_8325,gene_edb3773e6936,0.9624,high,lipid ii isoglutaminyl synthase (glutamine-hydrolyzing) subunit murt,UDP-N-acetylmuramyl tripeptide synthetase,0
Staphylococcus_aureus_8325,gene_d999fb7e7b85,1.0,high,methionine aminopeptidase,methionine aminopeptidase,1
Staphylococcus_aureus_8325,gene_687d79174724,0.8492,high,Replication-related protein,phage tape measure protein,0
Staphylococcus_aureus_8325,gene_e311cf195f0d,1.0,high,dna polymerase iv,DNA polymerase IV,1
Staphylococcus_aureus_8325,gene_e45cf4f27569,1.0,high,response regulator protein vrar,DNA-binding response regulator VraR,1
Staphylococcus_aureus_8325,gene_ac258e374a11,1.0,high,diacylglycerol kinase,lipid kinase,0
Staphylococcus_aureus_8325,gene_17fc317f727f,1.0,high,glutamyl-trna(gln) amidotransferase subunit a,aspartyl/glutamyl-tRNA amidotransferase subunit A,1
Staphylococcus_aureus_8325,gene_2da4ca9f0247,1.0,high,sodium/proline symporter,high affinity proline permease,0
Staphylococcus_aureus_8325,gene_e88941d068c4,1.0,high,bacterial non-heme ferritin,ferritin,1
Staphylococcus_aureus_8325,gene_d00dcf7ca6b0,1.0,high,heptaprenylglyceryl phosphate synthase,geranylgeranylglyceryl phosphate synthase-like protein,1
Staphylococcus_aureus_8325,gene_6ea4131ae781,1.0,high,atp-dependent dna helicase pcra,ATP-dependent DNA helicase PcrA,1
Staphylococcus_aureus_8325,gene_38b29b915a3a,1.0,high,staphopain a,staphopain thiol proteinase,1
Staphylococcus_aureus_8325,gene_83b24d098a17,1.0,high,adenylosuccinate lyase,adenylosuccinate lyase,1
Staphylococcus_aureus_8325,gene_a80de92dd4fc,1.0,high,nh(3)-dependent nad(+) synthetase,NAD synthetase,1
Staphylococcus_aureus_8325,gene_a71de1da0886,1.0,high,nitric oxide synthase oxygenase,nitric oxide synthase oxygenase subunit,1
Staphylococcus_aureus_8325,gene_0d4b9df71ae5,1.0,high,dna ligase,NAD-dependent DNA ligase,1
Staphylococcus_aureus_8325,gene_1ac2b56d4c9a,0.5516,moderate,nicotinate phosphoribosyltransferase,nicotinate phosphoribosyltransferase,1
Staphylococcus_aureus_8325,gene_9f74ae5535d3,1.0,high,aspartyl/glutamyl-trna(asn/gln) amidotransferase subunit c,aspartyl/glutamyl-tRNA amidotransferase subunit C,1
Staphylococcus_aureus_8325,gene_a7e76358e796,1.0,high,sodium-dependent dicarboxylate transporter sdcs,sodium-dependent transporter,1
Staphylococcus_aureus_8325,gene_526f9780d29d,1.0,high,77 kda membrane protein,MHC class II analog protein,0
Staphylococcus_aureus_8325,gene_770939ea49c4,1.0,high,chemotaxis inhibitory protein,chemotaxis-inhibiting protein CHIPS,0
Staphylococcus_aureus_8325,gene_d8741234f093,0.919,high,autolysin ph,peptidoglycan hydrolase,0
Staphylococcus_aureus_8325,gene_af29d43e155e,0.75,moderate,Metabolism-related protein,amidase,0
Staphylococcus_aureus_8325,gene_7e6e27fc8ae8,1.0,high,manganese-dependent inorganic pyrophosphatase,manganese-dependent inorganic pyrophosphatase,1
Staphylococcus_aureus_8325,gene_43ef0231534f,1.0,high,staphylokinase,staphylokinase,1
Staphylococcus_aureus_8325,gene_7901c9faf416,1.0,high,aspartyl/glutamyl-trna(asn/gln) amidotransferase subunit b,aspartyl/glutamyl-tRNA amidotransferase subunit B,1
Staphylococcus_aureus_8325,gene_1af75ba25144,0.35,low,ATP/GTP binding protein,PV83 orf 27-like protein,0
Staphylococcus_aureus_8325,gene_d716f9174548,0.5797,moderate,replicative helicase loader dnac,phage DnaC-like protein,0
Staphylococcus_aureus_8325,gene_8bbb5de07c06,0.5627,moderate,abc transporter atp-binding protein nata,ABC transporter ATP-binding protein,1
Staphylococcus_aureus_8325,gene_696f7ac93b5b,0.7606,moderate,Cell Structure-related protein,tail length tape measure protein,0
Staphylococcus_aureus_8325,gene_eb545d6af66c,0.35,low,ATP/GTP binding protein,phi ETA orf 22-like protein,0
Staphylococcus_aureus_8325,gene_560af9253a6c,0.468,low,ktr system potassium uptake protein b,cation transport protein,0
Staphylococcus_aureus_8325,gene_197c2304bd7c,1.0,high,succinyl-diaminopimelate desuccinylase,succinyl-diaminopimelate desuccinylase,1
Staphylococcus_aureus_8325,gene_abf0ca64500b,1.0,high,co-chaperonin groes,co-chaperonin GroES,1
Staphylococcus_aureus_8325,gene_34992330bc12,0.508,moderate,terminase small subunit,phage terminase small subunit,1
Staphylococcus_aureus_8325,gene_cad57ff39ef6,0.6092,moderate,fructokinase-2,fructokinase,1
Staphylococcus_aureus_8325,gene_8383cc89ed5a,1.0,high,accessory gene regulator a,accessory gene regulator protein A,1
Staphylococcus_aureus_8325,gene_5a049dbf61d2,0.6236,moderate,sucrose operon repressor,sucrose operon repressor,1
Staphylococcus_aureus_8325,gene_109c47960004,1.0,high,chaperonin groel,chaperonin GroEL,1
Staphylococcus_aureus_8325,gene_a25cd126fe9f,1.0,high,redox-sensing transcriptional repressor rex,redox-sensing transcriptional repressor Rex,1
Staphylococcus_aureus_8325,gene_a7cbb7c87cb9,0.5344,moderate,dna mismatch repair protein muts,MutS domain-containing protein,1
Staphylococcus_aureus_8325,gene_d5e6b9b89329,0.359,low,-alanine n-acetyltransferase,ribosomal-protein-alanine acetyltransferase,1
Staphylococcus_aureus_8325,gene_a5499b5d1fe5,0.7562,moderate,acetolactate synthase large subunit,acetolactate synthase large subunit,1
Staphylococcus_aureus_8325,gene_34219b613ce8,0.5406,moderate,ammonium transporter,ammonium transporter,1
Staphylococcus_aureus_8325,gene_f95267b0fb11,1.0,high,2-isopropylmalate synthase,2-isopropylmalate synthase,1
Staphylococcus_aureus_8325,gene_ae7ae952f339,1.0,high,dihydroxy-acid dehydratase,dihydroxy-acid dehydratase,1
Staphylococcus_aureus_8325,gene_67798e6d1fc2,1.0,high,accessory gene regulator protein b,accessory gene regulator protein B,1
Staphylococcus_aureus_8325,gene_814790e2ac62,1.0,high,3-isopropylmalate dehydratase small subunit,3-isopropylmalate dehydratase small subunit,1
Staphylococcus_aureus_8325,gene_a7595a05673d,1.0,high,l-threonine dehydratase biosynthetic ilva,threonine dehydratase,1
Staphylococcus_aureus_8325,gene_7fca935982e9,1.0,high,3-isopropylmalate dehydrogenase,3-isopropylmalate dehydrogenase,1
Staphylococcus_aureus_8325,gene_6557c4781f63,1.0,high,serine-protein kinase rsbw,serine-protein kinase RsbW,1
Staphylococcus_aureus_8325,gene_7d7ba5d5896b,1.0,high,anti-sigma-b factor antagonist,STAS domain-containing protein,0
Staphylococcus_aureus_8325,gene_fbfeb8de9b8e,1.0,high,Metabolism-related protein,isopropylmalate isomerase large subunit,0
Staphylococcus_aureus_8325,gene_5152d7841061,1.0,high,alanine racemase 1,alanine racemase,1
Staphylococcus_aureus_8325,gene_870153677b83,1.0,high,holo- synthase,4'-phosphopantetheinyl transferase,0
Staphylococcus_aureus_8325,gene_97f25ce85d53,1.0,high,potassium-transporting atpase kdpc subunit 1,potassium-transporting ATPase subunit C,1
Staphylococcus_aureus_8325,gene_0af37f41d8db,1.0,high,trna n6-adenosine threonylcarbamoyltransferase,DNA-binding/iron metalloprotein/AP endonuclease,0
Staphylococcus_aureus_8325,gene_cbbde26e535a,1.0,high,ketol-acid reductoisomerase (nadp(+)),ketol-acid reductoisomerase,1
Staphylococcus_aureus_8325,gene_b486bfc5f5a8,0.7468,moderate,transcriptional regulatory protein kdpe,DNA-binding response regulator,0
Staphylococcus_aureus_8325,gene_a38818a9e1b3,0.7403,moderate,rna polymerase sigma-b factor,RNA polymerase sigma factor SigB,1
Staphylococcus_aureus_8325,gene_40768fa86695,1.0,high,udp-n-acetylmuramoyl-tripeptide--d-alanyl-d-alanine ligase,"UDP-N-acetylmuramoylalanyl-D-glutamyl-2, 6-diaminopimelate--D-alanyl-D-alanyl ligase",0
Staphylococcus_aureus_8325,gene_f3c7a1b86e47,1.0,high,potassium-transporting atpase atp-binding subunit,potassium-transporting ATPase subunit B,1
Staphylococcus_aureus_8325,gene_3af1981c272c,0.7534,moderate,sucrose-6-phosphate hydrolase,sucrose-6-phosphate hydrolase,1
Staphylococcus_aureus_8325,gene_f1c5a074a293,1.0,high,dead-box atp-dependent rna helicase csha,DEAD-box ATP dependent DNA helicase,1
Staphylococcus_aureus_8325,gene_7f97f3bb64b6,1.0,high,potassium-transporting atpase potassium-binding subunit,potassium-transporting ATPase subunit A,1
Staphylococcus_aureus_8325,gene_383cdf8ff52a,1.0,high,thiamine-phosphate synthase,thiamine-phosphate pyrophosphorylase,1
Staphylococcus_aureus_8325,gene_e1d2ceff9903,1.0,high,hydroxyethylthiazole kinase,hydroxyethylthiazole kinase,1
Staphylococcus_aureus_8325,gene_2c7d850b2b58,1.0,high,sensor histidine kinase kdpd,sensor protein KdpD,1
Staphylococcus_aureus_8325,gene_b7ec8fd855c6,1.0,high,cardiolipin synthase 2,cardiolipin synthetase,0
Staphylococcus_aureus_8325,gene_2de7ddc660ed,1.0,high,transglycosylase sced,transglycosylase SceD,1
Staphylococcus_aureus_8325,gene_f09db676e883,0.5868,moderate,single-stranded dna-binding protein,bacteriophage L54a single-stranded DNA binding protein,1
Staphylococcus_aureus_8325,gene_f484cb51e4b9,1.0,high,3-hydroxyacyl- dehydratase fabz,(3R)-hydroxymyristoyl-ACP dehydratase,0
Staphylococcus_aureus_8325,gene_5c109c084b51,1.0,high,udp-n-acetylglucosamine 1-carboxyvinyltransferase 1,UDP-N-acetylglucosamine 1-carboxyvinyltransferase,1
Staphylococcus_aureus_8325,gene_33cad7990164,1.0,high,d-alanine--d-alanine ligase,D-alanyl-alanine synthetase A,0
Staphylococcus_aureus_8325,gene_c832ed792079,1.0,high,atp synthase subunit beta,F0F1 ATP synthase subunit beta,1
Staphylococcus_aureus_8325,gene_3b302cb1da95,1.0,high,atp synthase epsilon chain,F0F1 ATP synthase subunit epsilon,1
Staphylococcus_aureus_8325,gene_86e6a334ddfc,1.0,high,atp synthase subunit alpha,F0F1 ATP synthase subunit alpha,1
Staphylococcus_aureus_8325,gene_38cad04f30b5,1.0,high,atp synthase subunit delta,F0F1 ATP synthase subunit delta,1
Staphylococcus_aureus_8325,gene_a7ebe07a531d,1.0,high,atp synthase subunit b,F0F1 ATP synthase subunit B,1
Staphylococcus_aureus_8325,gene_ddcc2022a88a,1.0,high,atp synthase subunit c,F0F1 ATP synthase subunit C,1
Staphylococcus_aureus_8325,gene_ada20dea1f8f,1.0,high,atp synthase subunit a,F0F1 ATP synthase subunit A,1
Staphylococcus_aureus_8325,gene_868e6d2de335,0.664,moderate,udp-n-acetylglucosamine 2-epimerase,UDP-GlcNAc 2-epimerase,1
Staphylococcus_aureus_8325,gene_ee92d1191a1c,1.0,high,serine hydroxymethyltransferase,serine hydroxymethyltransferase,1
Staphylococcus_aureus_8325,gene_39d2ff7dd745,1.0,high,peptide chain release factor 1,peptide chain release factor 1,1
Staphylococcus_aureus_8325,gene_43259da62ce2,1.0,high,hydroxymethylpyrimidine/phosphomethylpyrimidine kinase,phosphomethylpyrimidine kinase,1
Staphylococcus_aureus_8325,gene_e76cc2343887,1.0,high,large ribosomal subunit protein bl31b,50S ribosomal protein L31 type B,0
Staphylococcus_aureus_8325,gene_c714673ed64f,0.8493,high,transcription termination factor rho,transcription termination factor Rho,1
Staphylococcus_aureus_8325,gene_7ef26240e516,1.0,high,udp-n-acetylglucosamine 1-carboxyvinyltransferase 2,UDP-N-acetylglucosamine 1-carboxyvinyltransferase,1
Staphylococcus_aureus_8325,gene_2dd1fbec8c96,1.0,high,fructose-bisphosphate aldolase,fructose-bisphosphate aldolase,1
Staphylococcus_aureus_8325,gene_646576b20fdf,1.0,high,dna-directed rna polymerase subunit delta,DNA-directed RNA polymerase subunit delta,1
Staphylococcus_aureus_8325,gene_04b4f5fcf25d,1.0,high,atp synthase gamma chain,F0F1 ATP synthase subunit gamma,1
Staphylococcus_aureus_8325,gene_9f87fc7acd55,1.0,high,uracil phosphoribosyltransferase,uracil phosphoribosyltransferase,1
Staphylococcus_aureus_8325,gene_43cb8b9c0327,1.0,high,s-ribosylhomocysteine lyase,S-ribosylhomocysteinase,0
Staphylococcus_aureus_8325,gene_e7da5656069c,0.9288,high,atp-binding protein ydif,ABC transporter ATP-binding protein,1
Staphylococcus_aureus_8325,gene_c8791b844dd5,1.0,high,deoxyribose-phosphate aldolase 2,2-deoxyribose-5-phosphate aldolase,1
Staphylococcus_aureus_8325,gene_3c841af27c53,0.9821,high,Translation-related protein,purine nucleoside phosphorylase,0
Staphylococcus_aureus_8325,gene_a83069feb3b5,1.0,high,ctp synthase,CTP synthetase,0
Staphylococcus_aureus_8325,gene_facbe1c93a5b,1.0,high,pyrimidine-nucleoside phosphorylase,pyrimidine-nucleoside phosphorylase,1
Staphylococcus_aureus_8325,gene_58896c9437ab,1.0,high,type ii pantothenate kinase,pantothenate kinase,1
Staphylococcus_aureus_8325,gene_31c7b2f9f0ff,1.0,high,glutamine--fructose-6-phosphate aminotransferase,glucosamine--fructose-6-phosphate aminotransferase,1
Staphylococcus_aureus_8325,gene_4a73b5282d3b,0.638,moderate,cadmium,cation efflux family protein,0
Staphylococcus_aureus_8325,gene_fc0fc3fdd80b,0.368,low,xaa-arg dipeptidase,aminobenzoyl-glutamate utilization protein B,0
Staphylococcus_aureus_8325,gene_210deadf8b8f,1.0,high,mannitol-specific phosphotransferase enzyme iia component,PTS system mannitol-specific transporter subunit IIA,0
Staphylococcus_aureus_8325,gene_8e930d7f767d,0.4785,low,mannose-6-phosphate isomerase,mannose-6-phosphate isomerase,1
Staphylococcus_aureus_8325,gene_3b98ec4301ae,1.0,high,phosphoglucosamine mutase,phosphoglucosamine mutase,1
Staphylococcus_aureus_8325,gene_142d694ad5e2,1.0,high,mannitol-1-phosphate 5-dehydrogenase,mannitol-1-phosphate 5-dehydrogenase,1
Staphylococcus_aureus_8325,gene_150adcf850de,1.0,high,thymidine kinase,thymidine kinase,1
Staphylococcus_aureus_8325,gene_d327f473386a,1.0,high,pts system mannitol-specific eiicb component,PTS system mannitol-specific protein,1
Staphylococcus_aureus_8325,gene_81131daab326,1.0,high,arginase,arginase,1
Staphylococcus_aureus_8325,gene_05edb0fee70c,0.6527,moderate,abc transporter substrate-binding lipoprotein yhfq,ABC transporter substrate-binding protein,1
Staphylococcus_aureus_8325,gene_aac262ff50fb,1.0,high,uridylyltransferase sausa300_2130,UDP-N-acetylglucosamine pyrophosphorylase,0
Staphylococcus_aureus_8325,gene_4632f3cc71a2,1.0,high,alkaline shock protein 23,alkaline shock protein 23,1
Staphylococcus_aureus_8325,gene_70ea12ca364d,1.0,high,aldehyde dehydrogenase,aldehyde dehydrogenase,1
Staphylococcus_aureus_8325,gene_99aaa2c891d6,1.0,high,pts system lactose-specific eiia component,PTS system lactose-specific transporter subunit IIA,1
Staphylococcus_aureus_8325,gene_4733f98aa2c8,1.0,high,tagatose 1,"tagatose 1,6-diphosphate aldolase",1
Staphylococcus_aureus_8325,gene_74f6440fe5c6,1.0,high,tagatose-6-phosphate kinase,tagatose-6-phosphate kinase,1
Staphylococcus_aureus_8325,gene_0e4a1e33c45d,1.0,high,galactose-6-phosphate isomerase subunit laca,galactose-6-phosphate isomerase subunit LacA,1
Staphylococcus_aureus_8325,gene_08dbb86108a9,1.0,high,lactose phosphotransferase system repressor,lactose phosphotransferase system repressor,1
Staphylococcus_aureus_8325,gene_941a1638bb9e,1.0,high,galactose-6-phosphate isomerase subunit lacb,galactose-6-phosphate isomerase subunit LacB,1
Staphylococcus_aureus_8325,gene_05e221074295,0.4574,low,hth-type transcriptional regulator adhr,MerR family transcriptional regulator,1
Staphylococcus_aureus_8325,gene_df04d4d0c419,0.8981,high,Replication-related protein,BCCT family osmoprotectant transporter,0
Staphylococcus_aureus_8325,gene_c6d29eea914e,1.0,high,pts system lactose-specific eiicb component,PTS system lactose-specific transporter subunit IIBC,1
Staphylococcus_aureus_8325,gene_f3a39dd858f7,0.518,moderate,alpha-acetolactate decarboxylase,alpha-acetolactate decarboxylase,1
Staphylococcus_aureus_8325,gene_4f6701d702f7,1.0,high,nad-dependent protein deacetylase,NAD-dependent deacetylase,1
Staphylococcus_aureus_8325,gene_313e3afbd602,1.0,high,small ribosomal subunit protein us9,30S ribosomal protein S9,0
Staphylococcus_aureus_8325,gene_58a4c9dca77e,1.0,high,large ribosomal subunit protein ul13,50S ribosomal protein L13,0
Staphylococcus_aureus_8325,gene_2ce525b6b6f9,1.0,high,trna pseudouridine synthase a,tRNA pseudouridine synthase A,1
Staphylococcus_aureus_8325,gene_8009f00269d5,1.0,high,energy-coupling factor transporter atp-binding protein ecfa1,cobalt transporter ATP-binding subunit,1
Staphylococcus_aureus_8325,gene_1bf92e378733,1.0,high,large ribosomal subunit protein bl17,50S ribosomal protein L17,0
Staphylococcus_aureus_8325,gene_82fd7fd6dbc4,1.0,high,dna-directed rna polymerase subunit alpha,DNA-directed RNA polymerase subunit alpha,1
Staphylococcus_aureus_8325,gene_1ad03c6cb64d,1.0,high,small ribosomal subunit protein us13,30S ribosomal protein S13,0
Staphylococcus_aureus_8325,gene_43ff1243e8fe,1.0,high,large ribosomal subunit protein bl36,50S ribosomal protein L36,0
Staphylococcus_aureus_8325,gene_2c7d23c79b7c,1.0,high,translation initiation factor if-1,translation initiation factor IF-1,1
Staphylococcus_aureus_8325,gene_bb4c852f97f1,1.0,high,adenylate kinase,adenylate kinase,1
Staphylococcus_aureus_8325,gene_94ce99050d20,1.0,high,energy-coupling factor transporter atp-binding protein ecfa2,cobalt transporter ATP-binding subunit,1
Staphylococcus_aureus_8325,gene_2165090bfa84,1.0,high,large ribosomal subunit protein ul15,50S ribosomal protein L15,0
Staphylococcus_aureus_8325,gene_6d39fbc669fe,1.0,high,large ribosomal subunit protein ul30,50S ribosomal protein L30,0
Staphylococcus_aureus_8325,gene_ffd7ca499775,1.0,high,small ribosomal subunit protein us5,30S ribosomal protein S5,0
Staphylococcus_aureus_8325,gene_e7550bdf0e5d,1.0,high,large ribosomal subunit protein ul18,50S ribosomal protein L18,0
Staphylococcus_aureus_8325,gene_423b8447cba6,1.0,high,large ribosomal subunit protein ul6,50S ribosomal protein L6,0
Staphylococcus_aureus_8325,gene_c566086ac6c0,1.0,high,small ribosomal subunit protein us8,30S ribosomal protein S8,0
Staphylococcus_aureus_8325,gene_cf733f7da162,1.0,high,small ribosomal subunit protein us14b,30S ribosomal protein S14,0
Staphylococcus_aureus_8325,gene_2a5c6ec0ce3f,1.0,high,large ribosomal subunit protein ul5,50S ribosomal protein L5,0
Staphylococcus_aureus_8325,gene_d15e7db53c48,1.0,high,large ribosomal subunit protein ul24,50S ribosomal protein L24,0
Staphylococcus_aureus_8325,gene_afb4da79c43e,1.0,high,large ribosomal subunit protein ul14,50S ribosomal protein L14,0
Staphylococcus_aureus_8325,gene_25af51a27ceb,1.0,high,small ribosomal subunit protein us17,30S ribosomal protein S17,0
Staphylococcus_aureus_8325,gene_4928d90da084,1.0,high,large ribosomal subunit protein ul29,50S ribosomal protein L29,0
Staphylococcus_aureus_8325,gene_fb9da5538b3d,1.0,high,large ribosomal subunit protein ul16,50S ribosomal protein L16,0
Staphylococcus_aureus_8325,gene_a7730bcfa2f9,1.0,high,6-phospho-beta-galactosidase,6-phospho-beta-galactosidase,1
Staphylococcus_aureus_8325,gene_25b1a7f10940,1.0,high,large ribosomal subunit protein ul22,50S ribosomal protein L22,0
Staphylococcus_aureus_8325,gene_d122b288e70a,1.0,high,small ribosomal subunit protein us19,30S ribosomal protein S19,0
Staphylococcus_aureus_8325,gene_8043327ea471,1.0,high,large ribosomal subunit protein ul2,50S ribosomal protein L2,0
Staphylococcus_aureus_8325,gene_1825c36ece47,1.0,high,large ribosomal subunit protein ul23,50S ribosomal protein L23,0
Staphylococcus_aureus_8325,gene_5c508f5f5f8a,0.8473,high,energy-coupling factor transporter transmembrane protein ecft,cobalt transport protein,0
Staphylococcus_aureus_8325,gene_d923b401eb3f,1.0,high,large ribosomal subunit protein ul3,50S ribosomal protein L3,0
Staphylococcus_aureus_8325,gene_88f74b5d1786,0.7343,moderate,hyaluronate lyase,hyaluronate lyase,1
Staphylococcus_aureus_8325,gene_ee1332c241d2,1.0,high,dna topoisomerase 3,DNA topoisomerase III,1
Staphylococcus_aureus_8325,gene_b79d24fecdd1,1.0,high,small ribosomal subunit protein us3,30S ribosomal protein S3,0
Staphylococcus_aureus_8325,gene_2a7024f788c1,1.0,high,lipid ii:glycine glycyltransferase,peptidoglycan pentaglycine interpeptide biosynthesis protein FmhB,0
Staphylococcus_aureus_8325,gene_de9dd6d4f645,1.0,high,large ribosomal subunit protein ul4,50S ribosomal protein L4,0
Staphylococcus_aureus_8325,gene_3d550a683048,1.0,high,protein translocase subunit secy,preprotein translocase subunit SecY,1
Staphylococcus_aureus_8325,gene_cf892bd354ce,1.0,high,molybdenum cofactor guanylyltransferase,molybdopterin-guanine dinucleotide biosynthesis protein MobA,0
Staphylococcus_aureus_8325,gene_c263450d1666,0.7002,moderate,molybdopterin synthase sulfur carrier subunit,molybdopterin converting factor subunit 1,0
Staphylococcus_aureus_8325,gene_40e7e0190898,1.0,high,molybdopterin synthase catalytic subunit,molybdopterin converting factor moa,0
Staphylococcus_aureus_8325,gene_3769356113f3,1.0,high,small ribosomal subunit protein us11,30S ribosomal protein S11,0
Staphylococcus_aureus_8325,gene_3697ccc9a2de,1.0,high,molybdopterin molybdenumtransferase,molybdopterin biosynthesis protein MoeA,0
Staphylococcus_aureus_8325,gene_dcc1200e7bec,1.0,high,cyclic pyranopterin monophosphate synthase,molybdenum cofactor biosynthesis protein MoaC,0
Staphylococcus_aureus_8325,gene_e02c944060b1,1.0,high,small ribosomal subunit protein us10,30S ribosomal protein S10,0
Staphylococcus_aureus_8325,gene_6a28d68e6689,0.6828,moderate,molybdenum import atp-binding protein modc,molybdenum transport ATP-binding protein ModC,1
Staphylococcus_aureus_8325,gene_e733b3327578,0.4647,low,molybdenum transport system permease protein yvgm,molybdenum ABC transporter permease,0
Staphylococcus_aureus_8325,gene_d5589799b64c,0.638,moderate,abc transporter substrate-binding lipoprotein yvgl,molybdenum ABC transporter substrate-binding protein,1
Staphylococcus_aureus_8325,gene_e3af6979ce98,0.7236,moderate,acetolactate synthase,acetolactate synthase,1
Staphylococcus_aureus_8325,gene_ad6aa5e5152f,1.0,high,glucose uptake protein glcu,sugar transporter,0
Staphylococcus_aureus_8325,gene_c7a182ff4b88,1.0,high,urease subunit gamma,urease subunit gamma,1
Staphylococcus_aureus_8325,gene_e23ab7495d1a,1.0,high,urease subunit beta,urease subunit beta,1
Staphylococcus_aureus_8325,gene_a5325882a608,0.5922,moderate,Replication-related protein,urea transporter,0
Staphylococcus_aureus_8325,gene_f92ec50fff2f,1.0,high,urease accessory protein uree,urease accessory protein UreE,1
Staphylococcus_aureus_8325,gene_9cffbd4b0e8a,1.0,high,urease accessory protein uref,urease accessory protein UreF,1
Staphylococcus_aureus_8325,gene_1bac8195e24f,1.0,high,urease accessory protein ureg,urease accessory protein UreG,1
Staphylococcus_aureus_8325,gene_bc718215f282,1.0,high,urease subunit alpha,urease subunit alpha,1
Staphylococcus_aureus_8325,gene_3801c56fd37c,0.7105,moderate,Metabolism-related protein,molybdopterin-guanine dinucleotide biosynthesis protein MobB,0
Staphylococcus_aureus_8325,gene_cb92217e2f29,1.0,high,staphylococcal secretory antigen ssaa2,secretory antigen,1
Staphylococcus_aureus_8325,gene_805253e6a8b8,1.0,high,molybdenum cofactor biosynthesis protein b,molybdopterin precursor biosynthesis MoaB,0
Staphylococcus_aureus_8325,gene_5bdbf1e2105b,1.0,high,urease accessory protein ured,urease accessory protein UreD,1
Staphylococcus_aureus_8325,gene_2c4be9547f8e,1.0,high,2-hydroxyacid dehydrogenase sas2196,D-isomer specific 2-hydroxyacid dehydrogenase NAD binding domain-containing protein,0
Staphylococcus_aureus_8325,gene_1f36f93f5385,0.754,moderate,staphylococcal secretory antigen ssaa,secretory antigen SsaA,1
Staphylococcus_aureus_8325,gene_cf9f6e5c2dc9,0.5036,moderate,polyisoprenyl-teichoic acid--peptidoglycan teichoic acid transferase tagu,transcriptional regulator,0
Staphylococcus_aureus_8325,gene_e307f82a52bb,1.0,high,formate dehydrogenase sausa300_2258,formate dehydrogenase subunit alpha,1
Staphylococcus_aureus_8325,gene_70bce8858f42,0.5395,moderate,bifunctional autolysin,N-acetylmuramoyl-L-alanine amidase,0
Staphylococcus_aureus_8325,gene_b40e0a4edbd9,1.0,high,sulfur carrier protein fdhd,formate dehydrogenase accessory protein,0
Staphylococcus_aureus_8325,gene_db63b1144794,0.3186,low,hth-type transcriptional regulator glvr,hex regulon repressor,0
Staphylococcus_aureus_8325,gene_2c770e610d28,1.0,high,urocanate hydratase,urocanate hydratase,1
Staphylococcus_aureus_8325,gene_a8b1aa5eb83f,1.0,high,metallothiol transferase fosb,fosfomycin resistance protein FosB,0
Staphylococcus_aureus_8325,gene_188d190f32b3,0.984,high,Metabolism-related protein,PTS system transporter,0
Staphylococcus_aureus_8325,gene_0f54bc2e36c1,1.0,high,ribose-5-phosphate isomerase a,ribose-5-phosphate isomerase A,1
Staphylococcus_aureus_8325,gene_3522512a0540,1.0,high,formimidoylglutamase,formimidoylglutamase,1
Staphylococcus_aureus_8325,gene_13952bf0c201,1.0,high,3-methyladenine dna glycosylase,DNA-3-methyladenine glycosylase,1
Staphylococcus_aureus_8325,gene_0e047f25509b,1.0,high,isopentenyl-diphosphate delta-isomerase,isopentenyl pyrophosphate isomerase,1
Staphylococcus_aureus_8325,gene_ac0d5c242b32,1.0,high,imidazolonepropionase,imidazolonepropionase,1
Staphylococcus_aureus_8325,gene_234c38cf4ebb,1.0,high,sodium/glutamate symporter,sodium/glutamate symporter,1
Staphylococcus_aureus_8325,gene_da32fce6034f,1.0,high,hemin transport system permease protein hrtb,permease domain-containing protein,1
Staphylococcus_aureus_8325,gene_106cae0d8413,1.0,high,heme response regulator hssr,DNA-binding response regulator,0
Staphylococcus_aureus_8325,gene_5fca7c672222,1.0,high,heme sensor protein hsss,sensor histidine kinase,0
Staphylococcus_aureus_8325,gene_bf648847807b,0.615,moderate,l-lactate permease,L-lactate permease,1
Staphylococcus_aureus_8325,gene_f0c4b0c44c03,1.0,high,malate:quinone oxidoreductase 1,malate:quinone oxidoreductase,1
Staphylococcus_aureus_8325,gene_3f188e4519bc,0.948,high,pts system sucrose-specific eiibc component,PTS system sucrose-specific transporter subunit IIBC,1
Staphylococcus_aureus_8325,gene_0d03eaa16fef,0.933,high,pts system sucrose-specific eiibc component,PTS system sucrose-specific transporter subunit IIBC,1
Staphylococcus_aureus_8325,gene_4b6af2f8ed5e,0.8736,high,nitrate reductase beta chain,nitrate reductase subunit beta,1
Staphylococcus_aureus_8325,gene_b62dbd6cb79e,0.702,moderate,uroporphyrinogen-iii c-methyltransferase,uroporphyrin-III C-methyltransferase,1
Staphylococcus_aureus_8325,gene_2666049f2fa5,0.415,low,assimilatory nitrite reductase small subunit,assimilatory nitrite reductase [NAD(P)H] small subunit,1
Staphylococcus_aureus_8325,gene_b0d7f6c9e21e,0.717,moderate,nitrite reductase,assimilatory nitrite reductase [NAD(P)H] large subunit,1
Staphylococcus_aureus_8325,gene_58fef8685e8b,0.4814,low,nitrate reductase gamma chain,respiratory nitrate reductase subunit gamma,1
Staphylococcus_aureus_8325,gene_5803eb00bdf2,0.6721,moderate,aminoacyltransferase fema,methicillin resistance determinant protein FmhA,0
Staphylococcus_aureus_8325,gene_50884c762e6d,0.5875,moderate,l-cystine transport system permease protein tcyb,amino acid ABC transporter permease,0
Staphylococcus_aureus_8325,gene_c2c46e7c114d,1.0,high,immunoglobulin-binding protein sbi,immunoglobulin G-binding protein Sbi,1
Staphylococcus_aureus_8325,gene_7f29b40d15d2,1.0,high,gamma-hemolysin component a,gamma-hemolysin h-gamma-II subunit,1
Staphylococcus_aureus_8325,gene_dc58aa9d6703,1.0,high,gamma-hemolysin component b,leukocidin f subunit,0
Staphylococcus_aureus_8325,gene_21332303cfd2,1.0,high,6-carboxyhexanoate--coa ligase,6-carboxyhexanoate--CoA ligase,1
Staphylococcus_aureus_8325,gene_cc201dbc8218,1.0,high,adenosylmethionine-8-amino-7-oxononanoate aminotransferase,adenosylmethionine--8-amino-7-oxononanoate aminotransferase BioA,1
Staphylococcus_aureus_8325,gene_f642ff0e27bd,0.6605,moderate,atp-dependent dethiobiotin synthetase biod,dethiobiotin synthase,0
Staphylococcus_aureus_8325,gene_def3859e43f5,0.6026,moderate,glycerate kinase,glycerate kinase,1
Staphylococcus_aureus_8325,gene_8304fe194a59,0.82,high,nitrate reductase alpha chain,nitrate reductase subunit alpha,1
Staphylococcus_aureus_8325,gene_da9d4e23deb8,1.0,high,biotin synthase,biotin synthase,1
Staphylococcus_aureus_8325,gene_a9a83b2366c1,1.0,high,gamma-hemolysin component c,leukocidin s subunit,0
Staphylococcus_aureus_8325,gene_6f1ae088f533,0.345,low,2-dehydropantoate 2-reductase,2-dehydropantoate 2-reductase,1
Staphylococcus_aureus_8325,gene_a1cf8dee895c,0.7199,moderate,glycine betaine/carnitine/choline transport system permease protein opucd,amino acid ABC transporter permease,0
Staphylococcus_aureus_8325,gene_f8598a9ca711,0.8576,high,glycine betaine/carnitine/choline-binding protein opucc,amino acid transporter,0
Staphylococcus_aureus_8325,gene_43078db889a9,0.8837,high,carnitine transport atp-binding protein opuca,amino acid ABC transporter ATP-binding protein,0
Staphylococcus_aureus_8325,gene_b7a65f0823dd,0.6524,moderate,iron export atp-binding protein feta,ABC transporter ATP-binding protein,0
Staphylococcus_aureus_8325,gene_6e9d38234d7d,1.0,high,metal-staphylopine import system atp-binding protein cntd,peptide ABC transporter ATP-binding protein,0
Staphylococcus_aureus_8325,gene_6efbfc1dd59e,0.629,moderate,quinolone resistance protein norb,drug transporter,0
Staphylococcus_aureus_8325,gene_241b7e098610,0.8383,high,l-cystine import atp-binding protein tcyc,amino acid ABC transporter ATP-binding protein,0
Staphylococcus_aureus_8325,gene_369758c24582,0.4775,low,glutamate synthase large subunit-like protein yerd,glutamate synthase subunit alpha,1
Staphylococcus_aureus_8325,gene_ee8e0495828e,0.633,moderate,Replication-related protein,transporter,0
Staphylococcus_aureus_8325,gene_6ba015e23541,0.3114,low,ctp pyrophosphohydrolase,pyrophosphohydrolase,1
Staphylococcus_aureus_8325,gene_e4accaaec012,1.0,high,hth-type transcriptional regulator sart,accessory regulator T,0
Staphylococcus_aureus_8325,gene_4658d2b0d14b,1.0,high,metal-staphylopine-binding protein cnta,peptide ABC transporter substrate-binding protein,0
Staphylococcus_aureus_8325,gene_83e4b917192b,0.7039,moderate,gluconokinase,gluconate kinase,0
Staphylococcus_aureus_8325,gene_4213242fa2ee,1.0,high,utp--glucose-1-phosphate uridylyltransferase,UTP-glucose-1-phosphate uridylyltransferase,1
Staphylococcus_aureus_8325,gene_039c1fb12496,1.0,high,fibronectin-binding protein a,fibronectin-binding protein,1
Staphylococcus_aureus_8325,gene_aaf505d3e641,1.0,high,fibronectin-binding protein b,fibronectin binding protein B,1
Staphylococcus_aureus_8325,gene_f49597594c08,0.4583,low,gluconate operon transcriptional repressor,gluconate operon transcriptional repressor,1
Staphylococcus_aureus_8325,gene_bd7c81ecf7f6,1.0,high,d-lactate dehydrogenase,D-lactate dehydrogenase,1
Staphylococcus_aureus_8325,gene_3c123e05a9f1,1.0,high,nad(p)h nitroreductase sausa300_2462,NAD(P)H-flavin oxidoreductase,0
Staphylococcus_aureus_8325,gene_55c6bfc1d933,0.406,low,l-serine dehydratase,L-serine dehydratase iron-sulfur-dependent subunit beta,1
Staphylococcus_aureus_8325,gene_587bee30df2e,0.616,moderate,thiamine pyrophosphate-containing protein ydap,pyruvate oxidase,0
Staphylococcus_aureus_8325,gene_67213b5ffd2d,0.723,moderate,l-serine dehydratase,"L-serine dehydratase, iron-sulfur-dependent subunit alpha",1
Staphylococcus_aureus_8325,gene_5e4b9e685af4,0.6678,moderate,3-hydroxy-3-methylglutaryl-coenzyme a reductase,hydroxymethylglutaryl-CoA reductase,0
Staphylococcus_aureus_8325,gene_0d433b342c75,0.4878,low,hydroxymethylglutaryl-coa synthase,HMG-CoA synthase,1
Staphylococcus_aureus_8325,gene_9fe8e2e8f9c5,0.6957,moderate,methylated-dna--protein-cysteine methyltransferase,methylated-DNA--protein-cysteine methyltransferase,1
Staphylococcus_aureus_8325,gene_ed1c8b1c6c43,1.0,high,atp-dependent clp protease atp-binding subunit clpl,ATP-dependent Clp protease ATP-binding subunit ClpC,1
Staphylococcus_aureus_8325,gene_4a9f0060441b,1.0,high,fe(2+) transporter feob,ferrous iron transport protein B,0
Staphylococcus_aureus_8325,gene_0f2b33b43af4,1.0,high,copper chaperone copz,cation transporter E1-E2 family ATPase,0
Staphylococcus_aureus_8325,gene_f454f941bce1,0.7391,moderate,d-lactate dehydrogenase,D-lactate dehydrogenase,1
Staphylococcus_aureus_8325,gene_70fc97274dfc,1.0,high,copper-exporting p-type atpase,cation transporter E1-E2 family ATPase,0
Staphylococcus_aureus_8325,gene_ce1f5541e1c6,0.95,high,sortase a,sortase,1
Staphylococcus_aureus_8325,gene_5b2216d616ea,1.0,high,staphylococcal secretory antigen ssaa1,LysM domain-containing protein,0
Staphylococcus_aureus_8325,gene_e12e75fd461a,0.48,low,staphylococcal secretory antigen ssaa2,LysM domain-containing protein,0
Staphylococcus_aureus_8325,gene_253670941c15,1.0,high,transglycosylase isaa,immunodominant antigen A,0
Staphylococcus_aureus_8325,gene_5853c9973cb1,1.0,high,pts system glucoside-specific eiicba component,PTS system glucose-specific transporter subunit IIABC,0
Staphylococcus_aureus_8325,gene_ad7d115e8222,0.6999,moderate,dihydroorotate dehydrogenase (quinone),dihydroorotate dehydrogenase 2,1
Staphylococcus_aureus_8325,gene_bb8580c030b9,1.0,high,1-pyrroline-5-carboxylate dehydrogenase,1-pyrroline-5-carboxylate dehydrogenase,1
Staphylococcus_aureus_8325,gene_ae118a8f40b5,1.0,high,aspartate 1-decarboxylase,aspartate alpha-decarboxylase,1
Staphylococcus_aureus_8325,gene_5da73e8c34a5,1.0,high,pantothenate synthetase,pantoate--beta-alanine ligase,0
Staphylococcus_aureus_8325,gene_8dd1122da48d,0.3212,low,2-dehydropantoate 2-reductase,2-dehydropantoate 2-reductase,1
Staphylococcus_aureus_8325,gene_bfa6d8efb2f1,1.0,high,l-lactate dehydrogenase 2,L-lactate dehydrogenase,1
Staphylococcus_aureus_8325,gene_08d949cb694b,1.0,high,malate:quinone oxidoreductase 2,malate:quinone oxidoreductase,1
Staphylococcus_aureus_8325,gene_f2e579d1ceb8,1.0,high,3-methyl-2-oxobutanoate hydroxymethyltransferase,3-methyl-2-oxobutanoate hydroxymethyltransferase,1
Staphylococcus_aureus_8325,gene_541f95b925b8,1.0,high,fructose-bisphosphate aldolase class 1,"fructose-1,6-bisphosphate aldolase",1
Staphylococcus_aureus_8325,gene_36f39f02e910,0.7944,moderate,betaine aldehyde dehydrogenase,betaine aldehyde dehydrogenase,1
Staphylococcus_aureus_8325,gene_1c5d023bbaf1,0.8018,high,Replication-related protein,choline transporter,0
Staphylococcus_aureus_8325,gene_4bea41738d1b,0.4181,low,precorrin-2 dehydrogenase,precorrin-2 dehydrogenase,1
Staphylococcus_aureus_8325,gene_fab5da9c300f,0.5142,moderate,sulfite reductase flavoprotein alpha-component,sulfite reductase (NADPH) flavoprotein subunit alpha,1
Staphylococcus_aureus_8325,gene_97a3124bbeaf,0.3427,low,sensor histidine kinase yxdk,nisin susceptibility-associated sensor histidine kinase,1
Staphylococcus_aureus_8325,gene_d50c0db8fbeb,0.7905,moderate,anaerobic ribonucleoside-triphosphate reductase,anaerobic ribonucleoside triphosphate reductase,1
Staphylococcus_aureus_8325,gene_ba0aa3bd8761,0.7303,moderate,alkaline phosphatase 3,alkaline phosphatase III,1
Staphylococcus_aureus_8325,gene_77794bb79a54,0.7102,moderate,Replication-related protein,citrate transporter,0
Staphylococcus_aureus_8325,gene_738b88d6828b,1.0,high,carbamate kinase 2,carbamate kinase,1
Staphylococcus_aureus_8325,gene_07777912bfbd,1.0,high,ornithine carbamoyltransferase,ornithine carbamoyltransferase,1
Staphylococcus_aureus_8325,gene_09f64e3c291b,1.0,high,clumping factor b,clumping factor B,1
Staphylococcus_aureus_8325,gene_e6312275a1df,0.5,moderate,alpha-acetolactate decarboxylase,alpha-acetolactate decarboxylase,1
Staphylococcus_aureus_8325,gene_4470caf04858,1.0,high,immunodominant staphylococcal antigen b,immunodominant antigen B,1
Staphylococcus_aureus_8325,gene_8c5378eb71f7,0.5654,moderate,mannose-6-phosphate isomerase,mannose-6-phosphate isomerase,1
Staphylococcus_aureus_8325,gene_4874848b7be1,1.0,high,oxygen-dependent choline dehydrogenase,choline dehydrogenase,1
Staphylococcus_aureus_8325,gene_56c543261da3,1.0,high,n-acetylmuramoyl-l-alanine amidase domain-containing protein saouhsc_02979,N-acetylmuramoyl-L-alanine amidase,1
Staphylococcus_aureus_8325,gene_ecdc17b7ef87,1.0,high,arginine deiminase,arginine deiminase,1
Staphylococcus_aureus_8325,gene_d705a6bffcb5,0.5054,moderate,response regulator protein grar,nisin susceptibility-associated DNA-binding response regulator,0
Staphylococcus_aureus_8325,gene_0a856fa95e25,0.6191,moderate,udp-n-acetylglucosamine--peptide n-acetylglucosaminyltransferase stabilizing protein gtfb,accessory Sec system glycosylation chaperone GtfB,0
Staphylococcus_aureus_8325,gene_6a092395adb8,0.35,low,DNA-binding transcription regulator,permease domain-containing protein,0
Staphylococcus_aureus_8325,gene_7ecbbe42acb4,0.95,high,accessory sec system protein asp3,accessory Sec system protein Asp3,1
Staphylococcus_aureus_8325,gene_62c1f5d7fb15,0.95,high,accessory sec system protein asp1,accessory Sec system protein Asp1,1
Staphylococcus_aureus_8325,gene_593324accd90,1.0,high,Transcription-related protein,ABC transporter ATP-binding protein,0
Staphylococcus_aureus_8325,gene_9649a9361596,0.7692,moderate,udp-n-acetylglucosamine--peptide n-acetylglucosaminyltransferase gtfa subunit,accessory Sec system glycosyltransferase GtfA,0
Staphylococcus_aureus_8325,gene_5eb049957be2,0.6242,moderate,peptide methionine sulfoxide reductase msra/msrb,methionine sulfoxide reductase A,1
Staphylococcus_aureus_8325,gene_d9d1570331e1,0.5303,moderate,tyrosine-protein phosphatase capc,capsular polysaccharide biosynthesis protein Cap5C,0
Staphylococcus_aureus_8325,gene_5d837bf048e6,1.0,high,accessory sec system protein translocase subunit secy2,accessory Sec system protein translocase subunit SecY2,1
Staphylococcus_aureus_8325,gene_242f3ed2d0cb,1.0,high,capsular polysaccharide biosynthesis protein capa,capsular polysaccharide biosynthesis protein CapA,1
Staphylococcus_aureus_8325,gene_71f8f8861bee,1.0,high,biofilm operon icaadbc hth-type negative transcriptional regulator icar,ica operon transcriptional regulator IcaR,1
Staphylococcus_aureus_8325,gene_2fe0d2bd93e1,0.5835,moderate,tyrosine-protein kinase capb,capsular polysaccharide biosynthesis protein Cap5B,0
Staphylococcus_aureus_8325,gene_ef8c90f8395d,1.0,high,poly-beta-1,intercellular adhesion protein B,0
Staphylococcus_aureus_8325,gene_89be49f536fe,1.0,high,lipase 1,lipase,1
Staphylococcus_aureus_8325,gene_bf1d33795617,1.0,high,imidazole glycerol phosphate synthase subunit hisf,multifunctional imidazole glycerol phosphate synthase subunit/phosphoribosyl-AMP cyclohydrolase/phosphoribosyl-ATP pyrophosphatase,1
Staphylococcus_aureus_8325,gene_c3b605ef23bd,1.0,high,poly-beta-1,N-glycosyltransferase,0
Staphylococcus_aureus_8325,gene_970ed1bc148f,1.0,high,imidazole glycerol phosphate synthase subunit hish,imidazole glycerol phosphate synthase subunit HisH,1
Staphylococcus_aureus_8325,gene_5145b2512e18,1.0,high,imidazoleglycerol-phosphate dehydratase,imidazoleglycerol-phosphate dehydratase,1
Staphylococcus_aureus_8325,gene_db048d862f52,0.5432,moderate,histidinol-phosphate aminotransferase 1,histidinol-phosphate aminotransferase,1
Staphylococcus_aureus_8325,gene_ae272f6f28e1,1.0,high,1-(5-phosphoribosyl)-5- imidazole-4-carboxamide isomerase,1-(5-phosphoribosyl)-5-[(5- phosphoribosylamino)methylideneamino] imidazole-4-carboxamide isomerase,1
Staphylococcus_aureus_8325,gene_2f31e6b8647a,1.0,high,atp phosphoribosyltransferase,ATP phosphoribosyltransferase catalytic subunit,1
Staphylococcus_aureus_8325,gene_48bb1b58909c,1.0,high,atp phosphoribosyltransferase regulatory subunit,ATP phosphoribosyltransferase regulatory subunit,1
Staphylococcus_aureus_8325,gene_9d77efb18aec,1.0,high,protein translocase subunit seca 2,accessory Sec system translocase SecA2,0
Staphylococcus_aureus_8325,gene_0d31a983c0f2,1.0,high,poly-beta-1,intercellular adhesion protein C,0
Staphylococcus_aureus_8325,gene_369008d088d4,0.95,high,accessory sec system protein asp2,accessory Sec system protein Asp2,1
Staphylococcus_aureus_8325,gene_0f23904b0b47,0.8352,high,Replication-related protein,"sodium, sulfate symporter",0
Staphylococcus_aureus_8325,gene_12ad079432cb,1.0,high,abc transporter atp-binding protein sacol2708,ABC transporter ATP-binding protein,1
Staphylococcus_aureus_8325,gene_a6220dded8ce,0.8147,high,bacitracin export atp-binding protein bcea,ABC transporter ATP-binding protein,0
Staphylococcus_aureus_8325,gene_c8ef3225e912,1.0,high,pyrrolidone-carboxylate peptidase,pyrrolidone-carboxylate peptidase,1
Staphylococcus_aureus_8325,gene_23b324240b4e,0.238,speculative,integrase orf3,integrase/recombinase,0
Staphylococcus_aureus_8325,gene_8a90bca9b89c,1.0,high,cold shock-like protein cspla,cold shock protein,1
Staphylococcus_aureus_8325,gene_b66fd66a779f,1.0,high,nickel transporter nixa,high affinity nickel transporter,1
Staphylococcus_aureus_8325,gene_5a90587f77cf,1.0,high,ribosomal rna small subunit methyltransferase g,16S rRNA methyltransferase GidB,0
Staphylococcus_aureus_8325,gene_55dc5353f517,1.0,high,trna modification gtpase mnme,tRNA modification GTPase TrmE,1
Staphylococcus_aureus_8325,gene_755eb42437a8,1.0,high,ribonuclease p protein component,ribonuclease P,1
Staphylococcus_aureus_8325,gene_3c88d8f818fb,1.0,high,large ribosomal subunit protein bl34,50S ribosomal protein L34,0
Staphylococcus_aureus_8325,gene_cc74b18548e9,1.0,high,histidinol dehydrogenase,histidinol dehydrogenase,1
Staphylococcus_aureus_8325,gene_63c79a213923,1.0,high,trna uridine 5-carboxymethylaminomethyl modification enzyme mnmg,tRNA uridine 5-carboxymethylaminomethyl modification protein GidA,1
Staphylococcus_aureus_8325,gene_7c3f180f9055,0.7543,moderate,Replication-related protein,phage infection protein,0
Staphylococcus_aureus_8325,gene_a60f8e55eb54,1.0,high,lactonase drp35,lactonase Drp35,1
Staphylococcus_aureus_8325,gene_93085eb5c946,0.6356,moderate,Replication-related protein,permease,0
